X Filtered Pixel; Y Filtered Pixel; X Filtered Normalized; Y Filtered Normalized; X Raw Normalized; Y Raw Normalized; Distance to Camera in mm; Eye Aspect Ratio (Height/Width); Blinking; Timestamp With Milliseconds; Unix Timestamp In Milliseconds; AOI List; Additional Notes
806;634;0.4968876;0.6943856;0.4968876;0.6943856;422.4;0.2229013;False;11/23/2025 9:17:22 AM:634;1763860642634;;
809;640;0.4985546;0.7007724;0.5360054;0.7975401;421.2;0.217654;False;11/23/2025 9:17:22 AM:655;1763860642655;;
829;645;0.511047;0.7061613;0.608307;0.7952973;420.2;0.2197926;False;11/23/2025 9:17:22 AM:676;1763860642676;;
819;645;0.5045687;0.7061622;0.4381966;0.7062809;420.9;0.2138891;False;11/23/2025 9:17:22 AM:699;1763860642699;;
816;646;0.502804;0.7069486;0.4673123;0.7434328;421.6;0.2140549;False;11/23/2025 9:17:22 AM:723;1763860642723;;
808;646;0.4979138;0.7069212;0.4370956;0.704339;421.7;0.2165397;False;11/23/2025 9:17:22 AM:746;1763860642746;;
832;648;0.512382;0.709146;0.6079449;0.7682568;420.6;0.2182741;False;11/23/2025 9:17:22 AM:769;1763860642769;;
845;651;0.5207434;0.7123075;0.5979828;0.7870273;420.3;0.2080488;False;11/23/2025 9:17:22 AM:791;1763860642791;;
852;653;0.5246375;0.7150072;0.5794533;0.7883242;420.1;0.2083249;False;11/23/2025 9:17:22 AM:810;1763860642810;;
857;655;0.5282174;0.7176018;0.5791558;0.788368;419.9;0.2082348;False;11/23/2025 9:17:22 AM:833;1763860642833;;
886;655;0.5460054;0.7177016;0.6597599;0.725861;417.7;0.1993126;False;11/23/2025 9:17:22 AM:854;1763860642854;;
887;656;0.5466387;0.7182366;0.5694718;0.7603998;417.4;0.2063702;False;11/23/2025 9:17:22 AM:875;1763860642875;;
887;656;0.5466956;0.7185193;0.5547096;0.7551321;417.1;0.2065328;False;11/23/2025 9:17:22 AM:895;1763860642895;;
899;656;0.5539671;0.7185654;0.628463;0.7471392;418.5;0.2114955;False;11/23/2025 9:17:22 AM:918;1763860642918;;
899;659;0.5541037;0.721181;0.5674537;0.796516;420.3;0.2002266;False;11/23/2025 9:17:22 AM:939;1763860642939;;
899;660;0.5537239;0.722605;0.5384349;0.7859737;421.9;0.2003692;False;11/23/2025 9:17:22 AM:958;1763860642958;;
860;656;0.5300918;0.7184476;0.4012099;0.6553918;421.4;0.2111094;False;11/23/2025 9:17:22 AM:979;1763860642979;;
844;656;0.5202407;0.718305;0.4381403;0.7116565;420.9;0.2023301;False;11/23/2025 9:17:23 AM:0;1763860643000;;
837;656;0.5156128;0.7183484;0.4574504;0.7364164;420.4;0.2023849;False;11/23/2025 9:17:23 AM:20;1763860643020;;
835;657;0.5141838;0.7190034;0.4826691;0.7618886;423.1;0.1988647;False;11/23/2025 9:17:23 AM:41;1763860643041;;
830;657;0.5115449;0.719018;0.4669896;0.7429536;423.9;0.2138627;False;11/23/2025 9:17:23 AM:63;1763860643063;;
827;657;0.5095433;0.7190315;0.4670787;0.7430483;424.7;0.21394;False;11/23/2025 9:17:23 AM:82;1763860643082;;
831;658;0.5118621;0.7206999;0.5518212;0.7814454;422.5;0.2132378;False;11/23/2025 9:17:23 AM:104;1763860643104;;
944;657;0.581755;0.7197996;0.7861218;0.6951444;423.0;0.2303086;False;11/23/2025 9:17:23 AM:126;1763860643126;;
1015;657;0.6255699;0.7190977;0.7862747;0.695035;423.6;0.2301681;False;11/23/2025 9:17:23 AM:146;1763860643146;;
1020;657;0.6281222;0.7196152;0.6533708;0.7561045;423.2;0.2166194;False;11/23/2025 9:17:23 AM:168;1763860643168;;
1039;655;0.6398013;0.7176385;0.7152883;0.6718352;422.3;0.2251741;False;11/23/2025 9:17:23 AM:188;1763860643188;;
1051;653;0.6474224;0.7147323;0.7077989;0.6547489;421.5;0.2253244;False;11/23/2025 9:17:23 AM:208;1763860643208;;
1112;642;0.6852976;0.7025557;0.8300467;0.5768068;418.1;0.2403804;False;11/23/2025 9:17:23 AM:228;1763860643228;;
1154;633;0.7108459;0.6933143;0.8301657;0.5767123;415.0;0.2405654;False;11/23/2025 9:17:23 AM:248;1763860643248;;
1144;634;0.7044805;0.694232;0.6048787;0.7287538;415.9;0.2233195;False;11/23/2025 9:17:23 AM:270;1763860643270;;
1135;635;0.6992904;0.6950049;0.6048311;0.7287942;416.7;0.2232788;False;11/23/2025 9:17:23 AM:293;1763860643293;;
1141;636;0.702814;0.6960579;0.7352208;0.7378519;416.1;0.2335668;False;11/23/2025 9:17:23 AM:313;1763860643313;;
1141;632;0.7031727;0.6921986;0.7082861;0.6254459;416.8;0.2225312;False;11/23/2025 9:17:23 AM:337;1763860643337;;
1141;630;0.7029312;0.6893024;0.6972564;0.6257341;417.3;0.2224707;False;11/23/2025 9:17:23 AM:357;1763860643357;;
1096;630;0.6752169;0.6897374;0.5212371;0.7130306;417.6;0.2406216;False;11/23/2025 9:17:23 AM:380;1763860643380;;
1096;631;0.6751251;0.6903839;0.6451739;0.7208101;417.1;0.2405561;False;11/23/2025 9:17:23 AM:401;1763860643401;;
1096;631;0.6750494;0.6909131;0.6452024;0.7207764;416.5;0.2406144;False;11/23/2025 9:17:23 AM:422;1763860643422;;
1128;629;0.6950763;0.6887236;0.7962723;0.6384519;416.4;0.248042;False;11/23/2025 9:17:23 AM:445;1763860643445;;
1150;629;0.7084904;0.689079;0.7971986;0.7123572;415.8;0.2318892;False;11/23/2025 9:17:23 AM:465;1763860643465;;
1163;630;0.7165035;0.6893112;0.7867135;0.7099866;415.2;0.2321051;False;11/23/2025 9:17:23 AM:484;1763860643484;;
1213;630;0.7469756;0.6893167;0.8807356;0.6948985;416.1;0.2389342;False;11/23/2025 9:17:23 AM:505;1763860643505;;
1346;617;0.8288652;0.6759706;1.037873;0.5448218;416.3;0.2480407;False;11/23/2025 9:17:23 AM:526;1763860643526;;
1429;608;0.8805393;0.665659;1.03792;0.5447795;416.4;0.2481064;False;11/23/2025 9:17:23 AM:547;1763860643547;;
1441;605;0.8875833;0.661939;0.923916;0.5929286;417.5;0.2452745;False;11/23/2025 9:17:23 AM:573;1763860643573;;
1453;605;0.8951341;0.6627488;0.9416673;0.6925858;417.8;0.2409463;False;11/23/2025 9:17:23 AM:593;1763860643593;;
1472;605;0.9067219;0.6628314;0.9757267;0.6717224;418.0;0.2414836;False;11/23/2025 9:17:23 AM:612;1763860643612;;
1496;605;0.9213681;0.6628255;0.99246;0.6570193;417.4;0.2465242;False;11/23/2025 9:17:23 AM:635;1763860643635;;
1494;605;0.9202273;0.6622721;0.8998459;0.6326537;416.1;0.2504766;False;11/23/2025 9:17:23 AM:659;1763860643659;;
1493;605;0.9193755;0.6622651;0.8987004;0.6565718;414.8;0.2506723;False;11/23/2025 9:17:23 AM:679;1763860643679;;
1502;604;0.9250132;0.661616;0.9688017;0.6279281;414.9;0.2480515;False;11/23/2025 9:17:23 AM:701;1763860643701;;
1508;604;0.9291474;0.6610982;0.9687879;0.6279421;415.0;0.2479754;False;11/23/2025 9:17:23 AM:721;1763860643721;;
1508;605;0.9286519;0.6620039;0.8806196;0.6925786;414.7;0.2497057;False;11/23/2025 9:17:23 AM:742;1763860643742;;
1509;600;0.929556;0.6572785;0.9435977;0.5706325;414.7;0.2531156;False;11/23/2025 9:17:23 AM:763;1763860643763;;
1510;598;0.9300177;0.6545446;0.9392738;0.5833196;414.6;0.253186;False;11/23/2025 9:17:23 AM:783;1763860643783;;
1523;590;0.9381489;0.6455342;1.002109;0.5279386;414.6;0.2456308;False;11/23/2025 9:17:23 AM:804;1763860643804;;
1523;589;0.9378507;0.6445137;0.9044576;0.5947899;416.2;0.2632276;False;11/23/2025 9:17:23 AM:825;1763860643825;;
1522;588;0.9375997;0.6443424;0.9042886;0.6127773;417.6;0.2633633;False;11/23/2025 9:17:23 AM:845;1763860643845;;
1522;588;0.9374738;0.6443171;0.9150018;0.6217761;414.7;0.2447124;False;11/23/2025 9:17:23 AM:865;1763860643865;;
1522;587;0.9373413;0.6422862;0.9326063;0.5770057;412.2;0.2448045;False;11/23/2025 9:17:23 AM:887;1763860643887;;
1548;586;0.9534919;0.6421569;1.049676;0.6094701;410.6;0.2483277;False;11/23/2025 9:17:23 AM:909;1763860643909;;
1548;584;0.9533754;0.6395674;0.9475105;0.5616462;410.1;0.2478265;False;11/23/2025 9:17:23 AM:929;1763860643929;;
1548;582;0.9532724;0.637306;0.9474987;0.5615924;409.6;0.2478777;False;11/23/2025 9:17:23 AM:949;1763860643949;;
1554;578;0.9574761;0.6324342;1.001053;0.5387592;410.0;0.2395124;False;11/23/2025 9:17:23 AM:974;1763860643974;;
1565;576;0.9637059;0.6312167;1.027071;0.5660833;410.2;0.2315204;False;11/23/2025 9:17:23 AM:995;1763860643995;;
1582;574;0.974749;0.6281355;1.064109;0.5370202;410.5;0.2317377;False;11/23/2025 9:17:24 AM:14;1763860644014;;
1585;573;0.975997;0.6279076;1.003366;0.5957724;409.5;0.2394245;False;11/23/2025 9:17:24 AM:36;1763860644036;;
1611;569;0.9921008;0.6233279;1.099762;0.5186797;409.3;0.2433715;False;11/23/2025 9:17:24 AM:56;1763860644056;;
1635;566;1.006793;0.619899;1.108723;0.5239552;409.1;0.2434767;False;11/23/2025 9:17:24 AM:75;1763860644075;Offscreen;
1651;563;1.016708;0.6164113;1.099779;0.51867;408.9;0.2434006;False;11/23/2025 9:17:24 AM:97;1763860644097;Offscreen;
1647;562;1.014518;0.6152074;0.9698911;0.5427437;407.3;0.2363146;False;11/23/2025 9:17:24 AM:118;1763860644118;Offscreen;
1630;561;1.004099;0.614719;0.9078016;0.5514814;407.3;0.232557;False;11/23/2025 9:17:24 AM:138;1763860644138;Offscreen;
1623;558;0.9999061;0.6113669;0.936264;0.5104785;407.3;0.2326432;False;11/23/2025 9:17:24 AM:158;1763860644158;;
1104;553;0.6798761;0.6052323;0.2878588;0.4812969;408.7;0.2240146;False;11/23/2025 9:17:24 AM:179;1763860644179;;
816;543;0.5027537;0.5949672;0.2616744;0.4427358;410.8;0.2240143;False;11/23/2025 9:17:24 AM:198;1763860644198;;
656;535;0.404495;0.5859262;0.2616922;0.4427602;412.7;0.2240924;False;11/23/2025 9:17:24 AM:219;1763860644219;;
556;525;0.3424322;0.5745113;0.2405509;0.4151377;415.7;0.2226551;False;11/23/2025 9:17:24 AM:239;1763860644239;;
504;517;0.3104835;0.5667152;0.2522008;0.4291203;417.6;0.2366988;False;11/23/2025 9:17:24 AM:261;1763860644261;;
475;512;0.2927866;0.5607799;0.252208;0.4291304;419.4;0.2367245;False;11/23/2025 9:17:24 AM:280;1763860644280;;
456;507;0.2811273;0.5554307;0.2535352;0.4306318;421.1;0.2204261;False;11/23/2025 9:17:24 AM:301;1763860644301;;
426;496;0.2624596;0.5436006;0.2188747;0.3813632;421.6;0.2355841;False;11/23/2025 9:17:24 AM:322;1763860644322;;
407;488;0.2511787;0.5344946;0.2188744;0.381362;422.0;0.2356149;False;11/23/2025 9:17:24 AM:342;1763860644342;;
399;483;0.2459608;0.5285962;0.2298691;0.3988612;424.4;0.2358955;False;11/23/2025 9:17:24 AM:364;1763860644364;;
411;482;0.2533087;0.5277702;0.2888065;0.4864397;424.9;0.2276009;False;11/23/2025 9:17:24 AM:384;1763860644384;;
411;480;0.2533927;0.5261945;0.2537908;0.4333838;425.2;0.2277264;False;11/23/2025 9:17:24 AM:404;1763860644404;;
406;477;0.2504414;0.5220741;0.2372649;0.4056133;425.9;0.2222821;False;11/23/2025 9:17:24 AM:426;1763860644426;;
401;473;0.2473651;0.5176581;0.2313843;0.3951839;426.4;0.222336;False;11/23/2025 9:17:24 AM:446;1763860644446;;
390;466;0.2403592;0.5101246;0.2066801;0.3667367;428.5;0.2272557;False;11/23/2025 9:17:24 AM:466;1763860644466;;
382;460;0.2355625;0.5041335;0.2106104;0.3726624;430.3;0.2254117;False;11/23/2025 9:17:24 AM:489;1763860644489;;
376;455;0.2316473;0.4987017;0.2087437;0.3697002;432.0;0.2253098;False;11/23/2025 9:17:24 AM:512;1763860644512;;
372;452;0.229566;0.4948312;0.2149827;0.3759977;429.4;0.2288425;False;11/23/2025 9:17:24 AM:535;1763860644535;;
372;450;0.2292774;0.4933552;0.2263037;0.3923384;427.1;0.2290797;False;11/23/2025 9:17:24 AM:555;1763860644555;;
373;450;0.2296987;0.4929709;0.2350419;0.4059234;428.4;0.2318994;False;11/23/2025 9:17:24 AM:576;1763860644576;;
374;449;0.2305288;0.4921999;0.2805194;0.4743319;428.3;0.2259057;False;11/23/2025 9:17:24 AM:598;1763860644598;;
375;449;0.2312026;0.4915875;0.2805632;0.4743944;428.2;0.2259711;False;11/23/2025 9:17:24 AM:618;1763860644618;;
372;445;0.2295276;0.4872339;0.2126343;0.3722076;428.6;0.2294547;False;11/23/2025 9:17:24 AM:639;1763860644639;;
367;439;0.2263913;0.4808739;0.1962751;0.3488714;429.0;0.23834;False;11/23/2025 9:17:24 AM:662;1763860644662;;
363;434;0.2239578;0.4757175;0.1968175;0.3500142;429.4;0.2383893;False;11/23/2025 9:17:24 AM:683;1763860644683;;
364;434;0.2243856;0.4752121;0.238206;0.4147131;429.0;0.2265073;False;11/23/2025 9:17:24 AM:706;1763860644706;;
364;434;0.2246505;0.4750395;0.2320468;0.4016712;428.9;0.2189455;False;11/23/2025 9:17:24 AM:729;1763860644729;;
363;432;0.2239668;0.472821;0.2104551;0.3699789;428.9;0.2190761;False;11/23/2025 9:17:24 AM:749;1763860644749;;
365;431;0.2251967;0.4724002;0.2728396;0.4620833;429.2;0.2300853;False;11/23/2025 9:17:24 AM:770;1763860644770;;
365;431;0.2253245;0.4716852;0.2566372;0.4359499;428.4;0.2329274;False;11/23/2025 9:17:24 AM:792;1763860644792;;
366;430;0.225428;0.4711168;0.2566444;0.4359601;427.7;0.2329453;False;11/23/2025 9:17:24 AM:812;1763860644812;;
367;430;0.2264696;0.4708325;0.2729465;0.4620265;429.3;0.2186548;False;11/23/2025 9:17:24 AM:832;1763860644832;;
368;430;0.2267283;0.4706053;0.2406;0.413655;428.8;0.2181918;False;11/23/2025 9:17:24 AM:853;1763860644853;;
368;429;0.2269643;0.4703551;0.2410649;0.4127459;428.3;0.218261;False;11/23/2025 9:17:24 AM:875;1763860644875;;
396;440;0.2439545;0.4815626;0.3640172;0.5788112;429.7;0.2369075;False;11/23/2025 9:17:24 AM:898;1763860644898;;
564;450;0.3473806;0.4933854;0.6050501;0.6015933;428.8;0.2386734;False;11/23/2025 9:17:24 AM:919;1763860644919;;
668;459;0.4116714;0.5023764;0.6049091;0.6015958;428.0;0.238712;False;11/23/2025 9:17:24 AM:939;1763860644939;;
746;466;0.4599319;0.5106256;0.6049075;0.6015959;427.4;0.2387125;False;11/23/2025 9:17:24 AM:960;1763860644960;;
780;471;0.480629;0.5161812;0.5660639;0.5925006;425.1;0.242211;False;11/23/2025 9:17:24 AM:982;1763860644982;;
853;473;0.5258157;0.5179533;0.6627697;0.5607854;424.2;0.2340865;False;11/23/2025 9:17:25 AM:4;1763860645004;;
958;474;0.5899427;0.5188805;0.7471194;0.5499123;423.8;0.2298464;False;11/23/2025 9:17:25 AM:28;1763860645028;;
1020;474;0.6283302;0.5195972;0.7471569;0.5498929;423.4;0.229889;False;11/23/2025 9:17:25 AM:47;1763860645047;;
1038;475;0.6396749;0.5197055;0.6887975;0.5312573;424.3;0.2335792;False;11/23/2025 9:17:25 AM:69;1763860645069;;
1070;476;0.6593332;0.5208986;0.7304647;0.5600835;423.4;0.2456447;False;11/23/2025 9:17:25 AM:93;1763860645093;;
1090;476;0.6717449;0.5217932;0.7304147;0.5601111;422.5;0.2455779;False;11/23/2025 9:17:25 AM:113;1763860645113;;
1115;477;0.6866419;0.5221915;0.7525456;0.5495011;422.2;0.2375364;False;11/23/2025 9:17:25 AM:135;1763860645135;;
1126;477;0.6934936;0.5221112;0.7340421;0.5148367;422.4;0.234857;False;11/23/2025 9:17:25 AM:156;1763860645156;;
1134;477;0.6987454;0.5220399;0.7341665;0.5147414;422.6;0.2350076;False;11/23/2025 9:17:25 AM:177;1763860645177;;
1133;477;0.6979558;0.5228986;0.6914232;0.554747;420.4;0.245613;False;11/23/2025 9:17:25 AM:210;1763860645210;;
1080;483;0.6653738;0.5295161;0.4969807;0.622231;420.7;0.2375137;False;11/23/2025 9:17:25 AM:235;1763860645235;;
1079;495;0.6646725;0.5420958;0.6297297;0.6698697;421.2;0.2366483;False;11/23/2025 9:17:25 AM:260;1763860645260;;
1094;492;0.6740811;0.5392355;0.7279283;0.4927627;422.2;0.2423601;False;11/23/2025 9:17:25 AM:289;1763860645289;;
1105;489;0.6804309;0.5352905;0.7296932;0.4708738;423.1;0.2424724;False;11/23/2025 9:17:25 AM:313;1763860645313;;
1143;494;0.703925;0.5406191;0.8037152;0.61983;421.9;0.2374889;False;11/23/2025 9:17:25 AM:342;1763860645342;;
1142;519;0.7035349;0.5688309;0.6639451;0.7404324;426.2;0.1823761;False;11/23/2025 9:17:25 AM:369;1763860645369;;
1142;534;0.7037778;0.5850158;0.7082535;0.7267884;430.1;0.1825272;False;11/23/2025 9:17:25 AM:395;1763860645395;;
1142;538;0.7034476;0.5892389;0.6882592;0.6641448;434.0;0.1644291;True;11/23/2025 9:17:25 AM:424;1763860645424;;
1147;550;0.7064555;0.601953;0.7380405;0.7269271;433.7;0.1981195;False;11/23/2025 9:17:25 AM:452;1763860645452;;
1165;555;0.7178094;0.6075826;0.7883731;0.6982018;434.4;0.215233;False;11/23/2025 9:17:25 AM:481;1763860645481;;
1287;550;0.7930781;0.6018154;0.9835998;0.5329134;431.7;0.2514972;False;11/23/2025 9:17:25 AM:506;1763860645506;;
1378;548;0.8488718;0.6002795;0.9967645;0.5676554;428.6;0.235674;False;11/23/2025 9:17:25 AM:533;1763860645533;;
1472;547;0.9064961;0.5988742;1.046758;0.5662118;425.6;0.2443731;False;11/23/2025 9:17:25 AM:561;1763860645561;;
1528;546;0.9411659;0.5977877;1.046761;0.5662088;422.9;0.244378;False;11/23/2025 9:17:25 AM:587;1763860645587;;
1567;544;0.9650352;0.595783;1.049658;0.5489746;422.5;0.2474572;False;11/23/2025 9:17:25 AM:613;1763860645613;;
1571;542;0.9676013;0.5932534;0.9835479;0.5398906;420.9;0.2635155;False;11/23/2025 9:17:25 AM:640;1763860645640;;
1598;541;0.9842388;0.5920951;1.055875;0.551623;419.6;0.2605214;False;11/23/2025 9:17:25 AM:666;1763860645666;;
1608;537;0.9902216;0.5884026;1.029716;0.5150533;416.6;0.2716334;False;11/23/2025 9:17:25 AM:690;1763860645690;;
1614;536;0.9940652;0.5868723;1.023651;0.5356056;413.8;0.2718007;False;11/23/2025 9:17:25 AM:715;1763860645715;;
1621;536;0.9983773;0.5868421;1.028841;0.5667948;412.8;0.2561619;False;11/23/2025 9:17:25 AM:746;1763860645746;;
1620;537;0.9978175;0.5884011;0.9726116;0.6231322;411.1;0.2486198;False;11/23/2025 9:17:25 AM:772;1763860645772;;
1677;536;1.033224;0.58695;1.158779;0.5384065;410.4;0.2672811;False;11/23/2025 9:17:25 AM:798;1763860645798;Offscreen;
1719;535;1.059023;0.5861684;1.161128;0.5466022;409.9;0.2674646;False;11/23/2025 9:17:25 AM:824;1763860645824;Offscreen;
1730;535;1.065735;0.5857093;1.112304;0.5509862;408.5;0.2481937;False;11/23/2025 9:17:25 AM:850;1763860645850;Offscreen;
1718;533;1.058157;0.5839214;0.9680613;0.5267747;408.4;0.2489623;False;11/23/2025 9:17:25 AM:877;1763860645877;Offscreen;
1721;532;1.059945;0.58286;1.079367;0.5338628;407.9;0.2487677;False;11/23/2025 9:17:25 AM:904;1763860645904;Offscreen;
1728;533;1.064235;0.5837297;1.103509;0.6055031;407.2;0.2622616;False;11/23/2025 9:17:25 AM:929;1763860645929;Offscreen;
1733;534;1.067698;0.584461;1.103666;0.6053451;406.6;0.2624135;False;11/23/2025 9:17:25 AM:957;1763860645957;Offscreen;
1735;535;1.068883;0.5855587;1.089012;0.6154425;408.4;0.2517724;False;11/23/2025 9:17:25 AM:981;1763860645981;Offscreen;
1735;535;1.068942;0.5855454;1.071144;0.5738937;407.5;0.2561082;False;11/23/2025 9:17:26 AM:7;1763860646007;Offscreen;
1736;535;1.06909;0.5855427;1.073997;0.575011;407.8;0.2698998;False;11/23/2025 9:17:26 AM:37;1763860646037;Offscreen;
1742;538;1.07304;0.5888562;1.116916;0.6442583;407.6;0.2680699;False;11/23/2025 9:17:26 AM:64;1763860646064;Offscreen;
1717;537;1.057533;0.5885998;0.9559795;0.5687957;408.0;0.2621877;False;11/23/2025 9:17:26 AM:90;1763860646090;Offscreen;
1705;537;1.050087;0.5881331;0.9788754;0.5615008;408.5;0.2627453;False;11/23/2025 9:17:26 AM:115;1763860646115;Offscreen;
1705;540;1.050034;0.5910739;1.038799;0.6441935;406.8;0.2646497;False;11/23/2025 9:17:26 AM:143;1763860646143;Offscreen;
1710;540;1.053004;0.5908454;1.090822;0.5743467;406.3;0.272227;False;11/23/2025 9:17:26 AM:173;1763860646173;Offscreen;
1710;540;1.05313;0.5908766;1.060666;0.5955241;405.6;0.265391;False;11/23/2025 9:17:26 AM:198;1763860646198;Offscreen;
1710;540;1.053476;0.5908234;1.068154;0.5812526;405.0;0.2656191;False;11/23/2025 9:17:26 AM:222;1763860646222;Offscreen;
1698;539;1.045682;0.5906028;0.9756617;0.5725893;405.8;0.255478;False;11/23/2025 9:17:26 AM:248;1763860646248;Offscreen;
1134;539;0.6983241;0.5902272;0.3673759;0.5670775;406.9;0.2503825;False;11/23/2025 9:17:26 AM:276;1763860646276;;
822;533;0.5063205;0.583441;0.2932021;0.4901355;408.6;0.2564738;False;11/23/2025 9:17:26 AM:302;1763860646302;;
665;527;0.4098928;0.5766484;0.2855741;0.4795573;410.1;0.2458704;False;11/23/2025 9:17:26 AM:327;1763860646327;;
590;523;0.3638307;0.5723962;0.293889;0.4905671;411.5;0.245984;False;11/23/2025 9:17:26 AM:351;1763860646351;;
555;521;0.3420961;0.5706187;0.304366;0.5113999;414.3;0.2579473;False;11/23/2025 9:17:26 AM:378;1763860646378;;
521;517;0.3211205;0.5662553;0.2830229;0.4818811;415.4;0.2496669;False;11/23/2025 9:17:26 AM:404;1763860646404;;
497;512;0.3061747;0.5610131;0.2741143;0.4661577;416.3;0.2655192;False;11/23/2025 9:17:26 AM:430;1763860646430;;
495;512;0.3050889;0.5602501;0.3020951;0.5073869;417.1;0.2582035;False;11/23/2025 9:17:26 AM:456;1763860646456;;
494;511;0.3044374;0.5596569;0.3021682;0.5074889;417.9;0.2583889;False;11/23/2025 9:17:26 AM:480;1763860646480;;
511;522;0.3151695;0.5721183;0.4212089;0.6723133;417.3;0.2522928;False;11/23/2025 9:17:26 AM:507;1763860646507;;
520;522;0.3202208;0.5721745;0.3458964;0.5742959;416.9;0.2611091;False;11/23/2025 9:17:26 AM:533;1763860646533;;
526;523;0.3244406;0.5724727;0.3518128;0.5828763;416.8;0.2557131;False;11/23/2025 9:17:26 AM:558;1763860646558;;
534;525;0.3292339;0.5745186;0.3705267;0.6131577;417.7;0.2606998;False;11/23/2025 9:17:26 AM:587;1763860646587;;
540;526;0.3327569;0.5760955;0.37052;0.6131487;418.6;0.2606615;False;11/23/2025 9:17:26 AM:613;1763860646613;;
542;526;0.3339605;0.5760859;0.3424273;0.5696921;419.2;0.2555746;False;11/23/2025 9:17:26 AM:644;1763860646644;;
543;534;0.3349546;0.5848343;0.4200612;0.6811008;418.4;0.2487812;False;11/23/2025 9:17:26 AM:671;1763860646671;;
545;534;0.3361137;0.5844404;0.3480036;0.5628542;418.6;0.2565762;False;11/23/2025 9:17:26 AM:698;1763860646698;;
547;533;0.3370736;0.5840916;0.3480168;0.5628695;418.7;0.2565916;False;11/23/2025 9:17:26 AM:727;1763860646727;;
548;536;0.3375174;0.5867423;0.3897145;0.6374893;420.3;0.2379143;False;11/23/2025 9:17:26 AM:756;1763860646756;;
563;543;0.3467568;0.5945214;0.4528294;0.687483;421.7;0.2366983;False;11/23/2025 9:17:26 AM:783;1763860646783;;
637;559;0.3925813;0.6121268;0.5717807;0.7508959;422.8;0.2399158;False;11/23/2025 9:17:26 AM:810;1763860646810;;
689;562;0.4245542;0.6154753;0.5717551;0.6826212;423.4;0.231811;False;11/23/2025 9:17:26 AM:838;1763860646838;;
688;563;0.4242445;0.6170082;0.4174635;0.6689141;424.1;0.2237704;False;11/23/2025 9:17:26 AM:864;1763860646864;;
686;564;0.4228247;0.6170737;0.401517;0.6333979;426.5;0.236986;False;11/23/2025 9:17:26 AM:893;1763860646893;;
684;564;0.4217912;0.6171241;0.4014895;0.6333801;428.7;0.2369655;False;11/23/2025 9:17:26 AM:917;1763860646917;;
679;563;0.4181654;0.6170154;0.3751387;0.6117191;432.9;0.2298435;False;11/23/2025 9:17:26 AM:944;1763860646944;;
664;561;0.4091108;0.6147224;0.3459743;0.5757346;438.8;0.2354319;False;11/23/2025 9:17:26 AM:978;1763860646978;;
679;562;0.4186193;0.6151279;0.5031332;0.6435286;446.5;0.2325707;False;11/23/2025 9:17:27 AM:0;1763860647000;;
724;562;0.4463424;0.6151466;0.5846068;0.6201888;450.0;0.2537971;False;11/23/2025 9:17:27 AM:22;1763860647022;;
725;568;0.4469974;0.6220863;0.4674829;0.7236754;455.9;0.2459788;False;11/23/2025 9:17:27 AM:43;1763860647043;;
726;573;0.4475374;0.6274973;0.4678135;0.7238255;461.2;0.2462604;False;11/23/2025 9:17:27 AM:64;1763860647064;;
727;577;0.4480149;0.6321582;0.4678183;0.7238277;466.0;0.2462646;False;11/23/2025 9:17:27 AM:85;1763860647085;;
717;577;0.4419786;0.6318436;0.3777259;0.6198146;473.0;0.2575096;False;11/23/2025 9:17:27 AM:107;1763860647107;;
702;575;0.4327182;0.6295546;0.3495858;0.5816274;477.5;0.2666361;False;11/23/2025 9:17:27 AM:129;1763860647129;;
676;567;0.4168271;0.6213283;0.3091542;0.5222321;481.5;0.2680518;False;11/23/2025 9:17:27 AM:152;1763860647152;;
672;567;0.4143281;0.6211782;0.3702702;0.6097247;489.0;0.2436059;False;11/23/2025 9:17:27 AM:174;1763860647174;;
674;568;0.4151791;0.6215729;0.4385963;0.6473677;492.6;0.2381806;False;11/23/2025 9:17:27 AM:196;1763860647196;;
685;567;0.4221521;0.6212896;0.4919338;0.6046262;500.9;0.2074364;False;11/23/2025 9:17:27 AM:217;1763860647217;;
692;567;0.4266068;0.6212859;0.4858934;0.62024;508.4;0.2072724;False;11/23/2025 9:17:27 AM:239;1763860647239;;
693;570;0.4272824;0.6244004;0.4518155;0.690676;512.0;0.1950269;False;11/23/2025 9:17:27 AM:262;1763860647262;;
703;569;0.4331235;0.623233;0.4993571;0.5882846;523.0;0.1878269;False;11/23/2025 9:17:27 AM:285;1763860647285;;
710;568;0.4374438;0.6223326;0.4993489;0.5882862;532.9;0.1878789;False;11/23/2025 9:17:27 AM:306;1763860647306;;
709;569;0.4368159;0.6226709;0.4197459;0.6441575;538.3;0.2217781;False;11/23/2025 9:17:27 AM:330;1763860647330;;
710;570;0.4374403;0.6242616;0.4631401;0.6711565;541.2;0.2328435;False;11/23/2025 9:17:27 AM:353;1763860647353;;
711;574;0.4378727;0.628019;0.4620147;0.7044834;543.8;0.2333424;False;11/23/2025 9:17:27 AM:374;1763860647374;;
706;574;0.4350349;0.6280386;0.3926913;0.6364297;550.9;0.2397408;False;11/23/2025 9:17:27 AM:395;1763860647395;;
705;574;0.4346491;0.6280443;0.4205744;0.6398008;555.4;0.2612845;False;11/23/2025 9:17:27 AM:417;1763860647417;;
705;574;0.4342926;0.6280489;0.4203271;0.6397148;559.5;0.2610582;False;11/23/2025 9:17:27 AM:441;1763860647441;;
712;573;0.4387082;0.6279081;0.4948221;0.618992;567.2;0.2759803;False;11/23/2025 9:17:27 AM:466;1763860647466;;
710;573;0.4372725;0.6274418;0.4072832;0.6062251;574.2;0.2770264;False;11/23/2025 9:17:27 AM:488;1763860647488;;
709;574;0.4370027;0.6285083;0.4235136;0.6704256;582.6;0.2572979;False;11/23/2025 9:17:27 AM:509;1763860647509;;
709;574;0.4371367;0.6285025;0.4482101;0.6276268;583.1;0.248202;False;11/23/2025 9:17:27 AM:530;1763860647530;;
704;574;0.434005;0.6282678;0.3855742;0.6132478;583.6;0.2492083;False;11/23/2025 9:17:27 AM:551;1763860647551;;
696;573;0.4290917;0.6276221;0.3673195;0.5996967;582.8;0.2528224;False;11/23/2025 9:17:27 AM:573;1763860647573;;
682;570;0.4203793;0.6243755;0.3379813;0.5579432;585.6;0.2542864;False;11/23/2025 9:17:27 AM:594;1763860647594;;
666;566;0.4106739;0.6196999;0.3261735;0.5402966;588.2;0.255116;False;11/23/2025 9:17:27 AM:617;1763860647617;;
659;563;0.4060656;0.6168164;0.3440766;0.549701;592.9;0.2579228;False;11/23/2025 9:17:27 AM:639;1763860647639;;
640;556;0.394296;0.6091431;0.3001175;0.5037615;595.0;0.2651211;False;11/23/2025 9:17:27 AM:663;1763860647663;;
640;557;0.3942781;0.609504;0.3856173;0.6242989;599.0;0.2873919;False;11/23/2025 9:17:27 AM:686;1763860647686;;
640;557;0.3942584;0.6104861;0.3922198;0.6413972;602.7;0.288422;False;11/23/2025 9:17:27 AM:706;1763860647706;;
631;554;0.388782;0.6070913;0.3241136;0.5377105;605.6;0.2803408;False;11/23/2025 9:17:27 AM:732;1763860647732;;
636;560;0.3920324;0.6127043;0.4343908;0.689314;603.4;0.254018;False;11/23/2025 9:17:27 AM:756;1763860647756;;
639;563;0.3939605;0.617062;0.4285626;0.6893741;600.4;0.283651;False;11/23/2025 9:17:27 AM:778;1763860647778;;
642;567;0.3955865;0.6207277;0.4284935;0.6892887;597.8;0.2835215;False;11/23/2025 9:17:27 AM:801;1763860647801;;
643;568;0.3959918;0.6223955;0.4128355;0.6706449;593.2;0.2795543;False;11/23/2025 9:17:27 AM:825;1763860647825;;
642;568;0.3958322;0.6224006;0.385201;0.6310164;587.6;0.3047485;False;11/23/2025 9:17:27 AM:847;1763860647847;;
642;569;0.3958328;0.6226804;0.3964227;0.6469995;582.5;0.306676;False;11/23/2025 9:17:27 AM:869;1763860647869;;
652;575;0.401498;0.6298056;0.4653235;0.7307417;580.1;0.3169388;False;11/23/2025 9:17:27 AM:892;1763860647892;;
665;581;0.4097615;0.6363744;0.4911373;0.740426;577.9;0.3182899;False;11/23/2025 9:17:27 AM:912;1763860647912;;
682;589;0.4201223;0.6447619;0.5076472;0.758692;576.3;0.2975469;False;11/23/2025 9:17:27 AM:934;1763860647934;;
681;589;0.4198782;0.644803;0.4087526;0.6659347;571.6;0.300794;False;11/23/2025 9:17:27 AM:957;1763860647957;;
681;589;0.419678;0.6448353;0.4089271;0.6661859;567.3;0.3012227;False;11/23/2025 9:17:27 AM:979;1763860647979;;
681;589;0.4195072;0.6448546;0.4090359;0.6688543;564.6;0.2916953;False;11/23/2025 9:17:28 AM:2;1763860648002;;
678;588;0.4178631;0.6435172;0.3827633;0.6103994;558.3;0.2711668;False;11/23/2025 9:17:28 AM:23;1763860648023;;
677;587;0.4173571;0.6431597;0.3966332;0.6280276;552.6;0.2719278;False;11/23/2025 9:17:28 AM:46;1763860648046;;
678;589;0.4178157;0.6453415;0.4350332;0.7075263;552.8;0.257544;False;11/23/2025 9:17:28 AM:67;1763860648067;;
767;599;0.4724959;0.6560559;0.6547771;0.7825985;553.5;0.2632497;False;11/23/2025 9:17:28 AM:90;1763860648090;;
825;607;0.5085744;0.6642931;0.6548021;0.7825862;554.2;0.2633072;False;11/23/2025 9:17:28 AM:111;1763860648111;;
991;604;0.6104472;0.6617425;0.8298804;0.6149112;551.5;0.2626806;False;11/23/2025 9:17:28 AM:134;1763860648134;;
1068;603;0.658084;0.6604042;0.7994384;0.6245652;548.1;0.2919225;False;11/23/2025 9:17:28 AM:154;1763860648154;;
1114;602;0.6861326;0.6593684;0.789129;0.6256942;545.0;0.2927918;False;11/23/2025 9:17:28 AM:174;1763860648174;;
1182;601;0.7279434;0.6584308;0.8475678;0.6271619;544.5;0.2682769;False;11/23/2025 9:17:28 AM:197;1763860648197;;
1191;599;0.7339443;0.6557965;0.7625773;0.6009658;543.7;0.2670884;False;11/23/2025 9:17:28 AM:222;1763860648222;;
1214;599;0.7476293;0.6553698;0.8056163;0.6315069;543.8;0.2886026;False;11/23/2025 9:17:28 AM:246;1763860648246;;
1230;599;0.7575178;0.6555296;0.8059371;0.6683606;543.8;0.2892531;False;11/23/2025 9:17:28 AM:269;1763860648269;;
1232;595;0.7587458;0.651083;0.7687577;0.5739371;544.4;0.281712;False;11/23/2025 9:17:28 AM:293;1763860648293;;
1252;596;0.7714299;0.6525928;0.8337132;0.6927732;546.4;0.2857182;False;11/23/2025 9:17:28 AM:317;1763860648317;;
1267;596;0.7806544;0.6526306;0.8353213;0.6588148;548.2;0.2862185;False;11/23/2025 9:17:28 AM:340;1763860648340;;
1276;598;0.786271;0.654792;0.8301391;0.7103487;548.4;0.2807569;False;11/23/2025 9:17:28 AM:361;1763860648361;;
1282;598;0.789982;0.6547987;0.826158;0.6601849;548.6;0.2823063;False;11/23/2025 9:17:28 AM:380;1763860648380;;
1254;597;0.7722495;0.6534774;0.6358604;0.6118963;547.4;0.2895928;False;11/23/2025 9:17:28 AM:401;1763860648401;;
1252;596;0.7713628;0.6530849;0.7177001;0.6294144;546.8;0.2770966;False;11/23/2025 9:17:28 AM:423;1763860648423;;
1251;596;0.7706286;0.652755;0.7177851;0.6293433;546.2;0.2772737;False;11/23/2025 9:17:28 AM:444;1763860648444;;
1249;600;0.769338;0.6567586;0.7108729;0.726856;546.8;0.3118121;False;11/23/2025 9:17:28 AM:467;1763860648467;;
1240;600;0.7635474;0.6568413;0.6738092;0.668072;543.6;0.3005669;False;11/23/2025 9:17:28 AM:489;1763860648489;;
1232;600;0.7586308;0.657129;0.6704962;0.6791808;540.7;0.3026032;False;11/23/2025 9:17:28 AM:509;1763860648509;;
1231;597;0.7581006;0.6534478;0.7446061;0.5859092;544.9;0.2911491;False;11/23/2025 9:17:28 AM:532;1763860648532;;
1230;598;0.7576773;0.6542808;0.729995;0.6872641;543.1;0.2996929;False;11/23/2025 9:17:28 AM:554;1763860648554;;
1231;595;0.7581646;0.6520542;0.7662432;0.598655;541.6;0.3023148;False;11/23/2025 9:17:28 AM:577;1763860648577;;
1229;601;0.7571986;0.6575959;0.7100516;0.7392026;538.3;0.2935603;False;11/23/2025 9:17:28 AM:601;1763860648601;;
1225;601;0.7544955;0.6579307;0.6903003;0.6808699;537.7;0.2761135;False;11/23/2025 9:17:28 AM:624;1763860648624;;
1187;604;0.7311257;0.6609041;0.5878597;0.7272047;536.5;0.2955987;False;11/23/2025 9:17:28 AM:645;1763860648645;;
1164;604;0.7172025;0.6614658;0.6050385;0.6946139;535.3;0.2971377;False;11/23/2025 9:17:28 AM:669;1763860648669;;
1155;610;0.7116356;0.6680773;0.6341956;0.7674402;534.9;0.3048931;False;11/23/2025 9:17:28 AM:691;1763860648691;;
1131;614;0.6970012;0.6726536;0.5862297;0.7568485;534.8;0.2876359;False;11/23/2025 9:17:28 AM:715;1763860648715;;
1079;619;0.6649764;0.6775597;0.5091949;0.769461;537.8;0.2874688;False;11/23/2025 9:17:28 AM:738;1763860648738;;
1038;622;0.6394667;0.6807524;0.5007685;0.7614364;540.5;0.2898902;False;11/23/2025 9:17:28 AM:759;1763860648759;;
1014;625;0.624404;0.6845819;0.517288;0.7737049;542.9;0.289248;False;11/23/2025 9:17:28 AM:780;1763860648780;;
845;597;0.5203216;0.6535872;0.2850153;0.4795436;546.4;0.2994147;False;11/23/2025 9:17:28 AM:804;1763860648804;;
769;588;0.474;0.6436874;0.3301943;0.5477709;547.0;0.2752144;False;11/23/2025 9:17:28 AM:828;1763860648828;;
724;582;0.4461438;0.6368407;0.3303072;0.5479286;547.4;0.2756192;False;11/23/2025 9:17:28 AM:847;1763860648847;;
675;570;0.4160668;0.6244906;0.3015578;0.5041341;550.9;0.2856261;False;11/23/2025 9:17:28 AM:869;1763860648869;;
639;560;0.3938421;0.6137496;0.301475;0.501579;553.5;0.2968491;False;11/23/2025 9:17:28 AM:891;1763860648891;;
614;553;0.3781366;0.6053046;0.3017132;0.5019146;555.8;0.2977292;False;11/23/2025 9:17:28 AM:912;1763860648912;;
614;553;0.3781491;0.6054574;0.3782783;0.6207265;557.9;0.2899238;False;11/23/2025 9:17:28 AM:936;1763860648936;;
603;551;0.3717249;0.6030489;0.3275723;0.5481248;561.8;0.2922021;False;11/23/2025 9:17:28 AM:959;1763860648959;;
571;536;0.3517391;0.5868184;0.2587794;0.4435708;562.9;0.2806703;False;11/23/2025 9:17:28 AM:982;1763860648982;;
548;525;0.3380525;0.5748783;0.2614524;0.4471115;564.0;0.281029;False;11/23/2025 9:17:29 AM:3;1763860649003;;
543;523;0.3348923;0.572643;0.3042805;0.5119811;572.9;0.2865269;False;11/23/2025 9:17:29 AM:25;1763860649025;;
544;523;0.3354662;0.5730958;0.3588404;0.5927658;571.6;0.2952917;False;11/23/2025 9:17:29 AM:45;1763860649045;;
545;523;0.3359526;0.5732327;0.3523415;0.5831447;570.4;0.2963056;False;11/23/2025 9:17:29 AM:68;1763860649068;;
541;522;0.33369;0.5714682;0.306196;0.5178091;570.9;0.2781333;False;11/23/2025 9:17:29 AM:89;1763860649089;;
531;515;0.3271192;0.5644888;0.2729392;0.4648552;570.6;0.2917017;False;11/23/2025 9:17:29 AM:113;1763860649113;;
523;511;0.322282;0.5591488;0.2729978;0.4649387;570.3;0.291839;False;11/23/2025 9:17:29 AM:134;1763860649134;;
509;501;0.313461;0.5486991;0.2436291;0.4216504;569.8;0.3075563;False;11/23/2025 9:17:29 AM:157;1763860649157;;
490;489;0.3022681;0.5350627;0.2191597;0.3868929;569.4;0.3080212;False;11/23/2025 9:17:29 AM:178;1763860649178;;
481;482;0.2965167;0.5279861;0.2400904;0.4188827;570.7;0.2884918;False;11/23/2025 9:17:29 AM:200;1763860649200;;
464;469;0.2859561;0.5138017;0.2037454;0.3613701;573.0;0.3008864;False;11/23/2025 9:17:29 AM:222;1763860649222;;
451;459;0.2777725;0.5024981;0.2037165;0.3613185;575.1;0.3013199;False;11/23/2025 9:17:29 AM:244;1763860649244;;
469;470;0.2890178;0.5143131;0.3798297;0.6191539;570.8;0.2824517;False;11/23/2025 9:17:29 AM:267;1763860649267;;
453;456;0.2789725;0.4996827;0.1995581;0.3508309;577.2;0.2821332;False;11/23/2025 9:17:29 AM:290;1763860649290;;
445;450;0.274374;0.4927073;0.2164186;0.3765664;583.0;0.2828683;False;11/23/2025 9:17:29 AM:310;1763860649310;;
441;446;0.271563;0.4881548;0.2259096;0.3898079;582.8;0.2850079;False;11/23/2025 9:17:29 AM:331;1763860649331;;
441;446;0.2719107;0.4881373;0.2873201;0.4875415;584.2;0.3042884;False;11/23/2025 9:17:29 AM:357;1763860649357;;
442;446;0.2722084;0.4880408;0.2876438;0.4835438;582.5;0.2850801;False;11/23/2025 9:17:29 AM:380;1763860649380;;
441;445;0.2721475;0.4878683;0.266419;0.4520364;580.9;0.2860108;False;11/23/2025 9:17:29 AM:402;1763860649402;;
441;445;0.2721481;0.48774;0.2741026;0.466414;582.6;0.2997546;False;11/23/2025 9:17:29 AM:424;1763860649424;;
441;445;0.2720678;0.4876741;0.2651262;0.4564601;580.4;0.2843493;False;11/23/2025 9:17:29 AM:447;1763860649447;;
441;445;0.2717229;0.4870677;0.2551194;0.4394149;578.3;0.284616;False;11/23/2025 9:17:29 AM:467;1763860649467;;
469;463;0.2889969;0.5070278;0.3959301;0.6493225;576.2;0.313558;False;11/23/2025 9:17:29 AM:490;1763860649490;;
469;463;0.2888344;0.5067413;0.2766398;0.4704134;575.8;0.2950562;False;11/23/2025 9:17:29 AM:513;1763860649513;;
468;462;0.2886942;0.5064926;0.2767515;0.4705693;575.4;0.2955309;False;11/23/2025 9:17:29 AM:537;1763860649537;;
463;458;0.2855752;0.5020127;0.2361342;0.4113593;576.3;0.2885856;False;11/23/2025 9:17:29 AM:560;1763860649560;;
463;458;0.2851859;0.5012247;0.2638822;0.4489228;576.5;0.2736786;False;11/23/2025 9:17:29 AM:581;1763860649581;;
461;456;0.2840591;0.4992567;0.2507122;0.4292784;576.7;0.27398;False;11/23/2025 9:17:29 AM:605;1763860649605;;
469;461;0.2889391;0.5044438;0.344968;0.5730949;572.9;0.309734;False;11/23/2025 9:17:29 AM:627;1763860649627;;
469;461;0.289267;0.5045991;0.3028092;0.5113288;569.5;0.3118815;False;11/23/2025 9:17:29 AM:647;1763860649647;;
470;461;0.2895625;0.5046117;0.3017497;0.5052472;569.3;0.3024771;False;11/23/2025 9:17:29 AM:672;1763860649672;;
468;459;0.2886186;0.5031932;0.2606101;0.4480605;570.4;0.2859747;False;11/23/2025 9:17:29 AM:694;1763860649694;;
477;464;0.2937592;0.5085807;0.3495535;0.577976;567.2;0.3295181;False;11/23/2025 9:17:29 AM:720;1763860649720;;
482;468;0.2971247;0.5121412;0.3494018;0.5777644;564.3;0.3287838;False;11/23/2025 9:17:29 AM:740;1763860649740;;
470;458;0.2895909;0.5011096;0.2147287;0.3736164;564.6;0.2819667;False;11/23/2025 9:17:29 AM:760;1763860649760;;
463;452;0.2851201;0.495012;0.226973;0.3974643;566.6;0.2836865;False;11/23/2025 9:17:29 AM:783;1763860649783;;
456;447;0.2813242;0.490032;0.2242815;0.3956293;568.4;0.2846533;False;11/23/2025 9:17:29 AM:803;1763860649803;;
454;446;0.2800134;0.4883142;0.2479117;0.4314444;569.3;0.2871257;False;11/23/2025 9:17:29 AM:831;1763860649831;;
457;447;0.2815352;0.4897986;0.3104665;0.5224364;569.3;0.2975752;False;11/23/2025 9:17:29 AM:855;1763860649855;;
459;449;0.2832133;0.4913677;0.3157216;0.5280097;571.4;0.2900797;False;11/23/2025 9:17:29 AM:877;1763860649877;;
461;449;0.2840669;0.492049;0.3095334;0.5174208;573.2;0.2908041;False;11/23/2025 9:17:29 AM:898;1763860649898;;
458;447;0.2826169;0.4901528;0.2493657;0.4337356;573.5;0.298766;False;11/23/2025 9:17:29 AM:920;1763860649920;;
460;448;0.2834848;0.4910156;0.3081342;0.519166;574.6;0.2873315;False;11/23/2025 9:17:29 AM:941;1763860649941;;
460;448;0.2835776;0.4910434;0.2920813;0.4940349;575.7;0.2880839;False;11/23/2025 9:17:29 AM:963;1763860649963;;
456;445;0.2810679;0.4871958;0.2379729;0.4109694;573.0;0.2955668;False;11/23/2025 9:17:29 AM:986;1763860649986;;
457;445;0.2814955;0.4876129;0.2984038;0.5056573;573.3;0.2897095;False;11/23/2025 9:17:30 AM:10;1763860650010;;
456;445;0.2812555;0.4872919;0.2664979;0.4593179;573.6;0.2911142;False;11/23/2025 9:17:30 AM:29;1763860650029;;
458;446;0.2820699;0.4881279;0.3068675;0.5175712;571.3;0.2815354;False;11/23/2025 9:17:30 AM:49;1763860650049;;
459;446;0.2827815;0.4888616;0.3069797;0.5177317;569.2;0.2819779;False;11/23/2025 9:17:30 AM:70;1763860650070;;
460;447;0.2836612;0.4893874;0.3106963;0.5140572;569.2;0.2964595;False;11/23/2025 9:17:30 AM:93;1763860650093;;
460;446;0.2833022;0.4881183;0.2688257;0.4457635;569.7;0.2962415;False;11/23/2025 9:17:30 AM:116;1763860650116;;
459;444;0.2826975;0.4865414;0.2610976;0.4346704;570.1;0.2972399;False;11/23/2025 9:17:30 AM:135;1763860650135;;
453;439;0.2790571;0.4809855;0.2261507;0.3887598;572.6;0.3025231;False;11/23/2025 9:17:30 AM:157;1763860650157;;
445;432;0.2741878;0.4734845;0.2167528;0.3733157;575.8;0.3012663;False;11/23/2025 9:17:30 AM:182;1763860650182;;
442;429;0.2721844;0.4703313;0.2293825;0.3935497;578.7;0.299779;False;11/23/2025 9:17:30 AM:203;1763860650203;;
447;432;0.2756075;0.4734967;0.3226943;0.5291079;576.5;0.2844135;False;11/23/2025 9:17:30 AM:224;1763860650224;;
447;432;0.2755015;0.4732308;0.2640062;0.4446402;580.1;0.2918127;False;11/23/2025 9:17:30 AM:247;1763860650247;;
447;432;0.2754068;0.472993;0.2640136;0.4446501;583.4;0.2918506;False;11/23/2025 9:17:30 AM:271;1763860650271;;
442;427;0.2723711;0.4680835;0.2218441;0.3778316;587.9;0.2704333;False;11/23/2025 9:17:30 AM:293;1763860650293;;
427;416;0.2631908;0.4554121;0.1775441;0.315666;593.6;0.3006827;False;11/23/2025 9:17:30 AM:316;1763860650316;;
427;416;0.2633319;0.4553183;0.2698869;0.4486662;596.1;0.2935032;False;11/23/2025 9:17:30 AM:337;1763860650337;;
428;416;0.2638495;0.4554251;0.2802866;0.4606242;598.3;0.2932203;False;11/23/2025 9:17:30 AM:360;1763860650360;;
416;407;0.2564947;0.4454511;0.1798783;0.3199289;608.2;0.2810838;False;11/23/2025 9:17:30 AM:381;1763860650381;;
407;400;0.251091;0.4380762;0.1834066;0.3257491;604.6;0.2766078;False;11/23/2025 9:17:30 AM:403;1763860650403;;
401;395;0.2469922;0.4324647;0.1837664;0.3266895;601.3;0.2770719;False;11/23/2025 9:17:30 AM:423;1763860650423;;
395;390;0.2433013;0.4273981;0.1849914;0.3289447;606.4;0.3100935;False;11/23/2025 9:17:30 AM:447;1763860650447;;
390;386;0.2403119;0.4232546;0.1849976;0.328957;611.1;0.309846;False;11/23/2025 9:17:30 AM:468;1763860650468;;
391;387;0.2408928;0.4234757;0.2552992;0.4302499;615.0;0.3000669;False;11/23/2025 9:17:30 AM:491;1763860650491;;
391;386;0.2408588;0.4233329;0.2296219;0.3982352;618.5;0.3015276;False;11/23/2025 9:17:30 AM:511;1763860650511;;
388;384;0.2389213;0.4205278;0.1934399;0.3408656;620.9;0.2924229;False;11/23/2025 9:17:30 AM:533;1763860650533;;
384;381;0.2368023;0.417589;0.1874965;0.3331879;626.0;0.2848121;False;11/23/2025 9:17:30 AM:554;1763860650554;;
381;379;0.2347892;0.4147479;0.1850052;0.3290288;630.5;0.2853618;False;11/23/2025 9:17:30 AM:575;1763860650575;;
377;375;0.2324295;0.4113637;0.1817004;0.3236437;636.9;0.2967733;False;11/23/2025 9:17:30 AM:600;1763860650600;;
375;374;0.2313897;0.4099401;0.1906149;0.3384943;642.0;0.297361;False;11/23/2025 9:17:30 AM:623;1763860650623;;
375;374;0.2311801;0.4097437;0.2024455;0.3576347;640.7;0.2940507;False;11/23/2025 9:17:30 AM:645;1763860650645;;
374;373;0.2304189;0.4087034;0.1906379;0.3389382;639.5;0.2948431;False;11/23/2025 9:17:30 AM:666;1763860650666;;
372;372;0.2292562;0.4070159;0.1843568;0.3283777;642.8;0.3153492;False;11/23/2025 9:17:30 AM:687;1763860650687;;
372;371;0.2295086;0.4068274;0.2350502;0.4016976;641.8;0.2911322;False;11/23/2025 9:17:30 AM:713;1763860650713;;
372;371;0.2295149;0.4065537;0.2297274;0.3956232;640.8;0.2908834;False;11/23/2025 9:17:30 AM:737;1763860650737;;
385;377;0.2371699;0.4128948;0.2997033;0.4832918;640.3;0.3093345;False;11/23/2025 9:17:30 AM:760;1763860650760;;
385;377;0.2373064;0.4131139;0.2427588;0.4212493;637.4;0.3017316;False;11/23/2025 9:17:30 AM:783;1763860650783;;
384;376;0.2367607;0.4124162;0.209038;0.3656911;641.8;0.2719632;False;11/23/2025 9:17:30 AM:805;1763860650805;;
383;375;0.2358533;0.4113213;0.2000345;0.353833;645.7;0.2725615;False;11/23/2025 9:17:30 AM:824;1763860650824;;
382;375;0.2357498;0.4111305;0.2161871;0.3737822;647.3;0.2974597;False;11/23/2025 9:17:30 AM:846;1763860650846;;
382;375;0.2356629;0.4109698;0.2162201;0.3738291;648.8;0.297579;False;11/23/2025 9:17:30 AM:866;1763860650866;;
381;374;0.2351551;0.4101427;0.2073354;0.3599577;648.5;0.2951213;False;11/23/2025 9:17:30 AM:894;1763860650894;;
381;374;0.2349443;0.4097417;0.2107425;0.3641047;648.6;0.2846173;False;11/23/2025 9:17:30 AM:916;1763860650916;;
377;371;0.2322153;0.4059277;0.1764602;0.3141472;648.7;0.2862105;False;11/23/2025 9:17:30 AM:938;1763860650938;;
377;371;0.2324759;0.4059322;0.239068;0.4060743;649.7;0.2815263;False;11/23/2025 9:17:30 AM:964;1763860650964;;
377;370;0.232187;0.4053702;0.2067488;0.3567153;649.8;0.2586342;False;11/23/2025 9:17:30 AM:986;1763860650986;;
376;370;0.2321125;0.4052074;0.211708;0.3651355;650.0;0.2602307;False;11/23/2025 9:17:31 AM:6;1763860651006;;
375;368;0.2312726;0.4035953;0.1959433;0.3370623;646.2;0.2666258;False;11/23/2025 9:17:31 AM:28;1763860651028;;
380;371;0.2340701;0.4060188;0.271271;0.4476611;646.0;0.2765252;False;11/23/2025 9:17:31 AM:51;1763860651051;;
382;371;0.2352283;0.4069703;0.2596932;0.4325579;645.8;0.2772123;False;11/23/2025 9:17:31 AM:71;1763860651071;;
382;372;0.2354465;0.4070044;0.2441211;0.4088661;644.7;0.2803685;False;11/23/2025 9:17:31 AM:94;1763860651094;;
382;371;0.2354223;0.406945;0.2294113;0.3907152;644.5;0.2682728;False;11/23/2025 9:17:31 AM:118;1763860651118;;
384;373;0.2367726;0.4081052;0.2649901;0.4392745;641.9;0.2784729;False;11/23/2025 9:17:31 AM:140;1763860651140;;
384;372;0.2367965;0.4080776;0.2392827;0.4046994;639.6;0.2794019;False;11/23/2025 9:17:31 AM:163;1763860651163;;
384;372;0.2368115;0.4080526;0.2387613;0.3980502;635.6;0.2978019;False;11/23/2025 9:17:31 AM:184;1763860651184;;
383;372;0.2361904;0.4072572;0.2124614;0.3670664;635.1;0.2846209;False;11/23/2025 9:17:31 AM:206;1763860651206;;
382;371;0.2355811;0.4065246;0.2105011;0.365317;634.7;0.2850004;False;11/23/2025 9:17:31 AM:228;1763860651228;;
382;371;0.2353486;0.4061355;0.217861;0.3723508;633.5;0.2886558;False;11/23/2025 9:17:31 AM:250;1763860651250;;
388;375;0.239261;0.4110517;0.2883374;0.4816149;630.9;0.2798241;False;11/23/2025 9:17:31 AM:273;1763860651273;;
393;379;0.2421929;0.4147641;0.2883268;0.4816001;628.5;0.2797889;False;11/23/2025 9:17:31 AM:294;1763860651294;;
388;375;0.2393245;0.4107879;0.1917536;0.333501;625.6;0.2866538;False;11/23/2025 9:17:31 AM:316;1763860651316;;
386;373;0.2377469;0.4083684;0.2008808;0.3449768;623.0;0.2875403;False;11/23/2025 9:17:31 AM:338;1763860651338;;
384;371;0.2366087;0.4067129;0.2040692;0.3516154;626.9;0.2719273;False;11/23/2025 9:17:31 AM:360;1763860651360;;
502;394;0.3095184;0.4315548;0.5099963;0.5959229;630.4;0.2332578;False;11/23/2025 9:17:31 AM:384;1763860651384;;
574;410;0.3539152;0.4488245;0.5104954;0.5957842;633.5;0.2339616;False;11/23/2025 9:17:31 AM:404;1763860651404;;
584;425;0.3600436;0.4652721;0.4002103;0.5952005;632.7;0.221436;False;11/23/2025 9:17:31 AM:429;1763860651429;;
585;435;0.3606799;0.4761429;0.3690822;0.5935057;634.3;0.249611;False;11/23/2025 9:17:31 AM:451;1763860651451;;
587;445;0.3614539;0.487885;0.3724433;0.6126798;635.8;0.2513964;False;11/23/2025 9:17:31 AM:472;1763860651472;;
614;472;0.3780882;0.5166782;0.4676592;0.704692;627.7;0.2514617;False;11/23/2025 9:17:31 AM:493;1763860651493;;
600;470;0.3700649;0.5143886;0.2721046;0.457534;628.5;0.2739458;False;11/23/2025 9:17:31 AM:516;1763860651516;;
600;471;0.3699355;0.5157884;0.3330696;0.5563062;625.3;0.2742183;False;11/23/2025 9:17:31 AM:539;1763860651539;;
600;472;0.3698345;0.5168788;0.3329863;0.5561864;622.5;0.2740525;False;11/23/2025 9:17:31 AM:559;1763860651559;;
593;471;0.3652868;0.5159512;0.2858292;0.4815161;620.0;0.2847922;False;11/23/2025 9:17:31 AM:581;1763860651581;;
578;467;0.3564108;0.5118317;0.2583571;0.4395686;615.4;0.2948198;False;11/23/2025 9:17:31 AM:606;1763860651606;;
568;465;0.3499815;0.5087729;0.2583494;0.439558;611.2;0.2946172;False;11/23/2025 9:17:31 AM:626;1763860651626;;
567;466;0.3495065;0.5103365;0.3361006;0.5496477;609.4;0.296416;False;11/23/2025 9:17:31 AM:651;1763860651651;;
566;467;0.3491153;0.5119213;0.3347306;0.5553511;606.1;0.2899509;False;11/23/2025 9:17:31 AM:673;1763860651673;;
566;467;0.3490093;0.5120244;0.3134418;0.5234038;603.1;0.2909972;False;11/23/2025 9:17:31 AM:694;1763860651694;;
566;468;0.3489416;0.512309;0.317141;0.5321385;603.0;0.2967266;False;11/23/2025 9:17:31 AM:716;1763860651716;;
566;468;0.3486877;0.5128858;0.3244624;0.5428752;602.9;0.2973781;False;11/23/2025 9:17:31 AM:737;1763860651737;;
564;468;0.3477499;0.5128146;0.3011417;0.5050417;605.6;0.291112;False;11/23/2025 9:17:31 AM:760;1763860651760;;
564;468;0.3473487;0.5124856;0.3072456;0.4931072;605.6;0.2724845;False;11/23/2025 9:17:31 AM:783;1763860651783;;
563;468;0.3469956;0.5122011;0.3070201;0.4928308;605.6;0.271938;False;11/23/2025 9:17:31 AM:807;1763860651807;;
562;468;0.3466735;0.5122383;0.3238348;0.518518;608.1;0.2894173;False;11/23/2025 9:17:31 AM:830;1763860651830;;
592;468;0.3645458;0.5122407;0.4649963;0.5137228;608.9;0.2655605;False;11/23/2025 9:17:31 AM:850;1763860651850;;
612;468;0.3771349;0.512705;0.4604151;0.5386582;609.7;0.2670693;False;11/23/2025 9:17:31 AM:871;1763860651871;;
720;467;0.443645;0.5118715;0.6279292;0.479447;606.9;0.2994217;False;11/23/2025 9:17:31 AM:893;1763860651893;;
745;467;0.4591823;0.511766;0.5410269;0.4986361;603.0;0.3040398;False;11/23/2025 9:17:31 AM:914;1763860651914;;
767;463;0.4724658;0.5068413;0.5487098;0.4217252;599.5;0.3060154;False;11/23/2025 9:17:31 AM:936;1763860651936;;
820;459;0.5049797;0.5025784;0.6287123;0.4228311;600.7;0.326166;False;11/23/2025 9:17:31 AM:958;1763860651958;;
827;451;0.5095472;0.4935156;0.5420535;0.3852568;601.4;0.2946843;False;11/23/2025 9:17:31 AM:983;1763860651983;;
827;451;0.5092499;0.4942786;0.4622695;0.5197269;598.1;0.2888449;False;11/23/2025 9:17:32 AM:4;1763860652004;;
829;451;0.5105042;0.4942672;0.5269418;0.4793189;595.2;0.2914489;False;11/23/2025 9:17:32 AM:23;1763860652023;;
847;455;0.5218568;0.4986572;0.5939015;0.5697622;598.2;0.2932195;False;11/23/2025 9:17:32 AM:45;1763860652045;;
822;454;0.5067314;0.4975008;0.3834196;0.453848;595.4;0.2972966;False;11/23/2025 9:17:32 AM:67;1763860652067;;
803;454;0.4950602;0.4970686;0.3812539;0.4657058;592.9;0.2974797;False;11/23/2025 9:17:32 AM:88;1763860652088;;
824;448;0.5074639;0.4909577;0.5869661;0.3929323;593.0;0.2910061;False;11/23/2025 9:17:32 AM:109;1763860652109;;
821;449;0.5058734;0.4915481;0.4501294;0.5132546;591.6;0.2998712;False;11/23/2025 9:17:32 AM:131;1763860652131;;
811;449;0.4994676;0.4915284;0.4099136;0.4761381;590.2;0.3008397;False;11/23/2025 9:17:32 AM:151;1763860652151;;
809;449;0.4985124;0.4921415;0.450459;0.5131487;589.0;0.3001538;False;11/23/2025 9:17:32 AM:178;1763860652178;;
840;450;0.5175968;0.4931844;0.6168811;0.5268719;584.6;0.2947502;False;11/23/2025 9:17:32 AM:200;1763860652200;;
840;452;0.5174686;0.4950144;0.5143127;0.543393;587.4;0.28736;False;11/23/2025 9:17:32 AM:221;1763860652221;;
834;455;0.5140513;0.4984007;0.4442248;0.5672529;586.7;0.2918573;False;11/23/2025 9:17:32 AM:242;1763860652242;;
834;455;0.5137625;0.498427;0.4894382;0.5072412;586.1;0.2929342;False;11/23/2025 9:17:32 AM:265;1763860652265;;
897;454;0.5529062;0.4975794;0.6985373;0.4656954;586.9;0.3015228;False;11/23/2025 9:17:32 AM:286;1763860652286;;
897;455;0.552901;0.4978718;0.5528129;0.5182953;588.5;0.2955913;False;11/23/2025 9:17:32 AM:309;1763860652309;;
897;454;0.5524678;0.4973783;0.5372893;0.4723189;590.0;0.2968006;False;11/23/2025 9:17:32 AM:331;1763860652331;;
896;454;0.5520979;0.4974608;0.5408537;0.508227;591.6;0.2960579;False;11/23/2025 9:17:32 AM:356;1763860652356;;
860;450;0.5300674;0.493068;0.3900267;0.4161535;591.0;0.3156326;False;11/23/2025 9:17:32 AM:377;1763860652377;;
852;446;0.5247748;0.4880052;0.4451711;0.3995897;590.4;0.3172911;False;11/23/2025 9:17:32 AM:397;1763860652397;;
852;443;0.5247977;0.485184;0.5254315;0.4201247;592.3;0.3171631;False;11/23/2025 9:17:32 AM:419;1763860652419;;
871;444;0.5365198;0.4860509;0.6192022;0.5155069;597.1;0.307966;False;11/23/2025 9:17:32 AM:441;1763860652441;;
876;444;0.5394939;0.4866301;0.5794356;0.5120865;601.5;0.3111818;False;11/23/2025 9:17:32 AM:461;1763860652461;;
891;437;0.5491251;0.478249;0.621053;0.3748473;598.2;0.2934282;False;11/23/2025 9:17:32 AM:485;1763860652485;;
880;472;0.542282;0.5164924;0.4815405;0.6736047;595.7;0.3180753;False;11/23/2025 9:17:32 AM:527;1763860652527;;
881;465;0.5425457;0.509688;0.5504705;0.4118348;598.8;0.3225878;False;11/23/2025 9:17:32 AM:548;1763860652548;;
882;459;0.5436009;0.5027025;0.5664174;0.3977337;601.5;0.3245639;False;11/23/2025 9:17:32 AM:570;1763860652570;;
856;455;0.5273675;0.4980353;0.415905;0.4103963;599.2;0.3007607;False;11/23/2025 9:17:32 AM:592;1763860652592;;
941;454;0.5795521;0.4974614;0.7479757;0.4576379;596.8;0.2952829;False;11/23/2025 9:17:32 AM:617;1763860652617;;
996;454;0.6136372;0.4969977;0.7478438;0.4576917;594.6;0.2950951;False;11/23/2025 9:17:32 AM:639;1763860652639;;
947;454;0.5832384;0.497665;0.4308248;0.5165502;593.7;0.3184404;False;11/23/2025 9:17:32 AM:664;1763860652664;;
944;453;0.5814372;0.4959328;0.5306862;0.4416831;590.8;0.3046794;False;11/23/2025 9:17:32 AM:693;1763860652693;;
945;453;0.5819393;0.4959186;0.591095;0.4950878;584.8;0.2932844;False;11/23/2025 9:17:32 AM:716;1763860652716;;
894;450;0.5506071;0.4934021;0.3963831;0.4247149;582.4;0.3182264;False;11/23/2025 9:17:32 AM:739;1763860652739;;
872;450;0.5370111;0.4928503;0.4304511;0.4503346;580.2;0.3198037;False;11/23/2025 9:17:32 AM:761;1763860652761;;
902;460;0.5556622;0.5034755;0.6360642;0.5828118;582.7;0.2893936;False;11/23/2025 9:17:32 AM:801;1763860652801;;
752;455;0.4634693;0.4987778;0.2426901;0.4166277;580.0;0.282236;False;11/23/2025 9:17:32 AM:825;1763860652825;;
688;455;0.4239746;0.4987182;0.2868493;0.4867529;581.1;0.3068721;False;11/23/2025 9:17:32 AM:849;1763860652849;;
651;455;0.401104;0.4987674;0.2996797;0.5020198;580.5;0.283028;False;11/23/2025 9:17:32 AM:872;1763860652872;;
630;456;0.3879554;0.4994235;0.3112621;0.5236831;579.9;0.2835484;False;11/23/2025 9:17:32 AM:894;1763860652894;;
610;456;0.3759761;0.499532;0.3082246;0.5070309;578.5;0.2586897;False;11/23/2025 9:17:32 AM:918;1763860652918;;
603;458;0.3714581;0.5015407;0.3313796;0.5495061;578.7;0.2818148;False;11/23/2025 9:17:32 AM:940;1763860652940;;
598;459;0.3687956;0.5032609;0.33912;0.5496326;576.1;0.2714185;False;11/23/2025 9:17:32 AM:963;1763860652963;;
592;460;0.3646361;0.503628;0.321509;0.5271487;573.7;0.2719481;False;11/23/2025 9:17:32 AM:984;1763860652984;;
589;461;0.3630843;0.5049736;0.3392305;0.5497638;571.6;0.2717034;False;11/23/2025 9:17:33 AM:7;1763860653007;;
585;461;0.36024;0.505166;0.3223705;0.5259656;572.7;0.2807477;False;11/23/2025 9:17:33 AM:29;1763860653029;;
579;461;0.3566194;0.5051928;0.3118632;0.5171096;572.0;0.2703066;False;11/23/2025 9:17:33 AM:50;1763860653050;;
574;461;0.3538578;0.505215;0.3118959;0.517155;571.3;0.2704275;False;11/23/2025 9:17:33 AM:69;1763860653069;;
571;461;0.3518613;0.5053267;0.3172997;0.5233127;569.6;0.2808918;False;11/23/2025 9:17:33 AM:93;1763860653093;;
558;460;0.343785;0.5033426;0.2716574;0.4572878;571.1;0.2813864;False;11/23/2025 9:17:33 AM:115;1763860653115;;
548;458;0.3379132;0.5016075;0.2712042;0.4535687;573.4;0.2700533;False;11/23/2025 9:17:33 AM:136;1763860653136;;
542;457;0.3343475;0.5008537;0.2816474;0.4681566;575.5;0.2710685;False;11/23/2025 9:17:33 AM:158;1763860653158;;
536;457;0.3304274;0.5000207;0.2747299;0.4646267;577.2;0.2753879;False;11/23/2025 9:17:33 AM:180;1763860653180;;
533;456;0.3285307;0.4997911;0.2874771;0.478702;580.0;0.2748522;False;11/23/2025 9:17:33 AM:201;1763860653201;;
530;456;0.3268297;0.4995752;0.28736;0.4785345;582.5;0.2745014;False;11/23/2025 9:17:33 AM:225;1763860653225;;
527;456;0.3249415;0.499171;0.2822542;0.4711548;581.8;0.26604;False;11/23/2025 9:17:33 AM:249;1763860653249;;
527;457;0.3248801;0.5003374;0.3192264;0.533656;581.6;0.2602602;False;11/23/2025 9:17:33 AM:273;1763860653273;;
527;458;0.3248347;0.5011825;0.3192105;0.5336339;581.5;0.2602001;False;11/23/2025 9:17:33 AM:294;1763860653294;;
527;458;0.3245761;0.5011781;0.3035453;0.4971377;579.1;0.2717504;False;11/23/2025 9:17:33 AM:317;1763860653317;;
526;458;0.324417;0.5011792;0.3054196;0.5015912;574.4;0.2775582;False;11/23/2025 9:17:33 AM:339;1763860653339;;
526;458;0.324412;0.5015604;0.3241018;0.5236115;570.2;0.2785177;False;11/23/2025 9:17:33 AM:360;1763860653360;;
527;459;0.3247264;0.5025525;0.3352536;0.538605;572.2;0.2772436;False;11/23/2025 9:17:33 AM:384;1763860653384;;
531;465;0.3272881;0.5088339;0.3673047;0.6025948;572.0;0.277294;False;11/23/2025 9:17:33 AM:406;1763860653406;;
533;468;0.3284587;0.5123203;0.3547702;0.5829652;571.7;0.2782973;False;11/23/2025 9:17:33 AM:430;1763860653430;;
532;468;0.3279741;0.5123063;0.3096327;0.5112998;569.1;0.2509212;False;11/23/2025 9:17:33 AM:460;1763860653460;;
546;480;0.3363259;0.5252401;0.4107708;0.6583437;570.7;0.2605759;False;11/23/2025 9:17:33 AM:483;1763860653483;;
550;485;0.338818;0.530727;0.3826383;0.6268299;572.1;0.2624113;False;11/23/2025 9:17:33 AM:503;1763860653503;;
574;505;0.353806;0.5532346;0.4533237;0.7254848;572.1;0.250418;False;11/23/2025 9:17:33 AM:527;1763860653527;;
579;511;0.3571255;0.5599239;0.4050825;0.6599325;569.2;0.249614;False;11/23/2025 9:17:33 AM:552;1763860653552;;
581;514;0.3580164;0.5625098;0.3860979;0.6345332;565.6;0.2514915;False;11/23/2025 9:17:33 AM:575;1763860653575;;
582;515;0.3585526;0.5642183;0.3819264;0.6275261;562.4;0.2521152;False;11/23/2025 9:17:33 AM:599;1763860653599;;
596;526;0.3674386;0.5757896;0.4446874;0.7043067;560.7;0.2442073;False;11/23/2025 9:17:33 AM:626;1763860653626;;
626;538;0.3856972;0.5887001;0.4998606;0.7328638;562.7;0.2257445;False;11/23/2025 9:17:33 AM:649;1763860653649;;
637;543;0.3923746;0.5942265;0.4675142;0.7025343;565.7;0.1823026;False;11/23/2025 9:17:33 AM:670;1763860653670;;
646;549;0.3980919;0.6008016;0.466208;0.7143112;568.4;0.1829217;False;11/23/2025 9:17:33 AM:695;1763860653695;;
667;549;0.4109414;0.6008876;0.5096055;0.6035773;571.0;0.1866204;False;11/23/2025 9:17:33 AM:718;1763860653718;;
677;558;0.4174353;0.6110541;0.4809423;0.7277356;579.2;0.2049745;False;11/23/2025 9:17:33 AM:752;1763860653752;;
690;561;0.4252764;0.613871;0.5062131;0.6996697;584.2;0.2276773;False;11/23/2025 9:17:33 AM:776;1763860653776;;
733;561;0.4519314;0.6143067;0.5869884;0.6398351;583.5;0.2208525;False;11/23/2025 9:17:33 AM:800;1763860653800;;
765;561;0.471179;0.614669;0.586924;0.6398822;582.8;0.2207803;False;11/23/2025 9:17:33 AM:824;1763860653824;;
765;563;0.4714443;0.6169209;0.4889886;0.6925743;584.7;0.2300933;False;11/23/2025 9:17:33 AM:851;1763860653851;;
766;566;0.4717946;0.6199362;0.4928434;0.7080793;586.4;0.2308098;False;11/23/2025 9:17:33 AM:873;1763860653873;;
766;572;0.4718243;0.6258545;0.4743315;0.73093;587.4;0.2080497;False;11/23/2025 9:17:33 AM:903;1763860653903;;
766;578;0.4722071;0.6325621;0.4928226;0.7464331;588.0;0.2317379;False;11/23/2025 9:17:33 AM:930;1763860653930;;
745;576;0.4588757;0.6309786;0.3705941;0.6055651;590.6;0.2625209;False;11/23/2025 9:17:33 AM:955;1763860653955;;
745;577;0.4593323;0.6321166;0.481449;0.6973235;589.6;0.221679;False;11/23/2025 9:17:33 AM:981;1763860653981;;
745;581;0.459272;0.6359423;0.4559627;0.7326006;589.6;0.2275541;False;11/23/2025 9:17:34 AM:5;1763860654005;;
744;583;0.4586914;0.6378778;0.4425659;0.7169806;589.6;0.2283369;False;11/23/2025 9:17:34 AM:31;1763860654031;;
745;583;0.4593202;0.6384127;0.4830244;0.6606094;588.7;0.2325111;False;11/23/2025 9:17:34 AM:56;1763860654056;;
747;588;0.4603822;0.6438772;0.4893109;0.745093;587.5;0.2290727;False;11/23/2025 9:17:34 AM:87;1763860654087;;
747;589;0.4602091;0.6445398;0.4535187;0.7079924;588.4;0.2321441;False;11/23/2025 9:17:34 AM:114;1763860654114;;
747;589;0.4605066;0.6445702;0.479069;0.6971923;591.9;0.2580405;False;11/23/2025 9:17:34 AM:140;1763860654140;;
750;591;0.4619792;0.6476588;0.497226;0.7378771;587.0;0.2390358;False;11/23/2025 9:17:34 AM:168;1763860654168;;
742;592;0.4572317;0.6481442;0.4074701;0.6627534;582.7;0.241716;False;11/23/2025 9:17:34 AM:194;1763860654194;;
744;595;0.458631;0.6516762;0.4934445;0.7460206;577.4;0.2617087;False;11/23/2025 9:17:34 AM:219;1763860654219;;
744;596;0.4585696;0.6528696;0.4554328;0.7238045;581.2;0.2396709;False;11/23/2025 9:17:34 AM:247;1763860654247;;
748;599;0.4611968;0.6562298;0.5086257;0.7538341;584.6;0.2384214;False;11/23/2025 9:17:34 AM:270;1763860654270;;
732;596;0.4512192;0.6524832;0.3792222;0.6096031;587.4;0.2378492;False;11/23/2025 9:17:34 AM:298;1763860654298;;
750;597;0.462413;0.6540034;0.5483387;0.7243784;585.2;0.2375343;False;11/23/2025 9:17:34 AM:324;1763860654324;;
716;586;0.4414728;0.6411825;0.3387156;0.546194;589.7;0.2755222;False;11/23/2025 9:17:34 AM:352;1763860654352;;
719;590;0.4430368;0.6462791;0.4713077;0.7221631;591.6;0.253082;False;11/23/2025 9:17:34 AM:409;1763860654409;;
723;594;0.4452218;0.650297;0.4899868;0.7429418;593.3;0.2408361;False;11/23/2025 9:17:34 AM:436;1763860654436;;
789;585;0.4863693;0.6402275;0.6457596;0.5521799;589.1;0.2635328;False;11/23/2025 9:17:34 AM:461;1763860654461;;
816;588;0.5027763;0.6437548;0.6037192;0.7298821;599.3;0.2906525;False;11/23/2025 9:17:34 AM:486;1763860654486;;
816;593;0.5028431;0.6489064;0.5091798;0.7464913;598.0;0.2556918;False;11/23/2025 9:17:34 AM:513;1763860654513;;
814;594;0.5017544;0.6509791;0.4739693;0.7290648;596.3;0.2478072;False;11/23/2025 9:17:34 AM:537;1763860654537;;
814;595;0.5014597;0.6513289;0.4860305;0.6642049;594.8;0.2507828;False;11/23/2025 9:17:34 AM:562;1763860654562;;
826;590;0.5086619;0.6459558;0.5747042;0.5843059;604.8;0.2765199;False;11/23/2025 9:17:34 AM:588;1763860654588;;
820;592;0.5052691;0.6485952;0.4611681;0.7191578;609.2;0.2381911;False;11/23/2025 9:17:34 AM:618;1763860654618;;
821;590;0.5059314;0.6455865;0.5251413;0.600723;613.8;0.2236715;False;11/23/2025 9:17:34 AM:644;1763860654644;;
774;584;0.4769129;0.6395648;0.3443567;0.5665305;625.7;0.2577219;False;11/23/2025 9:17:34 AM:669;1763860654669;;
736;579;0.4537573;0.634216;0.345237;0.5674406;636.5;0.2596254;False;11/23/2025 9:17:34 AM:697;1763860654697;;
736;578;0.453555;0.6330367;0.4447393;0.5990499;650.1;0.2530844;False;11/23/2025 9:17:34 AM:722;1763860654722;;
734;580;0.4522333;0.6350058;0.4260676;0.6852643;656.6;0.2340547;False;11/23/2025 9:17:34 AM:749;1763860654749;;
732;581;0.4511982;0.6363274;0.4247181;0.6837612;662.4;0.2336854;False;11/23/2025 9:17:34 AM:771;1763860654771;;
541;480;0.3331479;0.5261245;0.2300956;0.3844582;655.6;0.1969873;False;11/23/2025 9:17:34 AM:936;1763860654936;;
542;483;0.3340665;0.5289206;0.3639545;0.5864847;649.5;0.1930671;False;11/23/2025 9:17:34 AM:958;1763860654958;;
584;491;0.36009;0.5377593;0.4889526;0.6379995;642.4;0.2067252;False;11/23/2025 9:17:34 AM:982;1763860654982;;
603;492;0.3715977;0.5386731;0.4633564;0.5751741;638.7;0.2266319;False;11/23/2025 9:17:35 AM:4;1763860655004;;
601;492;0.3702634;0.5388546;0.3400923;0.5569415;636.0;0.2349574;False;11/23/2025 9:17:35 AM:28;1763860655028;;
600;492;0.369722;0.5392759;0.3483189;0.5673881;633.5;0.2344268;False;11/23/2025 9:17:35 AM:49;1763860655049;;
599;493;0.3693323;0.5396321;0.3499402;0.5672079;627.1;0.240317;False;11/23/2025 9:17:35 AM:69;1763860655069;;
598;493;0.3685126;0.539856;0.3407523;0.5636554;620.9;0.2316337;False;11/23/2025 9:17:35 AM:91;1763860655091;;
597;493;0.3677999;0.5400577;0.3408164;0.5637479;615.2;0.2317585;False;11/23/2025 9:17:35 AM:113;1763860655113;;
596;493;0.3671921;0.5402244;0.3406465;0.5635028;610.1;0.231427;False;11/23/2025 9:17:35 AM:134;1763860655134;;
596;494;0.3673814;0.5409064;0.3756824;0.5795641;604.6;0.2155896;False;11/23/2025 9:17:35 AM:156;1763860655156;;
566;481;0.3485847;0.5269135;0.2306141;0.3995363;604.6;0.2188648;False;11/23/2025 9:17:35 AM:178;1763860655178;;
533;465;0.3288062;0.5095713;0.2037295;0.358049;604.6;0.2197729;False;11/23/2025 9:17:35 AM:197;1763860655197;;
534;466;0.3288491;0.5108007;0.3344671;0.5565571;601.9;0.2187718;False;11/23/2025 9:17:35 AM:219;1763860655219;;
534;468;0.3293581;0.5127859;0.3502327;0.5733721;600.5;0.2299341;False;11/23/2025 9:17:35 AM:239;1763860655239;;
535;470;0.3298755;0.5147521;0.3505931;0.5738493;599.3;0.2306019;False;11/23/2025 9:17:35 AM:263;1763860655263;;
535;470;0.3298574;0.5147867;0.3275502;0.5366579;600.0;0.2155185;False;11/23/2025 9:17:35 AM:284;1763860655284;;
537;472;0.330824;0.5171292;0.3607883;0.586216;598.4;0.2291291;False;11/23/2025 9:17:35 AM:305;1763860655305;;
538;474;0.3316256;0.5190542;0.3610487;0.5865306;597.0;0.2295543;False;11/23/2025 9:17:35 AM:324;1763860655324;;
538;474;0.3317147;0.5196701;0.3444433;0.564571;594.0;0.2270749;False;11/23/2025 9:17:35 AM:346;1763860655346;;
538;475;0.3313421;0.5197918;0.3187489;0.5271294;593.6;0.2358947;False;11/23/2025 9:17:35 AM:372;1763860655372;;
535;474;0.3294906;0.5187221;0.2932261;0.4895292;593.2;0.2362179;False;11/23/2025 9:17:35 AM:393;1763860655393;;
534;474;0.3289138;0.5186415;0.3085731;0.5139194;591.8;0.2269464;False;11/23/2025 9:17:35 AM:414;1763860655414;;
537;476;0.3306663;0.5214913;0.3677089;0.5933124;590.6;0.2239898;False;11/23/2025 9:17:35 AM:436;1763860655436;;
535;476;0.3299102;0.5213453;0.306432;0.51376;589.5;0.2303441;False;11/23/2025 9:17:35 AM:456;1763860655456;;
533;475;0.328387;0.5204897;0.292412;0.4917449;588.5;0.2310028;False;11/23/2025 9:17:35 AM:475;1763860655475;;
533;475;0.3283134;0.5205168;0.319451;0.5300799;586.9;0.2224462;False;11/23/2025 9:17:35 AM:496;1763860655496;;
533;476;0.3286973;0.5214249;0.3456866;0.5658996;585.4;0.2226159;False;11/23/2025 9:17:35 AM:516;1763860655516;;
529;474;0.3260927;0.5191971;0.2811744;0.471086;586.2;0.2198179;False;11/23/2025 9:17:35 AM:538;1763860655538;;
519;468;0.3197936;0.5124125;0.2458922;0.4166277;586.9;0.219933;False;11/23/2025 9:17:35 AM:557;1763860655557;;
515;466;0.3177274;0.5104892;0.2743112;0.4603509;586.2;0.2278678;False;11/23/2025 9:17:35 AM:579;1763860655579;;
513;465;0.3161145;0.5089776;0.2744174;0.4605014;585.6;0.2280835;False;11/23/2025 9:17:35 AM:599;1763860655599;;
509;462;0.3137044;0.5062509;0.2645085;0.4419651;582.6;0.2260637;False;11/23/2025 9:17:35 AM:619;1763860655619;;
503;459;0.3102767;0.5023763;0.2508876;0.4228932;583.1;0.2204385;False;11/23/2025 9:17:35 AM:640;1763860655640;;
498;455;0.3070727;0.4987236;0.2510335;0.4231003;583.6;0.2207111;False;11/23/2025 9:17:35 AM:663;1763860655663;;
498;455;0.3070055;0.4986869;0.2933214;0.4841154;583.4;0.2349488;False;11/23/2025 9:17:35 AM:685;1763860655685;;
498;455;0.3069214;0.498651;0.2975884;0.4946046;582.8;0.2275205;False;11/23/2025 9:17:35 AM:705;1763860655705;;
498;455;0.3068485;0.4986204;0.2976555;0.4946939;582.3;0.2276921;False;11/23/2025 9:17:35 AM:725;1763860655725;;
502;458;0.3091902;0.5019428;0.3447493;0.5625958;583.3;0.2364261;False;11/23/2025 9:17:35 AM:746;1763860655746;;
503;460;0.3103024;0.5034858;0.3357068;0.5473385;582.8;0.2310403;False;11/23/2025 9:17:35 AM:766;1763860655766;;
505;460;0.3109794;0.5043023;0.3315875;0.5379928;582.4;0.2313099;False;11/23/2025 9:17:35 AM:786;1763860655786;;
503;460;0.3100469;0.5035841;0.2797867;0.4711079;580.8;0.2338301;False;11/23/2025 9:17:35 AM:807;1763860655807;;
506;463;0.3119221;0.506849;0.3473028;0.5735565;579.8;0.2524351;False;11/23/2025 9:17:35 AM:828;1763860655828;;
509;465;0.3134974;0.5095974;0.3474354;0.5737465;578.8;0.2526934;False;11/23/2025 9:17:35 AM:848;1763860655848;;
511;468;0.3151156;0.512605;0.3490398;0.5785524;578.5;0.2454525;False;11/23/2025 9:17:35 AM:871;1763860655871;;
515;471;0.31753;0.5161095;0.3615296;0.5912766;577.0;0.2544264;False;11/23/2025 9:17:35 AM:893;1763860655893;;
517;473;0.318697;0.5179218;0.3498296;0.5741314;575.6;0.2547171;False;11/23/2025 9:17:35 AM:918;1763860655918;;
513;471;0.3160525;0.5155101;0.2766054;0.4693495;573.1;0.2526951;False;11/23/2025 9:17:35 AM:941;1763860655941;;
509;469;0.3140355;0.5134849;0.2755239;0.4656283;570.9;0.253197;False;11/23/2025 9:17:35 AM:963;1763860655963;;
509;469;0.3139119;0.5134636;0.3038915;0.5104913;567.6;0.2514226;False;11/23/2025 9:17:35 AM:984;1763860655984;;
514;473;0.3170764;0.5179519;0.3656075;0.5991259;565.3;0.2545035;False;11/23/2025 9:17:36 AM:6;1763860656006;;
518;476;0.3195373;0.5214689;0.3656477;0.5991801;563.2;0.254653;False;11/23/2025 9:17:36 AM:26;1763860656026;;
518;476;0.319545;0.5214903;0.3220704;0.5350649;563.5;0.2606741;False;11/23/2025 9:17:36 AM:47;1763860656047;;
517;476;0.3185563;0.5208213;0.2925518;0.4964286;559.9;0.2501885;False;11/23/2025 9:17:36 AM:68;1763860656068;;
516;475;0.3177522;0.5202723;0.292554;0.4964318;556.7;0.2501958;False;11/23/2025 9:17:36 AM:88;1763860656088;;
515;475;0.3176193;0.5202519;0.3068906;0.5174304;556.4;0.261158;False;11/23/2025 9:17:36 AM:108;1763860656108;;
514;475;0.316938;0.5197337;0.2937822;0.4966503;555.3;0.2567406;False;11/23/2025 9:17:36 AM:132;1763860656132;;
514;475;0.3168027;0.5197104;0.3042932;0.5153282;554.4;0.2564101;False;11/23/2025 9:17:36 AM:153;1763860656153;;
514;475;0.3168086;0.5198374;0.3176559;0.5343412;555.2;0.2484927;False;11/23/2025 9:17:36 AM:176;1763860656176;;
512;473;0.3154522;0.5184916;0.2803193;0.4760878;553.4;0.2636467;False;11/23/2025 9:17:36 AM:196;1763860656196;;
509;472;0.3138065;0.5166556;0.2734723;0.4640135;551.8;0.2645782;False;11/23/2025 9:17:36 AM:216;1763860656216;;
509;472;0.3138015;0.5166522;0.305564;0.5134854;551.3;0.2623305;False;11/23/2025 9:17:36 AM:238;1763860656238;;
508;471;0.3131362;0.5157663;0.2855774;0.4782007;552.6;0.2260598;False;11/23/2025 9:17:36 AM:260;1763860656260;;
507;470;0.3125979;0.5150486;0.2856335;0.4782806;553.7;0.2262212;False;11/23/2025 9:17:36 AM:279;1763860656279;;
543;489;0.3346923;0.535162;0.4491794;0.6863594;562.4;0.1348022;True;11/23/2025 9:17:36 AM:303;1763860656303;;
565;505;0.3482956;0.5528826;0.4380876;0.6976841;565.1;0.1332469;True;11/23/2025 9:17:36 AM:326;1763860656326;;
581;517;0.3579729;0.5657552;0.438017;0.6975706;567.4;0.1335942;True;11/23/2025 9:17:36 AM:347;1763860656347;;
596;526;0.3672853;0.5756368;0.4458883;0.6923749;563.4;0.105907;True;11/23/2025 9:17:36 AM:368;1763860656368;;
608;535;0.3749732;0.5857195;0.4441338;0.7011043;559.8;0.1061006;True;11/23/2025 9:17:36 AM:390;1763860656390;;
617;539;0.3803671;0.5901031;0.4409001;0.672441;569.6;0.1572443;True;11/23/2025 9:17:36 AM:413;1763860656413;;
612;536;0.3770189;0.5871623;0.3235306;0.528447;569.6;0.1738317;False;11/23/2025 9:17:36 AM:433;1763860656433;;
605;533;0.3728274;0.5831627;0.3116221;0.5107889;569.7;0.1743241;False;11/23/2025 9:17:36 AM:453;1763860656453;;
605;533;0.3727312;0.5831708;0.3589812;0.5890433;571.6;0.1976638;False;11/23/2025 9:17:36 AM:473;1763860656473;;
604;532;0.3723822;0.5831267;0.3504184;0.5767673;573.3;0.1979068;False;11/23/2025 9:17:36 AM:493;1763860656493;;
594;526;0.3659059;0.5761845;0.290833;0.4797175;575.1;0.2193687;False;11/23/2025 9:17:36 AM:514;1763860656514;;
588;524;0.362553;0.5736765;0.3057035;0.5131457;575.0;0.2338305;False;11/23/2025 9:17:36 AM:536;1763860656536;;
582;521;0.3588647;0.5706053;0.2968516;0.4997186;574.9;0.2341652;False;11/23/2025 9:17:36 AM:556;1763860656556;;
577;518;0.3556598;0.5676464;0.2988516;0.4992875;576.4;0.2315604;False;11/23/2025 9:17:36 AM:579;1763860656579;;
576;518;0.3547114;0.5669551;0.3161297;0.5259206;573.0;0.2490882;False;11/23/2025 9:17:36 AM:600;1763860656600;;
573;517;0.3533782;0.5659073;0.307957;0.5151274;569.8;0.2499015;False;11/23/2025 9:17:36 AM:619;1763860656619;;
568;514;0.3498078;0.5623928;0.2854283;0.4808577;571.9;0.2332718;False;11/23/2025 9:17:36 AM:640;1763860656640;;
565;512;0.3479873;0.5603984;0.2980939;0.4952385;571.4;0.2553385;False;11/23/2025 9:17:36 AM:663;1763860656663;;
562;510;0.3465514;0.5588179;0.2981007;0.4952481;570.9;0.2553558;False;11/23/2025 9:17:36 AM:684;1763860656684;;
560;509;0.3451131;0.5574205;0.2970259;0.4965681;571.9;0.2332173;False;11/23/2025 9:17:36 AM:707;1763860656707;;
560;509;0.3448535;0.5572188;0.3304307;0.544073;570.2;0.2345103;False;11/23/2025 9:17:36 AM:731;1763860656731;;
556;507;0.3425699;0.5549377;0.2863275;0.4820567;570.4;0.2432334;False;11/23/2025 9:17:36 AM:753;1763860656753;;
553;505;0.3407795;0.5531363;0.2864212;0.4821904;570.6;0.2435437;False;11/23/2025 9:17:36 AM:773;1763860656773;;
574;508;0.3537651;0.5558618;0.4357051;0.600846;569.5;0.2391849;False;11/23/2025 9:17:36 AM:796;1763860656796;;
590;510;0.3634542;0.5580693;0.4354695;0.6008686;568.4;0.2391329;False;11/23/2025 9:17:36 AM:819;1763860656819;;
618;518;0.3808929;0.5678165;0.4774632;0.6677245;568.0;0.2474852;False;11/23/2025 9:17:36 AM:842;1763860656842;;
639;526;0.3940138;0.5755788;0.4778279;0.6676707;567.7;0.2477111;False;11/23/2025 9:17:36 AM:865;1763860656865;;
708;540;0.4364363;0.5912941;0.5828609;0.7220752;569.2;0.2393825;False;11/23/2025 9:17:36 AM:890;1763860656890;;
786;540;0.4843541;0.5908688;0.6344513;0.5663806;569.1;0.2667848;False;11/23/2025 9:17:36 AM:915;1763860656915;;
844;540;0.5198732;0.5909592;0.6471532;0.5996612;569.1;0.2772033;False;11/23/2025 9:17:36 AM:938;1763860656938;;
887;540;0.5465255;0.5908666;0.6572307;0.5775526;569.0;0.2779523;False;11/23/2025 9:17:36 AM:960;1763860656960;;
874;543;0.5382681;0.594163;0.43051;0.6541993;569.3;0.2758302;False;11/23/2025 9:17:36 AM:986;1763860656986;;
814;540;0.5014302;0.5914994;0.3262164;0.5355472;567.9;0.2636829;False;11/23/2025 9:17:37 AM:11;1763860657011;;
799;541;0.492538;0.5925892;0.404559;0.6214471;567.6;0.2540501;False;11/23/2025 9:17:37 AM:49;1763860657049;;
790;542;0.4866084;0.5931864;0.3937342;0.6230285;568.0;0.2585216;False;11/23/2025 9:17:37 AM:71;1763860657071;;
774;541;0.4769869;0.5925763;0.3686589;0.5655785;566.3;0.2549408;False;11/23/2025 9:17:37 AM:93;1763860657093;;
761;541;0.46919;0.5920542;0.3689319;0.5656976;564.7;0.2552599;False;11/23/2025 9:17:37 AM:115;1763860657115;;
736;539;0.4533114;0.5901928;0.3254486;0.5391991;566.4;0.2522239;False;11/23/2025 9:17:37 AM:138;1763860657138;;
699;532;0.4304966;0.5827039;0.2858841;0.4805203;567.3;0.2630197;False;11/23/2025 9:17:37 AM:160;1763860657160;;
666;525;0.4101583;0.5745279;0.2772481;0.4667901;568.2;0.2636892;False;11/23/2025 9:17:37 AM:183;1763860657183;;
658;524;0.4054634;0.5743129;0.3307055;0.5469779;568.7;0.2547574;False;11/23/2025 9:17:37 AM:205;1763860657205;;
646;523;0.3981348;0.5725108;0.3081377;0.51287;568.0;0.2567255;False;11/23/2025 9:17:37 AM:227;1763860657227;;
636;521;0.3922271;0.5710016;0.3082762;0.5130683;567.5;0.2572121;False;11/23/2025 9:17:37 AM:248;1763860657248;;
630;521;0.3882082;0.5703417;0.3185667;0.5274601;567.6;0.2577956;False;11/23/2025 9:17:37 AM:273;1763860657273;;
625;520;0.3853135;0.5698548;0.3186735;0.5276124;567.7;0.2580529;False;11/23/2025 9:17:37 AM:295;1763860657295;;
625;522;0.3849609;0.5715343;0.372784;0.6076115;567.4;0.2605639;False;11/23/2025 9:17:37 AM:318;1763860657318;;
625;523;0.3848736;0.5729066;0.3825187;0.6072764;569.2;0.2405628;False;11/23/2025 9:17:37 AM:340;1763860657340;;
624;523;0.3846526;0.5730098;0.3651133;0.5794249;568.7;0.2683183;False;11/23/2025 9:17:37 AM:362;1763860657362;;
624;523;0.3844725;0.573095;0.3652057;0.5795317;568.2;0.2685963;False;11/23/2025 9:17:37 AM:383;1763860657383;;
642;524;0.3955444;0.5742464;0.4699599;0.6078278;567.5;0.2581936;False;11/23/2025 9:17:37 AM:407;1763860657407;;
641;524;0.3947872;0.5743656;0.3571551;0.5845184;568.7;0.2553703;False;11/23/2025 9:17:37 AM:430;1763860657430;;
639;524;0.3935133;0.5743632;0.3475474;0.5711811;569.9;0.2559003;False;11/23/2025 9:17:37 AM:450;1763860657450;;
635;524;0.3913209;0.5741392;0.336591;0.5544837;567.9;0.2522199;False;11/23/2025 9:17:37 AM:473;1763860657473;;
635;525;0.3912258;0.5747457;0.3675624;0.6014228;567.0;0.2660179;False;11/23/2025 9:17:37 AM:494;1763860657494;;
632;525;0.389738;0.5746471;0.3405946;0.5617014;566.2;0.2666756;False;11/23/2025 9:17:37 AM:517;1763860657517;;
675;528;0.4161269;0.5785974;0.5363066;0.6495308;565.5;0.260396;False;11/23/2025 9:17:37 AM:539;1763860657539;;
658;524;0.4052655;0.5735489;0.3008965;0.4928122;565.6;0.2738917;False;11/23/2025 9:17:37 AM:562;1763860657562;;
644;520;0.3968962;0.5695328;0.3010236;0.4929617;565.6;0.2743579;False;11/23/2025 9:17:37 AM:583;1763860657583;;
643;520;0.396065;0.5695208;0.3498884;0.5633529;564.4;0.2661796;False;11/23/2025 9:17:37 AM:605;1763860657605;;
643;520;0.3960459;0.5696529;0.3631735;0.5796388;563.3;0.2645211;False;11/23/2025 9:17:37 AM:626;1763860657626;;
643;520;0.3960256;0.5697604;0.3632981;0.5797839;562.2;0.2649017;False;11/23/2025 9:17:37 AM:646;1763860657646;;
642;521;0.3958598;0.5703294;0.3672942;0.5957538;560.7;0.2769053;False;11/23/2025 9:17:37 AM:670;1763860657670;;
642;521;0.3957262;0.5707809;0.3672928;0.5957547;559.4;0.2768137;False;11/23/2025 9:17:37 AM:691;1763860657691;;
642;521;0.3955713;0.5709741;0.3604773;0.5880905;557.8;0.2741893;False;11/23/2025 9:17:37 AM:713;1763860657713;;
644;519;0.3970054;0.5688469;0.4178119;0.5168805;558.5;0.2696717;False;11/23/2025 9:17:37 AM:736;1763860657736;;
646;518;0.3981105;0.5671914;0.4180246;0.5168104;559.0;0.2698104;False;11/23/2025 9:17:37 AM:756;1763860657756;;
626;511;0.3855212;0.5599213;0.2820393;0.4609457;557.7;0.2662205;False;11/23/2025 9:17:37 AM:779;1763860657779;;
642;515;0.3958772;0.5644565;0.4717189;0.6366677;558.2;0.2638232;False;11/23/2025 9:17:37 AM:801;1763860657801;;
662;518;0.4081393;0.5676596;0.4958906;0.6331663;558.6;0.2643983;False;11/23/2025 9:17:37 AM:821;1763860657821;;
638;511;0.3929665;0.5594583;0.2827713;0.4567308;559.5;0.2519227;False;11/23/2025 9:17:37 AM:845;1763860657845;;
631;510;0.3889046;0.5587742;0.325052;0.524802;558.5;0.2756038;False;11/23/2025 9:17:37 AM:866;1763860657866;;
624;509;0.3846991;0.5576726;0.3174519;0.5130625;557.5;0.2765758;False;11/23/2025 9:17:37 AM:887;1763860657887;;
715;509;0.4404481;0.557672;0.6200329;0.557595;561.0;0.284006;False;11/23/2025 9:17:37 AM:909;1763860657909;;
903;509;0.5563239;0.5576679;0.7872782;0.5570749;559.1;0.2817013;False;11/23/2025 9:17:37 AM:931;1763860657931;;
970;509;0.597605;0.5578754;0.7135899;0.5705794;560.9;0.2747546;False;11/23/2025 9:17:37 AM:955;1763860657955;;
1013;510;0.6242834;0.5582574;0.7139916;0.5782487;562.5;0.2752007;False;11/23/2025 9:17:37 AM:978;1763860657978;;
1126;496;0.6937867;0.5437546;0.8529786;0.4067397;562.5;0.2812926;False;11/23/2025 9:17:38 AM:0;1763860658000;;
1147;498;0.7064155;0.545379;0.7537528;0.5878924;561.8;0.2893592;False;11/23/2025 9:17:38 AM:23;1763860658023;;
1160;499;0.7146525;0.546607;0.7539891;0.5877329;561.2;0.2898611;False;11/23/2025 9:17:38 AM:45;1763860658045;;
1225;491;0.7546539;0.5381159;0.8669859;0.4364246;561.1;0.2739578;False;11/23/2025 9:17:38 AM:69;1763860658069;;
1255;488;0.7731544;0.5346642;0.8468886;0.4619993;561.1;0.2742302;False;11/23/2025 9:17:38 AM:88;1763860658088;;
1271;485;0.7832286;0.5312757;0.8295938;0.4593859;558.3;0.2724393;False;11/23/2025 9:17:38 AM:111;1763860658111;;
1325;471;0.8162922;0.515651;0.925858;0.3658018;558.0;0.2957578;False;11/23/2025 9:17:38 AM:133;1763860658133;;
1378;460;0.8487502;0.5038797;0.9587316;0.3683965;557.6;0.2966006;False;11/23/2025 9:17:38 AM:154;1763860658154;;
1406;452;0.8662854;0.4954461;0.9387454;0.3780183;557.3;0.2841013;False;11/23/2025 9:17:38 AM:175;1763860658175;;
1413;452;0.8702185;0.4954332;0.8947324;0.4710928;558.2;0.284297;False;11/23/2025 9:17:38 AM:196;1763860658196;;
1418;452;0.8734884;0.4954172;0.8949521;0.4709164;559.0;0.2847133;False;11/23/2025 9:17:38 AM:219;1763860658219;;
1418;451;0.8732014;0.4944516;0.8702786;0.4442619;559.6;0.2925979;False;11/23/2025 9:17:38 AM:241;1763860658241;;
1424;449;0.8771674;0.491762;0.9068843;0.4174087;556.9;0.2964281;False;11/23/2025 9:17:38 AM:263;1763860658263;;
1429;447;0.8801726;0.4895819;0.9071214;0.4173658;554.4;0.2969792;False;11/23/2025 9:17:38 AM:285;1763860658285;;
1424;450;0.876908;0.492959;0.7953302;0.5440974;551.8;0.3070708;False;11/23/2025 9:17:38 AM:309;1763860658309;;
1423;451;0.8767848;0.4938908;0.8227949;0.5185564;552.9;0.2861006;False;11/23/2025 9:17:38 AM:332;1763860658332;;
1432;451;0.8820139;0.493692;0.922927;0.4650934;553.3;0.3025693;False;11/23/2025 9:17:38 AM:355;1763860658355;;
1448;451;0.8922133;0.4934435;0.9604824;0.4618743;553.7;0.3030364;False;11/23/2025 9:17:38 AM:376;1763860658376;;
1463;449;0.9012929;0.4916828;0.9648935;0.4305985;552.2;0.3158277;False;11/23/2025 9:17:38 AM:398;1763860658398;;
1464;449;0.9016533;0.4916039;0.9080424;0.4731291;552.4;0.2960557;False;11/23/2025 9:17:38 AM:419;1763860658419;;
1467;449;0.9037113;0.4913224;0.9310389;0.4561797;552.7;0.2968066;False;11/23/2025 9:17:38 AM:440;1763860658440;;
1437;454;0.8852785;0.4975469;0.762787;0.5742902;553.9;0.3033343;False;11/23/2025 9:17:38 AM:464;1763860658464;;
1431;459;0.8814334;0.5032251;0.8155029;0.5810607;553.6;0.2946449;False;11/23/2025 9:17:38 AM:487;1763860658487;;
1434;460;0.8832173;0.5034295;0.9111703;0.5169014;553.4;0.2962736;False;11/23/2025 9:17:38 AM:508;1763860658508;;
1444;455;0.8895525;0.4988632;0.9464468;0.4186234;553.5;0.2962926;False;11/23/2025 9:17:38 AM:530;1763860658530;;
1451;452;0.8940884;0.4954568;0.9463954;0.4186412;553.6;0.2961632;False;11/23/2025 9:17:38 AM:552;1763860658552;;
1448;454;0.891948;0.4968362;0.8443506;0.5329747;555.2;0.2911598;False;11/23/2025 9:17:38 AM:573;1763860658573;;
1450;451;0.8931063;0.4938123;0.9165297;0.4230616;551.8;0.3059519;False;11/23/2025 9:17:38 AM:595;1763860658595;;
1459;447;0.8984767;0.4895463;0.9564486;0.4048141;548.9;0.3073382;False;11/23/2025 9:17:38 AM:617;1763860658617;;
1459;449;0.8984524;0.4918393;0.8883031;0.5382707;551.5;0.298988;False;11/23/2025 9:17:38 AM:639;1763860658639;;
1459;448;0.8985815;0.4907523;0.9052579;0.4442877;551.6;0.2979989;False;11/23/2025 9:17:38 AM:661;1763860658661;;
1462;448;0.9003348;0.4906053;0.9338284;0.4652357;551.6;0.2990855;False;11/23/2025 9:17:38 AM:683;1763860658683;;
1420;451;0.8747683;0.4937975;0.7418189;0.5514857;553.7;0.3021668;False;11/23/2025 9:17:38 AM:705;1763860658705;;
1431;442;0.8812267;0.4842138;0.9495987;0.3695147;552.0;0.3011106;False;11/23/2025 9:17:38 AM:729;1763860658729;;
1439;435;0.886328;0.4765882;0.9496434;0.3695168;550.5;0.3012293;False;11/23/2025 9:17:38 AM:752;1763860658752;;
1402;445;0.863632;0.4875094;0.7484306;0.5925542;551.1;0.283797;False;11/23/2025 9:17:38 AM:776;1763860658776;;
1400;451;0.8621014;0.4938954;0.8334895;0.5789312;552.3;0.2814921;False;11/23/2025 9:17:38 AM:799;1763860658799;;
1308;458;0.8059813;0.5012214;0.6350015;0.5905979;555.0;0.3012468;False;11/23/2025 9:17:38 AM:823;1763860658823;;
1260;466;0.7758996;0.5101952;0.6536961;0.6147696;557.4;0.3006946;False;11/23/2025 9:17:38 AM:848;1763860658848;;
1266;474;0.7801277;0.5191131;0.8572845;0.6286774;555.7;0.2695447;False;11/23/2025 9:17:38 AM:870;1763860658870;;
1294;478;0.7971649;0.5238393;0.9239134;0.6073346;554.3;0.2775254;False;11/23/2025 9:17:38 AM:893;1763860658893;;
1299;482;0.8003153;0.5277889;0.8689313;0.608008;552.3;0.2786658;False;11/23/2025 9:17:38 AM:916;1763860658916;;
1303;485;0.8028091;0.5308309;0.8693166;0.607743;550.5;0.2794792;False;11/23/2025 9:17:38 AM:936;1763860658936;;
1307;487;0.8051105;0.5336162;0.8694003;0.6076858;548.9;0.2796561;False;11/23/2025 9:17:38 AM:958;1763860658958;;
1312;487;0.8081146;0.5329574;0.8781407;0.5136992;547.8;0.2862249;False;11/23/2025 9:17:38 AM:980;1763860658980;;
1331;474;0.8198633;0.5191748;0.9331933;0.3948438;549.3;0.2795691;False;11/23/2025 9:17:39 AM:3;1763860659003;;
1331;479;0.8201066;0.5241072;0.8260785;0.6143063;549.0;0.2794506;False;11/23/2025 9:17:39 AM:25;1763860659025;;
1332;481;0.8202751;0.5269923;0.8251019;0.603086;548.7;0.2797787;False;11/23/2025 9:17:39 AM:46;1763860659046;;
1298;483;0.7997051;0.5291903;0.6938083;0.5980263;550.2;0.261803;False;11/23/2025 9:17:39 AM:67;1763860659067;;
1048;485;0.6457577;0.530697;0.3733012;0.5926182;553.6;0.2123401;False;11/23/2025 9:17:39 AM:90;1763860659090;;
867;485;0.5341353;0.5308725;0.3368075;0.5455288;556.6;0.2128237;False;11/23/2025 9:17:39 AM:112;1763860659112;;
810;489;0.4989498;0.5351527;0.4120287;0.6246526;563.1;0.1746948;False;11/23/2025 9:17:39 AM:136;1763860659136;;
803;491;0.4946997;0.5374784;0.4781774;0.6119351;561.8;0.1515139;True;11/23/2025 9:17:39 AM:158;1763860659158;;
798;493;0.4915388;0.5394976;0.4771177;0.6132531;560.6;0.1516351;True;11/23/2025 9:17:39 AM:180;1763860659180;;
790;496;0.4866995;0.5434059;0.4645527;0.6364608;560.9;0.1841879;False;11/23/2025 9:17:39 AM:202;1763860659202;;
712;495;0.4390017;0.5419785;0.3094808;0.5131097;566.3;0.2100023;False;11/23/2025 9:17:39 AM:224;1763860659224;;
646;491;0.398298;0.537711;0.2831671;0.4755168;571.2;0.2108713;False;11/23/2025 9:17:39 AM:245;1763860659245;;
606;489;0.3735112;0.5350791;0.3000951;0.4901953;574.2;0.2068001;False;11/23/2025 9:17:39 AM:270;1763860659270;;
550;478;0.3391066;0.5238282;0.2396645;0.4134347;575.2;0.2251593;False;11/23/2025 9:17:39 AM:293;1763860659293;;
517;471;0.3188;0.5162346;0.2484878;0.4230713;576.6;0.2419139;False;11/23/2025 9:17:39 AM:315;1763860659315;;
484;461;0.2983487;0.5044291;0.2221811;0.3806262;577.9;0.242376;False;11/23/2025 9:17:39 AM:336;1763860659336;;
460;451;0.2832977;0.4944725;0.2222541;0.3807286;579.0;0.2426253;False;11/23/2025 9:17:39 AM:358;1763860659358;;
456;451;0.2813797;0.4935249;0.2700045;0.4567403;576.6;0.2269938;False;11/23/2025 9:17:39 AM:381;1763860659381;;
454;449;0.2798585;0.4922102;0.2695237;0.4473984;577.3;0.2471586;False;11/23/2025 9:17:39 AM:406;1763860659406;;
445;446;0.2742716;0.4881001;0.2400078;0.4095714;578.6;0.2218543;False;11/23/2025 9:17:39 AM:428;1763860659428;;
438;443;0.2702851;0.4849147;0.2401846;0.4098227;579.7;0.2222153;False;11/23/2025 9:17:39 AM:450;1763860659450;;
435;441;0.2681252;0.4830538;0.2488872;0.4222966;581.8;0.2486101;False;11/23/2025 9:17:39 AM:472;1763860659472;;
417;431;0.2572644;0.4725524;0.1920151;0.3432353;581.7;0.2471086;False;11/23/2025 9:17:39 AM:494;1763860659494;;
401;422;0.2473668;0.4617235;0.1812402;0.3246934;581.7;0.2475649;False;11/23/2025 9:17:39 AM:515;1763860659515;;
397;419;0.2446876;0.4584868;0.2175571;0.376567;581.6;0.236392;False;11/23/2025 9:17:39 AM:537;1763860659537;;
398;418;0.2452216;0.4583761;0.265907;0.4528282;580.7;0.2334064;False;11/23/2025 9:17:39 AM:560;1763860659560;;
398;418;0.2456553;0.458288;0.2660292;0.4530041;579.9;0.2336439;False;11/23/2025 9:17:39 AM:581;1763860659581;;
399;418;0.2460567;0.458174;0.2649175;0.4494033;581.2;0.2424422;False;11/23/2025 9:17:39 AM:603;1763860659603;;
392;413;0.2418036;0.4524564;0.1992436;0.3523807;581.0;0.2455162;False;11/23/2025 9:17:39 AM:625;1763860659625;;
387;409;0.2385628;0.4479481;0.1993834;0.3525683;580.8;0.2460229;False;11/23/2025 9:17:39 AM:647;1763860659647;;
374;398;0.2306809;0.436436;0.1670003;0.300624;581.8;0.2372739;False;11/23/2025 9:17:39 AM:670;1763860659670;;
374;398;0.2307888;0.4362707;0.2392879;0.409564;581.7;0.228262;False;11/23/2025 9:17:39 AM:691;1763860659691;;
366;392;0.2259615;0.4289321;0.1755778;0.3151371;584.3;0.2358986;False;11/23/2025 9:17:39 AM:716;1763860659716;;
361;386;0.2223363;0.4232876;0.1755744;0.3151317;586.6;0.2358245;False;11/23/2025 9:17:39 AM:737;1763860659737;;
358;385;0.22103;0.4212619;0.1934166;0.3443368;584.5;0.237889;False;11/23/2025 9:17:39 AM:759;1763860659759;;
356;382;0.2196452;0.4190101;0.1887489;0.3363028;582.7;0.2383318;False;11/23/2025 9:17:39 AM:780;1763860659780;;
355;381;0.2189057;0.4176611;0.1959692;0.3454261;583.3;0.2395023;False;11/23/2025 9:17:39 AM:802;1763860659802;;
354;380;0.2182867;0.4165148;0.1962352;0.345786;583.9;0.2400896;False;11/23/2025 9:17:39 AM:823;1763860659823;;
352;379;0.2172028;0.4147611;0.1877248;0.335732;584.6;0.2487301;False;11/23/2025 9:17:39 AM:847;1763860659847;;
352;378;0.2169398;0.414542;0.2000139;0.3571023;582.6;0.2398498;False;11/23/2025 9:17:39 AM:868;1763860659868;;
352;378;0.2173272;0.4141939;0.2321199;0.4018667;579.8;0.2285139;False;11/23/2025 9:17:39 AM:890;1763860659890;;
353;378;0.2176541;0.4139023;0.2321489;0.4019085;577.2;0.2285688;False;11/23/2025 9:17:39 AM:911;1763860659911;;
346;370;0.2131491;0.4055421;0.156827;0.2820282;580.3;0.2377013;False;11/23/2025 9:17:39 AM:936;1763860659936;;
344;368;0.2123072;0.4037063;0.1840895;0.3255549;580.9;0.2420529;False;11/23/2025 9:17:39 AM:958;1763860659958;;
341;365;0.2101754;0.3997893;0.1653733;0.2979082;581.5;0.243277;False;11/23/2025 9:17:39 AM:978;1763860659978;;
340;364;0.2097785;0.3988162;0.186838;0.32883;581.9;0.2379526;False;11/23/2025 9:17:40 AM:1;1763860660001;;
339;363;0.2093132;0.3979341;0.1840926;0.3280884;581.2;0.242956;False;11/23/2025 9:17:40 AM:23;1763860660023;;
339;362;0.2088963;0.3971392;0.1840808;0.3280668;580.6;0.2432277;False;11/23/2025 9:17:40 AM:46;1763860660046;;
340;362;0.2094453;0.3969377;0.223926;0.3915299;583.0;0.2351379;False;11/23/2025 9:17:40 AM:70;1763860660070;;
340;362;0.2094145;0.3966058;0.2028603;0.3616888;583.3;0.2383624;False;11/23/2025 9:17:40 AM:91;1763860660091;;
340;362;0.2093841;0.3963108;0.2037279;0.3615595;583.6;0.2457754;False;11/23/2025 9:17:40 AM:115;1763860660115;;
339;362;0.2093591;0.3960685;0.20377;0.3616172;583.9;0.2458772;False;11/23/2025 9:17:40 AM:136;1763860660136;;
339;361;0.2091549;0.3956756;0.1913209;0.3421683;583.8;0.2395985;False;11/23/2025 9:17:40 AM:157;1763860660157;;
333;355;0.2056001;0.3884226;0.1492202;0.2668864;586.0;0.249312;False;11/23/2025 9:17:40 AM:179;1763860660179;;
329;349;0.202811;0.3827166;0.1492197;0.2668855;588.0;0.2493305;False;11/23/2025 9:17:40 AM:200;1763860660200;;
325;345;0.2003562;0.377682;0.1492137;0.2668741;589.8;0.2495922;False;11/23/2025 9:17:40 AM:222;1763860660222;;
325;344;0.2003181;0.3771396;0.1985124;0.3532642;589.4;0.2468282;False;11/23/2025 9:17:40 AM:247;1763860660247;;
325;344;0.200506;0.3767914;0.2068345;0.3644906;589.5;0.2408046;False;11/23/2025 9:17:40 AM:271;1763860660271;;
325;344;0.2004898;0.3767022;0.1875873;0.3364238;587.8;0.2412789;False;11/23/2025 9:17:40 AM:294;1763860660294;;
325;344;0.2004425;0.3766663;0.1858091;0.3327907;586.3;0.2425398;False;11/23/2025 9:17:40 AM:315;1763860660315;;
320;338;0.1971459;0.3704833;0.1400965;0.2548218;585.3;0.2414898;False;11/23/2025 9:17:40 AM:337;1763860660337;;
320;338;0.1971363;0.3701215;0.196586;0.3487053;582.1;0.2370622;False;11/23/2025 9:17:40 AM:359;1763860660359;;
320;338;0.1971286;0.3698153;0.1966137;0.3487424;579.2;0.2371719;False;11/23/2025 9:17:40 AM:379;1763860660379;;
333;346;0.2052642;0.3785575;0.275116;0.466131;581.4;0.2042708;False;11/23/2025 9:17:40 AM:403;1763860660403;;
473;412;0.2918388;0.4518272;0.4996975;0.7114919;582.6;0.2107775;False;11/23/2025 9:17:40 AM:428;1763860660428;;
555;454;0.3418559;0.49776;0.4996033;0.711504;583.7;0.210625;False;11/23/2025 9:17:40 AM:449;1763860660449;;
626;493;0.3858013;0.5395352;0.5206699;0.7318683;583.4;0.2195697;False;11/23/2025 9:17:40 AM:472;1763860660472;;
735;498;0.4526398;0.5456205;0.6176614;0.607668;582.9;0.233128;False;11/23/2025 9:17:40 AM:494;1763860660494;;
772;512;0.4756763;0.5602179;0.5599548;0.6730403;581.3;0.2149724;False;11/23/2025 9:17:40 AM:517;1763860660517;;
773;522;0.4762099;0.5721607;0.4801017;0.6772401;579.9;0.2156232;False;11/23/2025 9:17:40 AM:539;1763860660539;;
820;528;0.5050181;0.578663;0.6030384;0.6511945;578.8;0.2173839;False;11/23/2025 9:17:40 AM:561;1763860660561;;
829;530;0.5108162;0.580263;0.5441911;0.6131985;575.8;0.2157599;False;11/23/2025 9:17:40 AM:585;1763860660585;;
833;530;0.513225;0.5801914;0.5320292;0.5750594;573.2;0.2164838;False;11/23/2025 9:17:40 AM:607;1763860660607;;
874;531;0.5384083;0.5810325;0.6360401;0.6048954;574.2;0.2184382;False;11/23/2025 9:17:40 AM:629;1763860660629;;
904;531;0.5570897;0.5813361;0.642708;0.5951366;575.1;0.2187212;False;11/23/2025 9:17:40 AM:652;1763860660652;;
902;535;0.5555957;0.5853915;0.5090256;0.6494218;576.9;0.2324486;False;11/23/2025 9:17:40 AM:676;1763860660676;;
905;537;0.5577279;0.587857;0.5770477;0.6423486;576.0;0.2443313;False;11/23/2025 9:17:40 AM:699;1763860660699;;
905;538;0.5576316;0.589405;0.5562338;0.6352457;575.2;0.2452752;False;11/23/2025 9:17:40 AM:720;1763860660720;;
925;541;0.569806;0.5923586;0.6383029;0.6544673;575.4;0.2349008;False;11/23/2025 9:17:40 AM:744;1763860660744;;
941;541;0.5795361;0.5923628;0.6434969;0.5931709;577.7;0.2413525;False;11/23/2025 9:17:40 AM:767;1763860660767;;
941;551;0.5796024;0.6031981;0.580821;0.7235361;579.1;0.2387239;False;11/23/2025 9:17:40 AM:790;1763860660790;;
936;561;0.5766658;0.6141309;0.5082532;0.7416557;580.4;0.239315;False;11/23/2025 9:17:40 AM:811;1763860660811;;
967;561;0.5958745;0.6138554;0.6946806;0.6005862;581.5;0.2437943;False;11/23/2025 9:17:40 AM:833;1763860660833;;
977;560;0.6017348;0.6132229;0.6518751;0.5891616;582.3;0.2106678;False;11/23/2025 9:17:40 AM:855;1763860660855;;
985;559;0.6070576;0.6121057;0.6575323;0.5761226;583.1;0.2109551;False;11/23/2025 9:17:40 AM:877;1763860660877;;
995;557;0.613196;0.6097015;0.6688154;0.5544961;582.5;0.2324051;False;11/23/2025 9:17:40 AM:899;1763860660899;;
997;557;0.6141359;0.610032;0.6323263;0.6309087;582.6;0.2373967;False;11/23/2025 9:17:40 AM:921;1763860660921;;
998;557;0.6148969;0.6102939;0.6326771;0.6306802;582.6;0.2379881;False;11/23/2025 9:17:40 AM:942;1763860660942;;
1026;557;0.6318427;0.6097786;0.7321395;0.5850319;585.3;0.2338635;False;11/23/2025 9:17:40 AM:965;1763860660965;;
1029;557;0.6339579;0.6096303;0.6673919;0.595458;582.8;0.2370812;False;11/23/2025 9:17:40 AM:987;1763860660987;;
1029;556;0.6338238;0.6091834;0.6169449;0.5834236;583.9;0.2361626;False;11/23/2025 9:17:41 AM:9;1763860661009;;
1029;556;0.6337883;0.6088359;0.6296113;0.5842194;584.9;0.2365114;False;11/23/2025 9:17:41 AM:30;1763860661030;;
1029;556;0.6337566;0.6085244;0.6296812;0.5841838;585.8;0.2366201;False;11/23/2025 9:17:41 AM:51;1763860661051;;
1020;566;0.6285721;0.6192744;0.5640139;0.7298732;584.9;0.2341298;False;11/23/2025 9:17:41 AM:74;1763860661074;;
1026;565;0.632082;0.6183598;0.6773024;0.5822558;582.5;0.2299786;False;11/23/2025 9:17:41 AM:97;1763860661097;;
1030;563;0.634514;0.6166762;0.674274;0.5652562;580.3;0.2307173;False;11/23/2025 9:17:41 AM:119;1763860661119;;
1030;565;0.634638;0.6185026;0.6422246;0.6630769;582.1;0.2391112;False;11/23/2025 9:17:41 AM:142;1763860661142;;
1032;564;0.6356286;0.6174477;0.6612721;0.577943;580.7;0.238716;False;11/23/2025 9:17:41 AM:165;1763860661165;;
1042;567;0.641997;0.6206826;0.7081653;0.6815208;578.4;0.2447567;False;11/23/2025 9:17:41 AM:189;1763860661189;;
1050;569;0.6466691;0.6231164;0.7083011;0.6814284;576.3;0.2449958;False;11/23/2025 9:17:41 AM:210;1763860661210;;
1048;574;0.6455185;0.6284586;0.6194022;0.711305;574.1;0.2147468;False;11/23/2025 9:17:41 AM:234;1763860661234;;
1067;573;0.6576048;0.6277322;0.7507932;0.6003386;572.9;0.2307392;False;11/23/2025 9:17:41 AM:257;1763860661257;;
1084;572;0.6678411;0.6261604;0.7543134;0.5824668;571.8;0.2320458;False;11/23/2025 9:17:41 AM:279;1763860661279;;
1084;572;0.6675233;0.6266678;0.6539134;0.6531282;572.4;0.2318659;False;11/23/2025 9:17:41 AM:302;1763860661302;;
1096;569;0.6751337;0.6227534;0.7497965;0.5524623;568.3;0.2387406;False;11/23/2025 9:17:41 AM:324;1763860661324;;
1058;569;0.651937;0.6227619;0.5276382;0.6252264;568.3;0.1853113;False;11/23/2025 9:17:41 AM:347;1763860661347;;
1032;569;0.6360689;0.6230778;0.5318369;0.6438403;568.3;0.1859315;False;11/23/2025 9:17:41 AM:367;1763860661367;;
973;574;0.5994706;0.6284975;0.4530386;0.7123698;569.6;0.1516777;True;11/23/2025 9:17:41 AM:390;1763860661390;;
930;578;0.5731742;0.6327987;0.4505557;0.7119355;575.7;0.1676456;True;11/23/2025 9:17:41 AM:413;1763860661413;;
899;581;0.5540243;0.6363521;0.4509119;0.7117993;581.3;0.1683163;True;11/23/2025 9:17:41 AM:433;1763860661433;;
886;581;0.545731;0.6363624;0.4799284;0.6373416;580.2;0.1536715;True;11/23/2025 9:17:41 AM:456;1763860661456;;
876;581;0.5398598;0.6362244;0.4832177;0.6274113;579.3;0.1543701;True;11/23/2025 9:17:41 AM:477;1763860661477;;
866;581;0.5334423;0.6362409;0.4782948;0.6383491;580.4;0.1801378;False;11/23/2025 9:17:41 AM:502;1763860661502;;
921;578;0.5674819;0.6327839;0.7208944;0.5704387;579.4;0.1971844;False;11/23/2025 9:17:41 AM:525;1763860661525;;
954;576;0.5879379;0.6308328;0.7067581;0.581554;578.5;0.198323;False;11/23/2025 9:17:41 AM:548;1763860661548;;
960;574;0.5913315;0.6287675;0.6409422;0.5759684;578.9;0.2069695;False;11/23/2025 9:17:41 AM:571;1763860661571;;
976;573;0.6013306;0.627485;0.6874592;0.5826676;580.9;0.2117255;False;11/23/2025 9:17:41 AM:593;1763860661593;;
995;572;0.6129079;0.6258791;0.7074957;0.5733321;582.7;0.2123755;False;11/23/2025 9:17:41 AM:614;1763860661614;;
1006;569;0.6197577;0.6231335;0.6929444;0.5552976;580.2;0.2240683;False;11/23/2025 9:17:41 AM:636;1763860661636;;
1016;569;0.6256219;0.6235369;0.6954035;0.6404835;579.9;0.228331;False;11/23/2025 9:17:41 AM:657;1763860661657;;
1019;570;0.6280068;0.6236782;0.6774654;0.6332248;579.6;0.2292904;False;11/23/2025 9:17:41 AM:677;1763860661677;;
1034;568;0.636801;0.6224892;0.7186077;0.5780154;577.9;0.2218949;False;11/23/2025 9:17:41 AM:702;1763860661702;;
1050;568;0.6470099;0.6220124;0.7384781;0.5883697;581.1;0.2286672;False;11/23/2025 9:17:41 AM:725;1763860661725;;
1048;568;0.645561;0.6219932;0.6188806;0.607281;582.7;0.2250416;False;11/23/2025 9:17:41 AM:747;1763860661747;;
1046;568;0.6444167;0.6219121;0.6183345;0.6003424;584.1;0.2253396;False;11/23/2025 9:17:41 AM:768;1763860661768;;
1054;567;0.6490602;0.6207997;0.7117039;0.5722968;582.9;0.2021555;False;11/23/2025 9:17:41 AM:790;1763860661790;;
1050;566;0.6466933;0.6199602;0.6094078;0.5753856;583.4;0.1947119;False;11/23/2025 9:17:41 AM:813;1763860661813;;
1047;566;0.6449128;0.6192997;0.609533;0.575327;583.9;0.194786;False;11/23/2025 9:17:41 AM:834;1763860661834;;
1010;565;0.622471;0.6191751;0.5023696;0.5897709;582.7;0.1708098;True;11/23/2025 9:17:41 AM:856;1763860661856;;
981;565;0.6043162;0.6191244;0.4969236;0.5922753;583.1;0.1823401;False;11/23/2025 9:17:41 AM:879;1763860661879;;
954;565;0.5875637;0.6192034;0.4813642;0.6232346;583.5;0.1832103;False;11/23/2025 9:17:41 AM:900;1763860661900;;
932;565;0.5741377;0.6191341;0.4856025;0.6133782;583.4;0.1823949;False;11/23/2025 9:17:41 AM:925;1763860661925;;
916;565;0.5642419;0.619077;0.4856044;0.6133816;583.2;0.1823672;False;11/23/2025 9:17:41 AM:947;1763860661947;;
907;565;0.558646;0.6189064;0.4987955;0.5928732;581.8;0.1869749;False;11/23/2025 9:17:41 AM:971;1763860661971;;
893;566;0.5504646;0.6196126;0.475935;0.6426164;582.2;0.1927961;False;11/23/2025 9:17:41 AM:994;1763860661994;;
884;566;0.5448023;0.6203424;0.4788972;0.6466357;582.6;0.1929958;False;11/23/2025 9:17:42 AM:15;1763860662015;;
879;566;0.5418256;0.6203385;0.4952818;0.6109324;583.9;0.1900367;False;11/23/2025 9:17:42 AM:40;1763860662040;;
878;566;0.540664;0.6197428;0.5086076;0.5867842;583.5;0.1709466;True;11/23/2025 9:17:42 AM:63;1763860662063;;
868;566;0.5350104;0.6194626;0.468502;0.5934045;580.7;0.1723945;False;11/23/2025 9:17:42 AM:88;1763860662088;;
862;565;0.5313352;0.6192307;0.4720424;0.5928224;578.2;0.172714;False;11/23/2025 9:17:42 AM:109;1763860662109;;
861;565;0.5305219;0.6190597;0.4980411;0.5945636;577.0;0.1863128;False;11/23/2025 9:17:42 AM:132;1763860662132;;
861;565;0.5304054;0.6186838;0.5106213;0.586406;578.2;0.1660925;True;11/23/2025 9:17:42 AM:154;1763860662154;;
861;565;0.5302756;0.6182767;0.5105566;0.5864178;579.3;0.1664824;True;11/23/2025 9:17:42 AM:182;1763860662182;;
858;564;0.5288688;0.6181026;0.4874102;0.5902206;579.8;0.1691396;True;11/23/2025 9:17:42 AM:205;1763860662205;;
858;564;0.5288661;0.6178365;0.5107799;0.5864079;576.9;0.1699866;True;11/23/2025 9:17:42 AM:228;1763860662228;;
856;564;0.5276237;0.6177145;0.4870077;0.5902969;576.1;0.1669047;True;11/23/2025 9:17:42 AM:250;1763860662250;;
852;564;0.5248313;0.6176711;0.4693373;0.5932944;575.5;0.1675478;True;11/23/2025 9:17:42 AM:274;1763860662274;;
849;564;0.5232962;0.6176015;0.477748;0.5918397;580.2;0.1711205;True;11/23/2025 9:17:42 AM:298;1763860662298;;
832;564;0.5124708;0.6175751;0.415686;0.5962471;579.2;0.1677225;True;11/23/2025 9:17:42 AM:321;1763860662321;;
832;564;0.5123942;0.6174901;0.4862669;0.5904351;578.3;0.167986;True;11/23/2025 9:17:42 AM:342;1763860662342;;
802;564;0.4944136;0.6171453;0.3695764;0.5807545;584.2;0.1677036;True;11/23/2025 9:17:42 AM:364;1763860662364;;
796;564;0.4904526;0.6170856;0.4259824;0.5967292;582.9;0.1725551;False;11/23/2025 9:17:42 AM:387;1763860662387;;
791;563;0.4871456;0.6170328;0.4260552;0.5967326;581.8;0.1725966;False;11/23/2025 9:17:42 AM:409;1763860662409;;
789;563;0.4862095;0.616976;0.4464341;0.5971422;580.8;0.1858594;False;11/23/2025 9:17:42 AM:435;1763860662435;;
789;563;0.4862032;0.6169646;0.460768;0.594748;584.8;0.17883;False;11/23/2025 9:17:42 AM:457;1763860662457;;
789;563;0.4863669;0.6168783;0.4908151;0.5898184;588.5;0.1802739;False;11/23/2025 9:17:42 AM:478;1763860662478;;
788;563;0.4857817;0.6168362;0.4517914;0.5961942;586.3;0.1721217;False;11/23/2025 9:17:42 AM:503;1763860662503;;
790;563;0.4867754;0.6166884;0.5044706;0.5875386;587.4;0.1779665;False;11/23/2025 9:17:42 AM:527;1763860662527;;
786;563;0.4842407;0.6166346;0.4303239;0.5969298;589.6;0.2003624;False;11/23/2025 9:17:42 AM:549;1763860662549;;
780;563;0.4806001;0.6165897;0.419216;0.5964336;591.6;0.2008941;False;11/23/2025 9:17:42 AM:573;1763860662573;;
772;563;0.4753973;0.6165653;0.4014752;0.5954696;587.5;0.1808862;False;11/23/2025 9:17:42 AM:595;1763860662595;;
762;563;0.4695582;0.6165528;0.3910406;0.5936229;587.3;0.1781801;False;11/23/2025 9:17:42 AM:617;1763860662617;;
758;563;0.4670092;0.6165246;0.4079151;0.5959504;587.2;0.1788719;False;11/23/2025 9:17:42 AM:638;1763860662638;;
763;563;0.4699695;0.6163773;0.5056193;0.5873376;588.5;0.1827302;False;11/23/2025 9:17:42 AM:661;1763860662661;;
768;563;0.4732042;0.616214;0.5127503;0.5860107;586.7;0.1762154;False;11/23/2025 9:17:42 AM:683;1763860662683;;
768;563;0.4733865;0.6161929;0.4791359;0.591631;583.7;0.1841501;False;11/23/2025 9:17:42 AM:707;1763860662707;;
768;563;0.473521;0.6161765;0.4790595;0.5916438;580.9;0.1841073;False;11/23/2025 9:17:42 AM:727;1763860662727;;
772;563;0.4758604;0.6160415;0.5126395;0.5860397;578.4;0.1845808;False;11/23/2025 9:17:42 AM:749;1763860662749;;
758;563;0.4668225;0.6159863;0.3829329;0.5889576;576.7;0.1938311;False;11/23/2025 9:17:42 AM:772;1763860662772;;
758;563;0.4667958;0.6165971;0.4592273;0.635525;576.0;0.1827076;False;11/23/2025 9:17:42 AM:796;1763860662796;;
736;562;0.4536659;0.6152378;0.3530627;0.561351;577.5;0.1879531;False;11/23/2025 9:17:42 AM:818;1763860662818;;
726;562;0.4473351;0.6150334;0.3727511;0.5831048;578.7;0.1885518;False;11/23/2025 9:17:42 AM:839;1763860662839;;
702;558;0.4324216;0.6113108;0.3242779;0.5276061;576.4;0.1957114;False;11/23/2025 9:17:42 AM:860;1763860662860;;
702;558;0.4325019;0.6113957;0.4366799;0.6149924;579.8;0.2103914;False;11/23/2025 9:17:42 AM:885;1763860662885;;
702;558;0.4325587;0.6114596;0.436487;0.6149961;582.9;0.2102869;False;11/23/2025 9:17:42 AM:905;1763860662905;;
694;558;0.427721;0.6112095;0.3659961;0.580174;582.9;0.2021305;False;11/23/2025 9:17:42 AM:929;1763860662929;;
676;555;0.4167819;0.6074706;0.3239265;0.5251874;584.0;0.1960196;False;11/23/2025 9:17:42 AM:950;1763860662950;;
665;553;0.4099659;0.6053661;0.3324512;0.5362418;585.1;0.1964592;False;11/23/2025 9:17:42 AM:971;1763860662971;;
666;555;0.4104601;0.6076195;0.4246175;0.6496255;585.3;0.2124751;False;11/23/2025 9:17:42 AM:995;1763860662995;;
666;556;0.4102651;0.6087557;0.3925753;0.6388217;584.5;0.2095429;False;11/23/2025 9:17:43 AM:17;1763860663017;;
663;556;0.4087277;0.608722;0.3691003;0.6050253;583.9;0.2101274;False;11/23/2025 9:17:43 AM:39;1763860663039;;
668;557;0.411354;0.6095763;0.4495853;0.636825;585.1;0.209523;False;11/23/2025 9:17:43 AM:62;1763860663062;;
683;557;0.4210347;0.6097811;0.5010883;0.6224022;584.1;0.1971944;False;11/23/2025 9:17:43 AM:84;1763860663084;;
745;555;0.4589985;0.6075695;0.5241787;0.5776732;584.3;0.1655799;True;11/23/2025 9:17:43 AM:257;1763860663257;;
745;555;0.4590198;0.6075132;0.4706174;0.5954244;584.5;0.162934;True;11/23/2025 9:17:43 AM:281;1763860663281;;
745;555;0.4589269;0.6077809;0.4542972;0.6211142;580.9;0.1367244;True;11/23/2025 9:17:43 AM:301;1763860663301;;
746;555;0.4594905;0.6076887;0.4869712;0.5870712;586.0;0.1561905;True;11/23/2025 9:17:43 AM:321;1763860663321;;
746;555;0.4599579;0.6076108;0.4869292;0.5870846;590.6;0.1560284;True;11/23/2025 9:17:43 AM:342;1763860663342;;
750;566;0.461899;0.6194971;0.5000416;0.7118911;593.0;0.2135451;False;11/23/2025 9:17:43 AM:379;1763860663379;;
750;569;0.4618685;0.6227285;0.4603044;0.6920167;595.1;0.211206;False;11/23/2025 9:17:43 AM:397;1763860663397;;
750;576;0.4618856;0.6305732;0.4756258;0.7334911;592.5;0.1770106;False;11/23/2025 9:17:43 AM:419;1763860663419;;
750;581;0.4618992;0.6365189;0.4756426;0.733502;590.2;0.1768113;False;11/23/2025 9:17:43 AM:438;1763860663438;;
750;578;0.4620532;0.632548;0.4790314;0.5921777;588.1;0.1031257;True;11/23/2025 9:17:43 AM:510;1763860663510;;
761;577;0.469184;0.6321106;0.5531574;0.6044865;586.2;0.1022531;True;11/23/2025 9:17:43 AM:531;1763860663531;;
762;577;0.4692361;0.6314868;0.4877605;0.5985143;586.0;0.1421667;True;11/23/2025 9:17:43 AM:551;1763860663551;;
758;577;0.4668787;0.6316352;0.4307932;0.6429505;580.5;0.1358593;True;11/23/2025 9:17:43 AM:572;1763860663572;;
755;577;0.4651256;0.631751;0.4308985;0.642962;575.6;0.1360032;True;11/23/2025 9:17:43 AM:591;1763860663591;;
752;577;0.4631553;0.6318232;0.4263442;0.6405491;571.2;0.1362268;True;11/23/2025 9:17:43 AM:610;1763860663610;;
865;572;0.5331423;0.6264458;0.6159234;0.5871106;567.2;0.2673595;False;11/23/2025 9:17:43 AM:815;1763860663815;;
867;572;0.5344536;0.6259944;0.5780205;0.5874202;563.5;0.2664145;False;11/23/2025 9:17:43 AM:836;1763860663836;;
859;572;0.5293003;0.6259466;0.4761466;0.6223592;556.9;0.2649849;False;11/23/2025 9:17:43 AM:858;1763860663858;;
799;576;0.4923025;0.6303493;0.43362;0.6571214;548.4;0.3253712;False;11/23/2025 9:17:44 AM:54;1763860664054;;
794;576;0.4894126;0.6310173;0.4383404;0.6633413;540.7;0.3208606;False;11/23/2025 9:17:44 AM:77;1763860664077;;
1124;518;0.6926259;0.5668101;0.7685608;0.4858771;535.6;0.2980629;False;11/23/2025 9:17:45 AM:508;1763860665508;;
1144;516;0.7046075;0.5646124;0.826456;0.4661458;531.0;0.2955298;False;11/23/2025 9:17:45 AM:527;1763860665527;;
1313;478;0.8090481;0.5235422;0.9061846;0.4064864;529.1;0.2925039;False;11/23/2025 9:17:45 AM:849;1763860665849;;
1337;477;0.823644;0.5229648;0.9542035;0.4270816;527.3;0.288908;False;11/23/2025 9:17:45 AM:870;1763860665870;;
1470;465;0.9057503;0.5097064;0.9910581;0.4062587;519.5;0.3025897;False;11/23/2025 9:17:46 AM:340;1763860666340;;
1475;465;0.9086624;0.5095821;0.9915587;0.4156028;512.5;0.2984609;False;11/23/2025 9:17:46 AM:359;1763860666359;;
1481;463;0.912485;0.5073065;0.9859107;0.4409225;509.2;0.3216619;False;11/23/2025 9:17:46 AM:403;1763860666403;;
1469;462;0.9047143;0.5063037;0.8494157;0.4434672;506.2;0.3163879;False;11/23/2025 9:17:46 AM:424;1763860666424;;
1440;461;0.8870999;0.5052825;0.8270612;0.4943796;504.8;0.3045451;False;11/23/2025 9:17:46 AM:470;1763860666470;;
1436;461;0.8848122;0.5045644;0.857155;0.4775662;503.7;0.3024915;False;11/23/2025 9:17:46 AM:492;1763860666492;;
1436;454;0.8846772;0.4971683;0.8835808;0.404661;502.6;0.3036296;False;11/23/2025 9:17:46 AM:580;1763860666580;;
1436;453;0.8847866;0.4966026;0.8926947;0.4180796;501.7;0.3015907;False;11/23/2025 9:17:46 AM:600;1763860666600;;
1443;452;0.888577;0.4948879;0.9370534;0.4127418;501.3;0.2762023;False;11/23/2025 9:17:46 AM:647;1763860666647;;
1443;452;0.8887298;0.4947434;0.9162492;0.4279217;501.0;0.2748829;False;11/23/2025 9:17:46 AM:667;1763860666667;;
1442;451;0.8882086;0.4938597;0.8770438;0.456395;498.5;0.2951764;False;11/23/2025 9:17:46 AM:691;1763860666691;;
1339;451;0.8248092;0.4943208;0.6347495;0.5033322;497.2;0.2772946;False;11/23/2025 9:17:46 AM:713;1763860666713;;
1279;451;0.787786;0.4942185;0.6452283;0.4912064;496.0;0.2777075;False;11/23/2025 9:17:46 AM:733;1763860666733;;
1280;451;0.7883581;0.4938786;0.7907877;0.4906747;495.4;0.3059483;False;11/23/2025 9:17:46 AM:835;1763860666835;;
1278;454;0.7871287;0.4973918;0.7686822;0.5553895;494.8;0.300685;False;11/23/2025 9:17:46 AM:856;1763860666856;;
1144;460;0.7045953;0.5033443;0.5668248;0.5565705;495.0;0.303223;False;11/23/2025 9:17:46 AM:904;1763860666904;;
1080;464;0.6652251;0.5086638;0.5181623;0.5933759;495.1;0.301897;False;11/23/2025 9:17:46 AM:923;1763860666923;;
1082;475;0.6666848;0.5198218;0.6774217;0.6034306;491.4;0.3107738;False;11/23/2025 9:17:46 AM:971;1763860666971;;
1084;479;0.6675388;0.5246871;0.6925007;0.6113549;488.1;0.3068091;False;11/23/2025 9:17:46 AM:992;1763860666992;;
1026;488;0.6317764;0.5347209;0.5005718;0.6546785;486.7;0.2824797;False;11/23/2025 9:17:47 AM:14;1763860667014;;
990;494;0.6101545;0.5415683;0.5008807;0.6544194;485.5;0.2831398;False;11/23/2025 9:17:47 AM:31;1763860667031;;
1013;493;0.6242836;0.5396362;0.7629384;0.4941319;484.3;0.3013767;False;11/23/2025 9:17:47 AM:51;1763860667051;;
822;509;0.50663;0.5577796;0.3978451;0.6477739;484.3;0.2650421;False;11/23/2025 9:17:47 AM:146;1763860667146;;
791;511;0.4873771;0.5600011;0.3945069;0.634876;484.3;0.2637789;False;11/23/2025 9:17:47 AM:166;1763860667166;;
776;516;0.4781712;0.5649948;0.4235603;0.6641212;483.0;0.31201;False;11/23/2025 9:17:47 AM:189;1763860667189;;
762;518;0.4693181;0.567042;0.4074802;0.6453651;483.0;0.2994461;False;11/23/2025 9:17:47 AM:208;1763860667208;;
750;519;0.4620533;0.5688021;0.4059903;0.6449434;483.1;0.3002172;False;11/23/2025 9:17:47 AM:226;1763860667226;;
719;520;0.4431894;0.569127;0.3550745;0.5855391;481.2;0.3046181;False;11/23/2025 9:17:47 AM:251;1763860667251;;
720;524;0.443843;0.5739769;0.4588342;0.6733347;481.4;0.3143212;False;11/23/2025 9:17:47 AM:275;1763860667275;;
721;527;0.4441057;0.5768676;0.4510977;0.6698141;481.5;0.3159649;False;11/23/2025 9:17:47 AM:293;1763860667293;;
721;530;0.4444307;0.5802295;0.4542299;0.6768603;480.7;0.2689033;False;11/23/2025 9:17:47 AM:312;1763860667312;;
723;532;0.4454099;0.5820949;0.4965184;0.6622044;481.9;0.3128644;False;11/23/2025 9:17:47 AM:334;1763860667334;;
723;533;0.4457972;0.5841438;0.4647948;0.6689712;483.0;0.3141417;False;11/23/2025 9:17:47 AM:354;1763860667354;;
724;534;0.4461978;0.5847694;0.4665146;0.6482448;483.4;0.3151343;False;11/23/2025 9:17:47 AM:379;1763860667379;;
733;537;0.451574;0.5878405;0.5340825;0.6852803;482.6;0.3101586;False;11/23/2025 9:17:47 AM:400;1763860667400;;
744;537;0.458516;0.5882779;0.5545278;0.6542757;481.9;0.3118362;False;11/23/2025 9:17:47 AM:417;1763860667417;;
754;538;0.4647728;0.5886919;0.5546998;0.6541943;481.2;0.3122405;False;11/23/2025 9:17:47 AM:437;1763860667437;;
980;524;0.6034575;0.5740855;0.7047569;0.5378707;481.8;0.2838409;False;11/23/2025 9:17:47 AM:733;1763860667733;;
1013;524;0.624256;0.5736634;0.7612906;0.5494121;482.3;0.2790334;False;11/23/2025 9:17:47 AM:753;1763860667753;;
1022;524;0.6295122;0.5739256;0.7067929;0.5932338;482.5;0.2833244;False;11/23/2025 9:17:47 AM:773;1763860667773;;
1053;520;0.6485872;0.5691285;0.7295185;0.5197811;486.6;0.2547058;False;11/23/2025 9:17:47 AM:844;1763860667844;;
1085;517;0.6683816;0.566186;0.7995781;0.4969099;490.2;0.2512301;False;11/23/2025 9:17:47 AM:866;1763860667866;;
1102;517;0.6789327;0.566088;0.7733725;0.5447804;491.2;0.2201678;False;11/23/2025 9:17:47 AM:891;1763860667891;;
1100;519;0.6775571;0.5678599;0.6539621;0.6110678;495.8;0.1768934;False;11/23/2025 9:17:47 AM:912;1763860667912;;
1097;519;0.6755442;0.5678938;0.6423138;0.5715805;500.0;0.1776955;False;11/23/2025 9:17:47 AM:931;1763860667931;;
1122;518;0.6910564;0.5674373;0.7591325;0.5469384;503.2;0.2464791;False;11/23/2025 9:17:48 AM:9;1763860668009;;
1124;518;0.6923077;0.5673963;0.7367878;0.5511726;506.1;0.2446513;False;11/23/2025 9:17:48 AM:31;1763860668031;;
1128;515;0.6949534;0.5640665;0.7363338;0.5159866;503.2;0.2811381;False;11/23/2025 9:17:48 AM:103;1763860668103;;
1135;515;0.6990609;0.5637485;0.7731801;0.528024;500.5;0.2780863;False;11/23/2025 9:17:48 AM:123;1763860668123;;
1132;515;0.6974042;0.5636453;0.6719775;0.5353438;502.4;0.2521936;False;11/23/2025 9:17:48 AM:143;1763860668143;;
1127;515;0.6945066;0.5636294;0.6561686;0.5410172;506.7;0.198201;False;11/23/2025 9:17:48 AM:163;1763860668163;;
1124;515;0.6921486;0.5636158;0.6562928;0.5409775;510.6;0.1984073;False;11/23/2025 9:17:48 AM:183;1763860668183;;
1131;514;0.6968715;0.5631941;0.7674101;0.5236397;512.6;0.1566933;True;11/23/2025 9:17:48 AM:203;1763860668203;;
1136;516;0.6997484;0.5654259;0.7566437;0.611029;513.5;0.1553593;True;11/23/2025 9:17:48 AM:223;1763860668223;;
1140;518;0.7020702;0.5672286;0.7566486;0.6110198;514.4;0.1553711;True;11/23/2025 9:17:48 AM:243;1763860668243;;
1143;520;0.7042744;0.5689441;0.7566394;0.6110362;515.1;0.1553506;True;11/23/2025 9:17:48 AM:267;1763860668267;;
1196;516;0.7366062;0.5652809;0.8936597;0.4908411;513.7;0.2193418;False;11/23/2025 9:17:48 AM:289;1763860668289;;
1283;517;0.7904111;0.5657042;0.8927948;0.5749199;510.8;0.2395937;False;11/23/2025 9:17:48 AM:375;1763860668375;;
1287;513;0.7927822;0.5617105;0.8404552;0.4844734;508.2;0.2367889;False;11/23/2025 9:17:48 AM:398;1763860668398;;
1332;508;0.8204251;0.5560054;0.9516395;0.4695846;506.8;0.2515015;False;11/23/2025 9:17:48 AM:423;1763860668423;;
1339;504;0.8250574;0.5520967;0.8867931;0.4701326;506.7;0.2479509;False;11/23/2025 9:17:48 AM:444;1763860668444;;
1343;503;0.8270406;0.5513918;0.8685734;0.5092537;505.7;0.2834205;False;11/23/2025 9:17:48 AM:467;1763860668467;;
1345;503;0.8284573;0.5508755;0.8684093;0.5093521;504.8;0.2830037;False;11/23/2025 9:17:48 AM:487;1763860668487;;
1345;502;0.8285012;0.5497186;0.8341294;0.49631;503.1;0.2540445;False;11/23/2025 9:17:48 AM:510;1763860668510;;
1303;502;0.8023641;0.5493546;0.7347345;0.5371097;506.6;0.1520156;True;11/23/2025 9:17:48 AM:600;1763860668600;;
1302;501;0.8017986;0.5487948;0.7799956;0.507898;509.9;0.1497347;True;11/23/2025 9:17:48 AM:621;1763860668621;;
1235;508;0.760759;0.5559524;0.5904394;0.6468328;513.0;0.1646099;True;11/23/2025 9:17:48 AM:640;1763860668640;;
1143;518;0.7041848;0.5677289;0.6164078;0.6267643;516.5;0.1255831;True;11/23/2025 9:17:48 AM:746;1763860668746;;
1131;518;0.6967512;0.5678;0.6245266;0.581666;519.6;0.1241152;True;11/23/2025 9:17:48 AM:766;1763860668766;;
1071;530;0.6600916;0.5801972;0.5024925;0.7151123;521.8;0.1518948;True;11/23/2025 9:17:48 AM:786;1763860668786;;
1065;543;0.6558004;0.594457;0.6080491;0.7347239;526.6;0.1284356;True;11/23/2025 9:17:48 AM:808;1763860668808;;
1059;552;0.6526948;0.6046945;0.6080642;0.7347183;530.9;0.1284546;True;11/23/2025 9:17:48 AM:828;1763860668828;;
1057;552;0.6513162;0.6047421;0.6320646;0.6240317;531.9;0.1465239;True;11/23/2025 9:17:48 AM:873;1763860668873;;
996;554;0.6136123;0.6067688;0.4525706;0.671257;532.8;0.1438895;True;11/23/2025 9:17:48 AM:893;1763860668893;;
940;555;0.5789394;0.6074461;0.4320427;0.6513812;529.6;0.1131388;True;11/23/2025 9:17:48 AM:914;1763860668914;;
908;555;0.5591783;0.6075432;0.4571692;0.6198469;531.4;0.1157802;True;11/23/2025 9:17:48 AM:936;1763860668936;;
885;555;0.5454564;0.6076207;0.457184;0.619846;533.0;0.1157301;True;11/23/2025 9:17:48 AM:957;1763860668957;;
869;555;0.5353159;0.6075929;0.463005;0.6058254;534.7;0.122582;True;11/23/2025 9:17:48 AM:978;1763860668978;;
817;556;0.5033699;0.609143;0.4354081;0.6457877;533.9;0.09209993;True;11/23/2025 9:17:49 AM:67;1763860669067;;
807;557;0.4971297;0.6098368;0.4335303;0.6556334;533.1;0.09182224;True;11/23/2025 9:17:49 AM:88;1763860669088;;
802;557;0.4943423;0.6099885;0.4513381;0.6425024;536.5;0.1395091;True;11/23/2025 9:17:49 AM:108;1763860669108;;
799;557;0.4923217;0.610028;0.4548041;0.6382536;539.5;0.1398831;True;11/23/2025 9:17:49 AM:129;1763860669129;;
794;557;0.4894547;0.6100859;0.4421889;0.63269;540.5;0.1220156;True;11/23/2025 9:17:49 AM:149;1763860669149;;
794;557;0.489394;0.6095343;0.4825943;0.5914888;547.7;0.1118062;True;11/23/2025 9:17:49 AM:171;1763860669171;;
794;556;0.4893442;0.609091;0.4825957;0.5914885;554.2;0.1118026;True;11/23/2025 9:17:49 AM:191;1763860669191;;
802;553;0.4940301;0.6054626;0.5244066;0.5757296;553.4;0.1364116;True;11/23/2025 9:17:49 AM:304;1763860669304;;
803;552;0.4947037;0.604928;0.5239888;0.5759338;552.7;0.1376464;True;11/23/2025 9:17:49 AM:324;1763860669324;;
858;551;0.5283815;0.6030862;0.6845288;0.5505795;550.8;0.1460158;True;11/23/2025 9:17:49 AM:344;1763860669344;;
857;551;0.5281739;0.6028904;0.5140894;0.581915;554.2;0.1472364;True;11/23/2025 9:17:49 AM:365;1763860669365;;
856;550;0.5274912;0.6027809;0.5024961;0.5853077;557.3;0.1472125;True;11/23/2025 9:17:49 AM:387;1763860669387;;
1241;541;0.7644933;0.5920126;0.8568866;0.543067;547.3;0.2935255;False;11/23/2025 9:17:49 AM:867;1763860669867;;
1269;540;0.7814249;0.5918466;0.8979002;0.5646785;538.3;0.2929834;False;11/23/2025 9:17:49 AM:888;1763860669888;;
1289;540;0.7938906;0.5917774;0.8921227;0.5886421;537.1;0.2989092;False;11/23/2025 9:17:49 AM:909;1763860669909;;
1289;544;0.7939127;0.5960965;0.8024437;0.660834;537.0;0.3231886;False;11/23/2025 9:17:49 AM:929;1763860669929;;
1289;547;0.7939306;0.5993274;0.8024805;0.6608049;536.9;0.3232804;False;11/23/2025 9:17:49 AM:948;1763860669948;;
1290;547;0.7948559;0.5993295;0.8265789;0.5995077;536.3;0.300432;False;11/23/2025 9:17:49 AM:967;1763860669967;;
1292;547;0.7956683;0.5993306;0.8267036;0.5994297;535.8;0.3006109;False;11/23/2025 9:17:49 AM:988;1763860669988;;
1231;548;0.7582118;0.6003184;0.61248;0.6297547;531.3;0.3239078;False;11/23/2025 9:17:50 AM:11;1763860670011;;
1221;548;0.7520588;0.6003025;0.6986453;0.5972772;530.1;0.3253376;False;11/23/2025 9:17:50 AM:37;1763860670037;;
1218;549;0.7501566;0.6008205;0.7191112;0.6241556;529.0;0.3247744;False;11/23/2025 9:17:50 AM:57;1763860670057;;
1223;549;0.7534448;0.6015354;0.812129;0.631739;523.9;0.3123934;False;11/23/2025 9:17:50 AM:78;1763860670078;;
1211;550;0.7462863;0.6018349;0.6768179;0.6225268;522.3;0.3198251;False;11/23/2025 9:17:50 AM:96;1763860670096;;
1205;550;0.7420157;0.6027508;0.6877692;0.6407867;520.9;0.3209459;False;11/23/2025 9:17:50 AM:117;1763860670117;;
1202;538;0.7405924;0.5896888;0.711044;0.458145;521.9;0.3095824;False;11/23/2025 9:17:50 AM:138;1763860670138;;
1200;530;0.7395282;0.5800317;0.7114614;0.4580131;522.8;0.3104415;False;11/23/2025 9:17:50 AM:156;1763860670156;;
1206;527;0.743075;0.5774411;0.7991141;0.5125185;519.7;0.3125031;False;11/23/2025 9:17:50 AM:176;1763860670176;;
1301;520;0.8013066;0.5698449;0.928535;0.4964663;521.9;0.2973107;False;11/23/2025 9:17:50 AM:229;1763860670229;;
1312;520;0.8084936;0.569664;0.8807275;0.5408483;523.9;0.2945222;False;11/23/2025 9:17:50 AM:249;1763860670249;;
1321;514;0.8135945;0.5628327;0.8722128;0.4581615;522.8;0.3126508;False;11/23/2025 9:17:50 AM:272;1763860670272;;
1303;514;0.802456;0.5629818;0.7163512;0.5692356;522.4;0.3047777;False;11/23/2025 9:17:50 AM:296;1763860670296;;
1291;514;0.7954855;0.5629621;0.7184731;0.561347;522.0;0.3056271;False;11/23/2025 9:17:50 AM:316;1763860670316;;
1313;514;0.8085152;0.5629449;0.9068637;0.5430486;521.1;0.3246154;False;11/23/2025 9:17:50 AM:335;1763860670335;;
1304;512;0.8034703;0.5611731;0.7381918;0.5003165;522.0;0.3166536;False;11/23/2025 9:17:50 AM:356;1763860670356;;
1298;511;0.7992897;0.5596417;0.738212;0.5003085;522.9;0.3166922;False;11/23/2025 9:17:50 AM:377;1763860670377;;
1292;510;0.7958885;0.5583554;0.7381427;0.5003362;523.6;0.3165606;False;11/23/2025 9:17:50 AM:397;1763860670397;;
1305;510;0.803992;0.5583232;0.8783308;0.532438;517.4;0.3045239;False;11/23/2025 9:17:50 AM:417;1763860670417;;
1318;512;0.811593;0.5605953;0.8861737;0.6078082;518.9;0.3012392;False;11/23/2025 9:17:50 AM:437;1763860670437;;
1327;513;0.817655;0.5614253;0.8855024;0.5885354;520.2;0.3016658;False;11/23/2025 9:17:50 AM:457;1763860670457;;
1325;513;0.8163974;0.5620617;0.7813583;0.586119;518.3;0.3173658;False;11/23/2025 9:17:50 AM:476;1763860670476;;
1177;514;0.7252978;0.5629493;0.4919723;0.5924575;514.5;0.3374397;False;11/23/2025 9:17:50 AM:497;1763860670497;;
1090;515;0.6715225;0.5636153;0.4919821;0.5924615;511.1;0.3372879;False;11/23/2025 9:17:50 AM:516;1763860670516;;
1108;510;0.6822765;0.5586395;0.8109477;0.473147;509.9;0.3231448;False;11/23/2025 9:17:50 AM:538;1763860670538;;
1121;506;0.6906468;0.5546883;0.8109483;0.4731468;508.7;0.3231471;False;11/23/2025 9:17:50 AM:558;1763860670558;;
1116;508;0.6875372;0.5563624;0.6608262;0.5983069;507.1;0.2930996;False;11/23/2025 9:17:50 AM:579;1763860670579;;
1153;508;0.7102354;0.5563478;0.8691251;0.5527021;506.4;0.3186406;False;11/23/2025 9:17:50 AM:600;1763860670600;;
1184;508;0.7291389;0.5560456;0.8756511;0.5294551;505.7;0.3190992;False;11/23/2025 9:17:50 AM:619;1763860670619;;
1184;520;0.7296005;0.5693492;0.7583441;0.7013292;504.6;0.276682;False;11/23/2025 9:17:50 AM:640;1763860670640;;
1183;519;0.7288877;0.5685906;0.7180348;0.5328964;505.1;0.3093566;False;11/23/2025 9:17:50 AM:662;1763860670662;;
1182;519;0.7283363;0.5679882;0.7179673;0.5329164;505.6;0.309208;False;11/23/2025 9:17:50 AM:681;1763860670681;;
1207;516;0.7434986;0.5648919;0.8630475;0.4933991;505.1;0.3134026;False;11/23/2025 9:17:50 AM:703;1763860670703;;
1207;515;0.7435601;0.5639253;0.7694715;0.5168136;505.5;0.3101134;False;11/23/2025 9:17:50 AM:723;1763860670723;;
1207;514;0.7437693;0.5632137;0.758903;0.5194755;506.0;0.310538;False;11/23/2025 9:17:50 AM:742;1763860670742;;
1187;534;0.7314276;0.5844016;0.6436983;0.7484008;504.0;0.2945968;False;11/23/2025 9:17:50 AM:761;1763860670761;;
1168;549;0.7195417;0.6007376;0.6352158;0.7416381;502.2;0.2954915;False;11/23/2025 9:17:50 AM:783;1763860670783;;
1168;549;0.7196493;0.6008211;0.725118;0.6067924;500.5;0.2904204;False;11/23/2025 9:17:50 AM:802;1763860670802;;
1168;549;0.7197473;0.6008899;0.7255444;0.6065326;498.9;0.2911258;False;11/23/2025 9:17:50 AM:822;1763860670822;;
1170;550;0.720557;0.6027714;0.7565564;0.6481311;498.4;0.2937785;False;11/23/2025 9:17:50 AM:845;1763860670845;;
1209;549;0.7449685;0.6009144;0.890046;0.5448543;498.6;0.2969794;False;11/23/2025 9:17:50 AM:864;1763860670864;;
1248;547;0.7686938;0.5985986;0.9136816;0.5321359;498.7;0.2978058;False;11/23/2025 9:17:50 AM:883;1763860670883;;
1250;551;0.7697317;0.6030051;0.8000041;0.6724849;496.7;0.2869411;False;11/23/2025 9:17:50 AM:905;1763860670905;;
1251;553;0.7704664;0.6060295;0.8001181;0.6724173;494.8;0.2871216;False;11/23/2025 9:17:50 AM:924;1763860670924;;
1222;555;0.7527316;0.6074788;0.6417568;0.6527514;494.4;0.3299576;False;11/23/2025 9:17:50 AM:945;1763860670945;;
1221;546;0.7524261;0.5978501;0.7413773;0.4861511;496.8;0.2988375;False;11/23/2025 9:17:50 AM:966;1763860670966;;
1221;540;0.7522047;0.5911548;0.741375;0.4861545;498.9;0.2988296;False;11/23/2025 9:17:50 AM:984;1763860670984;;
1243;544;0.765547;0.5954826;0.8727466;0.673515;501.8;0.2908701;False;11/23/2025 9:17:51 AM:3;1763860671003;;
1239;535;0.7635086;0.5855076;0.7247702;0.4643212;500.9;0.2992181;False;11/23/2025 9:17:51 AM:23;1763860671023;;
1237;527;0.7617695;0.577167;0.724865;0.4642935;500.1;0.2994032;False;11/23/2025 9:17:51 AM:43;1763860671043;;
1243;518;0.7655738;0.5670866;0.8207322;0.442279;499.4;0.3356443;False;11/23/2025 9:17:51 AM:64;1763860671064;;
1248;511;0.7686154;0.5591978;0.8211359;0.442135;498.8;0.3366372;False;11/23/2025 9:17:51 AM:83;1763860671083;;
1248;507;0.768582;0.5548825;0.7653285;0.4675213;495.5;0.3330659;False;11/23/2025 9:17:51 AM:104;1763860671104;;
1248;506;0.7688964;0.5546874;0.7867373;0.5230408;496.9;0.2883206;False;11/23/2025 9:17:51 AM:127;1763860671127;;
1249;506;0.7691634;0.5545198;0.7867337;0.5230419;498.1;0.2883131;False;11/23/2025 9:17:51 AM:148;1763860671148;;
1253;507;0.771767;0.5547847;0.8193647;0.5652568;501.3;0.2744801;False;11/23/2025 9:17:51 AM:170;1763860671170;;
1248;506;0.7689093;0.5541768;0.7271512;0.5133;500.8;0.2768954;False;11/23/2025 9:17:51 AM:193;1763860671193;;
1245;506;0.7668034;0.553707;0.7272341;0.5132683;500.5;0.2770332;False;11/23/2025 9:17:51 AM:212;1763860671212;;
1226;508;0.7552174;0.5560649;0.6603917;0.6052828;501.5;0.2984089;False;11/23/2025 9:17:51 AM:232;1763860671232;;
1209;510;0.7445795;0.5589505;0.652418;0.6174323;502.5;0.2992682;False;11/23/2025 9:17:51 AM:251;1763860671251;;
1201;510;0.7400084;0.5589301;0.6857616;0.548715;503.1;0.3185595;False;11/23/2025 9:17:51 AM:276;1763860671276;;
1222;511;0.7529797;0.5592037;0.8495532;0.5739418;499.5;0.2776038;False;11/23/2025 9:17:51 AM:298;1763860671298;;
1239;511;0.7630119;0.5594325;0.8497219;0.573826;496.2;0.2778161;False;11/23/2025 9:17:51 AM:319;1763860671319;;
1272;518;0.7838279;0.5673252;0.9018407;0.6655021;498.3;0.2780108;False;11/23/2025 9:17:51 AM:341;1763860671341;;
1292;505;0.795606;0.5528299;0.8884376;0.410954;501.8;0.3377721;False;11/23/2025 9:17:51 AM:361;1763860671361;;
1309;495;0.8062404;0.5419593;0.8947786;0.4168479;505.1;0.3386886;False;11/23/2025 9:17:51 AM:382;1763860671382;;
1303;493;0.8026867;0.5398214;0.7487695;0.4804308;498.7;0.3148056;False;11/23/2025 9:17:51 AM:403;1763860671403;;
1300;491;0.8005042;0.5379227;0.7546269;0.4774573;493.0;0.3162747;False;11/23/2025 9:17:51 AM:423;1763860671423;;
1233;498;0.7596701;0.5453679;0.5902002;0.6397321;490.9;0.2939833;False;11/23/2025 9:17:51 AM:443;1763860671443;;
1234;510;0.7603641;0.5584964;0.7898395;0.6912122;491.5;0.2921197;False;11/23/2025 9:17:51 AM:463;1763860671463;;
1235;519;0.7609474;0.5686317;0.7900952;0.6910527;492.1;0.2925682;False;11/23/2025 9:17:51 AM:482;1763860671482;;
1297;515;0.7990089;0.5641385;0.9581492;0.4872665;495.6;0.3030586;False;11/23/2025 9:17:51 AM:505;1763860671505;;
1310;515;0.8070437;0.5641311;0.8810667;0.5621377;496.2;0.2989023;False;11/23/2025 9:17:51 AM:527;1763860671527;;
1319;515;0.8125909;0.5641255;0.8811074;0.5621185;496.7;0.298982;False;11/23/2025 9:17:51 AM:547;1763860671547;;
1258;515;0.7751078;0.5641361;0.6258453;0.5659531;491.5;0.310779;False;11/23/2025 9:17:51 AM:570;1763860671570;;
1258;515;0.7749803;0.5641319;0.7699853;0.5611268;490.1;0.3120318;False;11/23/2025 9:17:51 AM:592;1763860671592;;
1256;515;0.7739146;0.5644373;0.7497769;0.583796;488.8;0.3126256;False;11/23/2025 9:17:51 AM:613;1763860671613;;
1261;507;0.7765765;0.5556094;0.827105;0.4454241;491.6;0.3286674;False;11/23/2025 9:17:51 AM:635;1763860671635;;
1264;501;0.7786156;0.5489917;0.8271246;0.4454195;494.1;0.3287164;False;11/23/2025 9:17:51 AM:653;1763860671653;;
1296;495;0.7982846;0.5417377;0.9257369;0.4342802;498.0;0.3155765;False;11/23/2025 9:17:51 AM:674;1763860671674;;
1319;489;0.8127245;0.5360627;0.9258794;0.4342845;501.5;0.315919;False;11/23/2025 9:17:51 AM:693;1763860671693;;
1340;492;0.8253047;0.5385871;0.9272159;0.5903598;502.1;0.3100878;False;11/23/2025 9:17:51 AM:713;1763860671713;;
1340;502;0.8253857;0.5498358;0.8381719;0.6683155;501.3;0.3003742;False;11/23/2025 9:17:51 AM:734;1763860671734;;
1339;507;0.8250602;0.5547549;0.8120363;0.6347451;500.5;0.3009176;False;11/23/2025 9:17:51 AM:754;1763860671754;;
1285;520;0.7915528;0.5696387;0.6406973;0.7113072;497.6;0.3106337;False;11/23/2025 9:17:51 AM:774;1763860671774;;
1285;525;0.7914106;0.5744798;0.7863252;0.6562768;498.5;0.2884941;False;11/23/2025 9:17:51 AM:796;1763860671796;;
1285;528;0.7912865;0.5785797;0.7863135;0.6562842;499.3;0.288473;False;11/23/2025 9:17:51 AM:817;1763860671817;;
1294;520;0.7972843;0.5692306;0.8710726;0.4617946;500.7;0.2899141;False;11/23/2025 9:17:51 AM:839;1763860671839;;
1300;513;0.8009462;0.5621575;0.8616279;0.4663161;496.8;0.3238231;False;11/23/2025 9:17:51 AM:861;1763860671861;;
1305;509;0.8036858;0.556923;0.86165;0.4663129;493.3;0.3238927;False;11/23/2025 9:17:51 AM:879;1763860671879;;
1306;507;0.8045246;0.5548685;0.8408051;0.4993039;490.3;0.2946699;False;11/23/2025 9:17:51 AM:902;1763860671902;;
1370;502;0.8442078;0.5499285;1.006779;0.4664954;491.7;0.3034734;False;11/23/2025 9:17:51 AM:926;1763860671926;;
1405;498;0.8655205;0.5454444;0.9935176;0.4566213;492.9;0.3038873;False;11/23/2025 9:17:51 AM:947;1763860671947;;
1172;512;0.7220692;0.5608888;0.4510902;0.6907687;491.9;0.3150536;False;11/23/2025 9:17:51 AM:969;1763860671969;;
1015;518;0.6252096;0.5670928;0.413174;0.6554565;493.4;0.3065225;False;11/23/2025 9:17:51 AM:989;1763860671989;;
916;523;0.5640876;0.5723567;0.4136425;0.6560321;494.8;0.3079022;False;11/23/2025 9:17:52 AM:9;1763860672009;;
869;523;0.5354468;0.5726389;0.4505189;0.5913849;495.8;0.3246916;False;11/23/2025 9:17:52 AM:31;1763860672031;;
875;521;0.5392616;0.5702765;0.6717067;0.5121403;498.4;0.3284411;False;11/23/2025 9:17:52 AM:51;1763860672051;;
885;520;0.5455081;0.5693522;0.6342184;0.5302544;500.7;0.3290078;False;11/23/2025 9:17:52 AM:73;1763860672073;;
894;519;0.5505481;0.5685765;0.6342457;0.5302483;502.8;0.3290856;False;11/23/2025 9:17:52 AM:93;1763860672093;;
897;521;0.5527629;0.5701326;0.5687277;0.6112562;502.8;0.320527;False;11/23/2025 9:17:52 AM:115;1763860672115;;
902;523;0.5555224;0.5727586;0.6830661;0.6285579;501.1;0.3259542;False;11/23/2025 9:17:52 AM:139;1763860672139;;
845;523;0.5206955;0.5727396;0.4077308;0.5672286;500.4;0.3013949;False;11/23/2025 9:17:52 AM:159;1763860672159;;
804;523;0.4953553;0.5727212;0.4087564;0.5671904;499.8;0.3020311;False;11/23/2025 9:17:52 AM:183;1763860672183;;
777;524;0.478466;0.5741308;0.4058318;0.6194008;497.7;0.3115654;False;11/23/2025 9:17:52 AM:203;1763860672203;;
747;525;0.4600295;0.5745726;0.3802082;0.6019465;495.7;0.3136989;False;11/23/2025 9:17:52 AM:222;1763860672222;;
748;525;0.4610969;0.5745569;0.5551498;0.5716578;493.6;0.3169072;False;11/23/2025 9:17:52 AM:244;1763860672244;;
712;525;0.4387853;0.574576;0.3538577;0.5818624;493.1;0.3386718;False;11/23/2025 9:17:52 AM:267;1763860672267;;
683;525;0.4209432;0.5744473;0.340766;0.5623097;492.7;0.3388496;False;11/23/2025 9:17:52 AM:286;1763860672286;;
685;526;0.4218243;0.5755839;0.5228763;0.6174106;490.1;0.3107843;False;11/23/2025 9:17:52 AM:307;1763860672307;;
857;509;0.527936;0.5569882;0.8109902;0.407804;490.5;0.2897746;False;11/23/2025 9:17:52 AM:330;1763860672330;;
958;497;0.5901616;0.5442145;0.8110631;0.4078061;490.8;0.2899877;False;11/23/2025 9:17:52 AM:349;1763860672349;;
960;497;0.5916507;0.5445576;0.6225114;0.5670186;490.9;0.3153636;False;11/23/2025 9:17:52 AM:369;1763860672369;;
940;504;0.5788859;0.5515868;0.4821042;0.6479127;490.9;0.2903173;False;11/23/2025 9:17:52 AM:392;1763860672392;;
924;509;0.5694378;0.55702;0.4819898;0.6479634;490.9;0.2900994;False;11/23/2025 9:17:52 AM:413;1763860672413;;
904;510;0.5568304;0.5586652;0.4631203;0.6106144;490.8;0.3276846;False;11/23/2025 9:17:52 AM:437;1763860672437;;
914;510;0.5630859;0.5589108;0.6263594;0.5869172;491.0;0.2794339;False;11/23/2025 9:17:52 AM:460;1763860672460;;
902;511;0.5555162;0.5591024;0.4803001;0.5860291;490.1;0.3067583;False;11/23/2025 9:17:52 AM:483;1763860672483;;
902;511;0.5554245;0.5591561;0.5424448;0.5694882;489.3;0.306733;False;11/23/2025 9:17:52 AM:503;1763860672503;;
892;511;0.5497802;0.5593272;0.4806216;0.5859637;488.6;0.3069404;False;11/23/2025 9:17:52 AM:523;1763860672523;;
872;512;0.537421;0.5607768;0.4362985;0.616726;487.6;0.3141635;False;11/23/2025 9:17:52 AM:544;1763860672544;;
849;515;0.5229345;0.5640107;0.4174736;0.6417038;486.2;0.3067395;False;11/23/2025 9:17:52 AM:566;1763860672566;;
822;516;0.5061734;0.5652922;0.39365;0.6219781;484.9;0.3068879;False;11/23/2025 9:17:52 AM:589;1763860672589;;
782;516;0.4819488;0.5654336;0.3524426;0.5788247;490.7;0.3370465;False;11/23/2025 9:17:52 AM:611;1763860672611;;
844;513;0.5201905;0.5623214;0.6761444;0.5092148;491.2;0.3262711;False;11/23/2025 9:17:52 AM:633;1763860672633;;
886;511;0.5458555;0.5599342;0.6764183;0.5091163;491.7;0.3268668;False;11/23/2025 9:17:52 AM:653;1763860672653;;
975;506;0.6008873;0.554278;0.7836853;0.4704343;489.6;0.3065212;False;11/23/2025 9:17:52 AM:674;1763860672674;;
997;506;0.6140462;0.5537892;0.6896719;0.5314844;489.8;0.2966364;False;11/23/2025 9:17:52 AM:697;1763860672697;;
1012;505;0.6234418;0.5533977;0.6894411;0.5315581;489.9;0.2961086;False;11/23/2025 9:17:52 AM:719;1763860672719;;
1064;505;0.6551735;0.5534052;0.7790052;0.5571564;489.1;0.2876156;False;11/23/2025 9:17:52 AM:741;1763860672741;;
1063;506;0.6545861;0.5538756;0.6393912;0.5793613;489.9;0.2711856;False;11/23/2025 9:17:52 AM:766;1763860672766;;
1050;506;0.6471455;0.5543872;0.5521902;0.5831172;486.3;0.2580785;False;11/23/2025 9:17:52 AM:788;1763860672788;;
1041;507;0.6412826;0.5548104;0.5522817;0.5830694;483.1;0.2582071;False;11/23/2025 9:17:52 AM:810;1763860672810;;
1057;506;0.6514007;0.5539196;0.7217773;0.5220327;487.5;0.2726204;False;11/23/2025 9:17:52 AM:831;1763860672831;;
1118;503;0.6889002;0.5509683;0.8362288;0.4873219;491.3;0.2445183;False;11/23/2025 9:17:52 AM:851;1763860672851;;
1168;501;0.7195756;0.5481656;0.847806;0.4837255;494.8;0.2447299;False;11/23/2025 9:17:52 AM:870;1763860672870;;
1176;500;0.7242111;0.5471852;0.7583023;0.5103211;499.5;0.2589882;False;11/23/2025 9:17:52 AM:897;1763860672897;;
1180;499;0.7270771;0.546533;0.7581968;0.5103543;503.6;0.2587915;False;11/23/2025 9:17:52 AM:916;1763860672916;;
1277;495;0.7866977;0.5424749;0.9558377;0.4646524;504.9;0.2715538;False;11/23/2025 9:17:52 AM:940;1763860672940;;
1275;495;0.7853978;0.542434;0.7596573;0.5369074;502.7;0.3019308;False;11/23/2025 9:17:52 AM:962;1763860672962;;
1274;495;0.7848095;0.5422512;0.7752695;0.5173213;500.8;0.3029056;False;11/23/2025 9:17:52 AM:983;1763860672983;;
1329;492;0.8184622;0.5385077;0.9396926;0.4616081;500.7;0.2687571;False;11/23/2025 9:17:53 AM:7;1763860673007;;
1328;492;0.8182754;0.5388845;0.7598109;0.5525808;496.3;0.2855429;False;11/23/2025 9:17:53 AM:33;1763860673033;;
1328;492;0.8181274;0.5391744;0.7598174;0.5525737;492.4;0.2855643;False;11/23/2025 9:17:53 AM:55;1763860673055;;
1326;492;0.8170564;0.5389051;0.7875861;0.5122942;493.2;0.274372;False;11/23/2025 9:17:53 AM:78;1763860673078;;
1325;494;0.8162197;0.5406761;0.7974751;0.5836064;489.9;0.2660869;False;11/23/2025 9:17:53 AM:99;1763860673099;;
1370;487;0.8438004;0.5330549;0.9539583;0.4318539;492.5;0.2913244;False;11/23/2025 9:17:53 AM:123;1763860673123;;
1397;482;0.8604124;0.5279195;0.9539151;0.4318579;494.8;0.291243;False;11/23/2025 9:17:53 AM:143;1763860673143;;
1404;479;0.8649516;0.5249188;0.9049166;0.4495289;496.5;0.2813316;False;11/23/2025 9:17:53 AM:163;1763860673163;;
1353;479;0.8335853;0.525121;0.6681303;0.5341953;498.2;0.2455589;False;11/23/2025 9:17:53 AM:185;1763860673185;;
1316;480;0.8107219;0.5252892;0.6680999;0.5342084;499.7;0.2455002;False;11/23/2025 9:17:53 AM:206;1763860673206;;
1279;481;0.7876637;0.5272829;0.6491661;0.5729826;505.1;0.2163125;False;11/23/2025 9:17:53 AM:229;1763860673229;;
1037;489;0.6387982;0.5354149;0.4924714;0.5896239;510.3;0.2145772;False;11/23/2025 9:17:53 AM:318;1763860673318;;
998;490;0.6147417;0.5369647;0.4945976;0.5892364;514.9;0.2121112;False;11/23/2025 9:17:53 AM:339;1763860673339;;
970;491;0.5978073;0.5376882;0.50153;0.5764055;519.1;0.2123379;False;11/23/2025 9:17:53 AM:360;1763860673360;;
888;497;0.547221;0.5439631;0.4927159;0.5888171;524.8;0.2204966;False;11/23/2025 9:17:53 AM:657;1763860673657;;
887;497;0.5462437;0.5441303;0.5146577;0.5824562;530.0;0.2193907;False;11/23/2025 9:17:53 AM:677;1763860673677;;
895;497;0.5517069;0.5444845;0.5929939;0.5592443;529.9;0.2298617;False;11/23/2025 9:17:53 AM:726;1763860673726;;
896;497;0.5519179;0.5445618;0.5647735;0.5678563;533.7;0.1843918;False;11/23/2025 9:17:53 AM:747;1763860673747;;
896;497;0.5521225;0.5446349;0.5651875;0.5677266;537.2;0.1849041;False;11/23/2025 9:17:53 AM:770;1763860673770;;
896;497;0.5522674;0.5446886;0.5649611;0.5677975;540.4;0.1846236;False;11/23/2025 9:17:53 AM:788;1763860673788;;
878;499;0.5409579;0.5462185;0.4874687;0.5905861;548.1;0.1591008;True;11/23/2025 9:17:53 AM:858;1763860673858;;
874;499;0.5382141;0.5465968;0.4863294;0.5907938;555.1;0.1566503;True;11/23/2025 9:17:53 AM:877;1763860673877;;
865;501;0.5331702;0.5486982;0.4670786;0.6208035;553.5;0.1567343;True;11/23/2025 9:17:53 AM:899;1763860673899;;
858;504;0.5283701;0.5515769;0.4610472;0.6356052;552.1;0.1568785;True;11/23/2025 9:17:53 AM:919;1763860673919;;
850;512;0.5238195;0.5604175;0.4570244;0.6916505;547.1;0.1596157;True;11/23/2025 9:17:53 AM:940;1763860673940;;
872;514;0.5369496;0.5630722;0.6293238;0.6481573;537.0;0.2404668;False;11/23/2025 9:17:53 AM:960;1763860673960;;
887;516;0.5465881;0.5651816;0.6294516;0.6480592;528.0;0.2407064;False;11/23/2025 9:17:53 AM:979;1763860673979;;
878;516;0.5409802;0.5652875;0.4667999;0.6072254;515.1;0.2110097;False;11/23/2025 9:17:53 AM:999;1763860673999;;
687;507;0.4233327;0.5552451;0.326078;0.522007;519.2;0.2418412;False;11/23/2025 9:17:54 AM:229;1763860674229;;
677;507;0.4174243;0.5552315;0.3397903;0.5519004;523.0;0.238374;False;11/23/2025 9:17:54 AM:249;1763860674249;;
646;500;0.3977969;0.5478156;0.2773647;0.4528075;525.3;0.2380432;False;11/23/2025 9:17:54 AM:273;1763860674273;;
634;499;0.3904702;0.5469146;0.3128321;0.5105983;529.9;0.2460358;False;11/23/2025 9:17:54 AM:296;1763860674296;;
625;499;0.3852294;0.5462371;0.3128793;0.5106487;534.1;0.2461462;False;11/23/2025 9:17:54 AM:316;1763860674316;;
609;496;0.3756048;0.543112;0.2829303;0.472173;534.3;0.2105428;False;11/23/2025 9:17:54 AM:338;1763860674338;;
606;496;0.3736806;0.542894;0.3236223;0.5159821;535.6;0.2261301;False;11/23/2025 9:17:54 AM:357;1763860674357;;
606;495;0.3735813;0.5421932;0.3626117;0.500178;536.7;0.2263926;False;11/23/2025 9:17:54 AM:376;1763860674376;;
594;492;0.3662583;0.53887;0.2842063;0.4627956;537.1;0.2408543;False;11/23/2025 9:17:54 AM:398;1763860674398;;
578;487;0.3561549;0.5336452;0.2613003;0.4387353;539.8;0.2401265;False;11/23/2025 9:17:54 AM:420;1763860674420;;
565;483;0.3484156;0.5294778;0.2612992;0.438734;542.3;0.2401228;False;11/23/2025 9:17:54 AM:442;1763860674442;;
559;481;0.3446804;0.5264364;0.2805252;0.4456069;540.5;0.2260977;False;11/23/2025 9:17:54 AM:463;1763860674463;;
554;479;0.341532;0.5248629;0.2781677;0.4568954;539.4;0.2582435;False;11/23/2025 9:17:54 AM:484;1763860674484;;
551;478;0.3393206;0.5234931;0.2824928;0.4567296;538.3;0.2587121;False;11/23/2025 9:17:54 AM:503;1763860674503;;
552;480;0.3401801;0.5256437;0.3566175;0.5653913;534.4;0.2522721;False;11/23/2025 9:17:54 AM:524;1763860674524;;
585;483;0.3602362;0.5284811;0.4657226;0.5763218;532.6;0.2453901;False;11/23/2025 9:17:54 AM:547;1763860674547;;
607;485;0.3741012;0.5306608;0.4653796;0.5764476;531.1;0.2452386;False;11/23/2025 9:17:54 AM:569;1763860674569;;
784;470;0.4832945;0.5152451;0.7271283;0.3627661;528.0;0.2582346;False;11/23/2025 9:17:54 AM:589;1763860674589;;
867;463;0.5339362;0.5068035;0.6952978;0.381481;525.2;0.2584802;False;11/23/2025 9:17:54 AM:607;1763860674607;;
827;463;0.5098265;0.507152;0.3220253;0.520754;524.1;0.2712054;False;11/23/2025 9:17:54 AM:629;1763860674629;;
801;463;0.4932472;0.5074089;0.3219898;0.5207142;523.1;0.2711034;False;11/23/2025 9:17:54 AM:647;1763860674647;;
797;457;0.4910607;0.5008928;0.4536886;0.3972529;522.3;0.2535786;False;11/23/2025 9:17:54 AM:668;1763860674668;;
769;457;0.4738816;0.5008391;0.3152935;0.4950786;521.0;0.2613338;False;11/23/2025 9:17:54 AM:688;1763860674688;;
746;457;0.4598229;0.5006498;0.3133755;0.4720463;519.8;0.2615588;False;11/23/2025 9:17:54 AM:708;1763860674708;;
754;467;0.4645108;0.5112148;0.4963534;0.6136566;521.0;0.1964914;False;11/23/2025 9:17:54 AM:733;1763860674733;;
752;483;0.4635397;0.528584;0.4417254;0.6756652;524.6;0.1256895;True;11/23/2025 9:17:54 AM:753;1763860674753;;
751;494;0.4628135;0.5414813;0.4425735;0.6782337;527.9;0.126097;True;11/23/2025 9:17:54 AM:772;1763860674772;;
750;504;0.4623996;0.5519301;0.4544586;0.6670394;525.6;0.1269821;True;11/23/2025 9:17:54 AM:794;1763860674794;;
750;513;0.4619685;0.561507;0.4498697;0.6816331;523.5;0.1271469;True;11/23/2025 9:17:54 AM:813;1763860674813;;
755;513;0.4649409;0.5619242;0.4974812;0.5887868;529.4;0.1500995;True;11/23/2025 9:17:54 AM:834;1763860674834;;
748;515;0.4609951;0.5636533;0.3858844;0.616711;532.3;0.2042821;False;11/23/2025 9:17:54 AM:855;1763860674855;;
743;516;0.458095;0.5653886;0.3897097;0.6202691;535.0;0.2043485;False;11/23/2025 9:17:54 AM:876;1763860674876;;
751;509;0.4626498;0.5575959;0.5085979;0.4571075;535.9;0.2398685;False;11/23/2025 9:17:54 AM:896;1763860674896;;
859;498;0.5290762;0.5457335;0.7220759;0.4218957;538.4;0.2351401;False;11/23/2025 9:17:54 AM:917;1763860674917;;
930;482;0.5732599;0.5277919;0.7283808;0.3662803;540.7;0.2351933;False;11/23/2025 9:17:54 AM:936;1763860674936;;
931;468;0.5738099;0.5128866;0.5791504;0.3713527;540.9;0.2372528;False;11/23/2025 9:17:54 AM:956;1763860674956;;
868;468;0.5348005;0.5128338;0.3359398;0.5035105;542.6;0.2434379;False;11/23/2025 9:17:54 AM:977;1763860674977;;
843;467;0.5196133;0.5118496;0.3802818;0.4709062;544.1;0.2435613;False;11/23/2025 9:17:54 AM:996;1763860674996;;
795;467;0.4896822;0.511862;0.323783;0.5142118;542.6;0.2238371;False;11/23/2025 9:17:55 AM:17;1763860675017;;
777;470;0.4790213;0.5143933;0.3669321;0.5753033;541.2;0.2237683;False;11/23/2025 9:17:55 AM:36;1763860675036;;
751;470;0.4624888;0.5143927;0.336534;0.5137975;541.2;0.2403707;False;11/23/2025 9:17:55 AM:58;1763860675058;;
731;470;0.450603;0.5143923;0.3365439;0.513794;541.2;0.2403822;False;11/23/2025 9:17:55 AM:77;1763860675077;;
705;469;0.4343214;0.5139966;0.3087648;0.4896035;541.7;0.2404635;False;11/23/2025 9:17:55 AM:97;1763860675097;;
684;469;0.421317;0.5136492;0.3087955;0.4896288;542.1;0.240556;False;11/23/2025 9:17:55 AM:118;1763860675118;;
673;470;0.414452;0.5143588;0.3322928;0.5433313;541.4;0.2417363;False;11/23/2025 9:17:55 AM:140;1763860675140;;
658;469;0.4052233;0.5139917;0.3080802;0.4901622;541.8;0.2267917;False;11/23/2025 9:17:55 AM:160;1763860675160;;
646;469;0.398304;0.5136989;0.30812;0.4901839;542.2;0.2269279;False;11/23/2025 9:17:55 AM:179;1763860675179;;
645;471;0.3977332;0.5160729;0.3599987;0.5727566;545.0;0.243581;False;11/23/2025 9:17:55 AM:200;1763860675200;;
637;471;0.3928148;0.5160803;0.3151774;0.5193542;545.8;0.2442901;False;11/23/2025 9:17:55 AM:219;1763860675219;;
629;471;0.3878931;0.5160214;0.3084747;0.50648;546.5;0.2445739;False;11/23/2025 9:17:55 AM:238;1763860675238;;
621;471;0.3824377;0.5154362;0.3008882;0.4853346;547.8;0.2373606;False;11/23/2025 9:17:55 AM:258;1763860675258;;
613;470;0.3778776;0.5149277;0.3009383;0.4853879;548.9;0.2374919;False;11/23/2025 9:17:55 AM:278;1763860675278;;
605;469;0.3729795;0.5137439;0.2945044;0.4693359;549.0;0.2448123;False;11/23/2025 9:17:55 AM:299;1763860675299;;
590;465;0.3633718;0.5097997;0.2610239;0.4299161;548.6;0.2216807;False;11/23/2025 9:17:55 AM:320;1763860675320;;
569;458;0.3504291;0.5014028;0.2309274;0.3808368;548.3;0.2218582;False;11/23/2025 9:17:55 AM:338;1763860675338;;
538;445;0.3318608;0.4879375;0.1986588;0.3409267;549.2;0.2351731;False;11/23/2025 9:17:55 AM:359;1763860675359;;
530;442;0.326607;0.4846065;0.2484697;0.4037417;549.6;0.2467556;False;11/23/2025 9:17:55 AM:379;1763860675379;;
526;441;0.3239999;0.4831307;0.2624242;0.4219019;550.0;0.2470431;False;11/23/2025 9:17:55 AM:398;1763860675398;;
520;439;0.3204088;0.4806094;0.2523229;0.4060346;550.7;0.251579;False;11/23/2025 9:17:55 AM:419;1763860675419;;
515;437;0.3172325;0.4783413;0.2523872;0.4061114;551.4;0.251748;False;11/23/2025 9:17:55 AM:441;1763860675441;;
514;437;0.3170687;0.4781719;0.2828741;0.4559933;551.9;0.2442484;False;11/23/2025 9:17:55 AM:463;1763860675463;;
514;436;0.3169474;0.4780406;0.283005;0.4561354;552.3;0.2445967;False;11/23/2025 9:17:55 AM:482;1763860675482;;
516;440;0.3178084;0.4814913;0.333745;0.5401127;551.6;0.2401818;False;11/23/2025 9:17:55 AM:501;1763860675501;;
515;440;0.3176791;0.4816776;0.29595;0.4900424;550.9;0.2352637;False;11/23/2025 9:17:55 AM:523;1763860675523;;
515;440;0.3175788;0.48182;0.2959285;0.4900151;550.3;0.235202;False;11/23/2025 9:17:55 AM:541;1763860675541;;
515;440;0.3174885;0.482021;0.2950779;0.491761;551.3;0.2344116;False;11/23/2025 9:17:55 AM:565;1763860675565;;
516;442;0.3177404;0.4836018;0.3241833;0.5241431;551.5;0.250087;False;11/23/2025 9:17:55 AM:588;1763860675588;;
515;442;0.3176463;0.4837237;0.30068;0.4930837;551.7;0.2505072;False;11/23/2025 9:17:55 AM:610;1763860675610;;
515;442;0.31753;0.4842429;0.3092923;0.5093893;551.4;0.2349247;False;11/23/2025 9:17:55 AM:629;1763860675629;;
513;441;0.316269;0.483566;0.2736395;0.450472;552.2;0.2354067;False;11/23/2025 9:17:55 AM:651;1763860675651;;
511;441;0.3151613;0.4829664;0.2736319;0.4504628;553.0;0.2353857;False;11/23/2025 9:17:55 AM:672;1763860675672;;
522;442;0.3215926;0.4844192;0.3786062;0.5237484;553.3;0.2330194;False;11/23/2025 9:17:55 AM:695;1763860675695;;
522;443;0.3215638;0.4853996;0.3200823;0.5211421;552.8;0.2354023;False;11/23/2025 9:17:55 AM:716;1763860675716;;
522;444;0.3215392;0.4862892;0.3201855;0.5212542;552.3;0.2355799;False;11/23/2025 9:17:55 AM:739;1763860675739;;
513;439;0.3164335;0.4804263;0.245396;0.3900064;554.3;0.2328645;False;11/23/2025 9:17:55 AM:759;1763860675759;;
514;439;0.3166985;0.4810278;0.3257423;0.5100099;553.6;0.2495831;False;11/23/2025 9:17:55 AM:780;1763860675780;;
514;439;0.316649;0.4809856;0.3097025;0.4732217;553.0;0.2500125;False;11/23/2025 9:17:55 AM:798;1763860675798;;
513;439;0.3164173;0.4811178;0.2958689;0.4940225;554.7;0.2277687;False;11/23/2025 9:17:55 AM:823;1763860675823;;
513;440;0.316411;0.4823721;0.3160674;0.5225567;554.4;0.2610602;False;11/23/2025 9:17:55 AM:848;1763860675848;;
513;441;0.3164075;0.483305;0.3161608;0.5226909;554.3;0.2612472;False;11/23/2025 9:17:55 AM:869;1763860675869;;
513;441;0.3163137;0.4833605;0.3015765;0.4971396;554.7;0.2400456;False;11/23/2025 9:17:55 AM:895;1763860675895;;
513;441;0.3162303;0.4834068;0.3014771;0.4970101;555.1;0.2398507;False;11/23/2025 9:17:55 AM:919;1763860675919;;
518;447;0.3193232;0.4893892;0.3599445;0.5790706;552.7;0.2334583;False;11/23/2025 9:17:55 AM:944;1763860675944;;
518;447;0.3193216;0.4900163;0.3191478;0.5275346;551.2;0.2387587;False;11/23/2025 9:17:55 AM:968;1763860675968;;
520;450;0.3204061;0.4924073;0.344804;0.5556142;552.1;0.2494957;False;11/23/2025 9:17:55 AM:994;1763860675994;;
521;451;0.3212288;0.4942357;0.3447049;0.5554928;552.9;0.2493328;False;11/23/2025 9:17:56 AM:16;1763860676016;;
521;451;0.3212804;0.4944203;0.3262709;0.5250146;551.8;0.2324869;False;11/23/2025 9:17:56 AM:53;1763860676053;;
522;452;0.3218629;0.4956079;0.3437716;0.5515272;550.9;0.2263249;False;11/23/2025 9:17:56 AM:74;1763860676074;;
522;453;0.3219295;0.4961059;0.3306886;0.5404671;551.2;0.2488582;False;11/23/2025 9:17:56 AM:96;1763860676096;;
523;449;0.3222908;0.4918185;0.3412865;0.426989;549.4;0.2332577;False;11/23/2025 9:17:56 AM:117;1763860676117;;
523;445;0.3223702;0.4876739;0.3333521;0.4199502;547.8;0.2336396;False;11/23/2025 9:17:56 AM:137;1763860676137;;
510;438;0.314181;0.4800721;0.2396381;0.3872833;548.3;0.2222675;False;11/23/2025 9:17:56 AM:159;1763860676159;;
533;439;0.3282938;0.4812534;0.4301555;0.5270829;544.6;0.2440214;False;11/23/2025 9:17:56 AM:181;1763860676181;;
549;438;0.3385667;0.4802913;0.4261922;0.4493956;541.2;0.2443807;False;11/23/2025 9:17:56 AM:203;1763860676203;;
549;440;0.3385688;0.4818925;0.3391473;0.5343465;540.5;0.2460002;False;11/23/2025 9:17:56 AM:223;1763860676223;;
546;440;0.3363789;0.4819076;0.2973894;0.4839444;538.7;0.2591121;False;11/23/2025 9:17:56 AM:246;1763860676246;;
543;440;0.3346123;0.4819205;0.2973936;0.4839483;537.0;0.2591244;False;11/23/2025 9:17:56 AM:267;1763860676267;;
544;446;0.3353254;0.4883445;0.3583503;0.5894181;532.9;0.2503634;False;11/23/2025 9:17:56 AM:287;1763860676287;;
544;447;0.3352514;0.4895878;0.3269328;0.5408146;529.3;0.2509045;False;11/23/2025 9:17:56 AM:307;1763860676307;;
545;452;0.3360305;0.4949668;0.3605898;0.5911448;526.2;0.2592531;False;11/23/2025 9:17:56 AM:329;1763860676329;;
546;455;0.336371;0.498044;0.3534476;0.5755314;523.4;0.259779;False;11/23/2025 9:17:56 AM:349;1763860676349;;
577;455;0.3555387;0.4987907;0.4714117;0.5460536;522.4;0.2568886;False;11/23/2025 9:17:56 AM:372;1763860676372;;
577;459;0.3558548;0.5026084;0.3709484;0.587409;523.1;0.2536739;False;11/23/2025 9:17:56 AM:394;1763860676394;;
601;462;0.3702433;0.5061228;0.4745928;0.5944106;523.4;0.264139;False;11/23/2025 9:17:56 AM:416;1763860676416;;
622;462;0.3834746;0.5063068;0.4876417;0.5213949;523.7;0.2643338;False;11/23/2025 9:17:56 AM:434;1763860676434;;
615;462;0.3789532;0.5064809;0.318459;0.5239787;523.3;0.2474698;False;11/23/2025 9:17:56 AM:456;1763860676456;;
608;463;0.374762;0.5065899;0.3135158;0.5141015;523.0;0.2475767;False;11/23/2025 9:17:56 AM:474;1763860676474;;
876;453;0.539727;0.4963451;0.8015884;0.4022314;523.0;0.2650045;False;11/23/2025 9:17:56 AM:501;1763860676501;;
870;471;0.5363238;0.5160288;0.481948;0.6852245;522.8;0.2595579;False;11/23/2025 9:17:56 AM:523;1763860676523;;
869;474;0.5353214;0.5194461;0.5252492;0.6016563;522.6;0.2605239;False;11/23/2025 9:17:56 AM:542;1763860676542;;
835;475;0.5146164;0.5206389;0.3548721;0.5722777;522.5;0.2473756;False;11/23/2025 9:17:56 AM:568;1763860676568;;
960;461;0.5911382;0.5051768;0.7809153;0.3711415;519.3;0.2842068;False;11/23/2025 9:17:56 AM:588;1763860676588;;
945;464;0.5822523;0.5085065;0.4254017;0.5893238;517.4;0.2614444;False;11/23/2025 9:17:56 AM:609;1763860676609;;
924;467;0.5689937;0.5112821;0.3966325;0.591392;515.7;0.2616312;False;11/23/2025 9:17:56 AM:628;1763860676628;;
925;467;0.5696573;0.5113063;0.5745518;0.5414931;515.7;0.2771841;False;11/23/2025 9:17:56 AM:648;1763860676648;;
926;467;0.5707506;0.5113964;0.5798204;0.5347593;515.8;0.277354;False;11/23/2025 9:17:56 AM:668;1763860676668;;
924;467;0.569198;0.5114257;0.5484717;0.513045;513.4;0.2612378;False;11/23/2025 9:17:56 AM:689;1763860676689;;
922;481;0.568167;0.5270655;0.4829629;0.682773;514.2;0.2661745;False;11/23/2025 9:17:56 AM:711;1763860676711;;
921;493;0.5672425;0.5401033;0.4830041;0.6827683;514.8;0.2661967;False;11/23/2025 9:17:56 AM:733;1763860676733;;
879;494;0.5415615;0.5406714;0.3660188;0.5881099;513.7;0.2700478;False;11/23/2025 9:17:56 AM:754;1763860676754;;
848;494;0.5222465;0.5408207;0.3645016;0.5784834;512.7;0.270232;False;11/23/2025 9:17:56 AM:774;1763860676774;;
831;496;0.5117545;0.5431076;0.3902109;0.6188042;509.5;0.2707993;False;11/23/2025 9:17:56 AM:794;1763860676794;;
817;498;0.5035577;0.5449842;0.3902722;0.6188749;506.6;0.2708996;False;11/23/2025 9:17:56 AM:813;1763860676813;;
800;498;0.4930018;0.5452845;0.3751114;0.5917947;506.6;0.2594438;False;11/23/2025 9:17:56 AM:834;1763860676834;;
799;501;0.492314;0.5488563;0.4771532;0.6404678;507.9;0.2602607;False;11/23/2025 9:17:56 AM:856;1763860676856;;
798;501;0.4918616;0.5491919;0.4822924;0.5997221;509.1;0.2602107;False;11/23/2025 9:17:56 AM:878;1763860676878;;
778;502;0.4796264;0.5493793;0.3621036;0.5971771;509.4;0.2675296;False;11/23/2025 9:17:56 AM:900;1763860676900;;
770;504;0.4742747;0.5520571;0.3891433;0.6365712;511.3;0.260601;False;11/23/2025 9:17:56 AM:922;1763860676922;;
763;506;0.4700093;0.5542441;0.389132;0.6365548;512.9;0.2605755;False;11/23/2025 9:17:56 AM:943;1763860676943;;
748;506;0.4611208;0.5545106;0.3579784;0.5924156;513.5;0.2574827;False;11/23/2025 9:17:56 AM:964;1763860676964;;
735;507;0.4527169;0.5548624;0.3492469;0.5791126;516.3;0.2669542;False;11/23/2025 9:17:56 AM:985;1763860676985;;
724;507;0.4458489;0.5551681;0.3517922;0.5828154;518.8;0.2669659;False;11/23/2025 9:17:57 AM:7;1763860677007;;
723;510;0.4456497;0.5586273;0.4084309;0.6524997;521.7;0.2611816;False;11/23/2025 9:17:57 AM:27;1763860677027;;
720;511;0.4437239;0.559414;0.3787598;0.622275;521.0;0.2700821;False;11/23/2025 9:17:57 AM:48;1763860677048;;
719;513;0.4432966;0.5615326;0.3938861;0.6455238;520.5;0.2701178;False;11/23/2025 9:17:57 AM:67;1763860677067;;
718;513;0.442233;0.5620615;0.3851653;0.6225159;520.5;0.2594984;False;11/23/2025 9:17:57 AM:88;1763860677088;;
709;513;0.4367744;0.5623556;0.3468121;0.574609;521.1;0.2578551;False;11/23/2025 9:17:57 AM:109;1763860677109;;
703;514;0.4334118;0.5626898;0.3572926;0.5885367;521.7;0.2578826;False;11/23/2025 9:17:57 AM:131;1763860677131;;
677;508;0.4170399;0.5563029;0.2880096;0.4826132;522.6;0.2511761;False;11/23/2025 9:17:57 AM:153;1763860677153;;
667;507;0.4109009;0.555424;0.3183986;0.5318931;523.4;0.2515171;False;11/23/2025 9:17:57 AM:174;1763860677174;;
666;507;0.4104938;0.5554354;0.3625181;0.5836179;524.7;0.2401928;False;11/23/2025 9:17:57 AM:194;1763860677194;;
663;507;0.4086841;0.5555105;0.3450772;0.5603903;525.9;0.2404968;False;11/23/2025 9:17:57 AM:215;1763860677215;;
663;508;0.408502;0.5558293;0.3696975;0.5923835;528.3;0.240915;False;11/23/2025 9:17:57 AM:237;1763860677237;;
662;508;0.4078932;0.5559127;0.3570704;0.5764586;529.6;0.2370332;False;11/23/2025 9:17:57 AM:259;1763860677259;;
655;507;0.403684;0.5551838;0.3231795;0.5333949;533.6;0.2421729;False;11/23/2025 9:17:57 AM:281;1763860677281;;
645;505;0.3974293;0.5528101;0.3021132;0.5019918;537.1;0.2444302;False;11/23/2025 9:17:57 AM:301;1763860677301;;
644;505;0.3968814;0.5532964;0.3703854;0.5875137;540.6;0.2316604;False;11/23/2025 9:17:57 AM:323;1763860677323;;
633;502;0.389845;0.5502937;0.2935105;0.491896;546.8;0.2215943;False;11/23/2025 9:17:57 AM:344;1763860677344;;
622;500;0.383397;0.5471619;0.2874003;0.4824491;552.4;0.2224939;False;11/23/2025 9:17:57 AM:363;1763860677363;;
606;494;0.3736567;0.5406695;0.2652788;0.4470915;557.3;0.2142213;False;11/23/2025 9:17:57 AM:384;1763860677384;;
591;487;0.3641852;0.5338663;0.2547422;0.4323295;561.7;0.2149066;False;11/23/2025 9:17:57 AM:403;1763860677403;;
724;488;0.4459789;0.5349592;0.6539214;0.5722524;566.8;0.1971928;False;11/23/2025 9:17:57 AM:424;1763860677424;;
757;522;0.4664567;0.5713483;0.5506942;0.7765474;570.8;0.1964474;False;11/23/2025 9:17:57 AM:448;1763860677448;;
814;552;0.501457;0.604112;0.6241117;0.8050987;574.5;0.1980842;False;11/23/2025 9:17:57 AM:469;1763860677469;;
816;566;0.5028983;0.6197419;0.5153619;0.7620729;577.5;0.1948805;False;11/23/2025 9:17:57 AM:488;1763860677488;;
884;597;0.5448005;0.6542176;0.6825634;0.8612307;579.9;0.1687365;True;11/23/2025 9:17:57 AM:510;1763860677510;;
944;621;0.5814824;0.6794634;0.7053277;0.8554248;582.0;0.1690033;True;11/23/2025 9:17:57 AM:531;1763860677531;;
992;637;0.6110326;0.6976202;0.7177731;0.8471779;580.7;0.1865867;False;11/23/2025 9:17:57 AM:552;1763860677552;;
1021;646;0.6289413;0.7068058;0.6981265;0.8056328;584.9;0.1770058;False;11/23/2025 9:17:57 AM:577;1763860677577;;
1103;649;0.6794987;0.7104191;0.8304101;0.7818343;588.8;0.1751777;False;11/23/2025 9:17:57 AM:597;1763860677597;;
1101;649;0.6780387;0.71066;0.6648659;0.7304675;595.5;0.1658755;True;11/23/2025 9:17:57 AM:618;1763860677618;;
1099;649;0.6772904;0.7108948;0.6695356;0.73213;601.5;0.1666979;True;11/23/2025 9:17:57 AM:637;1763860677637;;
1087;650;0.6694633;0.7113479;0.5398008;0.7399767;605.6;0.1514966;True;11/23/2025 9:17:57 AM:658;1763860677658;;
1076;650;0.6626659;0.7117621;0.540186;0.7399727;609.3;0.1518467;True;11/23/2025 9:17:57 AM:680;1763860677680;;
1019;649;0.627661;0.7101081;0.4317725;0.6662527;606.1;0.1938822;False;11/23/2025 9:17:57 AM:700;1763860677700;;
976;648;0.601082;0.7099647;0.4341227;0.6980245;609.0;0.1786608;False;11/23/2025 9:17:57 AM:723;1763860677723;;
945;648;0.5821971;0.7098845;0.4354494;0.7002949;611.6;0.1792472;False;11/23/2025 9:17:57 AM:743;1763860677743;;
917;648;0.5647817;0.7096912;0.4313667;0.6942303;616.5;0.1686153;True;11/23/2025 9:17:57 AM:766;1763860677766;;
892;646;0.5496569;0.7077475;0.4236955;0.6556584;617.8;0.1720292;False;11/23/2025 9:17:57 AM:788;1763860677788;;
882;642;0.5436367;0.7025512;0.4527922;0.6138968;629.5;0.2370329;False;11/23/2025 9:17:57 AM:808;1763860677808;;
875;635;0.5392923;0.6953747;0.4575871;0.5897005;640.0;0.2375769;False;11/23/2025 9:17:57 AM:829;1763860677829;;
871;630;0.5363405;0.6898192;0.4640756;0.5949929;649.4;0.2119446;False;11/23/2025 9:17:57 AM:851;1763860677851;;
848;626;0.5225181;0.6854392;0.3983895;0.5961653;657.8;0.2121309;False;11/23/2025 9:17:57 AM:870;1763860677870;;
838;626;0.5160136;0.6853837;0.4254855;0.6812982;675.9;0.2088323;False;11/23/2025 9:17:57 AM:893;1763860677893;;
832;623;0.5125746;0.6826518;0.4370181;0.6086411;684.5;0.1711774;False;11/23/2025 9:17:57 AM:913;1763860677913;;
823;623;0.5072238;0.6822957;0.4206377;0.6445364;692.1;0.1721557;False;11/23/2025 9:17:57 AM:935;1763860677935;;
823;626;0.5070893;0.6857685;0.4630845;0.7417028;693.0;0.1697533;True;11/23/2025 9:17:57 AM:958;1763860677958;;
908;621;0.5595053;0.680514;0.7184508;0.5890378;684.2;0.146506;True;11/23/2025 9:17:57 AM:981;1763860677981;;
933;622;0.5748363;0.6807715;0.6608812;0.6926113;676.2;0.1483518;True;11/23/2025 9:17:58 AM:1;1763860678001;;
925;626;0.5700364;0.6854208;0.4733765;0.7571867;668.6;0.1764506;False;11/23/2025 9:17:58 AM:22;1763860678022;;
909;627;0.5601704;0.6862506;0.4397329;0.7154697;661.7;0.1767611;False;11/23/2025 9:17:58 AM:42;1763860678042;;
922;640;0.5682892;0.7005603;0.622371;0.8321801;655.7;0.1810382;False;11/23/2025 9:17:58 AM:65;1763860678065;;
941;653;0.5798749;0.7149869;0.6503376;0.8502268;652.0;0.193261;False;11/23/2025 9:17:58 AM:87;1763860678087;;
955;659;0.5883014;0.7218262;0.6513343;0.8221188;648.6;0.1932766;False;11/23/2025 9:17:58 AM:106;1763860678106;;
967;660;0.5954858;0.7224554;0.6503088;0.7543517;644.2;0.1839943;False;11/23/2025 9:17:58 AM:128;1763860678128;;
966;661;0.5950974;0.7236151;0.5765002;0.7689047;637.2;0.178804;False;11/23/2025 9:17:58 AM:148;1763860678148;;
952;661;0.5863845;0.7236212;0.4848283;0.7336498;630.9;0.179187;False;11/23/2025 9:17:58 AM:169;1763860678169;;
941;661;0.5799116;0.7238502;0.4912048;0.7481679;625.2;0.18222;False;11/23/2025 9:17:58 AM:190;1763860678190;;
859;642;0.5294747;0.7025243;0.3292636;0.5383061;619.5;0.1812898;False;11/23/2025 9:17:58 AM:210;1763860678210;;
800;626;0.4927423;0.6854903;0.32946;0.5385547;614.4;0.1815584;False;11/23/2025 9:17:58 AM:230;1763860678230;;
748;610;0.4608462;0.6676025;0.322952;0.52463;612.3;0.1873638;False;11/23/2025 9:17:58 AM:254;1763860678254;;
712;598;0.4386013;0.65479;0.3231023;0.5285575;608.7;0.1850592;False;11/23/2025 9:17:58 AM:277;1763860678277;;
690;590;0.4254338;0.6459346;0.3352975;0.5353791;605.4;0.1858908;False;11/23/2025 9:17:58 AM:298;1763860678298;;
643;564;0.3959921;0.6176047;0.2626306;0.4258745;605.2;0.1837983;False;11/23/2025 9:17:58 AM:320;1763860678320;;
596;539;0.3673463;0.5904578;0.2424915;0.408253;604.8;0.1875354;False;11/23/2025 9:17:58 AM:343;1763860678343;;
565;522;0.3484973;0.571597;0.2423985;0.4081319;604.5;0.1873854;False;11/23/2025 9:17:58 AM:363;1763860678363;;
528;497;0.3256052;0.5438533;0.2108596;0.3505594;601.1;0.1976722;False;11/23/2025 9:17:58 AM:384;1763860678384;;
494;474;0.3043253;0.5186248;0.1967073;0.3372109;598.3;0.232549;False;11/23/2025 9:17:58 AM:405;1763860678405;;
475;460;0.2928063;0.5042797;0.2117092;0.358453;595.8;0.2330172;False;11/23/2025 9:17:58 AM:423;1763860678423;;
464;451;0.2861365;0.4941837;0.2271146;0.3712565;593.6;0.2333223;False;11/23/2025 9:17:58 AM:443;1763860678443;;
442;436;0.2722977;0.4770637;0.1851032;0.3231304;590.1;0.2260837;False;11/23/2025 9:17:58 AM:464;1763860678464;;
440;435;0.271486;0.476163;0.2571955;0.436647;585.9;0.2442951;False;11/23/2025 9:17:58 AM:487;1763860678487;;
439;434;0.2708444;0.4754311;0.2571707;0.4366121;582.1;0.2442378;False;11/23/2025 9:17:58 AM:508;1763860678508;;
439;434;0.2704747;0.4751256;0.260338;0.4455113;580.2;0.241741;False;11/23/2025 9:17:58 AM:529;1763860678529;;
439;434;0.2705691;0.4750929;0.2799757;0.4711785;577.3;0.2349386;False;11/23/2025 9:17:58 AM:551;1763860678551;;
439;434;0.2706426;0.4750676;0.2800293;0.4712533;574.7;0.2350825;False;11/23/2025 9:17:58 AM:569;1763860678569;;
440;435;0.2712837;0.4761254;0.3032758;0.5095826;573.2;0.2373611;False;11/23/2025 9:17:58 AM:590;1763860678590;;
444;438;0.2734556;0.4793018;0.3245978;0.5431011;569.3;0.234305;False;11/23/2025 9:17:58 AM:611;1763860678611;;
446;440;0.2752382;0.4818903;0.324776;0.5433565;565.9;0.2347266;False;11/23/2025 9:17:58 AM:630;1763860678630;;
447;440;0.2753666;0.4818708;0.2849888;0.4772741;565.6;0.2558952;False;11/23/2025 9:17:58 AM:652;1763860678652;;
452;444;0.2786871;0.4864583;0.3390211;0.5656487;564.9;0.2469143;False;11/23/2025 9:17:58 AM:673;1763860678673;;
454;446;0.2801123;0.4885296;0.3269686;0.547772;564.2;0.2473582;False;11/23/2025 9:17:58 AM:693;1763860678693;;
459;449;0.282669;0.4913068;0.3392887;0.558118;562.2;0.2495843;False;11/23/2025 9:17:58 AM:715;1763860678715;;
459;449;0.2831143;0.4918067;0.3173358;0.5258993;561.0;0.2530726;False;11/23/2025 9:17:58 AM:738;1763860678738;;
460;449;0.2834503;0.4921827;0.3174311;0.5260358;560.0;0.2533221;False;11/23/2025 9:17:58 AM:758;1763860678758;;
462;451;0.2844999;0.4935509;0.3293793;0.5480967;562.1;0.2363466;False;11/23/2025 9:17:58 AM:778;1763860678778;;
462;451;0.2846864;0.4938911;0.3163216;0.52816;563.9;0.2367787;False;11/23/2025 9:17:58 AM:801;1763860678801;;
462;451;0.28503;0.4941484;0.3202618;0.5274118;562.2;0.2317625;False;11/23/2025 9:17:58 AM:823;1763860678823;;
463;451;0.2852593;0.4942412;0.3029922;0.503517;558.9;0.2412661;False;11/23/2025 9:17:58 AM:845;1763860678845;;
463;451;0.285378;0.4943199;0.3076702;0.5053463;555.9;0.2416084;False;11/23/2025 9:17:58 AM:865;1763860678865;;
463;451;0.2852877;0.4940576;0.2827133;0.4822761;555.5;0.255712;False;11/23/2025 9:17:58 AM:887;1763860678887;;
463;451;0.2852193;0.4938506;0.2828231;0.4824335;555.1;0.2560571;False;11/23/2025 9:17:58 AM:907;1763860678907;;
464;452;0.2860408;0.4949002;0.3234699;0.5410705;553.6;0.2529886;False;11/23/2025 9:17:58 AM:928;1763860678928;;
467;454;0.2879121;0.497212;0.338448;0.5634799;554.9;0.270223;False;11/23/2025 9:17:58 AM:949;1763860678949;;
468;455;0.2886648;0.4981351;0.327945;0.5471317;556.1;0.2710758;False;11/23/2025 9:17:58 AM:969;1763860678969;;
470;456;0.2897761;0.4993027;0.3335142;0.5524923;555.4;0.2562892;False;11/23/2025 9:17:58 AM:991;1763860678991;;
477;460;0.2937916;0.5033793;0.3622557;0.5908426;555.2;0.2748927;False;11/23/2025 9:17:59 AM:13;1763860679013;;
482;463;0.2970491;0.5067188;0.3623066;0.5909059;555.0;0.2750785;False;11/23/2025 9:17:59 AM:34;1763860679034;;
484;464;0.2981114;0.5080572;0.3451954;0.5715206;551.4;0.2575603;False;11/23/2025 9:17:59 AM:56;1763860679056;;
484;464;0.2982609;0.5080887;0.3033719;0.5094889;552.1;0.2653217;False;11/23/2025 9:17:59 AM:76;1763860679076;;
484;464;0.2983992;0.5081208;0.3034914;0.5096567;552.8;0.2657796;False;11/23/2025 9:17:59 AM:98;1763860679098;;
490;468;0.301806;0.5123107;0.3643101;0.60035;549.7;0.2509148;False;11/23/2025 9:17:59 AM:121;1763860679121;;
490;468;0.3022841;0.5130123;0.3386166;0.5638046;550.3;0.2635572;False;11/23/2025 9:17:59 AM:143;1763860679143;;
491;469;0.3026878;0.5136003;0.3389085;0.5642245;551.0;0.2645628;False;11/23/2025 9:17:59 AM:163;1763860679163;;
491;469;0.302886;0.5136721;0.311665;0.5170318;550.5;0.258371;False;11/23/2025 9:17:59 AM:185;1763860679185;;
490;468;0.3022873;0.5125014;0.2904562;0.4860868;551.9;0.2494338;False;11/23/2025 9:17:59 AM:208;1763860679208;;
491;468;0.302415;0.5125924;0.3131184;0.5212353;553.2;0.248731;False;11/23/2025 9:17:59 AM:228;1763860679228;;
491;469;0.3028202;0.5131583;0.3329834;0.5548289;552.0;0.2699919;False;11/23/2025 9:17:59 AM:250;1763860679250;;
491;469;0.3028245;0.5132787;0.3234575;0.5427986;554.0;0.2583407;False;11/23/2025 9:17:59 AM:276;1763860679276;;
491;469;0.3028286;0.5133651;0.3234265;0.5427542;555.8;0.2582306;False;11/23/2025 9:17:59 AM:296;1763860679296;;
491;469;0.3029391;0.5133842;0.3092923;0.5145136;557.3;0.2662365;False;11/23/2025 9:17:59 AM:318;1763860679318;;
491;468;0.3027729;0.5129646;0.2969528;0.496551;558.6;0.2664714;False;11/23/2025 9:17:59 AM:338;1763860679338;;
491;469;0.3028398;0.5131485;0.3217174;0.5408211;558.1;0.2619941;False;11/23/2025 9:17:59 AM:360;1763860679360;;
488;466;0.300834;0.5102082;0.2701514;0.4577866;560.9;0.2902185;False;11/23/2025 9:17:59 AM:383;1763860679383;;
488;466;0.3008507;0.5101628;0.3020812;0.5062958;563.5;0.2900089;False;11/23/2025 9:17:59 AM:406;1763860679406;;
494;470;0.3044658;0.5146929;0.3621174;0.5983834;560.4;0.2653178;False;11/23/2025 9:17:59 AM:428;1763860679428;;
508;477;0.312912;0.5221866;0.3969815;0.6287979;561.1;0.2694291;False;11/23/2025 9:17:59 AM:451;1763860679451;;
515;481;0.3172665;0.5271373;0.3808578;0.6179221;561.8;0.270491;False;11/23/2025 9:17:59 AM:473;1763860679473;;
520;484;0.320408;0.5300029;0.3766676;0.6041313;563.8;0.2643317;False;11/23/2025 9:17:59 AM:496;1763860679496;;
541;490;0.3335411;0.5371857;0.4390171;0.6493708;562.1;0.2577445;False;11/23/2025 9:17:59 AM:519;1763860679519;;
541;491;0.3336164;0.5373337;0.3546946;0.5752656;562.0;0.2631271;False;11/23/2025 9:17:59 AM:541;1763860679541;;
543;492;0.3348116;0.5393043;0.3756228;0.6100174;561.8;0.2630258;False;11/23/2025 9:17:59 AM:563;1763860679563;;
564;502;0.3475369;0.5500491;0.4545906;0.6896985;560.3;0.2714427;False;11/23/2025 9:17:59 AM:584;1763860679584;;
564;502;0.3476249;0.5502313;0.3623948;0.5941075;558.6;0.2563001;False;11/23/2025 9:17:59 AM:608;1763860679608;;
564;503;0.347695;0.5508498;0.3689019;0.6061742;557.2;0.255836;False;11/23/2025 9:17:59 AM:629;1763860679629;;
567;506;0.3494554;0.5539126;0.3969205;0.6420128;553.8;0.2586656;False;11/23/2025 9:17:59 AM:651;1763860679651;;
570;507;0.3514586;0.5550495;0.4011951;0.620939;554.0;0.2560795;False;11/23/2025 9:17:59 AM:673;1763860679673;;
573;508;0.3529788;0.5559115;0.4018707;0.6212386;554.3;0.2567507;False;11/23/2025 9:17:59 AM:693;1763860679693;;
572;508;0.3524173;0.5560637;0.3396129;0.5616988;553.4;0.2635995;False;11/23/2025 9:17:59 AM:713;1763860679713;;
568;506;0.3499931;0.5544021;0.3130324;0.519942;552.6;0.2645041;False;11/23/2025 9:17:59 AM:733;1763860679733;;
568;506;0.3499809;0.5546106;0.349388;0.5736648;552.3;0.2738917;False;11/23/2025 9:17:59 AM:754;1763860679754;;
567;506;0.3497031;0.5546463;0.3394986;0.5565014;552.0;0.2745473;False;11/23/2025 9:17:59 AM:773;1763860679773;;
568;507;0.3497775;0.5548131;0.3655472;0.5910082;552.8;0.2713325;False;11/23/2025 9:17:59 AM:794;1763860679794;;
570;509;0.3510822;0.5577989;0.3893695;0.6379753;551.0;0.2570862;False;11/23/2025 9:17:59 AM:817;1763860679817;;
571;511;0.3520954;0.5601081;0.3894499;0.6380908;549.3;0.2573586;False;11/23/2025 9:17:59 AM:837;1763860679837;;
565;508;0.3479253;0.5560456;0.298162;0.4961465;550.3;0.2641793;False;11/23/2025 9:17:59 AM:858;1763860679858;;
564;508;0.3475631;0.556067;0.3352357;0.5572212;548.9;0.2627112;False;11/23/2025 9:17:59 AM:878;1763860679878;;
563;508;0.347253;0.5560917;0.3354853;0.557574;547.7;0.2635907;False;11/23/2025 9:17:59 AM:899;1763860679899;;
578;519;0.356179;0.5680852;0.4411671;0.7061695;545.5;0.2411567;False;11/23/2025 9:17:59 AM:922;1763860679922;;
579;520;0.3568387;0.5690363;0.384293;0.6205505;546.4;0.2555956;False;11/23/2025 9:17:59 AM:943;1763860679943;;
580;520;0.3574434;0.5699082;0.384519;0.6208109;547.2;0.2559871;False;11/23/2025 9:17:59 AM:965;1763860679965;;
580;521;0.3574401;0.5700669;0.3572223;0.5832355;544.7;0.2599578;False;11/23/2025 9:17:59 AM:988;1763860679988;;
577;519;0.3555023;0.5684475;0.322386;0.5337303;545.2;0.2678489;False;11/23/2025 9:18:00 AM:11;1763860680011;;
572;516;0.3524033;0.5653149;0.3073379;0.5099376;545.6;0.2682806;False;11/23/2025 9:18:00 AM:33;1763860680033;;
572;516;0.3525008;0.5656041;0.3630227;0.5947093;543.5;0.2524172;False;11/23/2025 9:18:00 AM:54;1763860680054;;
570;516;0.3515862;0.5650069;0.3281116;0.544494;542.7;0.2635206;False;11/23/2025 9:18:00 AM:80;1763860680080;;
550;504;0.3388321;0.5515824;0.245417;0.4268681;542.3;0.2498412;False;11/23/2025 9:18:00 AM:101;1763860680101;;
525;487;0.3232845;0.5338902;0.2142825;0.3796988;541.9;0.2517484;False;11/23/2025 9:18:00 AM:122;1763860680122;;
506;476;0.3120691;0.5211797;0.2219416;0.3925513;541.5;0.2520255;False;11/23/2025 9:18:00 AM:143;1763860680143;;
494;468;0.3045658;0.5128669;0.2296782;0.4060467;543.6;0.2429741;False;11/23/2025 9:18:00 AM:164;1763860680164;;
484;462;0.2984101;0.506067;0.2341614;0.4134853;547.0;0.2582851;False;11/23/2025 9:18:00 AM:190;1763860680190;;
481;460;0.296551;0.5038539;0.2567714;0.4432804;547.9;0.2272823;False;11/23/2025 9:18:00 AM:212;1763860680212;;
479;459;0.2952921;0.5024618;0.2604531;0.4504847;548.7;0.2281851;False;11/23/2025 9:18:00 AM:234;1763860680234;;
473;455;0.2918262;0.4985861;0.2352874;0.4155418;548.0;0.2450598;False;11/23/2025 9:18:00 AM:256;1763860680256;;
470;453;0.2897785;0.4963483;0.2473573;0.4333465;548.4;0.2442935;False;11/23/2025 9:18:00 AM:283;1763860680283;;
469;452;0.2890455;0.4955819;0.257208;0.4475781;548.7;0.245034;False;11/23/2025 9:18:00 AM:305;1763860680305;;
464;449;0.286141;0.4921491;0.2329796;0.4116009;548.2;0.2494857;False;11/23/2025 9:18:00 AM:331;1763860680331;;
461;447;0.2839301;0.4894797;0.2332596;0.4116364;549.8;0.2295667;False;11/23/2025 9:18:00 AM:353;1763860680353;;
458;445;0.2823611;0.4876313;0.2356645;0.41592;551.4;0.2506073;False;11/23/2025 9:18:00 AM:374;1763860680374;;
456;444;0.2810849;0.4861235;0.2358438;0.4162581;552.8;0.2514476;False;11/23/2025 9:18:00 AM:395;1763860680395;;
450;439;0.2776081;0.4813141;0.2147762;0.3803819;551.2;0.2503547;False;11/23/2025 9:18:00 AM:418;1763860680418;;
447;437;0.2753103;0.4782315;0.2195421;0.3889858;551.7;0.2496385;False;11/23/2025 9:18:00 AM:441;1763860680441;;
442;433;0.2726359;0.4745274;0.2130198;0.3781414;552.1;0.25049;False;11/23/2025 9:18:00 AM:465;1763860680465;;
442;433;0.2724165;0.4741011;0.2648012;0.456728;550.2;0.2427445;False;11/23/2025 9:18:00 AM:488;1763860680488;;
440;432;0.2715342;0.4730217;0.2300857;0.4067264;551.5;0.2336504;False;11/23/2025 9:18:00 AM:512;1763860680512;;
440;432;0.2713685;0.4726653;0.2656685;0.4582099;550.8;0.2394929;False;11/23/2025 9:18:00 AM:536;1763860680536;;
440;431;0.2711058;0.4724268;0.2398652;0.4228652;550.1;0.2405724;False;11/23/2025 9:18:00 AM:557;1763860680557;;
438;430;0.2697479;0.4705967;0.2232064;0.3953008;549.3;0.2355461;False;11/23/2025 9:18:00 AM:579;1763860680579;;
434;427;0.2677769;0.4677991;0.2137402;0.3794512;548.5;0.2362913;False;11/23/2025 9:18:00 AM:602;1763860680602;;
433;426;0.2671072;0.4669141;0.2273352;0.4017769;548.3;0.2330442;False;11/23/2025 9:18:00 AM:626;1763860680626;;
433;426;0.2669895;0.4668501;0.2353292;0.4155785;548.1;0.239778;False;11/23/2025 9:18:00 AM:650;1763860680650;;
433;426;0.2668919;0.4667964;0.2353321;0.415583;548.0;0.2400877;False;11/23/2025 9:18:00 AM:672;1763860680672;;
433;426;0.2669547;0.4666581;0.2684173;0.4628075;549.9;0.2439949;False;11/23/2025 9:18:00 AM:697;1763860680697;;
436;428;0.2690247;0.468745;0.2952791;0.5010613;550.7;0.2497019;False;11/23/2025 9:18:00 AM:724;1763860680724;;
435;427;0.2682096;0.4677258;0.2324319;0.4107041;551.3;0.2374586;False;11/23/2025 9:18:00 AM:747;1763860680747;;
431;424;0.2655942;0.4639859;0.2122021;0.37683;553.4;0.2567024;False;11/23/2025 9:18:00 AM:773;1763860680773;;
428;421;0.2635859;0.4610877;0.2104661;0.3739305;555.3;0.2573147;False;11/23/2025 9:18:00 AM:794;1763860680794;;
427;421;0.2635333;0.4610813;0.2371698;0.4178381;555.5;0.2481868;False;11/23/2025 9:18:00 AM:818;1763860680818;;
427;421;0.2635032;0.4610389;0.2375842;0.4190694;556.6;0.2493287;False;11/23/2025 9:18:00 AM:840;1763860680840;;
427;421;0.2633658;0.4609044;0.2345086;0.4140174;557.5;0.249892;False;11/23/2025 9:18:00 AM:861;1763860680861;;
429;421;0.2642331;0.4615504;0.2805537;0.4770375;558.8;0.2372969;False;11/23/2025 9:18:00 AM:884;1763860680884;;
428;421;0.2637224;0.4609056;0.2303234;0.4070933;559.7;0.2568689;False;11/23/2025 9:18:00 AM:904;1763860680904;;
427;420;0.263387;0.4604989;0.2320498;0.4100306;560.4;0.2574214;False;11/23/2025 9:18:00 AM:924;1763860680924;;
427;420;0.2632398;0.4603415;0.236452;0.4166441;558.7;0.2449842;False;11/23/2025 9:18:00 AM:948;1763860680948;;
427;420;0.2631587;0.4602161;0.2429374;0.4253831;556.7;0.2438293;False;11/23/2025 9:18:00 AM:971;1763860680971;;
427;420;0.2631168;0.460069;0.2614606;0.4532583;554.9;0.2445891;False;11/23/2025 9:18:00 AM:993;1763860680993;;
422;416;0.2603305;0.4559309;0.2044712;0.3637299;556.6;0.2418832;False;11/23/2025 9:18:01 AM:15;1763860681015;;
420;414;0.258855;0.4537806;0.2131836;0.3784025;558.1;0.2416354;False;11/23/2025 9:18:01 AM:39;1763860681039;;
419;413;0.2581641;0.4528129;0.2205285;0.3907807;558.8;0.2487551;False;11/23/2025 9:18:01 AM:61;1763860681061;;
418;413;0.2575059;0.4518776;0.2192156;0.3885638;555.9;0.2434656;False;11/23/2025 9:18:01 AM:83;1763860681083;;
418;412;0.2574576;0.4518593;0.2301525;0.4067373;556.7;0.2487195;False;11/23/2025 9:18:01 AM:107;1763860681107;;
418;412;0.2573896;0.4518016;0.2292701;0.4053664;557.4;0.2493822;False;11/23/2025 9:18:01 AM:128;1763860681128;;
417;412;0.2571774;0.4515243;0.2259928;0.3998954;557.9;0.2472712;False;11/23/2025 9:18:01 AM:152;1763860681152;;
417;412;0.2571021;0.4512021;0.254968;0.4391936;558.2;0.2433504;False;11/23/2025 9:18:01 AM:177;1763860681177;;
417;412;0.2569481;0.450906;0.2492582;0.4314786;558.5;0.2438657;False;11/23/2025 9:18:01 AM:201;1763860681201;;
416;411;0.2563609;0.4500948;0.2225905;0.3938873;557.7;0.2365739;False;11/23/2025 9:18:01 AM:224;1763860681224;;
416;411;0.2561892;0.4498188;0.2460638;0.4242665;557.4;0.2264297;False;11/23/2025 9:18:01 AM:250;1763860681250;;
415;411;0.2560453;0.4496917;0.2311537;0.4083901;556.2;0.2271823;False;11/23/2025 9:18:01 AM:272;1763860681272;;
415;410;0.2555557;0.4490135;0.2224566;0.39351;555.2;0.2278038;False;11/23/2025 9:18:01 AM:293;1763860681293;;
414;410;0.255519;0.4489821;0.2326204;0.4108141;555.4;0.2197581;False;11/23/2025 9:18:01 AM:316;1763860681316;;
414;410;0.255393;0.4487417;0.2392968;0.4217338;556.0;0.2282839;False;11/23/2025 9:18:01 AM:341;1763860681341;;
413;409;0.2547877;0.4478482;0.2215284;0.3917691;557.8;0.2322002;False;11/23/2025 9:18:01 AM:366;1763860681366;;
413;408;0.2544007;0.4472845;0.2222314;0.3930705;559.3;0.2322206;False;11/23/2025 9:18:01 AM:387;1763860681387;;
413;408;0.2545184;0.4473175;0.2581632;0.4484946;558.1;0.2178119;False;11/23/2025 9:18:01 AM:409;1763860681409;;
413;408;0.2544513;0.4471915;0.2380454;0.4187662;557.0;0.2180447;False;11/23/2025 9:18:01 AM:427;1763860681427;;
415;409;0.2557711;0.4483106;0.2801628;0.4749897;557.1;0.2080636;False;11/23/2025 9:18:01 AM:449;1763860681449;;
417;410;0.2569389;0.4493117;0.2801613;0.4749875;557.2;0.2080611;False;11/23/2025 9:18:01 AM:471;1763860681471;;
456;433;0.2809381;0.4738859;0.4025247;0.6383815;557.5;0.1648832;True;11/23/2025 9:18:01 AM:494;1763860681494;;
510;457;0.314465;0.5006582;0.4499238;0.6669852;562.5;0.1492788;True;11/23/2025 9:18:01 AM:518;1763860681518;;
554;472;0.3416676;0.5164927;0.4559804;0.6403418;566.2;0.1481687;True;11/23/2025 9:18:01 AM:543;1763860681543;;
583;482;0.3595214;0.5276946;0.4559751;0.6403291;569.5;0.1482284;True;11/23/2025 9:18:01 AM:567;1763860681567;;
601;490;0.37049;0.5368795;0.4438138;0.6402139;572.9;0.1712573;False;11/23/2025 9:18:01 AM:590;1763860681590;;
717;491;0.4419047;0.5372987;0.631269;0.5602033;569.3;0.1837798;False;11/23/2025 9:18:01 AM:614;1763860681614;;
864;496;0.5326309;0.5436248;0.7226799;0.6307921;570.8;0.1889144;False;11/23/2025 9:18:01 AM:639;1763860681639;;
950;498;0.5849951;0.5451398;0.7327089;0.5963757;572.1;0.1888422;False;11/23/2025 9:18:01 AM:659;1763860681659;;
1005;506;0.6192657;0.5544335;0.716352;0.6642659;571.5;0.1832627;False;11/23/2025 9:18:01 AM:684;1763860681684;;
1055;506;0.6499764;0.5547039;0.7435366;0.5835645;567.6;0.2137464;False;11/23/2025 9:18:01 AM:708;1763860681708;;
1123;513;0.6915901;0.5615341;0.8024024;0.6611415;569.6;0.2205931;False;11/23/2025 9:18:01 AM:733;1763860681733;;
1162;517;0.7158216;0.5663847;0.8023583;0.6611729;571.3;0.2205416;False;11/23/2025 9:18:01 AM:754;1763860681754;;
1167;515;0.7188205;0.5643522;0.7356591;0.5235365;569.8;0.2258906;False;11/23/2025 9:18:01 AM:775;1763860681775;;
1171;515;0.721521;0.5643351;0.7375952;0.563301;565.5;0.2242228;False;11/23/2025 9:18:01 AM:800;1763860681800;;
1174;515;0.7232141;0.5643477;0.7364812;0.5830339;561.6;0.2249318;False;11/23/2025 9:18:01 AM:820;1763860681820;;
1180;513;0.7267502;0.5619195;0.7518867;0.5128434;559.3;0.234081;False;11/23/2025 9:18:01 AM:844;1763860681844;;
1189;512;0.7327489;0.5604683;0.7735844;0.5209233;557.2;0.2343504;False;11/23/2025 9:18:01 AM:865;1763860681865;;
1242;514;0.7653426;0.563454;0.8737143;0.6254858;555.7;0.2293688;False;11/23/2025 9:18:01 AM:891;1763860681891;;
1242;515;0.7652771;0.5634792;0.7644941;0.567951;556.1;0.2269623;False;11/23/2025 9:18:01 AM:914;1763860681914;;
1241;515;0.7644506;0.5635017;0.747918;0.5770139;556.4;0.2282296;False;11/23/2025 9:18:01 AM:936;1763860681936;;
1239;514;0.7635302;0.5634317;0.7383739;0.55804;554.2;0.2336897;False;11/23/2025 9:18:01 AM:959;1763860681959;;
1239;514;0.7631453;0.5634322;0.7218586;0.5634934;555.5;0.2252606;False;11/23/2025 9:18:01 AM:983;1763860681983;;
1240;513;0.7639354;0.5618937;0.7735593;0.522628;556.9;0.2307336;False;11/23/2025 9:18:02 AM:8;1763860682008;;
1241;512;0.7645409;0.5606773;0.7735829;0.5226162;558.1;0.2307675;False;11/23/2025 9:18:02 AM:32;1763860682032;;
1243;512;0.7658003;0.5606862;0.7836779;0.5634329;556.4;0.2498837;False;11/23/2025 9:18:02 AM:56;1763860682056;;
1243;512;0.7655479;0.560317;0.7498986;0.5372809;556.6;0.2416685;False;11/23/2025 9:18:02 AM:78;1763860682078;;
1240;512;0.7636756;0.5602645;0.7111776;0.5501179;554.8;0.2314776;False;11/23/2025 9:18:02 AM:102;1763860682102;;
1239;512;0.7634046;0.5604538;0.7284027;0.5757122;553.2;0.2320162;False;11/23/2025 9:18:02 AM:121;1763860682121;;
1239;512;0.7631706;0.5606748;0.752775;0.5773571;551.4;0.232243;False;11/23/2025 9:18:02 AM:143;1763860682143;;
1258;512;0.7749348;0.5607004;0.850126;0.5662918;552.9;0.2135251;False;11/23/2025 9:18:02 AM:167;1763860682167;;
1273;512;0.7844334;0.5607228;0.8503147;0.5661573;554.3;0.2137826;False;11/23/2025 9:18:02 AM:193;1763860682193;;
1264;512;0.7787834;0.5604225;0.7062953;0.541064;555.4;0.2288816;False;11/23/2025 9:18:02 AM:218;1763860682218;;
1247;512;0.7681476;0.5603245;0.6760622;0.5487866;552.0;0.2223921;False;11/23/2025 9:18:02 AM:242;1763860682242;;
1243;512;0.7656562;0.5602404;0.7110463;0.5482336;548.9;0.2234136;False;11/23/2025 9:18:02 AM:264;1763860682264;;
1254;510;0.7727458;0.5587437;0.8336956;0.5121892;550.6;0.2298587;False;11/23/2025 9:18:02 AM:287;1763860682287;;
1256;511;0.7735544;0.5591273;0.7908666;0.5785977;550.0;0.2357682;False;11/23/2025 9:18:02 AM:310;1763860682310;;
1257;511;0.7742409;0.5594606;0.7908733;0.5785943;549.6;0.2357777;False;11/23/2025 9:18:02 AM:333;1763860682333;;
1261;513;0.7766511;0.5621426;0.8138821;0.621252;549.3;0.2458252;False;11/23/2025 9:18:02 AM:356;1763860682356;;
1261;513;0.7766487;0.5621447;0.768892;0.5641591;553.8;0.2411727;False;11/23/2025 9:18:02 AM:378;1763860682378;;
1260;514;0.7764493;0.5624771;0.7596354;0.5855564;557.8;0.2408858;False;11/23/2025 9:18:02 AM:401;1763860682401;;
