X Filtered Pixel; Y Filtered Pixel; X Filtered Normalized; Y Filtered Normalized; X Raw Normalized; Y Raw Normalized; Distance to Camera in mm; Eye Aspect Ratio (Height/Width); Blinking; Timestamp With Milliseconds; Unix Timestamp In Milliseconds; AOI List; Additional Notes
962;387;0.5925208;0.4241981;0.5925208;0.4241981;663.2;0.1653609;True;11/21/2025 5:48:17 PM:365;1763718497365;;
965;399;0.5942162;0.4376217;0.6225467;0.5406302;661.0;0.1558603;True;11/21/2025 5:48:17 PM:402;1763718497402;;
966;400;0.5954365;0.4380529;0.626648;0.4663299;663.9;0.1611707;True;11/21/2025 5:48:17 PM:426;1763718497426;;
966;400;0.5953407;0.4380866;0.5893092;0.4526393;664.7;0.1627423;True;11/21/2025 5:48:17 PM:448;1763718497448;;
954;401;0.5877985;0.4389367;0.5127065;0.4810788;662.6;0.1667063;True;11/21/2025 5:48:17 PM:468;1763718497468;;
953;402;0.5868784;0.4403412;0.5610168;0.4929862;660.8;0.1666884;True;11/21/2025 5:48:17 PM:488;1763718497488;;
951;402;0.5857063;0.4403479;0.5544409;0.458358;658.9;0.1657284;True;11/21/2025 5:48:17 PM:509;1763718497509;;
931;402;0.5735342;0.4407129;0.4751031;0.4746239;653.1;0.1539058;True;11/21/2025 5:48:17 PM:529;1763718497529;;
916;403;0.5640737;0.4410238;0.4750663;0.474614;647.9;0.1538814;True;11/21/2025 5:48:17 PM:549;1763718497549;;
883;403;0.5439403;0.4410297;0.4201464;0.4611994;645.9;0.1534685;True;11/21/2025 5:48:17 PM:569;1763718497569;;
855;403;0.5267838;0.4410684;0.4085714;0.4577257;644.2;0.1533875;True;11/21/2025 5:48:17 PM:587;1763718497587;;
825;403;0.508319;0.4409236;0.4010892;0.4338333;645.6;0.1556236;True;11/21/2025 5:48:17 PM:611;1763718497611;;
804;402;0.4953481;0.4408096;0.4011111;0.4338344;646.9;0.1556389;True;11/21/2025 5:48:17 PM:632;1763718497632;;
798;402;0.4919792;0.4408892;0.4457714;0.4600613;647.5;0.1577927;True;11/21/2025 5:48:17 PM:656;1763718497656;;
787;403;0.4846633;0.4410346;0.4125087;0.4641353;645.5;0.1593221;True;11/21/2025 5:48:17 PM:678;1763718497678;;
778;403;0.4791183;0.4411535;0.4124613;0.4641345;643.7;0.1592913;True;11/21/2025 5:48:17 PM:699;1763718497699;;
773;403;0.4760212;0.4411962;0.4246778;0.4477698;642.1;0.1504945;True;11/21/2025 5:48:17 PM:720;1763718497720;;
769;404;0.47366;0.4426031;0.4270152;0.4957156;640.0;0.1581295;True;11/21/2025 5:48:17 PM:741;1763718497741;;
765;405;0.4716108;0.4438475;0.4269653;0.4957136;638.1;0.1580968;True;11/21/2025 5:48:17 PM:762;1763718497762;;
763;405;0.4703421;0.4437348;0.4341459;0.4382029;638.2;0.1500667;True;11/21/2025 5:48:17 PM:787;1763718497787;;
764;405;0.4704506;0.4437535;0.4751924;0.4599912;638.3;0.1501108;True;11/21/2025 5:48:17 PM:808;1763718497808;;
763;405;0.4704227;0.4437583;0.4617143;0.4610309;638.4;0.1499649;True;11/21/2025 5:48:17 PM:828;1763718497828;;
761;405;0.4686602;0.4438143;0.4269841;0.451445;637.4;0.1469717;True;11/21/2025 5:48:17 PM:852;1763718497852;;
758;405;0.4670264;0.4438208;0.4245082;0.4444072;638.2;0.1507795;True;11/21/2025 5:48:17 PM:874;1763718497874;;
758;405;0.4669617;0.4438544;0.4613656;0.4508598;638.6;0.1597055;True;11/21/2025 5:48:17 PM:893;1763718497893;;
758;405;0.4669234;0.4438797;0.4553904;0.4530431;638.9;0.1596226;True;11/21/2025 5:48:17 PM:913;1763718497913;;
786;406;0.4840549;0.4452861;0.5915835;0.4979636;638.3;0.1526936;True;11/21/2025 5:48:17 PM:933;1763718497933;;
807;408;0.4969786;0.4464662;0.5915441;0.497961;637.8;0.1526672;True;11/21/2025 5:48:17 PM:953;1763718497953;;
825;409;0.5083455;0.4484173;0.587338;0.5079563;640.4;0.1540536;True;11/21/2025 5:48:17 PM:977;1763718497977;;
840;411;0.517553;0.4499941;0.5954326;0.5101475;641.3;0.1187521;True;11/21/2025 5:48:17 PM:999;1763718497999;;
851;412;0.5242744;0.4512286;0.5954112;0.510137;642.0;0.1187506;True;11/21/2025 5:48:18 PM:17;1763718498017;;
856;413;0.5274276;0.4523989;0.5736316;0.5094941;643.6;0.1308804;True;11/21/2025 5:48:18 PM:37;1763718498037;;
860;414;0.5296506;0.4533706;0.5713033;0.5100306;645.1;0.1308559;True;11/21/2025 5:48:18 PM:57;1763718498057;;
879;415;0.5413598;0.4546339;0.6288173;0.5139325;649.3;0.1485531;True;11/21/2025 5:48:18 PM:81;1763718498081;;
921;416;0.5673297;0.4553528;0.7004566;0.5087396;648.2;0.1540701;True;11/21/2025 5:48:18 PM:103;1763718498103;;
943;416;0.5811235;0.4557951;0.6800507;0.5051931;647.2;0.1540434;True;11/21/2025 5:48:18 PM:124;1763718498124;;
960;416;0.5914848;0.4561684;0.6746853;0.5042286;647.0;0.1540051;True;11/21/2025 5:48:18 PM:146;1763718498146;;
985;416;0.6066687;0.4559376;0.7005871;0.4495516;644.6;0.1617314;True;11/21/2025 5:48:18 PM:171;1763718498171;;
1000;416;0.6159518;0.4561203;0.6943773;0.4690202;642.5;0.1617501;True;11/21/2025 5:48:18 PM:194;1763718498194;;
1000;417;0.6163042;0.4566914;0.6318986;0.5030949;643.0;0.1577326;True;11/21/2025 5:48:18 PM:217;1763718498217;;
1005;417;0.6189958;0.456942;0.6633306;0.4965813;642.3;0.1633886;True;11/21/2025 5:48:18 PM:240;1763718498240;;
1008;417;0.6211361;0.4571506;0.6633402;0.4965758;641.7;0.1633706;True;11/21/2025 5:48:18 PM:262;1763718498262;;
1014;417;0.6246804;0.4571603;0.6780005;0.4902255;640.1;0.1618076;True;11/21/2025 5:48:18 PM:285;1763718498285;;
1019;417;0.6277426;0.4572463;0.680189;0.4860076;636.2;0.1547215;True;11/21/2025 5:48:18 PM:307;1763718498307;;
1024;416;0.6308502;0.4552587;0.6855849;0.4161249;635.5;0.162654;True;11/21/2025 5:48:18 PM:329;1763718498329;;
1028;414;0.6334974;0.4535578;0.685612;0.4161124;634.9;0.1626599;True;11/21/2025 5:48:18 PM:351;1763718498351;;
1028;415;0.6335847;0.4546686;0.6421685;0.5036635;633.9;0.1661946;True;11/21/2025 5:48:18 PM:375;1763718498375;;
1029;416;0.6338402;0.4555535;0.658064;0.5046956;632.7;0.1669943;True;11/21/2025 5:48:18 PM:394;1763718498394;;
1038;417;0.6392484;0.4565438;0.7133824;0.5089471;631.6;0.1668926;True;11/21/2025 5:48:18 PM:414;1763718498414;;
1056;417;0.6507;0.4568465;0.7510653;0.4946817;634.2;0.1517892;True;11/21/2025 5:48:18 PM:435;1763718498435;;
1064;417;0.6555924;0.4570315;0.7235092;0.4916273;636.5;0.1517744;True;11/21/2025 5:48:18 PM:459;1763718498459;;
1064;417;0.6554421;0.4566734;0.6503525;0.4437871;640.5;0.1495331;True;11/21/2025 5:48:18 PM:480;1763718498480;;
1064;416;0.6552531;0.4560193;0.6482034;0.4336686;644.2;0.1493486;True;11/21/2025 5:48:18 PM:499;1763718498499;;
1065;417;0.6561965;0.4563335;0.6913952;0.4891346;644.0;0.1565073;True;11/21/2025 5:48:18 PM:521;1763718498521;;
1070;417;0.6589724;0.4567558;0.7134768;0.4935015;645.7;0.158733;True;11/21/2025 5:48:18 PM:543;1763718498543;;
1073;417;0.6611069;0.4570912;0.7134573;0.4934969;647.2;0.1586423;True;11/21/2025 5:48:18 PM:563;1763718498563;;
1078;418;0.6638157;0.4580269;0.7181812;0.506152;645.6;0.1542206;True;11/21/2025 5:48:18 PM:587;1763718498587;;
1077;418;0.663424;0.4581153;0.653085;0.4654125;647.7;0.169716;True;11/21/2025 5:48:18 PM:607;1763718498607;;
1077;417;0.6632087;0.4571617;0.6559817;0.4287871;649.5;0.1697198;True;11/21/2025 5:48:18 PM:627;1763718498627;;
1078;418;0.6638644;0.4575474;0.6962081;0.4922546;649.9;0.1608297;True;11/21/2025 5:48:18 PM:648;1763718498648;;
1079;416;0.6646996;0.4560055;0.7012556;0.4171928;649.3;0.1542418;True;11/21/2025 5:48:18 PM:668;1763718498668;;
1081;415;0.6658837;0.4548112;0.7089159;0.4182373;648.7;0.1542596;True;11/21/2025 5:48:18 PM:687;1763718498687;;
1074;415;0.6618163;0.4548728;0.6166326;0.4707065;649.9;0.1655172;True;11/21/2025 5:48:18 PM:711;1763718498711;;
1076;415;0.6630923;0.4548875;0.7046195;0.4638;647.3;0.1573296;True;11/21/2025 5:48:18 PM:731;1763718498731;;
1084;416;0.6677316;0.4552862;0.7370183;0.4854898;645.0;0.1572629;True;11/21/2025 5:48:18 PM:751;1763718498751;;
1084;415;0.6675231;0.4547029;0.6611261;0.4318702;645.7;0.1656434;True;11/21/2025 5:48:18 PM:774;1763718498774;;
1084;415;0.6678528;0.4546489;0.6947969;0.4489762;646.2;0.1520981;True;11/21/2025 5:48:18 PM:793;1763718498793;;
1089;415;0.6708795;0.4547485;0.730956;0.4715299;646.6;0.1520893;True;11/21/2025 5:48:18 PM:812;1763718498812;;
1090;416;0.6717556;0.4551536;0.7086418;0.4831013;648.7;0.1582186;True;11/21/2025 5:48:18 PM:835;1763718498835;;
1091;416;0.6720946;0.4552085;0.7014717;0.470479;648.1;0.1649526;True;11/21/2025 5:48:18 PM:858;1763718498858;;
1091;416;0.6723554;0.4552511;0.701467;0.4704775;647.5;0.1649403;True;11/21/2025 5:48:18 PM:877;1763718498877;;
1092;416;0.6726115;0.4552934;0.7014541;0.4704731;647.0;0.1649025;True;11/21/2025 5:48:18 PM:900;1763718498900;;
1090;415;0.6713973;0.4548994;0.6496844;0.4364049;647.0;0.1522264;True;11/21/2025 5:48:18 PM:921;1763718498921;;
1090;415;0.6714309;0.4550869;0.6884739;0.4755962;647.6;0.160808;True;11/21/2025 5:48:18 PM:945;1763718498945;;
1090;415;0.6713074;0.4548648;0.6667248;0.4409553;645.8;0.1618822;True;11/21/2025 5:48:18 PM:965;1763718498965;;
1090;415;0.67137;0.4546199;0.6821061;0.4387261;644.2;0.1617547;True;11/21/2025 5:48:18 PM:986;1763718498986;;
1049;415;0.6461562;0.4543857;0.5243368;0.4388444;644.7;0.155253;True;11/21/2025 5:48:19 PM:9;1763718499009;;
1020;415;0.6284431;0.4541952;0.5243298;0.4388364;645.1;0.1552525;True;11/21/2025 5:48:19 PM:30;1763718499030;;
909;414;0.5598417;0.4538286;0.3700944;0.4320105;647.6;0.1549285;True;11/21/2025 5:48:19 PM:53;1763718499053;;
782;414;0.4816427;0.453828;0.2865853;0.4517673;646.6;0.1537364;True;11/21/2025 5:48:19 PM:74;1763718499074;;
688;414;0.4239364;0.4538432;0.271304;0.4575887;646.0;0.1567081;True;11/21/2025 5:48:19 PM:97;1763718499097;;
629;414;0.387494;0.4538559;0.2713279;0.4575926;645.5;0.1567271;True;11/21/2025 5:48:19 PM:117;1763718499117;;
590;414;0.3638539;0.4539797;0.2823519;0.4665694;645.6;0.1545059;True;11/21/2025 5:48:19 PM:140;1763718499140;;
552;414;0.3399819;0.4540066;0.2521375;0.4606885;645.5;0.1577614;True;11/21/2025 5:48:19 PM:161;1763718499161;;
530;415;0.3265704;0.4541353;0.2648827;0.4688132;645.5;0.1577012;True;11/21/2025 5:48:19 PM:182;1763718499182;;
524;414;0.322769;0.4540113;0.3009448;0.4427256;644.4;0.1620055;True;11/21/2025 5:48:19 PM:206;1763718499206;;
528;414;0.3251976;0.4540058;0.3644434;0.4518373;646.7;0.1504519;True;11/21/2025 5:48:19 PM:228;1763718499228;;
529;414;0.3262643;0.4540336;0.3384484;0.4605643;648.9;0.1503782;True;11/21/2025 5:48:19 PM:251;1763718499251;;
522;415;0.3216097;0.4541363;0.2901196;0.4663484;648.7;0.162569;True;11/21/2025 5:48:19 PM:275;1763718499275;;
506;415;0.3116812;0.4541908;0.2532685;0.464214;648.6;0.1625524;True;11/21/2025 5:48:19 PM:299;1763718499299;;
507;416;0.312594;0.4552234;0.3308131;0.4934208;647.7;0.1642395;True;11/21/2025 5:48:19 PM:323;1763718499323;;
508;415;0.3133617;0.4550558;0.3387823;0.4429114;645.0;0.1615836;True;11/21/2025 5:48:19 PM:345;1763718499345;;
495;415;0.3053129;0.4549904;0.243415;0.4471121;642.5;0.1614242;True;11/21/2025 5:48:19 PM:364;1763718499364;;
496;415;0.3055399;0.4548693;0.342608;0.4436029;647.0;0.1689852;True;11/21/2025 5:48:19 PM:386;1763718499386;;
491;415;0.3029153;0.4548881;0.2732472;0.4611439;650.1;0.1737367;False;11/21/2025 5:48:19 PM:408;1763718499408;;
483;415;0.2976192;0.4548466;0.2452195;0.4478644;653.0;0.17363;False;11/21/2025 5:48:19 PM:426;1763718499426;;
483;415;0.2975906;0.4548498;0.2968046;0.4578654;656.0;0.1601132;True;11/21/2025 5:48:19 PM:446;1763718499446;;
476;415;0.2931084;0.4548597;0.2465402;0.4594491;658.6;0.1706708;True;11/21/2025 5:48:19 PM:469;1763718499469;;
470;415;0.2897151;0.4548678;0.2465579;0.45947;660.9;0.1706997;True;11/21/2025 5:48:19 PM:488;1763718499488;;
470;415;0.2897863;0.4548686;0.3033336;0.4574012;660.5;0.1741325;False;11/21/2025 5:48:19 PM:510;1763718499510;;
467;415;0.2876589;0.4549292;0.2537096;0.4656219;659.8;0.1676029;True;11/21/2025 5:48:19 PM:530;1763718499530;;
464;415;0.2860153;0.4549776;0.253664;0.4655697;659.1;0.1675343;True;11/21/2025 5:48:19 PM:548;1763718499548;;
471;415;0.2904388;0.4550723;0.3553216;0.4691593;661.2;0.1684937;True;11/21/2025 5:48:19 PM:569;1763718499569;;
478;416;0.2944466;0.4551633;0.3552848;0.4691553;663.1;0.1684721;True;11/21/2025 5:48:19 PM:591;1763718499591;;
480;418;0.2961185;0.4574212;0.3398147;0.5160715;661.7;0.1666759;True;11/21/2025 5:48:19 PM:614;1763718499614;;
494;419;0.304408;0.4590223;0.3939992;0.5135254;662.2;0.1676145;True;11/21/2025 5:48:19 PM:633;1763718499633;;
495;420;0.3049017;0.460115;0.335306;0.5071194;660.6;0.1627823;True;11/21/2025 5:48:19 PM:654;1763718499654;;
495;421;0.305286;0.4609616;0.3352957;0.5071188;659.3;0.1627744;True;11/21/2025 5:48:19 PM:673;1763718499673;;
534;422;0.3289699;0.4620028;0.4711302;0.5123162;660.4;0.1713656;False;11/21/2025 5:48:19 PM:693;1763718499693;;
563;423;0.3470543;0.462898;0.471113;0.5123127;661.4;0.1713514;False;11/21/2025 5:48:19 PM:713;1763718499713;;
588;423;0.3624648;0.4637547;0.4711311;0.5123163;662.3;0.1713666;False;11/21/2025 5:48:19 PM:734;1763718499734;;
588;423;0.3624793;0.463874;0.3659764;0.4761172;663.2;0.1620292;True;11/21/2025 5:48:19 PM:756;1763718499756;;
584;424;0.3598393;0.4643809;0.316529;0.5064699;662.2;0.1725596;False;11/21/2025 5:48:19 PM:777;1763718499777;;
573;424;0.3528808;0.4644927;0.2780385;0.4959245;661.4;0.172546;False;11/21/2025 5:48:19 PM:796;1763718499796;;
606;424;0.3732899;0.4644741;0.4975327;0.4634285;661.2;0.1630044;True;11/21/2025 5:48:19 PM:816;1763718499816;;
756;424;0.4659273;0.464534;0.6996129;0.4692428;661.7;0.1560906;True;11/21/2025 5:48:19 PM:837;1763718499837;;
864;424;0.5322742;0.4645933;0.6996124;0.4692445;662.0;0.1560928;True;11/21/2025 5:48:19 PM:862;1763718499862;;
961;425;0.5918604;0.4652648;0.7471414;0.5061001;659.5;0.1588743;True;11/21/2025 5:48:19 PM:885;1763718499885;;
1003;425;0.6176627;0.4653382;0.7142027;0.4764725;660.6;0.154617;True;11/21/2025 5:48:19 PM:905;1763718499905;;
1009;426;0.6216748;0.4663705;0.6460072;0.5155125;660.0;0.1596431;True;11/21/2025 5:48:19 PM:926;1763718499926;;
1014;427;0.6246982;0.4672436;0.6460066;0.5155122;659.6;0.1596399;True;11/21/2025 5:48:19 PM:948;1763718499948;;
1018;427;0.6272376;0.4673519;0.6468307;0.4970344;657.0;0.1560997;True;11/21/2025 5:48:19 PM:970;1763718499970;;
1071;427;0.6600083;0.467362;0.78011;0.4921646;654.6;0.1596754;True;11/21/2025 5:48:19 PM:991;1763718499991;;
1109;427;0.6834953;0.4673713;0.7801192;0.4921618;652.4;0.1596852;True;11/21/2025 5:48:20 PM:13;1763718500013;;
1117;427;0.687961;0.4675952;0.718942;0.501573;653.4;0.1643522;True;11/21/2025 5:48:20 PM:35;1763718500035;;
1116;427;0.6872479;0.4676697;0.6111702;0.4970594;651.1;0.1499554;True;11/21/2025 5:48:20 PM:56;1763718500056;;
1115;427;0.6866384;0.4677341;0.6111712;0.4970594;649.0;0.1499558;True;11/21/2025 5:48:20 PM:77;1763718500077;;
1117;427;0.688265;0.4678473;0.7043206;0.4996395;646.3;0.1602198;True;11/21/2025 5:48:20 PM:99;1763718500099;;
1135;427;0.6991557;0.4678577;0.7666919;0.4953545;648.1;0.1605394;True;11/21/2025 5:48:20 PM:119;1763718500119;;
1145;427;0.7053459;0.4678954;0.7527385;0.492956;649.7;0.1605108;True;11/21/2025 5:48:20 PM:140;1763718500140;;
1158;427;0.7132366;0.4679047;0.7736636;0.4944079;651.2;0.1605577;True;11/21/2025 5:48:20 PM:159;1763718500159;;
1158;426;0.7135677;0.4666561;0.7190724;0.4352133;652.0;0.1607447;True;11/21/2025 5:48:20 PM:180;1763718500180;;
1158;426;0.7133623;0.4668455;0.7084363;0.4968872;650.5;0.1522609;True;11/21/2025 5:48:20 PM:201;1763718500201;;
1158;426;0.7132005;0.4669991;0.7084313;0.4968873;649.1;0.1522503;True;11/21/2025 5:48:20 PM:221;1763718500221;;
1160;426;0.7144555;0.4670614;0.7328549;0.4715971;648.9;0.1592306;True;11/21/2025 5:48:20 PM:245;1763718500245;;
1135;427;0.6989997;0.4673876;0.5803493;0.5013695;649.1;0.1569385;True;11/21/2025 5:48:20 PM:266;1763718500266;;
1127;427;0.694424;0.4675826;0.6248223;0.4977396;649.3;0.1568046;True;11/21/2025 5:48:20 PM:290;1763718500290;;
1127;426;0.6939808;0.4669805;0.6589079;0.4470157;648.5;0.1545254;True;11/21/2025 5:48:20 PM:311;1763718500311;;
1119;426;0.6893842;0.466994;0.6169688;0.4681215;647.3;0.1660999;True;11/21/2025 5:48:20 PM:334;1763718500334;;
1115;426;0.6869252;0.4668988;0.6269609;0.460541;646.2;0.1660644;True;11/21/2025 5:48:20 PM:354;1763718500354;;
1111;426;0.6843058;0.4667773;0.623342;0.4588186;645.6;0.1657683;True;11/21/2025 5:48:20 PM:376;1763718500376;;
1107;426;0.6818548;0.4666622;0.6209134;0.4582288;646.3;0.1523271;True;11/21/2025 5:48:20 PM:399;1763718500399;;
1099;426;0.6768119;0.4664843;0.5971217;0.454197;646.9;0.152306;True;11/21/2025 5:48:20 PM:420;1763718500420;;
1096;426;0.6749656;0.466431;0.618607;0.460643;647.2;0.1584184;True;11/21/2025 5:48:20 PM:443;1763718500443;;
1013;427;0.6241305;0.467626;0.4385043;0.5089164;645.3;0.1746878;False;11/21/2025 5:48:20 PM:468;1763718500468;;
898;429;0.5532;0.4694159;0.3398299;0.5240023;650.5;0.1638758;True;11/21/2025 5:48:20 PM:489;1763718500489;;
829;430;0.5109401;0.4707973;0.3468827;0.5238014;655.2;0.1638611;True;11/21/2025 5:48:20 PM:508;1763718500508;;
759;431;0.4677776;0.4719257;0.3214193;0.5196314;655.0;0.1612637;True;11/21/2025 5:48:20 PM:531;1763718500531;;
716;431;0.4410158;0.4719378;0.3294519;0.4729294;653.8;0.1674583;True;11/21/2025 5:48:20 PM:552;1763718500552;;
685;431;0.4224017;0.4719477;0.3293925;0.4729242;652.7;0.167417;True;11/21/2025 5:48:20 PM:572;1763718500572;;
662;431;0.4081579;0.4719566;0.3293893;0.4729239;651.8;0.1674147;True;11/21/2025 5:48:20 PM:593;1763718500593;;
659;432;0.4063987;0.4729207;0.3875426;0.5173168;655.0;0.1589646;True;11/21/2025 5:48:20 PM:614;1763718500614;;
617;432;0.380235;0.4729818;0.2647981;0.4932239;654.6;0.1589974;True;11/21/2025 5:48:20 PM:636;1763718500636;;
585;432;0.3606507;0.4730369;0.2647903;0.4932135;654.3;0.1589852;True;11/21/2025 5:48:20 PM:656;1763718500656;;
561;432;0.3455051;0.4732336;0.2662771;0.4998229;653.3;0.1712362;False;11/21/2025 5:48:20 PM:680;1763718500680;;
546;432;0.3363496;0.4735986;0.2754264;0.5066295;654.9;0.1634367;True;11/21/2025 5:48:20 PM:702;1763718500702;;
534;433;0.3293113;0.4739131;0.2754197;0.5066219;656.4;0.1634239;True;11/21/2025 5:48:20 PM:724;1763718500724;;
533;434;0.3284748;0.4756844;0.3161537;0.5351272;654.7;0.1541669;True;11/21/2025 5:48:20 PM:747;1763718500747;;
532;435;0.3281786;0.4761164;0.3222331;0.5151663;655.9;0.1826143;False;11/21/2025 5:48:20 PM:770;1763718500770;;
518;435;0.319199;0.4761142;0.2507871;0.4759915;654.5;0.156978;True;11/21/2025 5:48:20 PM:792;1763718500792;;
506;435;0.3119234;0.4761119;0.2507752;0.4759749;653.2;0.1569576;True;11/21/2025 5:48:20 PM:814;1763718500814;;
519;436;0.3197856;0.4779193;0.4049393;0.5378453;653.5;0.1524645;True;11/21/2025 5:48:20 PM:837;1763718500837;;
609;436;0.3753137;0.47799;0.5741935;0.4950287;655.3;0.1182317;True;11/21/2025 5:48:20 PM:858;1763718500858;;
668;436;0.4118233;0.4780358;0.5633965;0.4970105;657.0;0.1182243;True;11/21/2025 5:48:20 PM:880;1763718500880;;
730;437;0.4500165;0.4788188;0.6010265;0.5247301;658.1;0.1273489;True;11/21/2025 5:48:20 PM:902;1763718500902;;
762;437;0.4697528;0.4786505;0.5724776;0.4710719;658.1;0.1195278;True;11/21/2025 5:48:20 PM:923;1763718500923;;
785;437;0.4838521;0.4785136;0.5724807;0.4710692;658.2;0.119508;True;11/21/2025 5:48:20 PM:943;1763718500943;;
829;437;0.5105449;0.4790837;0.6339502;0.5177491;664.8;0.1398481;True;11/21/2025 5:48:20 PM:964;1763718500964;;
860;438;0.5295678;0.4795587;0.633926;0.5177447;670.8;0.1398274;True;11/21/2025 5:48:20 PM:985;1763718500985;;
862;438;0.5311464;0.4798566;0.5517964;0.5131114;674.0;0.1439409;True;11/21/2025 5:48:21 PM:7;1763718501007;;
864;438;0.5324541;0.4801186;0.551783;0.5131109;676.9;0.1439326;True;11/21/2025 5:48:21 PM:29;1763718501029;;
862;439;0.5312591;0.4805085;0.4850858;0.5173625;674.4;0.1405783;True;11/21/2025 5:48:21 PM:52;1763718501052;;
865;439;0.5326408;0.4805651;0.5543244;0.508029;671.2;0.1489744;True;11/21/2025 5:48:21 PM:74;1763718501074;;
871;439;0.5363619;0.4806678;0.5785755;0.4898488;673.0;0.144518;True;11/21/2025 5:48:21 PM:96;1763718501096;;
887;439;0.5466351;0.4807526;0.6213602;0.4965838;674.7;0.1445218;True;11/21/2025 5:48:21 PM:120;1763718501120;;
870;439;0.5361502;0.4807899;0.4439974;0.50034;676.9;0.1636405;True;11/21/2025 5:48:21 PM:144;1763718501144;;
870;439;0.5357642;0.4808654;0.5078873;0.4888714;675.5;0.1536727;True;11/21/2025 5:48:21 PM:165;1763718501165;;
860;439;0.5296525;0.4809294;0.4507295;0.4895598;674.2;0.1537318;True;11/21/2025 5:48:21 PM:185;1763718501185;;
857;439;0.5280485;0.4812656;0.4826387;0.5137427;674.6;0.1592089;True;11/21/2025 5:48:21 PM:207;1763718501207;;
845;439;0.520394;0.4812804;0.4329596;0.5021703;675.7;0.1497615;True;11/21/2025 5:48:21 PM:228;1763718501228;;
842;439;0.5185962;0.4813047;0.468917;0.5028342;676.8;0.1498185;True;11/21/2025 5:48:21 PM:251;1763718501251;;
802;440;0.4942268;0.4814053;0.355462;0.5069283;676.0;0.1655528;True;11/21/2025 5:48:21 PM:273;1763718501273;;
800;440;0.4929545;0.4814771;0.4516985;0.4936183;676.0;0.1493934;True;11/21/2025 5:48:21 PM:294;1763718501294;;
795;439;0.4900053;0.4813545;0.430831;0.4743072;675.9;0.1495313;True;11/21/2025 5:48:21 PM:314;1763718501314;;
812;439;0.5003353;0.4813294;0.5757084;0.4795004;675.3;0.1394027;True;11/21/2025 5:48:21 PM:338;1763718501338;;
866;439;0.533505;0.4804686;0.6752203;0.451965;676.6;0.1475936;True;11/21/2025 5:48:21 PM:358;1763718501358;;
924;438;0.5690207;0.4802374;0.7055014;0.4670026;677.9;0.1478001;True;11/21/2025 5:48:21 PM:382;1763718501382;;
918;439;0.5652844;0.4807315;0.491828;0.5104585;678.2;0.1391243;True;11/21/2025 5:48:21 PM:405;1763718501405;;
904;439;0.557264;0.4808674;0.4561413;0.5009513;678.4;0.1394031;True;11/21/2025 5:48:21 PM:425;1763718501425;;
918;439;0.5656888;0.4806121;0.6266348;0.46657;680.7;0.154946;True;11/21/2025 5:48:21 PM:447;1763718501447;;
917;439;0.5648242;0.4807273;0.5187947;0.4972287;679.3;0.1454928;True;11/21/2025 5:48:21 PM:472;1763718501472;;
907;439;0.5590774;0.4804557;0.4742314;0.464595;678.0;0.1457242;True;11/21/2025 5:48:21 PM:493;1763718501493;;
887;439;0.5467804;0.4805008;0.435684;0.4920498;677.3;0.1444033;True;11/21/2025 5:48:21 PM:516;1763718501516;;
899;439;0.554029;0.4807667;0.6118484;0.5035535;680.4;0.1463582;True;11/21/2025 5:48:21 PM:538;1763718501538;;
902;439;0.5554502;0.4808728;0.5779015;0.4982384;675.8;0.1282444;True;11/21/2025 5:48:21 PM:560;1763718501560;;
901;439;0.5553876;0.4808762;0.5294973;0.4814287;671.6;0.1285084;True;11/21/2025 5:48:21 PM:581;1763718501581;;
901;439;0.5553008;0.480889;0.5518301;0.4852173;670.9;0.1256463;True;11/21/2025 5:48:21 PM:602;1763718501602;;
850;439;0.5237066;0.4807369;0.3650042;0.4692066;676.3;0.143352;True;11/21/2025 5:48:21 PM:623;1763718501623;;
819;439;0.5046049;0.4807272;0.3809481;0.4788563;681.2;0.1434006;True;11/21/2025 5:48:21 PM:643;1763718501643;;
715;437;0.4406574;0.4789723;0.236109;0.4311121;684.4;0.1433622;True;11/21/2025 5:48:21 PM:664;1763718501664;;
656;436;0.4043031;0.4776559;0.2592469;0.4344066;687.2;0.1434232;True;11/21/2025 5:48:21 PM:685;1763718501685;;
605;436;0.372749;0.4771554;0.2448117;0.4488824;687.3;0.133936;True;11/21/2025 5:48:21 PM:707;1763718501707;;
554;433;0.3412637;0.4748321;0.2136148;0.4142607;690.2;0.1323767;True;11/21/2025 5:48:21 PM:728;1763718501728;;
524;433;0.3229238;0.4741136;0.2269141;0.435423;692.8;0.1324283;True;11/21/2025 5:48:21 PM:749;1763718501749;;
501;432;0.3085044;0.4727744;0.2302327;0.4231648;696.1;0.1229347;True;11/21/2025 5:48:21 PM:771;1763718501771;;
490;432;0.301995;0.4727523;0.2581353;0.4709381;700.8;0.1514329;True;11/21/2025 5:48:21 PM:798;1763718501798;;
468;430;0.288518;0.4706738;0.2116852;0.4115393;706.5;0.1352107;True;11/21/2025 5:48:21 PM:822;1763718501822;;
453;428;0.2792653;0.4692225;0.2133525;0.4144808;711.7;0.135227;True;11/21/2025 5:48:21 PM:843;1763718501843;;
438;426;0.27016;0.4668483;0.2055503;0.3998713;712.1;0.1168996;True;11/21/2025 5:48:21 PM:867;1763718501867;;
428;425;0.2635905;0.4649933;0.2055502;0.3998711;712.5;0.1169001;True;11/21/2025 5:48:21 PM:888;1763718501888;;
422;424;0.26013;0.4643581;0.2188407;0.4171219;720.1;0.1255584;True;11/21/2025 5:48:21 PM:909;1763718501909;;
416;423;0.2561795;0.4635704;0.212755;0.4137909;728.7;0.118753;True;11/21/2025 5:48:21 PM:933;1763718501933;;
411;423;0.253416;0.4629881;0.2127545;0.4137901;736.5;0.1187532;True;11/21/2025 5:48:21 PM:954;1763718501954;;
404;420;0.2489734;0.4605177;0.1959817;0.3832717;751.0;0.13392;True;11/21/2025 5:48:21 PM:976;1763718501976;;
398;418;0.245135;0.4580919;0.1948327;0.3798076;762.7;0.1433741;True;11/21/2025 5:48:21 PM:997;1763718501997;;
393;416;0.2420758;0.4560992;0.195186;0.3803511;773.3;0.143392;True;11/21/2025 5:48:22 PM:19;1763718502019;;
387;414;0.2388224;0.4538241;0.1935673;0.3779821;774.3;0.1569075;True;11/21/2025 5:48:22 PM:46;1763718502046;;
383;413;0.2363991;0.4522152;0.1963215;0.3825235;780.7;0.1704212;True;11/21/2025 5:48:22 PM:74;1763718502074;;
382;413;0.2357101;0.4520194;0.2104903;0.4004813;788.4;0.1576956;True;11/21/2025 5:48:22 PM:99;1763718502099;;
379;411;0.2339777;0.4506897;0.1955878;0.3809384;796.8;0.1538346;True;11/21/2025 5:48:22 PM:126;1763718502126;;
377;410;0.2326193;0.4496246;0.1955886;0.3809396;804.5;0.153838;True;11/21/2025 5:48:22 PM:150;1763718502150;;
375;409;0.2310118;0.4480848;0.1906564;0.3726925;810.0;0.1678165;True;11/21/2025 5:48:22 PM:174;1763718502174;;
371;406;0.2284552;0.4449447;0.1780935;0.3514377;814.2;0.1655292;True;11/21/2025 5:48:22 PM:200;1763718502200;;
369;406;0.2277955;0.44484;0.1981013;0.3875307;812.6;0.1468707;True;11/21/2025 5:48:22 PM:234;1763718502234;;
369;406;0.2272938;0.4445857;0.1952065;0.3829547;815.4;0.1545701;True;11/21/2025 5:48:22 PM:255;1763718502255;;
367;405;0.2264814;0.4439028;0.1884838;0.3736637;817.9;0.1562968;True;11/21/2025 5:48:22 PM:276;1763718502276;;
367;405;0.2260382;0.4436049;0.1937375;0.3800934;807.9;0.1610955;True;11/21/2025 5:48:22 PM:299;1763718502299;;
366;405;0.2256908;0.4433688;0.193728;0.3800767;798.9;0.1611938;True;11/21/2025 5:48:22 PM:318;1763718502318;;
364;403;0.2241991;0.4418907;0.176368;0.3590248;795.3;0.1672371;True;11/21/2025 5:48:22 PM:340;1763718502340;;
361;401;0.2225079;0.4394325;0.1735365;0.3471093;794.4;0.1296258;True;11/21/2025 5:48:22 PM:364;1763718502364;;
359;400;0.2214936;0.4379768;0.1763211;0.3516264;793.7;0.1294593;True;11/21/2025 5:48:22 PM:384;1763718502384;;
359;399;0.2214164;0.4375227;0.2189902;0.4246093;789.8;0.1370782;True;11/21/2025 5:48:22 PM:407;1763718502407;;
359;399;0.2214919;0.4369696;0.2236024;0.4161237;784.8;0.1434999;True;11/21/2025 5:48:22 PM:431;1763718502431;;
361;399;0.2223149;0.4367144;0.2384105;0.4289661;780.3;0.1433556;True;11/21/2025 5:48:22 PM:455;1763718502455;;
360;399;0.2221755;0.4366457;0.1999844;0.3889252;769.8;0.1766359;False;11/21/2025 5:48:22 PM:475;1763718502475;;
360;398;0.2219577;0.4363921;0.1972075;0.383674;768.7;0.1249417;True;11/21/2025 5:48:22 PM:497;1763718502497;;
360;398;0.2217318;0.4355601;0.2102543;0.4082605;760.7;0.1379749;True;11/21/2025 5:48:22 PM:560;1763718502560;;
360;398;0.2218485;0.4354821;0.2266653;0.4322283;753.6;0.1370908;True;11/21/2025 5:48:22 PM:580;1763718502580;;
360;398;0.2217916;0.4354705;0.2052969;0.398942;741.4;0.1290345;True;11/21/2025 5:48:22 PM:603;1763718502603;;
364;397;0.2243683;0.4353622;0.2611016;0.4307271;740.3;0.1384539;True;11/21/2025 5:48:22 PM:626;1763718502626;;
379;397;0.2337167;0.4352911;0.3125363;0.4316353;737.9;0.1371163;True;11/21/2025 5:48:22 PM:647;1763718502647;;
392;397;0.241758;0.4352243;0.3127098;0.4316317;735.8;0.1371229;True;11/21/2025 5:48:22 PM:671;1763718502671;;
402;397;0.2476882;0.4351711;0.3124774;0.4316366;734.0;0.1371138;True;11/21/2025 5:48:22 PM:692;1763718502692;;
403;397;0.2483075;0.4351212;0.2697209;0.431306;733.5;0.1412861;True;11/21/2025 5:48:22 PM:714;1763718502714;;
421;397;0.259254;0.435077;0.3506241;0.4310723;733.3;0.100555;True;11/21/2025 5:48:22 PM:735;1763718502735;;
439;397;0.2705095;0.4350355;0.3622325;0.4308208;733.2;0.100619;True;11/21/2025 5:48:22 PM:757;1763718502757;;
449;397;0.2766206;0.4349972;0.3443803;0.4307287;736.1;0.1473061;True;11/21/2025 5:48:22 PM:779;1763718502779;;
449;397;0.2765575;0.4349704;0.2714651;0.4318139;733.3;0.1410543;True;11/21/2025 5:48:22 PM:801;1763718502801;;
444;397;0.2734301;0.4349278;0.225162;0.4176644;730.8;0.1412178;True;11/21/2025 5:48:22 PM:821;1763718502821;;
442;397;0.2725777;0.4348934;0.2472279;0.4293149;721.5;0.1404858;True;11/21/2025 5:48:22 PM:843;1763718502843;;
442;397;0.2726336;0.4350001;0.2784929;0.442592;713.3;0.1301803;True;11/21/2025 5:48:22 PM:864;1763718502864;;
442;397;0.2724872;0.4350557;0.2605475;0.4404957;705.9;0.1301739;True;11/21/2025 5:48:22 PM:884;1763718502884;;
441;397;0.2718622;0.4350517;0.2489149;0.4343905;700.0;0.134122;True;11/21/2025 5:48:22 PM:906;1763718502906;;
451;397;0.2778161;0.4351611;0.3421285;0.4441954;693.2;0.1167849;True;11/21/2025 5:48:22 PM:927;1763718502927;;
458;397;0.2821597;0.4352454;0.3423168;0.4441909;687.0;0.1167843;True;11/21/2025 5:48:22 PM:947;1763718502947;;
452;397;0.2789331;0.4351614;0.2287454;0.4215511;676.7;0.1048683;True;11/21/2025 5:48:22 PM:968;1763718502968;;
548;397;0.3375543;0.435151;0.5294799;0.4278241;669.9;0.1122518;True;11/21/2025 5:48:22 PM:990;1763718502990;;
616;397;0.3795058;0.4351388;0.5418873;0.4272193;663.8;0.1122584;True;11/21/2025 5:48:23 PM:8;1763718503008;;
655;397;0.403378;0.4351326;0.513532;0.4281307;655.9;0.1150517;True;11/21/2025 5:48:23 PM:30;1763718503030;;
650;418;0.4003922;0.457434;0.3574987;0.5056969;682.6;0.1787297;False;11/21/2025 5:48:28 PM:541;1763718508541;;
649;418;0.3998684;0.457725;0.3475528;0.5127057;706.6;0.1782659;False;11/21/2025 5:48:28 PM:559;1763718508559;;
683;418;0.4209618;0.4578056;0.5287086;0.501781;737.1;0.1521733;True;11/21/2025 5:48:28 PM:578;1763718508578;;
685;418;0.4220382;0.4576109;0.4379771;0.4515487;763.0;0.1686413;True;11/21/2025 5:48:28 PM:597;1763718508597;;
685;418;0.4219559;0.4575219;0.4198721;0.4541327;786.3;0.1688833;True;11/21/2025 5:48:28 PM:616;1763718508616;;
686;418;0.4227973;0.4573736;0.4380435;0.4515448;807.2;0.1687215;True;11/21/2025 5:48:28 PM:634;1763718508634;;
691;419;0.4260808;0.4588521;0.4647483;0.5241811;824.7;0.1714716;False;11/21/2025 5:48:28 PM:654;1763718508654;;
695;420;0.4285147;0.4600004;0.4647732;0.5241797;840.3;0.1714975;False;11/21/2025 5:48:28 PM:672;1763718508672;;
695;421;0.4280331;0.4615303;0.3946359;0.5292969;858.1;0.1861963;False;11/21/2025 5:48:28 PM:694;1763718508694;;
694;423;0.4278897;0.463478;0.4159474;0.5414504;875.3;0.1371232;True;11/21/2025 5:48:28 PM:713;1763718508713;;
693;425;0.4272895;0.4654258;0.3904465;0.5461602;890.9;0.1371183;True;11/21/2025 5:48:28 PM:731;1763718508731;;
693;427;0.4271798;0.4674111;0.4214038;0.548029;907.3;0.1463095;True;11/21/2025 5:48:28 PM:750;1763718508750;;
693;428;0.4270934;0.4689836;0.4215016;0.548023;922.1;0.1464348;True;11/21/2025 5:48:28 PM:768;1763718508768;;
698;430;0.4298279;0.4709281;0.4701581;0.5545806;936.1;0.1551165;True;11/21/2025 5:48:28 PM:787;1763718508787;;
697;431;0.4296023;0.4724014;0.4057726;0.551496;949.6;0.1453735;True;11/21/2025 5:48:28 PM:805;1763718508805;;
697;432;0.4294156;0.4736047;0.4057427;0.5515013;961.8;0.1453706;True;11/21/2025 5:48:28 PM:823;1763718508823;;
705;434;0.4344631;0.4750933;0.4868833;0.5527294;968.0;0.1801775;False;11/21/2025 5:48:28 PM:846;1763718508846;;
711;435;0.4382174;0.4763059;0.4860946;0.5527819;973.5;0.1787837;False;11/21/2025 5:48:28 PM:867;1763718508867;;
752;435;0.4633416;0.4766786;0.5861329;0.5404682;984.3;0.2368551;False;11/21/2025 5:48:28 PM:890;1763718508890;;
753;436;0.4637513;0.4777475;0.4764413;0.5540383;984.8;0.1551764;True;11/21/2025 5:48:28 PM:912;1763718508912;;
753;437;0.4640795;0.4785848;0.4767377;0.554014;985.2;0.1556052;True;11/21/2025 5:48:28 PM:931;1763718508931;;
741;439;0.4564017;0.4803758;0.3771568;0.5674886;992.8;0.1996921;False;11/21/2025 5:48:28 PM:953;1763718508953;;
746;439;0.4595364;0.4812501;0.5068517;0.5596137;990.8;0.1473115;True;11/21/2025 5:48:28 PM:972;1763718508972;;
747;440;0.4601305;0.4817936;0.4798747;0.5552837;988.9;0.1474978;True;11/21/2025 5:48:28 PM:991;1763718508991;;
720;440;0.4434177;0.4818734;0.331102;0.5464435;993.2;0.1627994;True;11/21/2025 5:48:29 PM:13;1763718509013;;
726;440;0.4474966;0.4821003;0.5053322;0.5386769;994.7;0.1541678;True;11/21/2025 5:48:29 PM:32;1763718509032;;
740;440;0.4562324;0.4822391;0.5419433;0.5406076;996.0;0.15425;True;11/21/2025 5:48:29 PM:51;1763718509051;;
752;440;0.4633914;0.4823638;0.5419023;0.5406086;997.2;0.154206;True;11/21/2025 5:48:29 PM:70;1763718509070;;
779;441;0.4799402;0.4829555;0.5883254;0.5226904;1000.0;0.1921477;False;11/21/2025 5:48:29 PM:92;1763718509092;;
785;441;0.4837539;0.4833871;0.5406392;0.4996178;998.0;0.1714272;False;11/21/2025 5:48:29 PM:112;1763718509112;;
790;442;0.4870251;0.4837624;0.5412214;0.4995997;996.3;0.1721599;False;11/21/2025 5:48:29 PM:132;1763718509132;;
800;442;0.4927338;0.4841513;0.5626252;0.5061963;995.5;0.1579522;True;11/21/2025 5:48:29 PM:153;1763718509153;;
802;442;0.4944287;0.4844485;0.538731;0.5064957;994.9;0.1585283;True;11/21/2025 5:48:29 PM:171;1763718509171;;
802;443;0.4943279;0.4847217;0.4888965;0.5063528;993.5;0.1902875;False;11/21/2025 5:48:29 PM:190;1763718509190;;
810;443;0.4992754;0.4849854;0.5664648;0.5062236;984.3;0.2012197;False;11/21/2025 5:48:29 PM:211;1763718509211;;
816;443;0.5028248;0.485184;0.5663905;0.506227;976.0;0.2010652;False;11/21/2025 5:48:29 PM:228;1763718509228;;
821;443;0.5060675;0.4853552;0.5658376;0.509964;972.7;0.1872814;False;11/21/2025 5:48:29 PM:248;1763718509248;;
834;443;0.5135491;0.4855241;0.6021348;0.5062;969.7;0.1873661;False;11/21/2025 5:48:29 PM:265;1763718509265;;
839;443;0.5170664;0.4856918;0.5791101;0.5058221;970.4;0.1837369;False;11/21/2025 5:48:29 PM:287;1763718509287;;
846;444;0.5214888;0.4858187;0.5929515;0.4953811;970.3;0.1934098;False;11/21/2025 5:48:29 PM:305;1763718509305;;
852;444;0.5250898;0.4859264;0.5929062;0.4953833;970.3;0.1934045;False;11/21/2025 5:48:29 PM:323;1763718509323;;
853;444;0.5257629;0.4860255;0.5626051;0.517289;968.5;0.1992656;False;11/21/2025 5:48:29 PM:344;1763718509344;;
854;444;0.5262926;0.4861045;0.5626091;0.5172889;966.9;0.1992677;False;11/21/2025 5:48:29 PM:363;1763718509363;;
864;444;0.5323693;0.4862467;0.6140507;0.5198876;965.7;0.1938157;False;11/21/2025 5:48:29 PM:383;1763718509383;;
869;445;0.5353741;0.4870127;0.5997725;0.538226;960.5;0.1996758;False;11/21/2025 5:48:29 PM:402;1763718509402;;
873;445;0.53805;0.4877162;0.5997381;0.5382268;955.8;0.1996753;False;11/21/2025 5:48:29 PM:422;1763718509422;;
862;445;0.5313264;0.4877379;0.4752837;0.5185952;953.6;0.1953107;False;11/21/2025 5:48:29 PM:446;1763718509446;;
855;445;0.5265713;0.4877551;0.475272;0.5185956;951.5;0.1953114;False;11/21/2025 5:48:29 PM:466;1763718509466;;
854;445;0.5263714;0.4878985;0.5199983;0.524663;951.0;0.2199801;False;11/21/2025 5:48:29 PM:488;1763718509488;;
854;446;0.5262175;0.4880089;0.519871;0.5246669;950.6;0.2199653;False;11/21/2025 5:48:29 PM:506;1763718509506;;
876;446;0.5399933;0.4881414;0.6496372;0.5118855;947.0;0.2136262;False;11/21/2025 5:48:29 PM:527;1763718509527;;
871;446;0.5364548;0.4883098;0.488523;0.5260659;945.3;0.179312;False;11/21/2025 5:48:29 PM:547;1763718509547;;
866;446;0.5334717;0.4884612;0.4885462;0.5260652;943.7;0.1793261;False;11/21/2025 5:48:29 PM:567;1763718509567;;
866;447;0.533782;0.4892152;0.552948;0.5427117;941.3;0.1978693;False;11/21/2025 5:48:29 PM:588;1763718509588;;
875;447;0.539113;0.4893751;0.6062521;0.529011;942.7;0.1859197;False;11/21/2025 5:48:29 PM:608;1763718509608;;
887;447;0.5463436;0.4894006;0.6302873;0.5249546;944.0;0.1859174;False;11/21/2025 5:48:29 PM:627;1763718509627;;
887;447;0.5465272;0.4895787;0.5649982;0.5304983;942.1;0.2091628;False;11/21/2025 5:48:29 PM:647;1763718509647;;
887;447;0.5465607;0.4896206;0.552038;0.5264202;940.4;0.2091572;False;11/21/2025 5:48:29 PM:666;1763718509666;;
887;447;0.5465441;0.4897774;0.5453066;0.5157226;939.1;0.2114539;False;11/21/2025 5:48:29 PM:687;1763718509687;;
887;448;0.5465669;0.4911409;0.5520542;0.5565583;940.3;0.1833518;False;11/21/2025 5:48:29 PM:706;1763718509706;;
887;449;0.5465874;0.4923342;0.551977;0.5565629;941.4;0.1833656;False;11/21/2025 5:48:29 PM:726;1763718509726;;
896;450;0.5522118;0.4925884;0.6190462;0.5070012;939.3;0.1974083;False;11/21/2025 5:48:29 PM:750;1763718509750;;
907;450;0.5587393;0.4927025;0.6329361;0.5316356;939.7;0.2025142;False;11/21/2025 5:48:29 PM:772;1763718509772;;
915;450;0.5634432;0.4927907;0.6329141;0.5316364;940.0;0.2025151;False;11/21/2025 5:48:29 PM:791;1763718509791;;
913;450;0.5625713;0.4929188;0.5415861;0.5217413;939.4;0.1980927;False;11/21/2025 5:48:29 PM:811;1763718509811;;
913;450;0.5625738;0.493009;0.5743415;0.523669;943.5;0.1898161;False;11/21/2025 5:48:29 PM:832;1763718509832;;
913;450;0.5625759;0.4930859;0.5743241;0.5236698;947.2;0.1898171;False;11/21/2025 5:48:29 PM:853;1763718509853;;
936;450;0.5765528;0.493134;0.6842208;0.524807;949.3;0.2096264;False;11/21/2025 5:48:29 PM:873;1763718509873;;
957;450;0.5894319;0.493232;0.7016093;0.5204583;951.1;0.2097871;False;11/21/2025 5:48:29 PM:890;1763718509890;;
957;450;0.5894575;0.4932878;0.6002223;0.5233233;953.5;0.206471;False;11/21/2025 5:48:29 PM:911;1763718509911;;
957;450;0.58948;0.4933385;0.6001851;0.5233254;955.7;0.2064427;False;11/21/2025 5:48:29 PM:931;1763718509931;;
962;451;0.5926772;0.4934497;0.6474865;0.5192377;959.1;0.2245576;False;11/21/2025 5:48:29 PM:952;1763718509952;;
966;451;0.5952483;0.4935417;0.6480498;0.5192063;962.1;0.2252732;False;11/21/2025 5:48:29 PM:972;1763718509972;;
1012;451;0.6235721;0.4936907;0.7522159;0.5169452;961.5;0.2572819;False;11/21/2025 5:48:30 PM:0;1763718510000;;
1036;451;0.6382201;0.4937335;0.7461119;0.5249363;957.3;0.2127635;False;11/21/2025 5:48:30 PM:21;1763718510021;;
1086;451;0.6692317;0.4938523;0.8216607;0.5145576;951.8;0.1946353;False;11/21/2025 5:48:30 PM:41;1763718510041;;
1120;451;0.6902494;0.4939455;0.8217916;0.5145399;946.8;0.1950221;False;11/21/2025 5:48:30 PM:58;1763718510058;;
1126;451;0.6935416;0.4940658;0.7411781;0.5073792;947.7;0.2008295;False;11/21/2025 5:48:30 PM:78;1763718510078;;
1130;451;0.696027;0.4941608;0.7412519;0.5073699;948.6;0.2011352;False;11/21/2025 5:48:30 PM:95;1763718510095;;
1038;452;0.639501;0.494972;0.4340465;0.5453501;947.9;0.2172819;False;11/21/2025 5:48:30 PM:113;1763718510113;;
1027;454;0.6326081;0.4970702;0.5672981;0.5691385;946.8;0.2129285;False;11/21/2025 5:48:30 PM:132;1763718510132;;
1017;456;0.6265959;0.499035;0.5673655;0.5691341;945.8;0.2130927;False;11/21/2025 5:48:30 PM:153;1763718510153;;
1008;456;0.6209856;0.4999489;0.561359;0.5565897;945.8;0.1753512;False;11/21/2025 5:48:30 PM:173;1763718510173;;
1005;457;0.6191083;0.5005868;0.5833619;0.5547494;945.8;0.1763523;False;11/21/2025 5:48:30 PM:190;1763718510190;;
981;457;0.6040895;0.5007368;0.4991458;0.5419791;952.0;0.1466448;True;11/21/2025 5:48:30 PM:210;1763718510210;;
962;457;0.5929792;0.5009248;0.5038987;0.5139152;954.4;0.1089885;True;11/21/2025 5:48:30 PM:228;1763718510228;;
953;457;0.5871106;0.5010858;0.5203609;0.5150209;956.5;0.1093525;True;11/21/2025 5:48:30 PM:247;1763718510247;;
854;458;0.5262423;0.5011624;0.3245228;0.5280279;974.5;0.1177396;True;11/21/2025 5:48:30 PM:266;1763718510266;;
782;458;0.4820548;0.5012338;0.3246374;0.528022;990.7;0.1178723;True;11/21/2025 5:48:30 PM:287;1763718510287;;
722;458;0.4450608;0.5013208;0.3105548;0.5063868;992.3;0.08249521;True;11/21/2025 5:48:30 PM:308;1763718510308;;
687;457;0.4231143;0.5008807;0.3133343;0.4836695;993.8;0.08300791;True;11/21/2025 5:48:30 PM:326;1763718510326;;
746;458;0.4595509;0.5011827;0.5460902;0.504654;1013.9;0.261657;False;11/21/2025 5:48:30 PM:811;1763718510811;;
748;458;0.4608973;0.5016254;0.5072182;0.5320134;1031.9;0.245865;False;11/21/2025 5:48:30 PM:831;1763718510831;;
967;459;0.5960008;0.5022154;0.6882463;0.5176149;1023.3;0.1711679;False;11/21/2025 5:48:32 PM:272;1763718512272;;
970;459;0.597491;0.5027345;0.6868787;0.5389916;1015.6;0.1710579;True;11/21/2025 5:48:32 PM:292;1763718512292;;
970;459;0.5975459;0.5023925;0.674319;0.4920293;1006.9;0.1819138;False;11/21/2025 5:48:32 PM:333;1763718512333;;
1004;459;0.6187546;0.5022789;0.7829126;0.493844;999.1;0.180733;False;11/21/2025 5:48:32 PM:355;1763718512355;;
1009;459;0.6217013;0.5022929;0.7138971;0.5079092;992.0;0.2108432;False;11/21/2025 5:48:32 PM:375;1763718512375;;
1015;459;0.6252266;0.5023026;0.7206121;0.5123289;986.4;0.1873231;False;11/21/2025 5:48:32 PM:396;1763718512396;;
1020;459;0.6285383;0.5022876;0.7250062;0.5001203;981.3;0.1874786;False;11/21/2025 5:48:32 PM:415;1763718512415;;
970;459;0.5976521;0.5022883;0.4745286;0.502424;979.4;0.2043578;False;11/21/2025 5:48:32 PM:435;1763718512435;;
932;459;0.5741899;0.5022889;0.4744784;0.5024266;977.7;0.204351;False;11/21/2025 5:48:32 PM:457;1763718512457;;
941;458;0.5798166;0.5018712;0.6941637;0.4789675;976.6;0.199323;False;11/21/2025 5:48:32 PM:475;1763718512475;;
948;458;0.5843145;0.5015272;0.6943932;0.4788207;975.6;0.1997408;False;11/21/2025 5:48:32 PM:493;1763718512493;;
950;458;0.5854434;0.5018817;0.6388064;0.5261762;973.0;0.1967461;False;11/21/2025 5:48:32 PM:512;1763718512512;;
952;459;0.5864416;0.5021968;0.6387993;0.5261736;970.7;0.1967641;False;11/21/2025 5:48:32 PM:532;1763718512532;;
944;459;0.5817353;0.5023124;0.545712;0.5180666;971.6;0.1977714;False;11/21/2025 5:48:32 PM:553;1763718512553;;
945;459;0.5823886;0.502328;0.6288708;0.5112705;967.8;0.1943514;False;11/21/2025 5:48:32 PM:572;1763718512572;;
946;459;0.5829419;0.5023414;0.6288555;0.511264;964.5;0.1943665;False;11/21/2025 5:48:32 PM:591;1763718512591;;
952;456;0.5862149;0.4996432;0.6109319;0.4723267;957.0;0.1769917;False;11/21/2025 5:48:32 PM:728;1763718512728;;
953;456;0.5873402;0.4996453;0.6445005;0.5000767;950.4;0.1754139;False;11/21/2025 5:48:32 PM:745;1763718512745;;
954;456;0.5876195;0.4996373;0.6210046;0.4964032;945.8;0.1834707;False;11/21/2025 5:48:32 PM:767;1763718512767;;
954;456;0.5879987;0.4996358;0.6136549;0.493581;941.7;0.1835513;False;11/21/2025 5:48:32 PM:786;1763718512786;;
952;456;0.5867443;0.4995811;0.567;0.4866441;942.8;0.1947132;False;11/21/2025 5:48:32 PM:805;1763718512805;;
952;456;0.5868205;0.499579;0.6212981;0.4990719;945.6;0.2060994;False;11/21/2025 5:48:32 PM:825;1763718512825;;
953;456;0.5868816;0.4995773;0.6212387;0.4990563;948.1;0.2066281;False;11/21/2025 5:48:32 PM:842;1763718512842;;
953;456;0.5869392;0.4995756;0.621241;0.4990568;950.4;0.2066077;False;11/21/2025 5:48:32 PM:860;1763718512860;;
987;456;0.6080449;0.4995708;0.7540055;0.4933665;951.3;0.2230567;False;11/21/2025 5:48:32 PM:878;1763718512878;;
999;456;0.615483;0.4995661;0.7100335;0.493274;952.1;0.2241614;False;11/21/2025 5:48:32 PM:897;1763718512897;;
999;456;0.6156555;0.4995706;0.6323358;0.5006902;951.4;0.1875467;False;11/21/2025 5:48:32 PM:916;1763718512916;;
997;456;0.6140757;0.4996201;0.5868886;0.5065305;946.3;0.1993284;False;11/21/2025 5:48:32 PM:935;1763718512935;;
995;456;0.6127588;0.4996631;0.586891;0.5065275;941.8;0.199328;False;11/21/2025 5:48:32 PM:953;1763718512953;;
1000;455;0.6160131;0.498849;0.6783453;0.461523;937.0;0.1959278;False;11/21/2025 5:48:32 PM:971;1763718512971;;
1000;454;0.6162654;0.4973648;0.6440714;0.4444127;932.8;0.1962106;False;11/21/2025 5:48:32 PM:990;1763718512990;;
909;454;0.5599574;0.4975853;0.3741976;0.5119512;932.8;0.2095929;False;11/21/2025 5:48:33 PM:10;1763718513010;;
886;454;0.5457533;0.4976061;0.4619837;0.5008234;936.8;0.2101908;False;11/21/2025 5:48:33 PM:30;1763718513030;;
869;454;0.5352036;0.4976237;0.4619228;0.5008267;940.4;0.2102033;False;11/21/2025 5:48:33 PM:51;1763718513051;;
881;454;0.5427533;0.4977708;0.6410085;0.5105243;942.1;0.19713;False;11/21/2025 5:48:33 PM:71;1763718513071;;
890;455;0.5484444;0.4978875;0.6409909;0.5105171;943.6;0.1971341;False;11/21/2025 5:48:33 PM:89;1763718513089;;
894;455;0.5505914;0.4978874;0.6174203;0.497811;943.3;0.1823755;False;11/21/2025 5:48:33 PM:110;1763718513110;;
902;455;0.5555431;0.4981586;0.6403137;0.5173807;942.0;0.1858183;False;11/21/2025 5:48:33 PM:130;1763718513130;;
908;455;0.5591906;0.4983653;0.6403221;0.5173835;940.8;0.1858044;False;11/21/2025 5:48:33 PM:150;1763718513150;;
912;455;0.5619561;0.4984034;0.6343564;0.5073795;942.2;0.1890208;False;11/21/2025 5:48:33 PM:170;1763718513170;;
914;455;0.5631749;0.4984047;0.6243099;0.4990365;942.8;0.1989395;False;11/21/2025 5:48:33 PM:190;1763718513190;;
915;455;0.5636797;0.4983681;0.6170157;0.4920614;943.4;0.199378;False;11/21/2025 5:48:33 PM:207;1763718513207;;
918;455;0.565778;0.4984425;0.635757;0.5103783;943.0;0.1917266;False;11/21/2025 5:48:33 PM:227;1763718513227;;
920;455;0.5669441;0.4984507;0.6285065;0.5038955;942.5;0.1918011;False;11/21/2025 5:48:33 PM:248;1763718513248;;
923;455;0.5688592;0.4985323;0.6367255;0.5111479;940.8;0.1966084;False;11/21/2025 5:48:33 PM:268;1763718513268;;
926;455;0.5702441;0.4985924;0.6366829;0.5111351;939.2;0.196781;False;11/21/2025 5:48:33 PM:287;1763718513287;;
953;455;0.5870931;0.4988443;0.7172614;0.5199053;938.3;0.2050755;False;11/21/2025 5:48:33 PM:310;1763718513310;;
976;456;0.6014215;0.4990512;0.7339498;0.5213982;937.5;0.2047141;False;11/21/2025 5:48:33 PM:329;1763718513329;;
958;456;0.590483;0.4990903;0.5153136;0.5120109;938.4;0.2267109;False;11/21/2025 5:48:33 PM:349;1763718513349;;
959;456;0.5908534;0.4989943;0.6122917;0.4904405;939.9;0.2086832;False;11/21/2025 5:48:33 PM:369;1763718513369;;
960;456;0.5911404;0.4989588;0.6147571;0.4941371;941.4;0.208768;False;11/21/2025 5:48:33 PM:387;1763718513387;;
960;456;0.5914291;0.4989638;0.6310672;0.5031377;942.1;0.2203789;False;11/21/2025 5:48:33 PM:407;1763718513407;;
960;456;0.5916668;0.4989681;0.6310348;0.5031282;942.8;0.2204922;False;11/21/2025 5:48:33 PM:425;1763718513425;;
957;456;0.5895702;0.4993192;0.5611904;0.5253635;939.1;0.2250343;False;11/21/2025 5:48:33 PM:446;1763718513446;;
957;456;0.5897893;0.4993234;0.6239619;0.5002316;938.5;0.2220862;False;11/21/2025 5:48:33 PM:467;1763718513467;;
958;456;0.5899709;0.4993269;0.623961;0.5002313;938.0;0.2220889;False;11/21/2025 5:48:33 PM:487;1763718513487;;
958;456;0.5899571;0.499334;0.5896074;0.5020823;940.3;0.2245377;False;11/21/2025 5:48:33 PM:511;1763718513511;;
960;456;0.5917345;0.4994524;0.6447071;0.5157993;942.1;0.2309778;False;11/21/2025 5:48:33 PM:531;1763718513531;;
962;456;0.5925757;0.4994686;0.6370386;0.5088775;943.7;0.2314178;False;11/21/2025 5:48:33 PM:550;1763718513550;;
961;453;0.592216;0.4966965;0.5840704;0.4370619;948.2;0.2052725;False;11/21/2025 5:48:33 PM:570;1763718513570;;
954;454;0.5876571;0.496842;0.5381432;0.5124177;948.3;0.2301979;False;11/21/2025 5:48:33 PM:591;1763718513591;;
944;454;0.5814038;0.4969226;0.5160272;0.5101922;948.4;0.230206;False;11/21/2025 5:48:33 PM:610;1763718513610;;
923;454;0.5688212;0.4972094;0.4765811;0.5204605;948.8;0.2359013;False;11/21/2025 5:48:33 PM:628;1763718513628;;
908;454;0.5592806;0.4974493;0.4764668;0.5204667;949.1;0.2359061;False;11/21/2025 5:48:33 PM:648;1763718513648;;
896;454;0.5523288;0.4974653;0.4896485;0.5070245;948.7;0.2357939;False;11/21/2025 5:48:33 PM:671;1763718513671;;
896;454;0.5521498;0.4974759;0.544276;0.5009648;951.4;0.236696;False;11/21/2025 5:48:33 PM:693;1763718513693;;
896;454;0.5521683;0.4974785;0.555052;0.5050896;953.9;0.2366223;False;11/21/2025 5:48:33 PM:711;1763718513711;;
896;454;0.5521853;0.497481;0.5550733;0.5050886;956.1;0.2366258;False;11/21/2025 5:48:33 PM:731;1763718513731;;
906;454;0.5584159;0.4975456;0.632741;0.5116973;954.1;0.2268541;False;11/21/2025 5:48:33 PM:752;1763718513752;;
910;454;0.5604506;0.4974568;0.6060188;0.4892613;952.6;0.2286099;False;11/21/2025 5:48:33 PM:772;1763718513772;;
912;454;0.5621699;0.4973793;0.6059994;0.4892475;951.3;0.2287018;False;11/21/2025 5:48:33 PM:792;1763718513792;;
918;454;0.5654186;0.4973852;0.6242954;0.503409;945.5;0.2042558;False;11/21/2025 5:48:33 PM:813;1763718513813;;
926;454;0.5702559;0.4976407;0.6417548;0.5201005;940.3;0.1911786;False;11/21/2025 5:48:33 PM:832;1763718513832;;
932;455;0.5742916;0.4978647;0.6417022;0.5200838;935.7;0.1913776;False;11/21/2025 5:48:33 PM:852;1763718513852;;
939;455;0.5782915;0.4978687;0.6449774;0.4986924;938.2;0.2239398;False;11/21/2025 5:48:33 PM:872;1763718513872;;
940;455;0.5788633;0.4978327;0.6133722;0.4933785;940.3;0.2244873;False;11/21/2025 5:48:33 PM:893;1763718513893;;
943;455;0.5810506;0.4980657;0.632795;0.5185744;938.6;0.1897722;False;11/21/2025 5:48:33 PM:918;1763718513918;;
948;455;0.5838929;0.4982909;0.6432879;0.5200391;936.4;0.1967455;False;11/21/2025 5:48:33 PM:940;1763718513940;;
948;455;0.5843573;0.4982871;0.6206312;0.4977295;935.3;0.2128962;False;11/21/2025 5:48:33 PM:962;1763718513962;;
949;455;0.5847313;0.4982838;0.6205255;0.4977001;934.3;0.2135077;False;11/21/2025 5:48:33 PM:981;1763718513981;;
959;456;0.5910547;0.4990306;0.6461827;0.5220934;935.3;0.2230083;False;11/21/2025 5:48:34 PM:60;1763718514060;;
959;456;0.5911266;0.4990516;0.6254642;0.5040994;936.1;0.2224067;False;11/21/2025 5:48:34 PM:79;1763718514079;;
960;456;0.591651;0.4990796;0.629795;0.5078864;938.6;0.2281482;False;11/21/2025 5:48:34 PM:123;1763718514123;;
961;455;0.5918129;0.4985589;0.5974361;0.4738111;940.9;0.2273838;False;11/21/2025 5:48:34 PM:141;1763718514141;;
961;455;0.5919549;0.498099;0.5974374;0.4738103;942.9;0.2273848;False;11/21/2025 5:48:34 PM:159;1763718514159;;
962;455;0.5925037;0.4981193;0.6321109;0.5064577;945.8;0.2183791;False;11/21/2025 5:48:34 PM:179;1763718514179;;
962;455;0.5927265;0.4979209;0.6082922;0.482588;947.9;0.2132892;False;11/21/2025 5:48:34 PM:198;1763718514198;;
962;455;0.5928561;0.4979109;0.6142242;0.4951735;949.8;0.2133407;False;11/21/2025 5:48:34 PM:217;1763718514217;;
963;455;0.5930232;0.4978983;0.6117045;0.4946542;953.5;0.2271762;False;11/21/2025 5:48:34 PM:238;1763718514238;;
963;455;0.5931615;0.4978877;0.6116863;0.4946483;956.8;0.2272304;False;11/21/2025 5:48:34 PM:257;1763718514257;;
963;454;0.5931186;0.4972556;0.5916348;0.4664496;961.3;0.2249356;False;11/21/2025 5:48:34 PM:276;1763718514276;;
964;454;0.5938815;0.4976882;0.6320471;0.5224329;958.0;0.2333701;False;11/21/2025 5:48:34 PM:296;1763718514296;;
965;455;0.5945492;0.4980679;0.6320403;0.5224305;955.0;0.2333962;False;11/21/2025 5:48:34 PM:318;1763718514318;;
967;455;0.5956786;0.4985237;0.6406333;0.5266612;953.8;0.2201042;False;11/21/2025 5:48:34 PM:337;1763718514337;;
967;455;0.5958387;0.4985134;0.6138846;0.4966058;950.9;0.2173091;False;11/21/2025 5:48:34 PM:359;1763718514359;;
967;455;0.5959594;0.4985057;0.6139143;0.4966164;948.4;0.2172624;False;11/21/2025 5:48:34 PM:378;1763718514378;;
968;455;0.5965923;0.498555;0.6336034;0.5091915;947.5;0.2082545;False;11/21/2025 5:48:34 PM:398;1763718514398;;
969;455;0.5970831;0.4985938;0.6335871;0.5091859;946.7;0.2082824;False;11/21/2025 5:48:34 PM:417;1763718514417;;
969;454;0.5970519;0.4975401;0.5960187;0.4602349;949.0;0.2119841;False;11/21/2025 5:48:34 PM:437;1763718514437;;
972;455;0.5989382;0.4980393;0.6514066;0.5265661;947.0;0.2441209;False;11/21/2025 5:48:34 PM:457;1763718514457;;
975;455;0.6009064;0.4985121;0.6551205;0.5275622;945.2;0.2443868;False;11/21/2025 5:48:34 PM:476;1763718514476;;
976;455;0.6010665;0.4985186;0.6306646;0.5029389;947.0;0.2421189;False;11/21/2025 5:48:34 PM:498;1763718514498;;
977;455;0.6020017;0.4988913;0.6449302;0.5252485;943.0;0.2415895;False;11/21/2025 5:48:34 PM:520;1763718514520;;
978;456;0.6023057;0.4989685;0.6362416;0.5141611;939.5;0.2418494;False;11/21/2025 5:48:34 PM:542;1763718514542;;
979;456;0.6030155;0.4992566;0.6449358;0.5252503;936.3;0.2415583;False;11/21/2025 5:48:34 PM:561;1763718514561;;
979;456;0.603177;0.4992922;0.6288873;0.5051572;937.7;0.2362452;False;11/21/2025 5:48:34 PM:606;1763718514606;;
980;456;0.6035087;0.4993217;0.6397038;0.5124341;939.1;0.2331771;False;11/21/2025 5:48:34 PM:624;1763718514624;;
980;456;0.6038569;0.4993547;0.6249434;0.5041984;941.5;0.2311598;False;11/21/2025 5:48:34 PM:671;1763718514671;;
980;456;0.6039716;0.4992898;0.6085013;0.4928122;943.6;0.2295959;False;11/21/2025 5:48:34 PM:692;1763718514692;;
980;456;0.6038376;0.4991767;0.6027161;0.4953876;946.8;0.2377634;False;11/21/2025 5:48:34 PM:829;1763718514829;;
980;456;0.6038755;0.4991703;0.6119444;0.4968617;949.7;0.2343344;False;11/21/2025 5:48:34 PM:847;1763718514847;;
982;456;0.6047928;0.4991665;0.6241324;0.4986804;950.9;0.2596045;False;11/21/2025 5:48:35 PM:36;1763718515036;;
981;455;0.6045945;0.4987129;0.5971316;0.472702;952.0;0.2529096;False;11/21/2025 5:48:35 PM:56;1763718515056;;
981;455;0.6046271;0.4987172;0.6148727;0.5004942;951.4;0.2286489;False;11/21/2025 5:48:35 PM:74;1763718515074;;
984;456;0.6061538;0.4989552;0.6499722;0.5178457;946.8;0.2054166;False;11/21/2025 5:48:35 PM:93;1763718515093;;
986;456;0.6074568;0.4991628;0.6499184;0.5178305;942.6;0.2057326;False;11/21/2025 5:48:35 PM:111;1763718515111;;
986;456;0.6075279;0.499416;0.626494;0.5185429;948.0;0.1429338;True;11/21/2025 5:48:35 PM:135;1763718515135;;
986;456;0.6075705;0.4995846;0.6262569;0.5185636;952.8;0.1426919;True;11/21/2025 5:48:35 PM:152;1763718515152;;
986;456;0.6071894;0.4995554;0.5952815;0.4949242;954.5;0.1364466;True;11/21/2025 5:48:35 PM:172;1763718515172;;
986;456;0.607213;0.4997044;0.6217377;0.5119833;965.0;0.1184063;True;11/21/2025 5:48:35 PM:226;1763718515226;;
986;456;0.6072463;0.4996918;0.6188797;0.4973725;974.4;0.1149315;True;11/21/2025 5:48:35 PM:245;1763718515245;;
986;456;0.6073334;0.4995174;0.6110948;0.4903797;968.5;0.1641635;True;11/21/2025 5:48:35 PM:292;1763718515292;;
986;456;0.6073335;0.4993198;0.607343;0.4827003;963.2;0.1623053;True;11/21/2025 5:48:35 PM:310;1763718515310;;
986;456;0.6076124;0.4995109;0.6294877;0.5173506;962.3;0.1688072;True;11/21/2025 5:48:35 PM:328;1763718515328;;
993;456;0.6118219;0.499456;0.6777043;0.4910299;961.3;0.1759744;False;11/21/2025 5:48:35 PM:348;1763718515348;;
997;456;0.6139749;0.4994439;0.6664519;0.495334;960.4;0.1761552;False;11/21/2025 5:48:35 PM:365;1763718515365;;
997;456;0.614179;0.4994866;0.6372022;0.5079728;959.5;0.1909693;False;11/21/2025 5:48:35 PM:384;1763718515384;;
997;456;0.6142994;0.4995556;0.6349663;0.5104451;958.7;0.1912726;False;11/21/2025 5:48:35 PM:403;1763718515403;;
997;456;0.6144587;0.4995875;0.6370604;0.508001;957.9;0.190611;False;11/21/2025 5:48:35 PM:422;1763718515422;;
998;456;0.615011;0.4997605;0.6462563;0.5173048;956.2;0.1647099;True;11/21/2025 5:48:35 PM:443;1763718515443;;
999;456;0.6152991;0.4997684;0.6424929;0.5060326;958.4;0.1930896;False;11/21/2025 5:48:35 PM:462;1763718515462;;
999;456;0.6155731;0.4997756;0.6426927;0.5059919;960.5;0.1937455;False;11/21/2025 5:48:35 PM:482;1763718515482;;
1000;457;0.6160982;0.5002365;0.6477185;0.5276013;957.9;0.199962;False;11/21/2025 5:48:35 PM:505;1763718515505;;
1000;457;0.6160039;0.5002055;0.6125866;0.4960608;964.1;0.2002888;False;11/21/2025 5:48:35 PM:525;1763718515525;;
1000;457;0.615913;0.5001755;0.6125109;0.4960438;969.6;0.201329;False;11/21/2025 5:48:35 PM:548;1763718515548;;
1000;457;0.6159572;0.500178;0.6284419;0.5010681;969.0;0.1856499;False;11/21/2025 5:48:35 PM:569;1763718515569;;
1001;457;0.6169269;0.5004366;0.6543028;0.5228518;968.8;0.1831437;False;11/21/2025 5:48:35 PM:588;1763718515588;;
1003;457;0.6178576;0.5006014;0.6570887;0.5207971;968.6;0.1842759;False;11/21/2025 5:48:35 PM:605;1763718515605;;
1004;457;0.6186135;0.5009276;0.6543282;0.5271719;967.9;0.1622948;True;11/21/2025 5:48:35 PM:625;1763718515625;;
1005;458;0.6192168;0.5011898;0.6543409;0.5271751;967.3;0.1621832;True;11/21/2025 5:48:35 PM:643;1763718515643;;
1009;458;0.6215871;0.5014223;0.6781625;0.526695;962.5;0.1931044;False;11/21/2025 5:48:35 PM:662;1763718515662;;
1012;458;0.6232606;0.501563;0.6749101;0.5239649;958.1;0.193452;False;11/21/2025 5:48:35 PM:680;1763718515680;;
998;458;0.6145568;0.5015054;0.5446824;0.4967951;960.2;0.1986308;False;11/21/2025 5:48:35 PM:701;1763718515701;;
1001;458;0.6163841;0.5019287;0.6658762;0.5328301;962.3;0.1798532;False;11/21/2025 5:48:35 PM:722;1763718515722;;
1003;459;0.6179119;0.5022901;0.665867;0.5328278;964.3;0.1799418;False;11/21/2025 5:48:35 PM:742;1763718515742;;
1003;459;0.6179631;0.5024782;0.6394666;0.5273525;963.7;0.194151;False;11/21/2025 5:48:35 PM:765;1763718515765;;
1004;459;0.618292;0.502492;0.650102;0.5166764;965.5;0.2022364;False;11/21/2025 5:48:35 PM:784;1763718515784;;
1004;459;0.6185665;0.5025039;0.65003;0.5166566;967.2;0.2026978;False;11/21/2025 5:48:35 PM:803;1763718515803;;
1004;459;0.6187408;0.5025158;0.6341778;0.5036761;963.7;0.2013447;False;11/21/2025 5:48:35 PM:825;1763718515825;;
1004;459;0.618765;0.5025443;0.642623;0.5098614;960.6;0.2009169;False;11/21/2025 5:48:35 PM:845;1763718515845;;
1004;459;0.6187924;0.5025613;0.6409624;0.5130764;959.1;0.1677149;True;11/21/2025 5:48:35 PM:866;1763718515866;;
1004;459;0.6188154;0.5025755;0.6409581;0.513075;957.7;0.1677282;True;11/21/2025 5:48:35 PM:885;1763718515885;;
1005;459;0.6188892;0.5025142;0.6224218;0.49693;957.9;0.1871971;False;11/21/2025 5:48:35 PM:904;1763718515904;;
1004;459;0.618689;0.5022941;0.6118873;0.4877196;958.2;0.187236;False;11/21/2025 5:48:35 PM:922;1763718515922;;
1004;459;0.6187301;0.5022939;0.6347238;0.5022549;957.0;0.1839055;False;11/21/2025 5:48:35 PM:943;1763718515943;;
1005;459;0.6189852;0.5023628;0.6452731;0.5168834;958.5;0.1955618;False;11/21/2025 5:48:35 PM:962;1763718515962;;
1005;459;0.6191893;0.5024183;0.6452368;0.5168701;959.8;0.1956429;False;11/21/2025 5:48:35 PM:980;1763718515980;;
1005;459;0.6194491;0.5025036;0.6468658;0.5190805;964.9;0.1911329;False;11/21/2025 5:48:35 PM:999;1763718515999;;
1006;459;0.6195406;0.5025179;0.6336241;0.5069118;969.5;0.1912163;False;11/21/2025 5:48:36 PM:18;1763718516018;;
1006;459;0.6197014;0.5025284;0.631963;0.5101598;962.6;0.1717335;False;11/21/2025 5:48:36 PM:56;1763718516056;;
1006;459;0.6197328;0.5025926;0.6385775;0.5173629;956.5;0.1717839;False;11/21/2025 5:48:36 PM:77;1763718516077;;
997;459;0.6144556;0.5025365;0.5600284;0.4971476;952.9;0.1947924;False;11/21/2025 5:48:36 PM:100;1763718516100;;
998;459;0.6149063;0.5025465;0.6411977;0.5055758;953.5;0.1798446;False;11/21/2025 5:48:36 PM:123;1763718516123;;
999;459;0.6152368;0.502554;0.6411565;0.5055847;954.1;0.1797245;False;11/21/2025 5:48:36 PM:142;1763718516142;;
999;459;0.6155864;0.5024573;0.6223277;0.4995234;953.7;0.1775329;False;11/21/2025 5:48:36 PM:362;1763718516362;;
999;459;0.6156019;0.502414;0.617265;0.4945328;953.4;0.1771431;False;11/21/2025 5:48:36 PM:380;1763718516380;;
997;458;0.6139283;0.5011972;0.5998884;0.4806044;954.5;0.1681768;True;11/21/2025 5:48:36 PM:518;1763718516518;;
1002;458;0.6172937;0.501186;0.6717886;0.4977909;955.5;0.1664356;True;11/21/2025 5:48:36 PM:536;1763718516536;;
992;458;0.6110827;0.5011759;0.5421371;0.4985183;957.5;0.1726917;False;11/21/2025 5:48:36 PM:557;1763718516557;;
984;458;0.6064785;0.501168;0.5421481;0.4985168;959.2;0.1726998;False;11/21/2025 5:48:36 PM:575;1763718516575;;
951;458;0.5860459;0.5012244;0.4580961;0.5077989;958.8;0.1816585;False;11/21/2025 5:48:36 PM:594;1763718516594;;
950;458;0.5855517;0.5012134;0.5657163;0.4935079;959.8;0.1615047;True;11/21/2025 5:48:36 PM:613;1763718516613;;
950;458;0.5851384;0.5012039;0.5657681;0.4934891;960.6;0.1615403;True;11/21/2025 5:48:36 PM:632;1763718516632;;
950;458;0.5851811;0.5011978;0.5904134;0.4986242;964.2;0.1654926;True;11/21/2025 5:48:36 PM:652;1763718516652;;
950;458;0.5852177;0.5011926;0.5905014;0.4986129;967.3;0.1655491;True;11/21/2025 5:48:36 PM:671;1763718516671;;
950;458;0.5852503;0.5011879;0.5905004;0.498613;970.2;0.1655487;True;11/21/2025 5:48:36 PM:691;1763718516691;;
942;458;0.5801314;0.5012186;0.5173643;0.5058303;971.9;0.1711882;False;11/21/2025 5:48:36 PM:712;1763718516712;;
877;458;0.5401192;0.5012557;0.3738146;0.5069426;970.1;0.1699534;True;11/21/2025 5:48:36 PM:733;1763718516733;;
828;458;0.5103193;0.5012893;0.373835;0.5069423;968.4;0.1699592;True;11/21/2025 5:48:36 PM:753;1763718516753;;
835;457;0.5143029;0.5008661;0.5833921;0.4744669;970.2;0.1922367;False;11/21/2025 5:48:36 PM:773;1763718516773;;
835;457;0.5143256;0.5009968;0.5380055;0.5082499;972.3;0.161821;True;11/21/2025 5:48:36 PM:831;1763718516831;;
850;457;0.5240036;0.5009751;0.6233005;0.4946191;974.2;0.1570897;True;11/21/2025 5:48:36 PM:851;1763718516851;;
851;457;0.5241753;0.5003732;0.5371844;0.4705056;975.6;0.1784663;False;11/21/2025 5:48:36 PM:873;1763718516873;;
851;457;0.5243713;0.5003822;0.5435567;0.5011979;977.2;0.1803782;False;11/21/2025 5:48:36 PM:953;1763718516953;;
856;457;0.5274126;0.5003909;0.5884858;0.5028365;978.7;0.1742763;False;11/21/2025 5:48:36 PM:973;1763718516973;;
865;456;0.5327476;0.4998263;0.610722;0.4692736;981.0;0.1616141;True;11/21/2025 5:48:36 PM:993;1763718516993;;
871;456;0.5363372;0.4995234;0.6047692;0.4750526;983.0;0.1620578;True;11/21/2025 5:48:37 PM:11;1763718517011;;
862;456;0.5309973;0.4998035;0.4776766;0.5170119;984.0;0.1545984;True;11/21/2025 5:48:37 PM:32;1763718517032;;
864;455;0.5325516;0.4981067;0.5795867;0.4469965;985.5;0.1280901;True;11/21/2025 5:48:37 PM:54;1763718517054;;
866;454;0.5337389;0.4968086;0.5795696;0.4469829;986.8;0.1280944;True;11/21/2025 5:48:37 PM:73;1763718517073;;
867;454;0.5338976;0.4973993;0.5418569;0.5212535;985.4;0.09441213;True;11/21/2025 5:48:37 PM:94;1763718517094;;
867;455;0.5340262;0.4978159;0.5438129;0.520445;984.2;0.09475026;True;11/21/2025 5:48:37 PM:113;1763718517113;;
883;454;0.5440829;0.4978036;0.6040413;0.4958734;984.1;0.1582751;True;11/21/2025 5:48:37 PM:192;1763718517192;;
884;453;0.5444985;0.4958229;0.5799479;0.4435947;984.1;0.1574127;True;11/21/2025 5:48:37 PM:216;1763718517216;;
901;453;0.5549765;0.4957978;0.6115463;0.4945601;985.4;0.1364903;True;11/21/2025 5:48:37 PM:353;1763718517353;;
902;453;0.5557273;0.4957925;0.6046721;0.4894346;986.6;0.1361981;True;11/21/2025 5:48:37 PM:371;1763718517371;;
903;453;0.5561783;0.4960408;0.5851377;0.5075;986.1;0.1701072;True;11/21/2025 5:48:37 PM:416;1763718517416;;
908;453;0.559212;0.496172;0.6286438;0.5094268;985.8;0.1698668;True;11/21/2025 5:48:37 PM:436;1763718517436;;
909;453;0.5602062;0.4961788;0.5641983;0.4969818;989.8;0.1322122;True;11/21/2025 5:48:38 PM:24;1763718518024;;
908;453;0.559614;0.4962193;0.540654;0.5047233;993.5;0.1317805;True;11/21/2025 5:48:38 PM:42;1763718518042;;
782;455;0.4816041;0.4983353;0.4038839;0.5225263;989.0;0.1613514;True;11/21/2025 5:48:38 PM:280;1763718518280;;
759;455;0.4677054;0.4984784;0.359572;0.5217038;984.9;0.1612339;True;11/21/2025 5:48:38 PM:302;1763718518302;;
773;455;0.4765581;0.4984822;0.55036;0.513427;982.2;0.1115117;True;11/21/2025 5:48:38 PM:324;1763718518324;;
745;455;0.4589545;0.4987966;0.3377016;0.529687;985.0;0.1364542;True;11/21/2025 5:48:38 PM:343;1763718518343;;
729;456;0.4493774;0.4991701;0.357302;0.5332922;987.6;0.1364476;True;11/21/2025 5:48:38 PM:362;1763718518362;;
716;456;0.4410669;0.4995251;0.3576269;0.5332736;989.9;0.1364466;True;11/21/2025 5:48:38 PM:382;1763718518382;;
672;455;0.4143521;0.4986317;0.2728874;0.4706451;994.5;0.1425757;True;11/21/2025 5:48:38 PM:403;1763718518403;;
672;455;0.4143611;0.4986353;0.4180521;0.5136762;994.1;0.1321129;True;11/21/2025 5:48:38 PM:422;1763718518422;;
672;455;0.414367;0.4986389;0.4176933;0.513694;993.8;0.1320923;True;11/21/2025 5:48:38 PM:441;1763718518441;;
649;455;0.3999447;0.4989009;0.2998759;0.5268098;991.5;0.155225;True;11/21/2025 5:48:38 PM:464;1763718518464;;
634;456;0.3904981;0.4990878;0.2995745;0.5267898;989.4;0.1551667;True;11/21/2025 5:48:38 PM:480;1763718518480;;
621;456;0.3829523;0.4991347;0.304959;0.5075544;991.9;0.1604712;True;11/21/2025 5:48:38 PM:500;1763718518500;;
626;456;0.3858182;0.4993515;0.4321647;0.5265263;995.5;0.1670694;True;11/21/2025 5:48:38 PM:522;1763718518522;;
630;456;0.3883934;0.4995548;0.432345;0.5265176;998.9;0.1670547;True;11/21/2025 5:48:38 PM:547;1763718518547;;
640;456;0.3946639;0.4997685;0.4686537;0.5291412;1004.9;0.172933;False;11/21/2025 5:48:38 PM:567;1763718518567;;
638;456;0.3929272;0.4998146;0.3581834;0.5222843;1003.9;0.1632478;True;11/21/2025 5:48:38 PM:586;1763718518586;;
635;456;0.3914962;0.4998544;0.3581676;0.5222849;1003.0;0.1632499;True;11/21/2025 5:48:38 PM:605;1763718518605;;
619;457;0.3816776;0.5002778;0.2938123;0.5376512;1001.6;0.1576156;True;11/21/2025 5:48:38 PM:624;1763718518624;;
617;457;0.3801253;0.5009052;0.3439318;0.5446637;1000.3;0.1576302;True;11/21/2025 5:48:38 PM:644;1763718518644;;
574;451;0.3539481;0.4945059;0.2122563;0.4072218;995.0;0.1502896;True;11/21/2025 5:48:38 PM:663;1763718518663;;
563;452;0.3469493;0.4945431;0.2725488;0.5066224;997.4;0.1573578;True;11/21/2025 5:48:38 PM:681;1763718518681;;
553;452;0.340566;0.4945819;0.2679063;0.5009557;999.6;0.1574402;True;11/21/2025 5:48:38 PM:700;1763718518700;;
548;452;0.3379485;0.4953167;0.2932135;0.5365441;997.1;0.1817086;False;11/21/2025 5:48:38 PM:721;1763718518721;;
543;452;0.334657;0.4955015;0.2821187;0.5232236;992.3;0.1851105;False;11/21/2025 5:48:38 PM:741;1763718518741;;
543;453;0.3347766;0.496114;0.3428248;0.5363191;987.9;0.1851462;False;11/21/2025 5:48:38 PM:763;1763718518763;;
532;453;0.328031;0.4958282;0.2544906;0.4831322;985.5;0.1306875;True;11/21/2025 5:48:38 PM:783;1763718518783;;
530;453;0.3269373;0.495969;0.2920667;0.5222186;983.3;0.1313488;True;11/21/2025 5:48:38 PM:801;1763718518801;;
617;454;0.3801005;0.4971106;0.5699397;0.5487286;989.0;0.153295;True;11/21/2025 5:48:38 PM:820;1763718518820;;
674;454;0.4156309;0.4978064;0.571643;0.5438952;994.0;0.1533366;True;11/21/2025 5:48:38 PM:838;1763718518838;;
777;455;0.4785075;0.4985953;0.6593315;0.5451608;992.7;0.1533287;True;11/21/2025 5:48:38 PM:859;1763718518859;;
838;456;0.516442;0.4991905;0.6593551;0.5451658;991.5;0.1532093;True;11/21/2025 5:48:38 PM:877;1763718518877;;
886;456;0.5459045;0.4992037;0.6531197;0.5259609;994.8;0.1471549;True;11/21/2025 5:48:38 PM:898;1763718518898;;
916;456;0.5643685;0.4997002;0.6486609;0.5431199;993.4;0.1554179;True;11/21/2025 5:48:38 PM:920;1763718518920;;
937;457;0.5773274;0.5001057;0.6489552;0.5431042;992.1;0.1555536;True;11/21/2025 5:48:38 PM:937;1763718518937;;
934;457;0.5755979;0.5002064;0.5465481;0.5334815;985.8;0.1569157;True;11/21/2025 5:48:38 PM:958;1763718518958;;
932;457;0.5743253;0.500284;0.5467608;0.5334707;980.0;0.1569604;True;11/21/2025 5:48:38 PM:976;1763718518976;;
939;457;0.5787377;0.5003665;0.615063;0.5337348;978.7;0.1584857;True;11/21/2025 5:48:38 PM:996;1763718518996;;
938;457;0.5777334;0.5004109;0.5446254;0.5323648;972.0;0.1517467;True;11/21/2025 5:48:39 PM:16;1763718519016;;
936;457;0.5769495;0.5004467;0.5446141;0.5323653;966.0;0.1517551;True;11/21/2025 5:48:39 PM:33;1763718519033;;
931;457;0.5732763;0.5005779;0.486058;0.5205902;960.9;0.1555673;True;11/21/2025 5:48:39 PM:53;1763718519053;;
926;457;0.5702174;0.5006905;0.4860023;0.5205927;956.4;0.1556008;True;11/21/2025 5:48:39 PM:72;1763718519072;;
985;457;0.6067142;0.5008204;0.7367686;0.5188202;950.9;0.1596608;True;11/21/2025 5:48:39 PM:95;1763718519095;;
987;457;0.6079217;0.5008038;0.621963;0.499835;942.1;0.1502946;True;11/21/2025 5:48:39 PM:114;1763718519114;;
994;457;0.6126789;0.5008415;0.6560721;0.5039081;934.1;0.1503203;True;11/21/2025 5:48:39 PM:132;1763718519132;;
1009;457;0.621542;0.5009083;0.6833529;0.507561;928.5;0.1488656;True;11/21/2025 5:48:39 PM:153;1763718519153;;
1019;457;0.6277423;0.5009595;0.6835088;0.507546;923.5;0.1488435;True;11/21/2025 5:48:39 PM:171;1763718519171;;
1035;457;0.6377748;0.5009972;0.7068645;0.5158268;920.4;0.1585087;True;11/21/2025 5:48:39 PM:192;1763718519192;;
1038;458;0.6396937;0.5014293;0.6656014;0.5372579;919.7;0.1542495;True;11/21/2025 5:48:39 PM:212;1763718519212;;
1035;458;0.6373971;0.5020627;0.5744088;0.5454366;919.1;0.1548259;True;11/21/2025 5:48:39 PM:231;1763718519231;;
1031;459;0.6351577;0.5026982;0.5745484;0.5454298;918.6;0.1549257;True;11/21/2025 5:48:39 PM:252;1763718519252;;
1032;459;0.6359476;0.5025739;0.6497682;0.496359;913.5;0.1295993;True;11/21/2025 5:48:39 PM:273;1763718519273;;
1050;459;0.6467093;0.5025777;0.7280253;0.522738;907.9;0.1402157;True;11/21/2025 5:48:39 PM:293;1763718519293;;
1064;459;0.6553249;0.5025811;0.7281533;0.5227231;902.8;0.1401899;True;11/21/2025 5:48:39 PM:311;1763718519311;;
1060;458;0.653181;0.5017065;0.5989243;0.4747048;900.3;0.1248838;True;11/21/2025 5:48:39 PM:332;1763718519332;;
1082;458;0.6666675;0.5017469;0.7540119;0.5083454;895.2;0.1461467;True;11/21/2025 5:48:39 PM:354;1763718519354;;
1097;458;0.6757932;0.5017772;0.7542786;0.5083142;890.6;0.1462782;True;11/21/2025 5:48:39 PM:373;1763718519373;;
1102;458;0.6787325;0.5018225;0.7154505;0.518652;887.9;0.1666538;True;11/21/2025 5:48:39 PM:395;1763718519395;;
1093;458;0.6730317;0.5016564;0.5980867;0.4914279;887.7;0.148755;True;11/21/2025 5:48:39 PM:417;1763718519417;;
1086;458;0.6687386;0.5015857;0.6010907;0.4955066;887.5;0.1489301;True;11/21/2025 5:48:39 PM:437;1763718519437;;
1083;458;0.6670322;0.5015872;0.618863;0.510882;884.8;0.1447254;True;11/21/2025 5:48:39 PM:458;1763718519458;;
1083;458;0.6670223;0.5015823;0.6449516;0.5008301;881.0;0.1654112;True;11/21/2025 5:48:39 PM:479;1763718519479;;
1083;458;0.6670194;0.5015781;0.6452214;0.5007996;877.5;0.1657944;True;11/21/2025 5:48:39 PM:496;1763718519496;;
1078;458;0.6639965;0.5015851;0.6057116;0.5032585;870.7;0.1377659;True;11/21/2025 5:48:39 PM:519;1763718519519;;
1071;457;0.6600695;0.5010891;0.5887681;0.4757627;864.6;0.1377742;True;11/21/2025 5:48:39 PM:539;1763718519539;;
1067;457;0.6574506;0.5010937;0.5970912;0.5059635;860.0;0.1567351;True;11/21/2025 5:48:39 PM:558;1763718519558;;
1062;457;0.6541247;0.5010599;0.5869631;0.4955083;852.4;0.1525246;True;11/21/2025 5:48:39 PM:579;1763718519579;;
1058;457;0.6517068;0.5010574;0.5900107;0.5000318;845.6;0.1525512;True;11/21/2025 5:48:39 PM:598;1763718519598;;
1058;457;0.6514913;0.5005667;0.6429739;0.4749806;834.2;0.1681099;True;11/21/2025 5:48:39 PM:619;1763718519619;;
1057;457;0.6514254;0.5002773;0.6491613;0.4792833;823.9;0.1680932;True;11/21/2025 5:48:39 PM:640;1763718519640;;
999;457;0.6156256;0.5005667;0.4538044;0.5191735;815.7;0.1634984;True;11/21/2025 5:48:39 PM:662;1763718519662;;
961;457;0.5919357;0.5007345;0.4498171;0.5171596;808.3;0.1635319;True;11/21/2025 5:48:39 PM:681;1763718519681;;
960;457;0.5914822;0.5003718;0.5704631;0.4776399;804.5;0.1703754;True;11/21/2025 5:48:39 PM:701;1763718519701;;
958;455;0.5901189;0.4984147;0.5561362;0.4471403;796.6;0.177854;False;11/21/2025 5:48:39 PM:724;1763718519724;;
956;454;0.5890213;0.4968367;0.5561338;0.447138;789.6;0.177843;False;11/21/2025 5:48:39 PM:746;1763718519746;;
941;453;0.5795285;0.496133;0.4932749;0.4601153;781.2;0.1999645;False;11/21/2025 5:48:39 PM:768;1763718519768;;
868;453;0.5344839;0.4960175;0.3576119;0.4756967;773.7;0.197082;False;11/21/2025 5:48:39 PM:790;1763718519790;;
821;453;0.5057299;0.4960081;0.3617619;0.4840019;766.9;0.1976302;False;11/21/2025 5:48:39 PM:809;1763718519809;;
805;453;0.4959426;0.4959792;0.4190085;0.490187;759.5;0.2123084;False;11/21/2025 5:48:39 PM:831;1763718519831;;
804;452;0.495356;0.4954114;0.4808669;0.4612091;746.2;0.1667833;True;11/21/2025 5:48:39 PM:853;1763718519853;;
803;452;0.4948982;0.4949452;0.4811419;0.4611885;734.2;0.1666956;True;11/21/2025 5:48:39 PM:874;1763718519874;;
727;451;0.4476856;0.4940451;0.2826582;0.4503689;727.9;0.1880946;False;11/21/2025 5:48:39 PM:898;1763718519898;;
693;450;0.4272161;0.4929351;0.3235492;0.4439649;720.3;0.1765462;False;11/21/2025 5:48:39 PM:921;1763718519921;;
662;448;0.4077047;0.4906417;0.3078764;0.4242818;710.4;0.1809894;False;11/21/2025 5:48:39 PM:944;1763718519944;;
629;445;0.3877157;0.487823;0.3079343;0.4242788;701.5;0.180995;False;11/21/2025 5:48:39 PM:981;1763718519981;;
633;445;0.3902406;0.4878079;0.4495267;0.4569442;692.8;0.1936707;False;11/21/2025 5:48:40 PM:2;1763718520002;;
621;444;0.3827597;0.4866378;0.3198994;0.4282192;681.1;0.2033408;False;11/21/2025 5:48:40 PM:24;1763718520024;;
565;440;0.348429;0.4823658;0.1969166;0.383276;668.2;0.1741226;False;11/21/2025 5:48:40 PM:43;1763718520043;;
523;437;0.3224142;0.4785704;0.1967769;0.3828447;656.6;0.1740837;False;11/21/2025 5:48:40 PM:62;1763718520062;;
490;434;0.3019372;0.4751621;0.1969171;0.3832776;646.2;0.1741205;False;11/21/2025 5:48:40 PM:82;1763718520082;;
491;434;0.3024445;0.4751233;0.3233922;0.4319159;634.5;0.1862348;False;11/21/2025 5:48:40 PM:102;1763718520102;;
468;432;0.2883921;0.4734183;0.2058966;0.4000625;622.1;0.1959672;False;11/21/2025 5:48:40 PM:124;1763718520124;;
453;431;0.2790402;0.4721588;0.2058812;0.4000408;611.0;0.1960198;False;11/21/2025 5:48:40 PM:142;1763718520142;;
452;432;0.2789017;0.4736686;0.2756476;0.5040725;601.9;0.2116403;False;11/21/2025 5:48:40 PM:163;1763718520163;;
499;432;0.3076994;0.4735801;0.4639647;0.4698493;595.9;0.1985136;False;11/21/2025 5:48:40 PM:184;1763718520184;;
521;432;0.3209534;0.4734722;0.435191;0.4672617;590.5;0.1985276;False;11/21/2025 5:48:40 PM:202;1763718520202;;
528;433;0.3255083;0.4741727;0.3923023;0.4931948;589.2;0.1942955;False;11/21/2025 5:48:40 PM:225;1763718520225;;
531;433;0.3275773;0.4745108;0.3814053;0.4884877;588.1;0.1943484;False;11/21/2025 5:48:40 PM:243;1763718520243;;
518;433;0.3194207;0.4744631;0.2498361;0.4559604;585.0;0.1863226;False;11/21/2025 5:48:40 PM:264;1763718520264;;
520;433;0.3207504;0.474414;0.3645908;0.4699116;581.7;0.168473;True;11/21/2025 5:48:40 PM:284;1763718520284;;
521;433;0.3213184;0.4743544;0.3557957;0.4637597;578.7;0.1684794;True;11/21/2025 5:48:40 PM:302;1763718520302;;
610;434;0.3761431;0.4750048;0.5709808;0.4973825;576.1;0.1152897;True;11/21/2025 5:48:40 PM:324;1763718520324;;
669;434;0.4124465;0.4751516;0.5716244;0.4846691;577.0;0.1055288;True;11/21/2025 5:48:40 PM:343;1763718520343;;
711;434;0.4380906;0.4752055;0.5723693;0.4804187;577.7;0.1055236;True;11/21/2025 5:48:40 PM:362;1763718520362;;
729;434;0.4491046;0.4754199;0.5257943;0.4883916;575.5;0.1264591;True;11/21/2025 5:48:40 PM:384;1763718520384;;
741;434;0.4567566;0.4755841;0.5255934;0.4883873;573.5;0.1264633;True;11/21/2025 5:48:40 PM:403;1763718520403;;
772;435;0.4754629;0.4764976;0.5860875;0.5113601;570.2;0.1522545;True;11/21/2025 5:48:40 PM:423;1763718520423;;
817;436;0.5031763;0.4773463;0.6366754;0.5125408;568.4;0.1626446;True;11/21/2025 5:48:40 PM:443;1763718520443;;
850;436;0.5234686;0.4780643;0.6366795;0.5125365;566.8;0.1626033;True;11/21/2025 5:48:40 PM:462;1763718520462;;
867;437;0.5340283;0.4788308;0.602643;0.5121517;564.1;0.1747141;False;11/21/2025 5:48:40 PM:486;1763718520486;;
876;438;0.5396649;0.4793659;0.5950279;0.5119769;561.6;0.1747401;False;11/21/2025 5:48:40 PM:506;1763718520506;;
875;440;0.539036;0.4815595;0.5013015;0.5424288;560.5;0.1755234;False;11/21/2025 5:48:40 PM:527;1763718520527;;
875;441;0.5388945;0.4829103;0.519975;0.5355914;559.4;0.1754817;False;11/21/2025 5:48:40 PM:547;1763718520547;;
895;441;0.5511229;0.4831317;0.6374996;0.5117252;560.2;0.1680628;True;11/21/2025 5:48:40 PM:567;1763718520567;;
910;441;0.5604337;0.4831488;0.6294247;0.5022456;560.1;0.1746193;False;11/21/2025 5:48:40 PM:591;1763718520591;;
925;441;0.5699124;0.4835041;0.6461331;0.5170672;559.9;0.1746794;False;11/21/2025 5:48:40 PM:612;1763718520612;;
942;442;0.5802599;0.4838694;0.6539692;0.5170341;557.2;0.1785182;False;11/21/2025 5:48:40 PM:637;1763718520637;;
942;442;0.580529;0.4838171;0.5902601;0.4806539;556.4;0.170908;True;11/21/2025 5:48:40 PM:659;1763718520659;;
948;442;0.5842486;0.4838266;0.6322516;0.5016751;555.2;0.1697346;True;11/21/2025 5:48:40 PM:680;1763718520680;;
953;442;0.5871436;0.4838347;0.6322514;0.5016754;554.1;0.1697385;True;11/21/2025 5:48:40 PM:701;1763718520701;;
963;442;0.5932496;0.4838926;0.6589353;0.4919072;553.9;0.1695677;True;11/21/2025 5:48:40 PM:723;1763718520723;;
971;442;0.597945;0.4839417;0.658193;0.4930096;556.2;0.1798664;False;11/21/2025 5:48:40 PM:744;1763718520744;;
976;442;0.601142;0.4839808;0.6554883;0.4925707;558.2;0.1798882;False;11/21/2025 5:48:40 PM:763;1763718520763;;
986;442;0.6075613;0.4838494;0.681175;0.4754514;559.1;0.1738615;False;11/21/2025 5:48:40 PM:782;1763718520782;;
994;441;0.6123967;0.4834434;0.6784441;0.4641287;559.8;0.1738682;False;11/21/2025 5:48:40 PM:803;1763718520803;;
998;441;0.6149555;0.4834042;0.6632435;0.4794087;560.5;0.1677006;True;11/21/2025 5:48:40 PM:826;1763718520826;;
1019;441;0.6279258;0.483462;0.7292933;0.4970203;560.3;0.1754961;False;11/21/2025 5:48:40 PM:848;1763718520848;;
1035;441;0.6376289;0.4835516;0.7274445;0.4997083;560.0;0.1754522;False;11/21/2025 5:48:40 PM:870;1763718520870;;
1047;442;0.6452572;0.483954;0.7268155;0.5128961;559.5;0.1629107;True;11/21/2025 5:48:40 PM:892;1763718520892;;
1056;443;0.6508397;0.4848517;0.7221674;0.5261137;561.5;0.1850544;False;11/21/2025 5:48:40 PM:913;1763718520913;;
1064;443;0.6555035;0.485641;0.7221079;0.526116;563.3;0.1850729;False;11/21/2025 5:48:40 PM:936;1763718520936;;
1079;445;0.6648131;0.4868778;0.7564039;0.537482;567.4;0.1914153;False;11/21/2025 5:48:40 PM:958;1763718520958;;
1093;445;0.6734713;0.4874899;0.7680639;0.5299866;571.1;0.1914967;False;11/21/2025 5:48:40 PM:977;1763718520977;;
1098;445;0.676125;0.4874973;0.73034;0.5087995;572.0;0.167987;True;11/21/2025 5:48:41 PM:0;1763718521000;;
1081;445;0.6658055;0.4875743;0.5873667;0.5000246;574.8;0.1716743;False;11/21/2025 5:48:41 PM:21;1763718521021;;
1068;445;0.6581407;0.4876377;0.5874215;0.5000225;577.4;0.171689;False;11/21/2025 5:48:41 PM:40;1763718521040;;
1068;445;0.6581865;0.4876865;0.6713737;0.5026894;581.4;0.180006;False;11/21/2025 5:48:41 PM:63;1763718521063;;
1053;445;0.6488351;0.4877238;0.5714972;0.503139;582.8;0.176113;False;11/21/2025 5:48:41 PM:84;1763718521084;;
1038;445;0.6395433;0.487785;0.5641497;0.4974559;584.1;0.1761379;False;11/21/2025 5:48:41 PM:107;1763718521107;;
1041;446;0.6414152;0.4880318;0.6855322;0.5174814;585.9;0.1744571;False;11/21/2025 5:48:41 PM:127;1763718521127;;
1041;446;0.6416212;0.4880953;0.6615519;0.4990997;586.4;0.178807;False;11/21/2025 5:48:41 PM:152;1763718521152;;
1043;446;0.6424909;0.4881387;0.6769485;0.5000984;586.8;0.1788015;False;11/21/2025 5:48:41 PM:171;1763718521171;;
1034;446;0.6369174;0.4881604;0.5801555;0.5031154;589.3;0.1714465;False;11/21/2025 5:48:41 PM:194;1763718521194;;
1034;446;0.6368004;0.4882071;0.6310048;0.4971049;587.7;0.1898573;False;11/21/2025 5:48:41 PM:215;1763718521215;;
1034;446;0.636713;0.488244;0.6311764;0.4970854;586.2;0.1898904;False;11/21/2025 5:48:41 PM:233;1763718521233;;
1033;446;0.6362588;0.4882585;0.6201469;0.5016702;586.3;0.1847473;False;11/21/2025 5:48:41 PM:254;1763718521254;;
1031;446;0.6352277;0.4882303;0.6092661;0.4858687;588.7;0.2007539;False;11/21/2025 5:48:41 PM:276;1763718521276;;
1030;446;0.6344244;0.4882078;0.6092694;0.4858703;590.9;0.2007574;False;11/21/2025 5:48:41 PM:295;1763718521295;;
1061;446;0.6539297;0.4884411;0.7710189;0.5129304;593.3;0.1653003;True;11/21/2025 5:48:41 PM:317;1763718521317;;
1085;446;0.6683054;0.4886356;0.7710533;0.5129269;595.4;0.1652993;True;11/21/2025 5:48:41 PM:337;1763718521337;;
1090;446;0.67136;0.4886468;0.7167903;0.5012273;596.1;0.1787706;False;11/21/2025 5:48:41 PM:361;1763718521361;;
1091;446;0.6722683;0.4886884;0.7001302;0.5057892;596.6;0.1787812;False;11/21/2025 5:48:41 PM:380;1763718521380;;
1102;446;0.6788754;0.488717;0.749709;0.4985451;597.6;0.1643271;True;11/21/2025 5:48:41 PM:402;1763718521402;;
1107;446;0.6821041;0.4888642;0.7328234;0.5110239;597.1;0.1931357;False;11/21/2025 5:48:41 PM:425;1763718521425;;
1111;446;0.6844092;0.4889739;0.7328321;0.511023;596.6;0.1931364;False;11/21/2025 5:48:41 PM:444;1763718521444;;
1101;447;0.6784429;0.4893149;0.6160282;0.5200182;598.8;0.1802823;False;11/21/2025 5:48:41 PM:466;1763718521466;;
1076;447;0.6625828;0.4896795;0.5571208;0.5225245;599.8;0.1781232;False;11/21/2025 5:48:41 PM:486;1763718521486;;
1057;447;0.650992;0.4899767;0.5571699;0.5225192;600.7;0.1781259;False;11/21/2025 5:48:41 PM:505;1763718521505;;
1071;447;0.6595519;0.489992;0.742142;0.4911854;598.8;0.1741648;False;11/21/2025 5:48:41 PM:527;1763718521527;;
1068;448;0.6578816;0.4907489;0.6274334;0.5316061;598.4;0.1853368;False;11/21/2025 5:48:41 PM:551;1763718521551;;
1066;449;0.6566254;0.4913345;0.6274342;0.5316042;597.9;0.1853295;False;11/21/2025 5:48:41 PM:573;1763718521573;;
1067;449;0.6573365;0.4913932;0.6824589;0.5077519;599.8;0.1918966;False;11/21/2025 5:48:41 PM:593;1763718521593;;
1072;449;0.6606963;0.4922947;0.7148444;0.5406592;599.3;0.1883147;False;11/21/2025 5:48:41 PM:614;1763718521614;;
1077;450;0.6634399;0.4930574;0.7148703;0.5406557;598.9;0.1883088;False;11/21/2025 5:48:41 PM:634;1763718521634;;
1025;452;0.6313733;0.4947037;0.4852653;0.5577695;601.0;0.1550621;True;11/21/2025 5:48:41 PM:654;1763718521654;;
1020;453;0.6284923;0.4958795;0.5902655;0.552545;602.1;0.1003793;True;11/21/2025 5:48:41 PM:677;1763718521677;;
1017;454;0.626289;0.4968174;0.590239;0.5525454;603.2;0.1003784;True;11/21/2025 5:48:41 PM:697;1763718521697;;
986;454;0.6076257;0.4970456;0.4961244;0.5376143;604.5;0.08645499;True;11/21/2025 5:48:41 PM:717;1763718521717;;
986;454;0.6075964;0.497217;0.6059919;0.5178093;605.0;0.1097811;True;11/21/2025 5:48:41 PM:738;1763718521738;;
986;454;0.6075698;0.4973774;0.6060232;0.517812;605.3;0.1095228;True;11/21/2025 5:48:41 PM:760;1763718521760;;
986;454;0.6075485;0.4975024;0.6059675;0.5178103;605.7;0.1097792;True;11/21/2025 5:48:41 PM:778;1763718521778;;
988;454;0.6086397;0.4975264;0.6433855;0.5274892;607.0;0.09195781;True;11/21/2025 5:48:41 PM:800;1763718521800;;
978;454;0.602461;0.4976327;0.5413597;0.5203171;604.3;0.1246844;True;11/21/2025 5:48:41 PM:822;1763718521822;;
976;454;0.6011077;0.4976943;0.5707994;0.5220412;601.8;0.1246851;True;11/21/2025 5:48:41 PM:843;1763718521843;;
981;454;0.6041706;0.4977289;0.6544144;0.5236738;600.9;0.145932;True;11/21/2025 5:48:41 PM:865;1763718521865;;
981;456;0.6042073;0.4989799;0.6143195;0.5558853;600.3;0.1567674;True;11/21/2025 5:48:41 PM:887;1763718521887;;
981;456;0.6042369;0.4999695;0.6143152;0.5558851;599.6;0.1567665;True;11/21/2025 5:48:41 PM:907;1763718521907;;
1003;457;0.6180969;0.5001583;0.7175777;0.5179803;599.4;0.1573687;True;11/21/2025 5:48:41 PM:931;1763718521931;;
992;457;0.611328;0.5003174;0.5448489;0.5165553;599.4;0.15475;True;11/21/2025 5:48:41 PM:953;1763718521953;;
992;453;0.6108388;0.4962898;0.5934259;0.4350422;597.5;0.16556;True;11/21/2025 5:48:41 PM:976;1763718521976;;
991;450;0.610428;0.4930139;0.593424;0.4350417;595.7;0.1655554;True;11/21/2025 5:48:41 PM:997;1763718521997;;
983;447;0.6058568;0.4893783;0.5491502;0.4275319;593.4;0.1869083;False;11/21/2025 5:48:42 PM:21;1763718522021;;
971;444;0.5984591;0.4859663;0.5225704;0.4206818;593.1;0.2072127;False;11/21/2025 5:48:42 PM:43;1763718522043;;
962;441;0.5925357;0.4831323;0.5225446;0.4206714;592.9;0.2071722;False;11/21/2025 5:48:42 PM:63;1763718522063;;
948;432;0.5842547;0.472753;0.5017902;0.3527471;592.1;0.2298694;False;11/21/2025 5:48:42 PM:84;1763718522084;;
948;422;0.5840793;0.4625208;0.566807;0.3404112;592.6;0.2229418;False;11/21/2025 5:48:42 PM:106;1763718522106;;
948;415;0.5839356;0.454597;0.566828;0.340409;593.1;0.2229186;False;11/21/2025 5:48:42 PM:125;1763718522125;;
949;409;0.5847328;0.4475757;0.6054795;0.3408217;588.3;0.239962;False;11/21/2025 5:48:42 PM:147;1763718522147;;
949;404;0.584718;0.4422033;0.5823078;0.3437422;583.1;0.2451085;False;11/21/2025 5:48:42 PM:167;1763718522167;;
948;400;0.584297;0.4377445;0.5619165;0.3451756;578.4;0.2450502;False;11/21/2025 5:48:42 PM:188;1763718522188;;
948;396;0.5839308;0.4339669;0.5619125;0.3451767;574.2;0.2451001;False;11/21/2025 5:48:42 PM:208;1763718522208;;
948;393;0.5839145;0.4303921;0.573222;0.3440216;574.1;0.2142769;False;11/21/2025 5:48:42 PM:230;1763718522230;;
949;390;0.5847064;0.4273888;0.6054956;0.3427731;572.6;0.2449639;False;11/21/2025 5:48:42 PM:253;1763718522253;;
951;388;0.5861022;0.4249074;0.6168731;0.3425364;571.1;0.2449225;False;11/21/2025 5:48:42 PM:273;1763718522273;;
933;388;0.5748824;0.4248816;0.4812333;0.3839902;568.4;0.2161132;False;11/21/2025 5:48:42 PM:293;1763718522293;;
903;388;0.5560375;0.4247365;0.436;0.3893869;569.6;0.239692;False;11/21/2025 5:48:42 PM:314;1763718522314;;
881;387;0.5428007;0.4244642;0.4426021;0.4045488;570.8;0.2396394;False;11/21/2025 5:48:42 PM:335;1763718522335;;
870;387;0.5359467;0.4235985;0.4621137;0.3641805;573.3;0.2315471;False;11/21/2025 5:48:42 PM:355;1763718522355;;
875;386;0.5391039;0.4233554;0.5879229;0.4087718;575.9;0.2023838;False;11/21/2025 5:48:42 PM:376;1763718522376;;
879;386;0.5417417;0.4231418;0.5877244;0.4087705;578.3;0.2023187;False;11/21/2025 5:48:42 PM:397;1763718522397;;
876;386;0.5394288;0.4229689;0.4977672;0.4109129;581.7;0.2012621;False;11/21/2025 5:48:42 PM:417;1763718522417;;
876;386;0.5399413;0.4230588;0.5606506;0.4269058;583.3;0.1444846;True;11/21/2025 5:48:42 PM:438;1763718522438;;
877;386;0.5403575;0.423135;0.5601801;0.4268836;584.7;0.1444837;True;11/21/2025 5:48:42 PM:458;1763718522458;;
880;387;0.5423496;0.4240514;0.5844433;0.4508994;584.4;0.1246423;True;11/21/2025 5:48:42 PM:480;1763718522480;;
882;388;0.5437093;0.4245643;0.5815787;0.4453111;584.2;0.1245984;True;11/21/2025 5:48:42 PM:498;1763718522498;;
883;388;0.5437428;0.4255627;0.5545796;0.4553585;583.2;0.1192186;True;11/21/2025 5:48:42 PM:521;1763718522521;;
883;392;0.5438528;0.4291274;0.5585108;0.4938514;582.3;0.1236353;True;11/21/2025 5:48:42 PM:543;1763718522543;;
883;394;0.5439355;0.4318773;0.5582659;0.4938627;581.4;0.1236422;True;11/21/2025 5:48:42 PM:563;1763718522563;;
898;397;0.553024;0.4346633;0.6414976;0.4985827;583.8;0.1463262;True;11/21/2025 5:48:42 PM:585;1763718522585;;
941;400;0.5799524;0.4378716;0.7197136;0.5068597;584.1;0.1534094;True;11/21/2025 5:48:42 PM:607;1763718522607;;
971;402;0.5982081;0.4402866;0.7197109;0.5068597;584.5;0.1534099;True;11/21/2025 5:48:42 PM:626;1763718522626;;
971;402;0.5985105;0.4402938;0.6134785;0.4540192;583.4;0.1574385;True;11/21/2025 5:48:42 PM:648;1763718522648;;
973;402;0.5995672;0.440506;0.6285456;0.466093;582.5;0.1574398;True;11/21/2025 5:48:42 PM:670;1763718522670;;
982;402;0.6049786;0.4404303;0.6712024;0.435082;586.8;0.1697351;True;11/21/2025 5:48:42 PM:691;1763718522691;;
973;403;0.5991381;0.4412954;0.5407713;0.4807022;590.3;0.1696259;True;11/21/2025 5:48:42 PM:717;1763718522717;;
957;403;0.5897188;0.441698;0.5037627;0.4757717;593.4;0.1696303;True;11/21/2025 5:48:42 PM:737;1763718522737;;
987;406;0.6077994;0.4445617;0.7147256;0.5134295;594.3;0.1915998;False;11/21/2025 5:48:42 PM:761;1763718522761;;
896;408;0.5519946;0.4465944;0.3708839;0.5100014;597.0;0.1841169;False;11/21/2025 5:48:42 PM:785;1763718522785;;
875;409;0.5393519;0.44793;0.4515735;0.5069153;599.5;0.1840901;False;11/21/2025 5:48:42 PM:805;1763718522805;;
880;411;0.5421;0.4499204;0.6005847;0.5178272;597.4;0.1662472;True;11/21/2025 5:48:42 PM:827;1763718522827;;
882;412;0.5437104;0.4513122;0.5933779;0.5131145;592.5;0.1731942;False;11/21/2025 5:48:42 PM:848;1763718522848;;
883;413;0.5438859;0.4521749;0.5618153;0.5090601;588.2;0.1731806;False;11/21/2025 5:48:42 PM:868;1763718522868;;
883;414;0.5439835;0.4531997;0.5658877;0.5133105;588.8;0.1761836;False;11/21/2025 5:48:42 PM:888;1763718522888;;
883;416;0.5438765;0.4551947;0.5406705;0.5306159;588.3;0.1620346;True;11/21/2025 5:48:42 PM:909;1763718522909;;
883;417;0.5437888;0.4568337;0.5406613;0.5306139;587.9;0.1620285;True;11/21/2025 5:48:42 PM:929;1763718522929;;
880;418;0.5423452;0.4580694;0.5167012;0.5256519;584.9;0.1788718;False;11/21/2025 5:48:42 PM:949;1763718522949;;
874;421;0.5387173;0.4615908;0.4930245;0.5559877;581.7;0.1848982;False;11/21/2025 5:48:42 PM:972;1763718522972;;
861;424;0.5307452;0.4642445;0.4566786;0.5539712;578.8;0.1848947;False;11/21/2025 5:48:42 PM:992;1763718522992;;
842;425;0.518643;0.4651558;0.4275495;0.5334959;578.7;0.1917479;False;11/21/2025 5:48:43 PM:13;1763718523013;;
818;425;0.5043024;0.4654346;0.4044919;0.5231234;578.7;0.1917165;False;11/21/2025 5:48:43 PM:34;1763718523034;;
819;425;0.5046252;0.4656947;0.5252351;0.5233362;578.4;0.1773988;False;11/21/2025 5:48:43 PM:54;1763718523054;;
819;425;0.5045034;0.4658916;0.4977197;0.5229474;578.2;0.177355;False;11/21/2025 5:48:43 PM:74;1763718523074;;
879;426;0.541483;0.4662049;0.7048919;0.5066538;577.7;0.1778096;False;11/21/2025 5:48:43 PM:95;1763718523095;;
890;426;0.5483823;0.466655;0.616199;0.5273069;575.4;0.1629145;True;11/21/2025 5:48:43 PM:117;1763718523117;;
899;426;0.5537063;0.4670306;0.6161885;0.5273073;573.3;0.1629136;True;11/21/2025 5:48:43 PM:138;1763718523138;;
882;427;0.5436346;0.4672865;0.4598464;0.5250692;574.0;0.1679019;True;11/21/2025 5:48:43 PM:161;1763718523161;;
879;427;0.541398;0.4676945;0.4976435;0.5025595;577.5;0.1696532;True;11/21/2025 5:48:43 PM:182;1763718523182;;
870;427;0.5359905;0.467989;0.4685887;0.5068212;580.7;0.1696146;True;11/21/2025 5:48:43 PM:203;1763718523203;;
883;428;0.5441924;0.4682761;0.6149439;0.5233857;583.6;0.1607992;True;11/21/2025 5:48:43 PM:227;1763718523227;;
916;428;0.5644804;0.4693521;0.6791001;0.5390134;585.8;0.1963714;False;11/21/2025 5:48:43 PM:250;1763718523250;;
964;429;0.5936931;0.4703124;0.72274;0.5383835;589.6;0.1879976;False;11/21/2025 5:48:43 PM:273;1763718523273;;
994;430;0.6125928;0.4710333;0.7227604;0.5383843;593.0;0.1880109;False;11/21/2025 5:48:43 PM:295;1763718523295;;
1009;430;0.6216578;0.4712877;0.6929595;0.5170748;593.5;0.2025496;False;11/21/2025 5:48:43 PM:318;1763718523318;;
1031;431;0.6351208;0.4715753;0.728039;0.5136229;596.8;0.1858215;False;11/21/2025 5:48:43 PM:339;1763718523339;;
1033;431;0.6360946;0.4719343;0.6580466;0.5083185;599.8;0.1857853;False;11/21/2025 5:48:43 PM:361;1763718523361;;
1033;431;0.6363045;0.4720451;0.645124;0.5174276;599.4;0.1785365;False;11/21/2025 5:48:43 PM:383;1763718523383;;
1026;431;0.6320708;0.4721259;0.5735236;0.5222368;600.7;0.1890281;False;11/21/2025 5:48:43 PM:407;1763718523407;;
1020;431;0.6285607;0.472198;0.5735354;0.5222378;601.9;0.1890319;False;11/21/2025 5:48:43 PM:431;1763718523431;;
1039;431;0.6399108;0.4723312;0.720435;0.5169736;603.9;0.1877687;False;11/21/2025 5:48:43 PM:454;1763718523454;;
1046;431;0.6441169;0.4726139;0.6986328;0.5074508;605.8;0.1877069;False;11/21/2025 5:48:43 PM:475;1763718523475;;
1052;432;0.6482694;0.4727221;0.6997206;0.5155324;605.7;0.1865862;False;11/21/2025 5:48:43 PM:497;1763718523497;;
1044;432;0.6432435;0.4731849;0.5792515;0.5302622;602.6;0.1604557;True;11/21/2025 5:48:43 PM:518;1763718523518;;
1035;432;0.6375735;0.4735385;0.5708216;0.5285387;599.7;0.1603908;True;11/21/2025 5:48:43 PM:541;1763718523541;;
1035;433;0.637682;0.4737579;0.643514;0.5132174;598.2;0.1664563;True;11/21/2025 5:48:43 PM:564;1763718523564;;
981;435;0.6045852;0.4759605;0.4493773;0.559567;596.7;0.1786267;False;11/21/2025 5:48:43 PM:584;1763718523584;;
952;436;0.586368;0.477075;0.4698671;0.5489788;595.3;0.1785775;False;11/21/2025 5:48:43 PM:604;1763718523604;;
952;436;0.5864329;0.4772352;0.5984475;0.5310798;597.5;0.1661603;True;11/21/2025 5:48:43 PM:627;1763718523627;;
931;437;0.5734836;0.4782413;0.48192;0.5479935;597.0;0.1619055;True;11/21/2025 5:48:43 PM:648;1763718523648;;
931;439;0.5736809;0.4810241;0.5902159;0.5721496;596.4;0.1618333;True;11/21/2025 5:48:43 PM:672;1763718523672;;
931;441;0.5738325;0.4831209;0.5902421;0.5721492;595.9;0.1618369;True;11/21/2025 5:48:43 PM:692;1763718523692;;
915;441;0.5638543;0.4834808;0.485281;0.5471065;596.6;0.1626597;True;11/21/2025 5:48:43 PM:715;1763718523715;;
909;443;0.5601735;0.4851332;0.5104958;0.5688533;594.1;0.1515887;True;11/21/2025 5:48:43 PM:737;1763718523737;;
900;444;0.5546507;0.4866029;0.4920036;0.5693408;591.8;0.1515664;True;11/21/2025 5:48:43 PM:759;1763718523759;;
894;445;0.5508386;0.4872304;0.498068;0.5218603;591.3;0.1648992;True;11/21/2025 5:48:43 PM:782;1763718523782;;
865;445;0.5328163;0.4872572;0.4220414;0.5434108;588.6;0.161219;True;11/21/2025 5:48:43 PM:804;1763718523804;;
843;445;0.5194832;0.4873264;0.4154567;0.5455354;586.1;0.161199;True;11/21/2025 5:48:43 PM:824;1763718523824;;
830;445;0.511389;0.48774;0.4323986;0.52912;586.8;0.1563643;True;11/21/2025 5:48:43 PM:844;1763718523844;;
816;445;0.5024891;0.4877716;0.4192334;0.5429374;588.6;0.1550182;True;11/21/2025 5:48:43 PM:866;1763718523866;;
808;445;0.4979855;0.4877848;0.434125;0.5421538;590.3;0.1550121;True;11/21/2025 5:48:43 PM:884;1763718523884;;
802;445;0.4940933;0.4877976;0.434096;0.5421552;591.7;0.1550115;True;11/21/2025 5:48:43 PM:904;1763718523904;;
793;447;0.4884642;0.4891793;0.4180942;0.56831;591.0;0.170211;True;11/21/2025 5:48:43 PM:925;1763718523925;;
792;447;0.4882553;0.4894001;0.4687583;0.5388261;589.6;0.1629027;True;11/21/2025 5:48:43 PM:946;1763718523946;;
792;447;0.488235;0.4897147;0.4782129;0.5344911;588.3;0.1628755;True;11/21/2025 5:48:43 PM:968;1763718523968;;
793;449;0.4884925;0.491288;0.4977671;0.5700673;590.9;0.1704642;True;11/21/2025 5:48:43 PM:991;1763718523991;;
838;449;0.5163171;0.491632;0.6499799;0.535648;594.5;0.1621338;True;11/21/2025 5:48:44 PM:12;1763718524012;;
869;449;0.5351571;0.4920865;0.6471403;0.5222281;597.8;0.162127;True;11/21/2025 5:48:44 PM:33;1763718524033;;
869;450;0.5351171;0.4930569;0.5332277;0.5625132;599.5;0.1796757;False;11/21/2025 5:48:44 PM:55;1763718524055;;
869;450;0.5354636;0.4932545;0.545941;0.5502348;597.9;0.1615867;True;11/21/2025 5:48:44 PM:76;1763718524076;;
875;451;0.5391265;0.4934445;0.5863765;0.5506138;596.5;0.1615751;True;11/21/2025 5:48:44 PM:98;1763718524098;;
887;451;0.5466812;0.4939629;0.6131583;0.557025;596.7;0.161622;True;11/21/2025 5:48:44 PM:122;1763718524122;;
830;451;0.5111648;0.4944658;0.3598684;0.5157945;598.1;0.1594373;True;11/21/2025 5:48:44 PM:145;1763718524145;;
828;452;0.5102765;0.494804;0.4868126;0.5301667;595.7;0.1643537;True;11/21/2025 5:48:44 PM:167;1763718524167;;
822;452;0.5061916;0.4950073;0.448989;0.5338705;593.6;0.1643178;True;11/21/2025 5:48:44 PM:186;1763718524186;;
791;452;0.4871294;0.4954991;0.3719499;0.5533413;594.5;0.146412;True;11/21/2025 5:48:44 PM:208;1763718524208;;
765;453;0.4715244;0.4959613;0.3718262;0.5533451;595.3;0.1463995;True;11/21/2025 5:48:44 PM:231;1763718524231;;
765;453;0.4715255;0.4961683;0.4717645;0.549382;592.3;0.1561462;True;11/21/2025 5:48:44 PM:254;1763718524254;;
761;453;0.4689227;0.4962217;0.4252988;0.5432324;587.7;0.1586474;True;11/21/2025 5:48:44 PM:275;1763718524275;;
776;453;0.4782747;0.496518;0.5610005;0.5520658;583.0;0.1777435;False;11/21/2025 5:48:44 PM:296;1763718524296;;
788;454;0.4857207;0.4967768;0.5610079;0.5520651;578.8;0.1777477;False;11/21/2025 5:48:44 PM:318;1763718524318;;
799;454;0.4923318;0.4970286;0.5610033;0.5520656;575.0;0.1777451;False;11/21/2025 5:48:44 PM:343;1763718524343;;
795;454;0.4898899;0.4974782;0.4511806;0.5192239;576.3;0.1498415;True;11/21/2025 5:48:44 PM:365;1763718524365;;
809;455;0.4986106;0.4978515;0.5786516;0.5219747;578.0;0.1572369;True;11/21/2025 5:48:44 PM:389;1763718524389;;
810;455;0.4988097;0.4981158;0.5143019;0.5275319;581.7;0.1623973;True;11/21/2025 5:48:44 PM:410;1763718524410;;
813;455;0.5008085;0.4983399;0.5447852;0.5273042;585.0;0.1624195;True;11/21/2025 5:48:44 PM:430;1763718524430;;
813;455;0.5008227;0.4985156;0.5026017;0.5435806;584.6;0.1665665;True;11/21/2025 5:48:44 PM:450;1763718524450;;
892;455;0.5494957;0.4987177;0.7304495;0.5085275;585.1;0.1613934;True;11/21/2025 5:48:44 PM:471;1763718524471;;
939;456;0.5782431;0.4989292;0.7117231;0.5125982;585.6;0.1614204;True;11/21/2025 5:48:44 PM:494;1763718524494;;
950;456;0.5855064;0.4991431;0.6450641;0.5164965;587.2;0.129427;True;11/21/2025 5:48:44 PM:518;1763718524518;;
950;456;0.5854923;0.4992308;0.5847885;0.5338163;587.9;0.09209108;True;11/21/2025 5:48:44 PM:539;1763718524539;;
950;456;0.5854228;0.4992649;0.5786228;0.5320277;588.5;0.09208811;True;11/21/2025 5:48:44 PM:559;1763718524559;;
950;456;0.5854554;0.4993478;0.5871168;0.5341232;592.5;0.08637954;True;11/21/2025 5:48:44 PM:580;1763718524580;;
944;456;0.5817358;0.4995004;0.5214021;0.5206742;587.3;0.08909949;True;11/21/2025 5:48:44 PM:601;1763718524601;;
939;456;0.5785849;0.4996358;0.5213372;0.520677;582.6;0.08908983;True;11/21/2025 5:48:44 PM:622;1763718524622;;
939;456;0.5785588;0.4997642;0.5624804;0.5205416;582.0;0.1024116;True;11/21/2025 5:48:44 PM:645;1763718524645;;
935;457;0.5758007;0.5004702;0.5217208;0.5481533;581.1;0.1321749;True;11/21/2025 5:48:44 PM:668;1763718524668;;
931;457;0.5734991;0.5010772;0.521684;0.5481541;580.2;0.1321684;True;11/21/2025 5:48:44 PM:691;1763718524691;;
915;459;0.5637903;0.5024956;0.4699124;0.5646515;578.7;0.1220438;True;11/21/2025 5:48:44 PM:713;1763718524713;;
903;460;0.5563704;0.5036501;0.469859;0.5646536;577.3;0.1220358;True;11/21/2025 5:48:44 PM:735;1763718524735;;
873;460;0.5378124;0.5038192;0.4121946;0.5455114;576.0;0.1273829;True;11/21/2025 5:48:44 PM:756;1763718524756;;
873;460;0.5376983;0.5038401;0.5272636;0.5410141;576.8;0.14534;True;11/21/2025 5:48:44 PM:780;1763718524780;;
873;460;0.5376147;0.503856;0.5272639;0.5410142;577.5;0.14534;True;11/21/2025 5:48:44 PM:800;1763718524800;;
865;461;0.5327099;0.5049202;0.4803464;0.5563703;578.6;0.1364401;True;11/21/2025 5:48:44 PM:846;1763718524846;;
859;462;0.5290957;0.5054886;0.4654792;0.559302;579.6;0.136412;True;11/21/2025 5:48:44 PM:867;1763718524867;;
852;462;0.5248488;0.5056;0.4554326;0.5415689;580.2;0.1571635;True;11/21/2025 5:48:44 PM:889;1763718524889;;
846;462;0.5211738;0.505734;0.4542419;0.5397468;578.2;0.1542843;True;11/21/2025 5:48:44 PM:910;1763718524910;;
841;462;0.5182513;0.5058461;0.4543609;0.5397415;576.4;0.1543643;True;11/21/2025 5:48:44 PM:930;1763718524930;;
828;462;0.5101711;0.5062416;0.4188936;0.555564;575.2;0.1495963;True;11/21/2025 5:48:44 PM:952;1763718524952;;
806;462;0.4967624;0.5064326;0.3834715;0.5363584;575.1;0.1529437;True;11/21/2025 5:48:44 PM:973;1763718524973;;
790;463;0.4868037;0.5065878;0.3835086;0.5363573;574.9;0.1529656;True;11/21/2025 5:48:44 PM:992;1763718524992;;
787;463;0.4848543;0.5071818;0.4326635;0.5588651;575.2;0.1328069;True;11/21/2025 5:48:45 PM:15;1763718525015;;
728;463;0.4487554;0.5074305;0.2856832;0.5316476;575.3;0.1440442;True;11/21/2025 5:48:45 PM:38;1763718525038;;
687;463;0.423553;0.5076347;0.2856644;0.5316227;575.4;0.1440344;True;11/21/2025 5:48:45 PM:61;1763718525061;;
668;464;0.4114254;0.5076967;0.3170247;0.5398908;576.1;0.1435124;True;11/21/2025 5:48:45 PM:83;1763718525083;;
663;464;0.408788;0.5077809;0.3598292;0.5381132;575.9;0.1401341;True;11/21/2025 5:48:45 PM:104;1763718525104;;
660;464;0.4066627;0.507852;0.3597952;0.5381122;575.8;0.1401374;True;11/21/2025 5:48:45 PM:124;1763718525124;;
632;464;0.3892258;0.5079736;0.2740609;0.5143836;574.9;0.148647;True;11/21/2025 5:48:45 PM:146;1763718525146;;
611;464;0.3768116;0.5080695;0.2740686;0.5143937;574.0;0.1486515;True;11/21/2025 5:48:45 PM:166;1763718525166;;
595;464;0.3669304;0.508094;0.2772312;0.5094844;573.4;0.1516613;True;11/21/2025 5:48:45 PM:187;1763718525187;;
597;464;0.3678469;0.5081217;0.3910623;0.5336953;573.7;0.1491359;True;11/21/2025 5:48:45 PM:209;1763718525209;;
598;464;0.3685719;0.5081447;0.3909931;0.5336974;574.0;0.1491289;True;11/21/2025 5:48:45 PM:228;1763718525228;;
598;464;0.3685536;0.508158;0.3624754;0.5331678;574.1;0.166509;True;11/21/2025 5:48:45 PM:248;1763718525248;;
598;464;0.3685348;0.5081717;0.3624085;0.5331707;574.1;0.1664985;True;11/21/2025 5:48:45 PM:273;1763718525273;;
600;464;0.3700061;0.5082599;0.3998191;0.5268185;571.5;0.1582669;True;11/21/2025 5:48:45 PM:297;1763718525297;;
582;464;0.3583787;0.5082484;0.2707119;0.5076283;570.9;0.1501207;True;11/21/2025 5:48:45 PM:322;1763718525322;;
582;464;0.3584629;0.5083239;0.3653859;0.5327287;570.3;0.1667106;True;11/21/2025 5:48:45 PM:346;1763718525346;;
566;464;0.3485542;0.5081056;0.2652376;0.4984072;564.3;0.1696766;True;11/21/2025 5:48:45 PM:368;1763718525368;;
554;464;0.3412751;0.5079328;0.2652371;0.4984065;558.8;0.169677;True;11/21/2025 5:48:45 PM:390;1763718525390;;
569;464;0.3508816;0.5081023;0.4337431;0.5324145;557.0;0.1437139;True;11/21/2025 5:48:45 PM:409;1763718525409;;
744;464;0.4582075;0.5084364;0.7031555;0.5389653;559.8;0.1732629;False;11/21/2025 5:48:45 PM:432;1763718525432;;
851;464;0.5241602;0.508715;0.703238;0.5389618;562.2;0.1732968;False;11/21/2025 5:48:45 PM:453;1763718525453;;
853;465;0.5254682;0.5098116;0.5270414;0.5352378;562.2;0.1409123;True;11/21/2025 5:48:46 PM:121;1763718526121;;
858;466;0.5285257;0.5099939;0.5705725;0.5421442;562.2;0.1402823;True;11/21/2025 5:48:46 PM:141;1763718526141;;
861;466;0.5305995;0.5101559;0.5669551;0.542529;562.2;0.1402348;True;11/21/2025 5:48:46 PM:161;1763718526161;;
778;466;0.4795142;0.5101703;0.2854387;0.5347;561.2;0.1664579;True;11/21/2025 5:48:46 PM:180;1763718526180;;
720;466;0.4436057;0.510184;0.2853878;0.5346312;560.4;0.1664388;True;11/21/2025 5:48:46 PM:199;1763718526199;;
678;466;0.4176456;0.5101964;0.2853751;0.5346141;559.6;0.166434;True;11/21/2025 5:48:46 PM:217;1763718526217;;
643;466;0.3963811;0.5102085;0.2853957;0.5346419;558.9;0.1664416;True;11/21/2025 5:48:46 PM:237;1763718526237;;
677;467;0.4173703;0.5110677;0.557281;0.5603449;558.1;0.1544385;True;11/21/2025 5:48:46 PM:258;1763718526258;;
713;468;0.4395256;0.5120617;0.5777705;0.5648445;557.4;0.1544044;True;11/21/2025 5:48:46 PM:281;1763718526281;;
731;468;0.4505801;0.5126358;0.5573264;0.5603445;556.8;0.1544422;True;11/21/2025 5:48:46 PM:301;1763718526301;;
864;469;0.5321751;0.5135849;0.7555019;0.567373;558.2;0.1483622;True;11/21/2025 5:48:46 PM:324;1763718526324;;
939;470;0.5783468;0.5142539;0.7555156;0.5673707;559.5;0.1483586;True;11/21/2025 5:48:46 PM:343;1763718526343;;
960;470;0.5916662;0.5151258;0.6742991;0.5718994;560.6;0.1483444;True;11/21/2025 5:48:46 PM:363;1763718526363;;
976;471;0.6011175;0.5156817;0.6721857;0.5681804;560.8;0.1413882;True;11/21/2025 5:48:46 PM:382;1763718526382;;
978;471;0.6025406;0.5163393;0.6235749;0.5713777;560.9;0.1413507;True;11/21/2025 5:48:46 PM:403;1763718526403;;
870;472;0.5361044;0.5170644;0.3141827;0.5743865;563.7;0.163164;True;11/21/2025 5:48:46 PM:423;1763718526423;;
798;473;0.4915387;0.5176579;0.3140133;0.5742002;566.3;0.1631135;True;11/21/2025 5:48:46 PM:442;1763718526442;;
742;473;0.4574748;0.5182196;0.3141023;0.574298;568.6;0.1631396;True;11/21/2025 5:48:46 PM:463;1763718526463;;
706;474;0.4349633;0.5186567;0.3140939;0.5742888;570.6;0.1631373;True;11/21/2025 5:48:46 PM:481;1763718526481;;
648;473;0.3992723;0.5175898;0.2572199;0.4935928;571.7;0.1722999;False;11/21/2025 5:48:46 PM:501;1763718526501;;
605;472;0.3729672;0.5166618;0.2572201;0.4935931;572.7;0.1723006;False;11/21/2025 5:48:46 PM:521;1763718526521;;
584;472;0.3596666;0.5168093;0.2803755;0.529658;573.6;0.1723268;False;11/21/2025 5:48:46 PM:542;1763718526542;;
555;471;0.3419047;0.5154871;0.2522035;0.484407;572.0;0.1686562;True;11/21/2025 5:48:46 PM:563;1763718526563;;
534;470;0.3291364;0.5142267;0.2492226;0.479732;570.5;0.168631;True;11/21/2025 5:48:46 PM:582;1763718526582;;
515;468;0.3176859;0.5125576;0.2439374;0.4707806;569.2;0.1686371;True;11/21/2025 5:48:46 PM:603;1763718526603;;
503;467;0.3102401;0.511847;0.2524006;0.4849234;565.6;0.1837092;False;11/21/2025 5:48:46 PM:623;1763718526623;;
491;466;0.3025599;0.5100571;0.2376441;0.460056;562.4;0.1836842;False;11/21/2025 5:48:46 PM:642;1763718526642;;
485;466;0.2988865;0.5099209;0.2588982;0.497481;561.6;0.1814421;False;11/21/2025 5:48:46 PM:662;1763718526662;;
480;465;0.2958708;0.5098009;0.2588958;0.4974775;560.9;0.1814381;False;11/21/2025 5:48:46 PM:682;1763718526682;;
476;465;0.2931795;0.5096324;0.257082;0.4941074;560.3;0.1814561;False;11/21/2025 5:48:46 PM:702;1763718526702;;
472;465;0.2912275;0.509535;0.2584625;0.4964849;559.8;0.1814358;False;11/21/2025 5:48:46 PM:721;1763718526721;;
469;465;0.2889334;0.5092587;0.2540296;0.4882698;561.2;0.1829186;False;11/21/2025 5:48:46 PM:742;1763718526742;;
465;465;0.2868508;0.5089951;0.2540256;0.4882638;562.5;0.1829065;False;11/21/2025 5:48:46 PM:766;1763718526766;;
465;465;0.2863792;0.5090025;0.2703449;0.5104976;563.7;0.1829583;False;11/21/2025 5:48:46 PM:786;1763718526786;;
456;461;0.281313;0.5054143;0.2241343;0.4343081;565.1;0.1816467;False;11/21/2025 5:48:46 PM:809;1763718526809;;
451;459;0.277925;0.5029513;0.2241274;0.4342973;566.3;0.18165;False;11/21/2025 5:48:46 PM:827;1763718526827;;
446;457;0.2747158;0.5005386;0.2237843;0.4336722;567.4;0.181655;False;11/21/2025 5:48:46 PM:847;1763718526847;;
445;457;0.2742552;0.5005002;0.2532034;0.4866657;565.7;0.1715589;False;11/21/2025 5:48:46 PM:868;1763718526868;;
444;457;0.2737671;0.5004852;0.2500965;0.4818811;564.2;0.1715238;False;11/21/2025 5:48:46 PM:887;1763718526887;;
444;457;0.2736387;0.5004661;0.2599299;0.4986484;563.5;0.1658967;True;11/21/2025 5:48:46 PM:907;1763718526907;;
444;457;0.2735411;0.5004516;0.259928;0.4986459;562.8;0.1658956;True;11/21/2025 5:48:46 PM:924;1763718526924;;
443;457;0.2733828;0.5004185;0.2575911;0.4942848;562.2;0.1658944;True;11/21/2025 5:48:46 PM:944;1763718526944;;
443;457;0.2733022;0.5004056;0.2599336;0.4986536;561.7;0.1658988;True;11/21/2025 5:48:46 PM:964;1763718526964;;
442;456;0.2723803;0.4998013;0.2397597;0.462815;561.2;0.1830211;False;11/21/2025 5:48:46 PM:984;1763718526984;;
440;456;0.271542;0.4992302;0.239292;0.4619094;560.7;0.1830237;False;11/21/2025 5:48:47 PM:4;1763718527004;;
439;455;0.2708895;0.4987949;0.2397601;0.4628156;560.3;0.1830212;False;11/21/2025 5:48:47 PM:22;1763718527022;;
440;456;0.2711833;0.4992798;0.2812206;0.5181004;558.0;0.1789957;False;11/21/2025 5:48:47 PM:44;1763718527044;;
441;457;0.2717499;0.5002789;0.2897703;0.5343012;556.0;0.1789849;False;11/21/2025 5:48:47 PM:62;1763718527062;;
441;457;0.2719262;0.5005703;0.2811293;0.5180019;554.1;0.1790134;False;11/21/2025 5:48:47 PM:81;1763718527081;;
441;457;0.2718677;0.5005518;0.2610214;0.4907833;554.6;0.1831461;False;11/21/2025 5:48:47 PM:103;1763718527103;;
441;457;0.2718216;0.5005372;0.2610277;0.4907917;554.9;0.1831484;False;11/21/2025 5:48:47 PM:124;1763718527124;;
451;458;0.2782377;0.5013393;0.3436198;0.5311761;554.2;0.1652034;True;11/21/2025 5:48:47 PM:146;1763718527146;;
453;458;0.2789808;0.5019478;0.3018922;0.5302892;553.5;0.1652028;True;11/21/2025 5:48:47 PM:166;1763718527166;;
461;459;0.2840951;0.5025754;0.3436681;0.5311767;552.8;0.1652091;True;11/21/2025 5:48:47 PM:189;1763718527189;;
462;460;0.2846729;0.5038385;0.3076877;0.5490188;551.1;0.1731458;False;11/21/2025 5:48:47 PM:209;1763718527209;;
461;460;0.2841459;0.5038302;0.2658162;0.5023252;549.6;0.1731165;False;11/21/2025 5:48:47 PM:232;1763718527232;;
462;461;0.2847804;0.5050398;0.3077774;0.5490422;548.2;0.1731544;False;11/21/2025 5:48:47 PM:253;1763718527253;;
465;461;0.2869081;0.5053299;0.3310907;0.5312606;549.9;0.1807613;False;11/21/2025 5:48:47 PM:273;1763718527273;;
466;462;0.2873428;0.5054774;0.3101149;0.5267351;551.4;0.180784;False;11/21/2025 5:48:47 PM:291;1763718527291;;
467;462;0.2877696;0.5056215;0.3102832;0.5267344;552.8;0.1807765;False;11/21/2025 5:48:47 PM:312;1763718527312;;
469;462;0.2893556;0.5058357;0.3308817;0.5312613;554.0;0.1807684;False;11/21/2025 5:48:47 PM:331;1763718527331;;
469;462;0.2893785;0.5063549;0.2977981;0.5405146;556.0;0.1695172;True;11/21/2025 5:48:47 PM:353;1763718527353;;
469;463;0.2893963;0.5067432;0.2977374;0.5404987;557.7;0.1695088;True;11/21/2025 5:48:47 PM:372;1763718527372;;
470;463;0.2898744;0.5073614;0.3156589;0.5476878;558.5;0.1695377;True;11/21/2025 5:48:47 PM:392;1763718527392;;
470;463;0.289941;0.5075057;0.3051519;0.5349496;559.2;0.1695352;True;11/21/2025 5:48:47 PM:412;1763718527412;;
475;463;0.2928088;0.5075693;0.3505785;0.5317923;559.9;0.1695337;True;11/21/2025 5:48:47 PM:428;1763718527428;;
475;464;0.2928405;0.5078391;0.2954501;0.5408892;560.3;0.1764884;False;11/21/2025 5:48:47 PM:448;1763718527448;;
473;464;0.2917658;0.5077186;0.2660023;0.5006797;560.7;0.1765123;False;11/21/2025 5:48:47 PM:466;1763718527466;;
473;464;0.2917902;0.508029;0.2954364;0.5408741;561.0;0.176493;False;11/21/2025 5:48:47 PM:487;1763718527487;;
473;464;0.2918096;0.5082756;0.2954752;0.5409168;561.3;0.17648;False;11/21/2025 5:48:47 PM:504;1763718527504;;
474;465;0.2919421;0.5090117;0.3077333;0.555206;560.4;0.1788656;False;11/21/2025 5:48:47 PM:522;1763718527522;;
473;465;0.2912779;0.5089805;0.2698461;0.5067803;559.6;0.1788579;False;11/21/2025 5:48:47 PM:540;1763718527540;;
472;465;0.2906525;0.5089504;0.2698375;0.5067687;558.9;0.1788574;False;11/21/2025 5:48:47 PM:558;1763718527558;;
467;463;0.2879083;0.5075501;0.2411092;0.4685817;560.1;0.1709475;True;11/21/2025 5:48:47 PM:577;1763718527577;;
464;463;0.2859121;0.5065928;0.2472252;0.4758902;561.1;0.1709272;True;11/21/2025 5:48:47 PM:599;1763718527599;;
461;462;0.2842312;0.5058706;0.2441662;0.4754084;562.1;0.170961;True;11/21/2025 5:48:47 PM:617;1763718527617;;
461;462;0.2841269;0.5058783;0.2727421;0.5127534;560.7;0.1775223;False;11/21/2025 5:48:47 PM:640;1763718527640;;
461;462;0.2840484;0.5058836;0.2726704;0.5126566;559.5;0.1774927;False;11/21/2025 5:48:47 PM:657;1763718527657;;
461;462;0.2839695;0.5058888;0.27264;0.5126156;558.3;0.177481;False;11/21/2025 5:48:47 PM:678;1763718527678;;
488;462;0.3009308;0.5062435;0.4129715;0.5327771;558.1;0.168952;True;11/21/2025 5:48:47 PM:698;1763718527698;;
515;462;0.3173818;0.5063322;0.4311042;0.5229403;557.9;0.1688997;True;11/21/2025 5:48:47 PM:716;1763718527716;;
539;462;0.3320809;0.5064228;0.4311826;0.5229419;557.7;0.1689134;True;11/21/2025 5:48:47 PM:736;1763718527736;;
528;462;0.3257183;0.5059529;0.249135;0.4835938;558.2;0.1717522;False;11/21/2025 5:48:47 PM:757;1763718527757;;
522;462;0.3217995;0.5058409;0.2578965;0.4953336;558.6;0.1717741;False;11/21/2025 5:48:47 PM:776;1763718527776;;
515;461;0.3173334;0.5052117;0.2458898;0.4746603;558.9;0.1717882;False;11/21/2025 5:48:47 PM:794;1763718527794;;
515;462;0.3173212;0.5060034;0.3016799;0.5416908;557.1;0.1798887;False;11/21/2025 5:48:47 PM:813;1763718527813;;
515;463;0.3173122;0.5067118;0.3015353;0.5416546;555.4;0.1799121;False;11/21/2025 5:48:47 PM:834;1763718527834;;
514;463;0.3168391;0.506873;0.2865307;0.5272851;553.8;0.1798692;False;11/21/2025 5:48:47 PM:853;1763718527853;;
514;463;0.3168047;0.5074453;0.3015653;0.5416622;552.4;0.1799072;False;11/21/2025 5:48:47 PM:873;1763718527873;;
507;462;0.3123766;0.5064199;0.2438003;0.4722465;552.2;0.161966;True;11/21/2025 5:48:47 PM:892;1763718527892;;
503;462;0.3101109;0.5060579;0.2559204;0.4853677;552.0;0.1619862;True;11/21/2025 5:48:47 PM:912;1763718527912;;
501;462;0.3086136;0.5060107;0.262812;0.4996324;553.4;0.1650091;True;11/21/2025 5:48:47 PM:933;1763718527933;;
498;462;0.3071517;0.5058843;0.2589428;0.4931634;554.7;0.165011;True;11/21/2025 5:48:47 PM:953;1763718527953;;
496;462;0.3058694;0.5057719;0.2589787;0.4932118;555.8;0.1650101;True;11/21/2025 5:48:47 PM:973;1763718527973;;
491;461;0.3028671;0.5048073;0.2437964;0.4700393;557.3;0.1789135;False;11/21/2025 5:48:47 PM:997;1763718527997;;
488;460;0.3008633;0.5041534;0.2437993;0.4700436;558.7;0.1789068;False;11/21/2025 5:48:48 PM:16;1763718528016;;
485;460;0.2989601;0.5034588;0.2425792;0.4674892;559.9;0.1789429;False;11/21/2025 5:48:48 PM:36;1763718528036;;
480;458;0.2960531;0.5020378;0.2345274;0.4551001;558.7;0.1594311;True;11/21/2025 5:48:48 PM:61;1763718528061;;
479;458;0.295176;0.5018369;0.247185;0.4760839;557.6;0.1593827;True;11/21/2025 5:48:48 PM:80;1763718528080;;
477;458;0.2941867;0.5015221;0.2442384;0.4708587;556.6;0.1594837;True;11/21/2025 5:48:48 PM:98;1763718528098;;
477;459;0.2939594;0.5023847;0.2864323;0.5312343;556.9;0.1674012;True;11/21/2025 5:48:48 PM:118;1763718528118;;
477;459;0.2937564;0.5031435;0.2863401;0.5311199;557.1;0.1674168;True;11/21/2025 5:48:48 PM:140;1763718528140;;
476;460;0.2935631;0.5036586;0.2843855;0.5280488;557.3;0.1673873;True;11/21/2025 5:48:48 PM:160;1763718528160;;
476;461;0.2934739;0.5044219;0.2899821;0.5359365;556.1;0.1652472;True;11/21/2025 5:48:48 PM:180;1763718528180;;
476;461;0.2933477;0.5045363;0.2774516;0.517144;555.0;0.1652565;True;11/21/2025 5:48:48 PM:202;1763718528202;;
476;461;0.2932729;0.5051942;0.2899828;0.5359373;554.0;0.1652473;True;11/21/2025 5:48:48 PM:223;1763718528223;;
473;460;0.2913093;0.5040498;0.2412005;0.4652987;554.2;0.1749313;False;11/21/2025 5:48:48 PM:244;1763718528244;;
469;459;0.289389;0.5028043;0.2369206;0.4586068;554.3;0.1750589;False;11/21/2025 5:48:48 PM:263;1763718528263;;
467;458;0.287704;0.5017031;0.2369157;0.4586001;554.5;0.1750664;False;11/21/2025 5:48:48 PM:283;1763718528283;;
465;458;0.2866029;0.5013505;0.2427503;0.4751327;553.4;0.1634856;True;11/21/2025 5:48:48 PM:304;1763718528304;;
462;457;0.2849323;0.5004812;0.2338994;0.4605429;552.5;0.1634993;True;11/21/2025 5:48:48 PM:327;1763718528327;;
461;457;0.2842259;0.5002636;0.2427505;0.475133;551.7;0.1634855;True;11/21/2025 5:48:48 PM:347;1763718528347;;
455;453;0.2803763;0.4958595;0.2141735;0.4163513;552.4;0.1777765;False;11/21/2025 5:48:48 PM:372;1763718528372;;
453;452;0.2793002;0.4949429;0.2314722;0.4482894;553.1;0.1778006;False;11/21/2025 5:48:48 PM:392;1763718528392;;
454;454;0.2799124;0.4967585;0.2912478;0.5374144;551.8;0.1709777;True;11/21/2025 5:48:48 PM:415;1763718528415;;
454;454;0.2797632;0.4967417;0.2604959;0.4945859;550.7;0.1709778;True;11/21/2025 5:48:48 PM:433;1763718528433;;
509;455;0.3136672;0.4979716;0.455465;0.5339587;550.1;0.165096;True;11/21/2025 5:48:48 PM:454;1763718528454;;
509;458;0.3137823;0.5014103;0.316356;0.5683553;550.1;0.1811307;False;11/21/2025 5:48:48 PM:475;1763718528475;;
509;460;0.3137534;0.5039701;0.3129174;0.5649547;550.1;0.1811545;False;11/21/2025 5:48:48 PM:494;1763718528494;;
509;462;0.3137307;0.5061513;0.3129916;0.5649729;550.0;0.1811462;False;11/21/2025 5:48:48 PM:513;1763718528513;;
549;462;0.3386611;0.5063149;0.4587234;0.5244891;552.3;0.1912792;False;11/21/2025 5:48:48 PM:534;1763718528534;;
730;462;0.4496286;0.5062892;0.683988;0.5028264;554.4;0.186792;False;11/21/2025 5:48:48 PM:556;1763718528556;;
852;462;0.5247024;0.5062798;0.7049881;0.5044244;556.3;0.1867858;False;11/21/2025 5:48:48 PM:578;1763718528578;;
868;463;0.5345234;0.5067594;0.5733429;0.5333062;557.6;0.1928412;False;11/21/2025 5:48:48 PM:603;1763718528603;;
878;464;0.5407236;0.5087323;0.5710663;0.5622141;557.0;0.1871236;False;11/21/2025 5:48:48 PM:628;1763718528628;;
873;466;0.5379159;0.5108816;0.51007;0.5671695;555.4;0.1953779;False;11/21/2025 5:48:48 PM:654;1763718528654;;
870;468;0.5359928;0.5124181;0.5100018;0.5671704;554.1;0.1953898;False;11/21/2025 5:48:48 PM:676;1763718528676;;
958;469;0.58996;0.513404;0.7347372;0.5598204;553.9;0.2025775;False;11/21/2025 5:48:48 PM:701;1763718528701;;
952;469;0.5863236;0.5140319;0.4696588;0.5562423;551.2;0.192587;False;11/21/2025 5:48:48 PM:723;1763718528723;;
996;469;0.6133078;0.5141113;0.7110921;0.5321532;554.6;0.2190016;False;11/21/2025 5:48:48 PM:745;1763718528745;;
1027;469;0.6324272;0.5141813;0.711049;0.5321535;557.7;0.2189997;False;11/21/2025 5:48:48 PM:768;1763718528768;;
1072;471;0.6602581;0.5159299;0.7519484;0.5737781;557.7;0.207962;False;11/21/2025 5:48:48 PM:794;1763718528794;;
1066;471;0.6569318;0.516;0.6267821;0.5440385;558.1;0.2163994;False;11/21/2025 5:48:48 PM:833;1763718528833;;
1072;471;0.6601269;0.5162078;0.6869029;0.5514177;555.6;0.1975644;False;11/21/2025 5:48:48 PM:852;1763718528852;;
1100;471;0.6777716;0.5163264;0.7672597;0.5289189;556.8;0.2206934;False;11/21/2025 5:48:48 PM:873;1763718528873;;
1121;472;0.6908336;0.5164285;0.7672606;0.5289174;557.9;0.220698;False;11/21/2025 5:48:48 PM:892;1763718528892;;
1138;472;0.700993;0.5165196;0.7672594;0.528919;558.9;0.2206929;False;11/21/2025 5:48:48 PM:911;1763718528911;;
1138;472;0.7008867;0.5165792;0.6467168;0.5424231;558.4;0.2057097;False;11/21/2025 5:48:48 PM:932;1763718528932;;
1172;471;0.7220026;0.5163847;0.8181348;0.5078511;560.1;0.210003;False;11/21/2025 5:48:48 PM:956;1763718528956;;
1203;471;0.740872;0.5162863;0.8421224;0.5099235;561.7;0.2099786;False;11/21/2025 5:48:48 PM:974;1763718528974;;
1264;471;0.7788656;0.5163265;0.9226532;0.5271609;562.2;0.2172117;False;11/21/2025 5:48:48 PM:993;1763718528993;;
1279;471;0.7880853;0.5163534;0.8482288;0.5291272;562.1;0.2116595;False;11/21/2025 5:48:49 PM:13;1763718529013;;
1290;471;0.794919;0.5163761;0.8482055;0.5291283;561.9;0.2116669;False;11/21/2025 5:48:49 PM:31;1763718529031;;
1305;471;0.8037864;0.5163919;0.8644967;0.5300639;561.2;0.2197598;False;11/21/2025 5:48:49 PM:51;1763718529051;;
1316;471;0.8107922;0.5164064;0.8644957;0.5300639;560.5;0.2197594;False;11/21/2025 5:48:49 PM:72;1763718529072;;
1321;472;0.8139154;0.5164399;0.8452684;0.5209492;563.6;0.233716;False;11/21/2025 5:48:49 PM:93;1763718529093;;
1326;472;0.8170792;0.5164688;0.8532962;0.522199;566.9;0.227451;False;11/21/2025 5:48:49 PM:114;1763718529114;;
1332;472;0.8202305;0.5164917;0.8596756;0.5246338;570.0;0.2274378;False;11/21/2025 5:48:49 PM:132;1763718529132;;
1332;472;0.820381;0.5165575;0.8243753;0.5342555;568.7;0.2124366;False;11/21/2025 5:48:49 PM:152;1763718529152;;
1332;472;0.8205059;0.516614;0.8243733;0.5342554;567.6;0.2124439;False;11/21/2025 5:48:49 PM:172;1763718529172;;
1328;472;0.817753;0.5165709;0.7587674;0.5127889;564.6;0.2050444;False;11/21/2025 5:48:49 PM:192;1763718529192;;
1326;472;0.8168606;0.5164856;0.7771255;0.5101069;562.4;0.2045807;False;11/21/2025 5:48:49 PM:216;1763718529216;;
1325;472;0.816135;0.5164156;0.777122;0.510107;560.4;0.2045811;False;11/21/2025 5:48:49 PM:238;1763718529238;;
1324;472;0.8155082;0.5164272;0.7767327;0.5254067;560.2;0.2214087;False;11/21/2025 5:48:49 PM:260;1763718529260;;
1322;471;0.8146216;0.5163454;0.7722126;0.5088803;557.2;0.2380565;False;11/21/2025 5:48:49 PM:282;1763718529282;;
1319;471;0.8127832;0.5159771;0.7580301;0.4953245;559.3;0.2147957;False;11/21/2025 5:48:49 PM:303;1763718529303;;
1313;471;0.808714;0.5159419;0.7366151;0.5101765;561.3;0.2147561;False;11/21/2025 5:48:49 PM:325;1763718529325;;
1311;471;0.807863;0.5158121;0.7608292;0.5022288;563.0;0.2147767;False;11/21/2025 5:48:49 PM:343;1763718529343;;
1311;471;0.8076524;0.5158;0.7835113;0.5117432;562.2;0.2310317;False;11/21/2025 5:48:49 PM:363;1763718529363;;
1311;471;0.8072802;0.515871;0.7686301;0.5260793;564.1;0.2348404;False;11/21/2025 5:48:49 PM:383;1763718529383;;
1310;471;0.8069735;0.5159298;0.7686244;0.5260794;565.9;0.2348304;False;11/21/2025 5:48:49 PM:403;1763718529403;;
1305;471;0.8038324;0.5159677;0.7363974;0.5243917;564.2;0.2174187;False;11/21/2025 5:48:49 PM:424;1763718529424;;
1292;471;0.7961561;0.5160933;0.6973518;0.5318478;562.7;0.2174179;False;11/21/2025 5:48:49 PM:443;1763718529443;;
1289;471;0.7942129;0.516122;0.7350513;0.5248389;565.6;0.2139141;False;11/21/2025 5:48:49 PM:463;1763718529463;;
1289;471;0.7939715;0.516125;0.7858291;0.5193422;569.3;0.2186031;False;11/21/2025 5:48:49 PM:483;1763718529483;;
1290;471;0.7945687;0.5161262;0.8067751;0.5165593;572.7;0.2185587;False;11/21/2025 5:48:49 PM:502;1763718529502;;
1291;471;0.7952824;0.5160621;0.8085058;0.5085915;572.7;0.1979499;False;11/21/2025 5:48:49 PM:526;1763718529526;;
1270;471;0.782478;0.516112;0.6724009;0.5260735;572.3;0.2136181;False;11/21/2025 5:48:49 PM:546;1763718529546;;
1264;471;0.7788548;0.5161728;0.71194;0.527744;572.0;0.2135385;False;11/21/2025 5:48:49 PM:565;1763718529565;;
1269;471;0.7816664;0.5162553;0.8201466;0.5297183;571.7;0.2109946;False;11/21/2025 5:48:49 PM:585;1763718529585;;
1228;471;0.7563229;0.5163602;0.6134647;0.5315431;568.9;0.2048854;False;11/21/2025 5:48:49 PM:606;1763718529606;;
1205;472;0.7421377;0.5164419;0.6307806;0.5312266;566.4;0.2048793;False;11/21/2025 5:48:49 PM:625;1763718529625;;
1205;472;0.7423022;0.5164793;0.7497342;0.5277259;566.4;0.1938309;False;11/21/2025 5:48:49 PM:650;1763718529650;;
1205;472;0.7424159;0.5165055;0.7497363;0.5277259;566.4;0.1938325;False;11/21/2025 5:48:49 PM:668;1763718529668;;
1199;472;0.7384089;0.5166828;0.6790007;0.5373462;564.8;0.2014637;False;11/21/2025 5:48:49 PM:689;1763718529689;;
1198;472;0.7381365;0.5166905;0.7182969;0.5245809;567.5;0.2181275;False;11/21/2025 5:48:49 PM:708;1763718529708;;
1199;472;0.7386242;0.516701;0.7553365;0.5234205;569.9;0.2181163;False;11/21/2025 5:48:49 PM:728;1763718529728;;
1199;472;0.7386099;0.516696;0.7354599;0.5159278;567.9;0.2106237;False;11/21/2025 5:48:49 PM:749;1763718529749;;
1199;472;0.738602;0.5166979;0.7335568;0.5171304;566.1;0.2105739;False;11/21/2025 5:48:49 PM:768;1763718529768;;
1209;472;0.744531;0.51652;0.8081276;0.5037161;563.3;0.2220727;False;11/21/2025 5:48:49 PM:790;1763718529790;;
1215;471;0.748766;0.5163852;0.8081366;0.5037157;560.7;0.2220811;False;11/21/2025 5:48:49 PM:809;1763718529809;;
1218;472;0.7501274;0.5165532;0.7836914;0.5340473;562.1;0.2291699;False;11/21/2025 5:48:49 PM:828;1763718529828;;
1218;472;0.7505541;0.5170968;0.7704974;0.5476722;561.2;0.202358;False;11/21/2025 5:48:49 PM:849;1763718529849;;
1219;473;0.750925;0.5175717;0.7704822;0.5476729;560.4;0.2023467;False;11/21/2025 5:48:49 PM:870;1763718529870;;
1201;473;0.7396874;0.5176744;0.6488034;0.5355329;560.9;0.2124522;False;11/21/2025 5:48:49 PM:891;1763718529891;;
1197;473;0.7372692;0.517876;0.6959867;0.5406222;562.5;0.2268445;False;11/21/2025 5:48:49 PM:911;1763718529911;;
1195;473;0.736268;0.5181458;0.7077931;0.5448666;563.9;0.2268557;False;11/21/2025 5:48:49 PM:931;1763718529931;;
1203;473;0.7410595;0.5181738;0.8022654;0.5249637;564.8;0.2379347;False;11/21/2025 5:48:49 PM:952;1763718529952;;
1209;473;0.7449629;0.5181981;0.802249;0.5249633;565.7;0.2379382;False;11/21/2025 5:48:49 PM:972;1763718529972;;
1213;473;0.7474497;0.5182421;0.7919648;0.5334759;564.6;0.2229448;False;11/21/2025 5:48:49 PM:995;1763718529995;;
1214;473;0.7479392;0.5182626;0.7710114;0.527377;563.9;0.2080821;False;11/21/2025 5:48:50 PM:19;1763718530019;;
1216;473;0.7489266;0.5183603;0.7813634;0.5371279;563.4;0.2213431;False;11/21/2025 5:48:50 PM:41;1763718530041;;
1217;473;0.7499416;0.5184807;0.7841077;0.539064;562.9;0.2213148;False;11/21/2025 5:48:50 PM:63;1763718530063;;
1214;474;0.747987;0.5186246;0.7155037;0.5406846;562.1;0.2208174;False;11/21/2025 5:48:50 PM:85;1763718530085;;
1214;474;0.7481045;0.5186551;0.7635735;0.5239326;562.8;0.2255319;False;11/21/2025 5:48:50 PM:105;1763718530105;;
1220;474;0.7517923;0.5186413;0.8138832;0.5170904;563.4;0.2254819;False;11/21/2025 5:48:50 PM:123;1763718530123;;
1222;474;0.7525254;0.5186566;0.7840691;0.5212759;563.7;0.2332377;False;11/21/2025 5:48:50 PM:143;1763718530143;;
1223;474;0.7531889;0.5186708;0.7840474;0.5212765;563.9;0.2331921;False;11/21/2025 5:48:50 PM:163;1763718530163;;
1223;474;0.7532299;0.5186891;0.7697039;0.530437;564.5;0.2321568;False;11/21/2025 5:48:50 PM:185;1763718530185;;
1226;474;0.7551562;0.5186389;0.8039181;0.5133951;565.0;0.2320928;False;11/21/2025 5:48:50 PM:205;1763718530205;;
1224;474;0.7542288;0.5186493;0.7333245;0.5284761;565.0;0.2105773;False;11/21/2025 5:48:50 PM:225;1763718530225;;
1245;473;0.7668021;0.5185487;0.870328;0.5098953;569.3;0.2125751;False;11/21/2025 5:48:50 PM:246;1763718530246;;
1261;473;0.7767628;0.5184613;0.8703228;0.5098959;573.2;0.2125701;False;11/21/2025 5:48:50 PM:267;1763718530267;;
1264;474;0.7785371;0.5186131;0.8227617;0.5359911;573.5;0.1975454;False;11/21/2025 5:48:50 PM:288;1763718530288;;
1266;474;0.7799016;0.5187076;0.8224732;0.5343677;573.8;0.1975129;False;11/21/2025 5:48:50 PM:308;1763718530308;;
1275;474;0.7853068;0.5189285;0.8582963;0.5407152;574.4;0.2244934;False;11/21/2025 5:48:50 PM:328;1763718530328;;
1274;474;0.7849084;0.5189419;0.7741045;0.5242205;571.0;0.2280284;False;11/21/2025 5:48:50 PM:351;1763718530351;;
1274;474;0.7845764;0.5189534;0.7741225;0.5242188;568.0;0.2280416;False;11/21/2025 5:48:50 PM:372;1763718530372;;
1274;474;0.784649;0.5186159;0.8009634;0.5004835;569.9;0.2293052;False;11/21/2025 5:48:50 PM:394;1763718530394;;
1282;474;0.789494;0.5187984;0.8593026;0.5382717;573.2;0.2069415;False;11/21/2025 5:48:50 PM:413;1763718530413;;
1293;474;0.7963548;0.5190745;0.877156;0.5427983;576.3;0.206827;False;11/21/2025 5:48:50 PM:434;1763718530434;;
1297;474;0.7986798;0.5192026;0.8507352;0.5376034;577.3;0.2196477;False;11/21/2025 5:48:50 PM:455;1763718530455;;
1306;474;0.8042892;0.5192281;0.8793381;0.5314091;577.7;0.222649;False;11/21/2025 5:48:50 PM:476;1763718530476;;
1313;474;0.8089126;0.5192506;0.8793438;0.5314086;578.0;0.2226525;False;11/21/2025 5:48:50 PM:498;1763718530498;;
1322;474;0.8144256;0.5192097;0.889843;0.515108;576.8;0.2589842;False;11/21/2025 5:48:50 PM:520;1763718530520;;
1325;474;0.8161591;0.5194518;0.8672888;0.5429692;579.3;0.2203519;False;11/21/2025 5:48:50 PM:540;1763718530540;;
1327;474;0.8175761;0.5196531;0.8673423;0.5429642;581.5;0.2203414;False;11/21/2025 5:48:50 PM:560;1763718530560;;
1328;475;0.8181829;0.5201318;0.8571165;0.5523319;583.5;0.2419289;False;11/21/2025 5:48:50 PM:580;1763718530580;;
1329;475;0.8187217;0.5205578;0.8571016;0.5523336;585.4;0.2419281;False;11/21/2025 5:48:50 PM:603;1763718530603;;
1330;475;0.8192098;0.5203961;0.8569403;0.5114262;586.7;0.2524957;False;11/21/2025 5:48:50 PM:626;1763718530626;;
1330;475;0.8191948;0.5205167;0.8187699;0.5410485;587.5;0.2173988;False;11/21/2025 5:48:50 PM:647;1763718530647;;
1330;475;0.8191652;0.5206391;0.8182408;0.5418586;588.3;0.21739;False;11/21/2025 5:48:50 PM:667;1763718530667;;
1334;476;0.8217718;0.5209188;0.8802301;0.5493292;589.0;0.2224847;False;11/21/2025 5:48:50 PM:688;1763718530688;;
1334;476;0.8219464;0.5210862;0.8337509;0.546075;588.8;0.2198935;False;11/21/2025 5:48:50 PM:709;1763718530709;;
1335;476;0.8220951;0.5212297;0.8338159;0.5460671;588.5;0.2199049;False;11/21/2025 5:48:50 PM:729;1763718530729;;
1345;476;0.8283465;0.5212734;0.9093716;0.5325981;590.7;0.2141091;False;11/21/2025 5:48:50 PM:750;1763718530750;;
1353;476;0.8335194;0.5213121;0.9094104;0.5325924;592.7;0.2141119;False;11/21/2025 5:48:50 PM:770;1763718530770;;
1353;476;0.8335559;0.5212421;0.8566239;0.5164222;590.1;0.2306003;False;11/21/2025 5:48:50 PM:792;1763718530792;;
1343;475;0.827244;0.5205557;0.7716413;0.4964115;589.3;0.2333853;False;11/21/2025 5:48:50 PM:816;1763718530816;;
1335;475;0.8226279;0.5200172;0.7717744;0.4963959;588.5;0.233425;False;11/21/2025 5:48:50 PM:837;1763718530837;;
1335;476;0.8226485;0.5208424;0.8238494;0.5578232;590.2;0.1918692;False;11/21/2025 5:48:50 PM:860;1763718530860;;
1338;476;0.8244597;0.5209171;0.8709148;0.5368265;590.1;0.1911243;False;11/21/2025 5:48:50 PM:879;1763718530879;;
1343;476;0.8274359;0.5209697;0.8850513;0.5357038;590.1;0.1911249;False;11/21/2025 5:48:50 PM:899;1763718530899;;
1343;476;0.8274566;0.5211306;0.8439106;0.542145;588.0;0.2172848;False;11/21/2025 5:48:50 PM:920;1763718530920;;
1343;476;0.8274605;0.5211599;0.8276499;0.5351329;589.3;0.2220805;False;11/21/2025 5:48:50 PM:941;1763718530941;;
1343;476;0.8274643;0.5211848;0.8276821;0.5351291;590.5;0.2220877;False;11/21/2025 5:48:50 PM:961;1763718530961;;
1343;476;0.8275673;0.5212525;0.8456579;0.5384752;589.4;0.2124391;False;11/21/2025 5:48:50 PM:983;1763718530983;;
1344;476;0.8280322;0.5215961;0.8553862;0.5505804;592.0;0.219531;False;11/21/2025 5:48:51 PM:3;1763718531003;;
1344;476;0.8280562;0.5217158;0.8417209;0.544107;594.3;0.2195529;False;11/21/2025 5:48:51 PM:23;1763718531023;;
1344;476;0.8280787;0.5218352;0.8418351;0.544094;596.4;0.2195918;False;11/21/2025 5:48:51 PM:45;1763718531045;;
1343;476;0.8275572;0.5218673;0.8133079;0.533666;597.3;0.2205968;False;11/21/2025 5:48:51 PM:67;1763718531067;;
1343;477;0.8274828;0.5218825;0.823685;0.5380894;595.6;0.210397;False;11/21/2025 5:48:51 PM:89;1763718531089;;
1350;477;0.8316547;0.5221274;0.893856;0.5500251;594.8;0.2198564;False;11/21/2025 5:48:51 PM:110;1763718531110;;
1350;477;0.8316957;0.5221698;0.8392544;0.531742;594.0;0.2198808;False;11/21/2025 5:48:51 PM:129;1763718531129;;
1357;477;0.8357248;0.5222277;0.8967671;0.5418714;595.6;0.2132871;False;11/21/2025 5:48:51 PM:151;1763718531151;;
1362;477;0.8392447;0.5222815;0.8967904;0.5418687;597.0;0.2132965;False;11/21/2025 5:48:51 PM:174;1763718531174;;
1364;477;0.8399732;0.5224122;0.8711768;0.5452657;595.7;0.2136706;False;11/21/2025 5:48:51 PM:202;1763718531202;;
1373;478;0.8456291;0.5230581;0.9204188;0.5631424;595.4;0.2223129;False;11/21/2025 5:48:51 PM:223;1763718531223;;
1366;477;0.841248;0.5220375;0.7924507;0.4925509;595.1;0.2156649;False;11/21/2025 5:48:51 PM:246;1763718531246;;
1360;476;0.8376426;0.5211535;0.7925555;0.4925393;594.7;0.2156965;False;11/21/2025 5:48:51 PM:267;1763718531267;;
1360;476;0.8377338;0.5211169;0.8535224;0.5173739;591.7;0.2261765;False;11/21/2025 5:48:51 PM:290;1763718531290;;
1360;476;0.8379362;0.5212029;0.8574377;0.5368398;591.4;0.2133873;False;11/21/2025 5:48:51 PM:313;1763718531313;;
1359;476;0.837092;0.5214583;0.8171294;0.545304;591.8;0.1896663;False;11/21/2025 5:48:51 PM:334;1763718531334;;
1358;476;0.836383;0.5216795;0.8171616;0.5452996;592.2;0.1896702;False;11/21/2025 5:48:51 PM:358;1763718531358;;
1361;477;0.8384039;0.5219604;0.8805974;0.5485346;594.8;0.2047928;False;11/21/2025 5:48:51 PM:380;1763718531380;;
1362;478;0.8391073;0.5230905;0.8673965;0.5699776;593.1;0.2166252;False;11/21/2025 5:48:51 PM:403;1763718531403;;
1362;478;0.8390831;0.523679;0.8375009;0.5619705;591.6;0.2166273;False;11/21/2025 5:48:51 PM:424;1763718531424;;
1357;478;0.8360144;0.5237398;0.7920491;0.5316872;588.7;0.2314419;False;11/21/2025 5:48:51 PM:446;1763718531446;;
1353;478;0.8335828;0.5237909;0.7921358;0.5316784;586.1;0.2314514;False;11/21/2025 5:48:51 PM:467;1763718531467;;
1353;478;0.8333527;0.5239275;0.8211701;0.5478449;587.5;0.2217198;False;11/21/2025 5:48:51 PM:490;1763718531490;;
1358;478;0.8362813;0.5240243;0.8835204;0.5468848;589.8;0.2053168;False;11/21/2025 5:48:51 PM:512;1763718531512;;
1361;479;0.8386682;0.5241073;0.8835467;0.5468815;591.9;0.2053093;False;11/21/2025 5:48:51 PM:534;1763718531534;;
1357;479;0.8356787;0.5241327;0.7913911;0.5440067;592.1;0.2164941;False;11/21/2025 5:48:51 PM:556;1763718531556;;
1353;479;0.8334057;0.5241534;0.7923853;0.5409505;593.1;0.2087901;False;11/21/2025 5:48:51 PM:577;1763718531577;;
1347;479;0.8299254;0.5241937;0.7782434;0.5384936;594.0;0.2088086;False;11/21/2025 5:48:51 PM:598;1763718531598;;
1347;479;0.8298957;0.5242216;0.8232367;0.5395518;594.2;0.2177144;False;11/21/2025 5:48:51 PM:621;1763718531621;;
1337;479;0.8237041;0.5244513;0.7551867;0.5527813;592.7;0.2137984;False;11/21/2025 5:48:51 PM:643;1763718531643;;
1331;479;0.8201875;0.5247407;0.7640602;0.5565984;591.3;0.2137937;False;11/21/2025 5:48:51 PM:663;1763718531663;;
1331;479;0.8201634;0.5249271;0.8157799;0.5539687;592.1;0.2067307;False;11/21/2025 5:48:51 PM:684;1763718531684;;
1331;479;0.8201348;0.5250009;0.80966;0.5362765;590.5;0.1932926;False;11/21/2025 5:48:51 PM:706;1763718531706;;
1331;479;0.8201103;0.5250634;0.8096527;0.536277;589.0;0.1932886;False;11/21/2025 5:48:51 PM:726;1763718531726;;
1341;480;0.8261642;0.5256773;0.8881528;0.5651692;588.4;0.1956234;False;11/21/2025 5:48:51 PM:750;1763718531750;;
1332;480;0.8204958;0.5256869;0.7525494;0.5457961;586.8;0.1888332;False;11/21/2025 5:48:51 PM:771;1763718531771;;
1324;480;0.8157774;0.5256957;0.7525411;0.545797;585.4;0.1888254;False;11/21/2025 5:48:51 PM:793;1763718531793;;
1306;480;0.8046182;0.5252796;0.7120843;0.5096701;583.7;0.1653695;True;11/21/2025 5:48:51 PM:816;1763718531816;;
1296;480;0.7982644;0.5253019;0.7255839;0.5274665;586.0;0.1565827;True;11/21/2025 5:48:51 PM:839;1763718531839;;
1280;480;0.7885319;0.5252889;0.6945804;0.5240291;588.1;0.156546;True;11/21/2025 5:48:51 PM:859;1763718531859;;
1268;479;0.7812181;0.5251619;0.700395;0.5165619;587.8;0.1311959;True;11/21/2025 5:48:51 PM:881;1763718531881;;
1259;479;0.7756255;0.5250584;0.7004224;0.5165586;587.7;0.1312018;True;11/21/2025 5:48:51 PM:900;1763718531900;;
1123;479;0.691563;0.5250687;0.4631604;0.5274666;589.5;0.1437353;True;11/21/2025 5:48:51 PM:922;1763718531922;;
1096;479;0.675106;0.5249751;0.579433;0.5164959;590.8;0.1333838;True;11/21/2025 5:48:51 PM:944;1763718531944;;
1074;479;0.6619323;0.5248887;0.5742595;0.5159329;591.9;0.1332874;True;11/21/2025 5:48:51 PM:964;1763718531964;;
1077;479;0.6632443;0.5249001;0.7126456;0.5314301;597.3;0.1408017;True;11/21/2025 5:48:51 PM:985;1763718531985;;
1098;479;0.6761943;0.5249037;0.787298;0.5279121;594.8;0.1714383;False;11/21/2025 5:48:52 PM:7;1763718532007;;
1119;479;0.6893497;0.5249069;0.8034924;0.5272446;592.6;0.1714361;False;11/21/2025 5:48:52 PM:28;1763718532028;;
1145;479;0.7053416;0.5247968;0.8254604;0.5141351;589.5;0.1913026;False;11/21/2025 5:48:52 PM:50;1763718532050;;
1163;479;0.7163969;0.5248092;0.8178451;0.5302623;589.7;0.1850163;False;11/21/2025 5:48:52 PM:72;1763718532072;;
1177;479;0.7251018;0.5248198;0.8178527;0.5302615;589.9;0.1850116;False;11/21/2025 5:48:52 PM:93;1763718532093;;
1192;479;0.7342474;0.5248208;0.8277274;0.5275594;586.1;0.1954096;False;11/21/2025 5:48:52 PM:114;1763718532114;;
1194;479;0.7354984;0.5248218;0.7811156;0.5280885;585.1;0.1848761;False;11/21/2025 5:48:52 PM:137;1763718532137;;
1196;479;0.7365531;0.5248227;0.7811097;0.528089;584.1;0.1848706;False;11/21/2025 5:48:52 PM:158;1763718532158;;
1213;479;0.7471017;0.5248768;0.8430618;0.5347295;584.0;0.206623;False;11/21/2025 5:48:52 PM:183;1763718532183;;
1224;479;0.7537708;0.5248101;0.8381351;0.5169357;583.8;0.201971;False;11/21/2025 5:48:52 PM:205;1763718532205;;
1228;479;0.7564772;0.524788;0.8189878;0.5202473;583.7;0.2019527;False;11/21/2025 5:48:52 PM:226;1763718532226;;
1229;479;0.7569851;0.5247561;0.7966092;0.519003;583.9;0.2047027;False;11/21/2025 5:48:52 PM:248;1763718532248;;
1248;479;0.7689426;0.5244322;0.8800104;0.5029057;585.2;0.2136796;False;11/21/2025 5:48:52 PM:270;1763718532270;;
1265;479;0.7790887;0.5242519;0.8853077;0.5066382;586.3;0.2136446;False;11/21/2025 5:48:52 PM:289;1763718532289;;
1268;479;0.7809749;0.5241198;0.8347286;0.5092636;590.8;0.2032386;False;11/21/2025 5:48:52 PM:312;1763718532312;;
1272;478;0.7836853;0.5240276;0.846293;0.51026;594.8;0.2032464;False;11/21/2025 5:48:52 PM:334;1763718532334;;
1282;478;0.7900141;0.5240173;0.874204;0.5167931;596.4;0.1902017;False;11/21/2025 5:48:52 PM:357;1763718532357;;
1285;479;0.7915833;0.5243348;0.8465862;0.5432233;596.3;0.212115;False;11/21/2025 5:48:52 PM:378;1763718532378;;
1287;479;0.792623;0.5244772;0.8424131;0.5372216;596.2;0.2121036;False;11/21/2025 5:48:52 PM:399;1763718532399;;
1298;479;0.7997478;0.5245434;0.8909435;0.5335725;596.9;0.2095082;False;11/21/2025 5:48:52 PM:421;1763718532421;;
1299;479;0.8000765;0.5246093;0.8111851;0.5342094;597.7;0.2090433;False;11/21/2025 5:48:52 PM:442;1763718532442;;
1299;479;0.8003618;0.5246681;0.8111247;0.5342162;598.4;0.2090708;False;11/21/2025 5:48:52 PM:464;1763718532464;;
1284;479;0.7910593;0.5245965;0.7236765;0.5157695;595.6;0.2231574;False;11/21/2025 5:48:52 PM:488;1763718532488;;
1282;479;0.789637;0.5241934;0.7664306;0.500676;597.3;0.2056871;False;11/21/2025 5:48:52 PM:510;1763718532510;;
1282;478;0.7897304;0.5240012;0.8048711;0.505814;598.9;0.2057563;False;11/21/2025 5:48:52 PM:529;1763718532529;;
1279;478;0.7880378;0.5239921;0.7606124;0.518398;599.7;0.2040468;False;11/21/2025 5:48:52 PM:552;1763718532552;;
1289;478;0.7943132;0.5239892;0.8676773;0.5221486;594.0;0.193619;False;11/21/2025 5:48:52 PM:576;1763718532576;;
1295;478;0.7977001;0.5239919;0.8599026;0.524933;588.8;0.1936192;False;11/21/2025 5:48:52 PM:595;1763718532595;;
1300;478;0.800831;0.5240116;0.8594003;0.5278836;590.1;0.200236;False;11/21/2025 5:48:52 PM:618;1763718532618;;
1302;478;0.802141;0.5239421;0.8467591;0.5128328;590.6;0.2058576;False;11/21/2025 5:48:52 PM:640;1763718532640;;
1304;478;0.8033048;0.5237894;0.8484238;0.5067181;591.1;0.2058602;False;11/21/2025 5:48:52 PM:658;1763718532658;;
1302;479;0.8017766;0.5244424;0.7763183;0.553472;589.3;0.2154727;False;11/21/2025 5:48:52 PM:680;1763718532680;;
1303;479;0.8025292;0.5243081;0.8390446;0.5097355;588.7;0.2203236;False;11/21/2025 5:48:52 PM:701;1763718532701;;
1304;479;0.8031272;0.5242004;0.839057;0.5097336;588.2;0.2203234;False;11/21/2025 5:48:52 PM:720;1763718532720;;
1305;479;0.8037121;0.524094;0.8390595;0.5097332;587.7;0.2203236;False;11/21/2025 5:48:52 PM:742;1763718532742;;
1307;478;0.8053374;0.5239295;0.8523658;0.5067812;586.7;0.1976791;False;11/21/2025 5:48:52 PM:766;1763718532766;;
1308;478;0.8057041;0.5239344;0.8391594;0.5248162;589.1;0.1990532;False;11/21/2025 5:48:52 PM:789;1763718532789;;
1301;478;0.80134;0.5235613;0.7559201;0.4980035;589.0;0.2037987;False;11/21/2025 5:48:52 PM:811;1763718532811;;
1295;478;0.7978751;0.5232432;0.7559849;0.4979957;588.8;0.2037957;False;11/21/2025 5:48:52 PM:834;1763718532834;;
1293;478;0.7964213;0.5232262;0.7707413;0.5192274;587.1;0.208639;False;11/21/2025 5:48:52 PM:857;1763718532857;;
1294;478;0.7969097;0.5231267;0.8230295;0.5063702;586.9;0.1892685;False;11/21/2025 5:48:52 PM:879;1763718532879;;
1298;478;0.7994033;0.5231342;0.8499318;0.5240943;586.7;0.1892614;False;11/21/2025 5:48:52 PM:902;1763718532902;;
1297;478;0.7987478;0.5231227;0.7827857;0.5204032;586.4;0.1987194;False;11/21/2025 5:48:52 PM:924;1763718532924;;
1297;478;0.799211;0.523121;0.8254682;0.515237;586.6;0.2010898;False;11/21/2025 5:48:52 PM:946;1763718532946;;
1287;478;0.7926561;0.5235002;0.7294214;0.5430154;585.1;0.1922546;False;11/21/2025 5:48:52 PM:968;1763718532968;;
1273;478;0.7840778;0.5238438;0.7073926;0.5441673;583.8;0.1922591;False;11/21/2025 5:48:52 PM:989;1763718532989;;
974;478;0.6003409;0.5239564;0.2966075;0.5355486;581.5;0.1696236;True;11/21/2025 5:48:53 PM:11;1763718533011;;
979;478;0.6032007;0.5240484;0.6217442;0.5344262;577.3;0.174962;False;11/21/2025 5:48:53 PM:36;1763718533036;;
982;479;0.6051471;0.5241188;0.6215932;0.534435;573.5;0.1749585;False;11/21/2025 5:48:53 PM:58;1763718533058;;
792;479;0.4882843;0.5241182;0.280768;0.5237708;570.2;0.1784877;False;11/21/2025 5:48:53 PM:81;1763718533081;;
719;479;0.4430969;0.5242875;0.3317372;0.5402783;572.4;0.148477;True;11/21/2025 5:48:53 PM:104;1763718533104;;
672;479;0.4143301;0.5244165;0.328546;0.5398315;574.3;0.148448;True;11/21/2025 5:48:53 PM:125;1763718533125;;
612;479;0.3769266;0.5243511;0.2784599;0.5168679;569.8;0.1596374;True;11/21/2025 5:48:53 PM:148;1763718533148;;
573;479;0.3528863;0.5242954;0.2784351;0.5168375;565.7;0.1596527;True;11/21/2025 5:48:53 PM:170;1763718533170;;
549;479;0.3381942;0.5242962;0.2866786;0.525255;562.2;0.1462619;True;11/21/2025 5:48:53 PM:192;1763718533192;;
557;479;0.3433727;0.5244489;0.3864001;0.5398072;561.8;0.1555904;True;11/21/2025 5:48:53 PM:215;1763718533215;;
558;479;0.3440151;0.5246112;0.3483871;0.5415884;561.4;0.155606;True;11/21/2025 5:48:53 PM:236;1763718533236;;
564;479;0.3477034;0.5251322;0.4112102;0.5537677;561.0;0.1407248;True;11/21/2025 5:48:53 PM:260;1763718533260;;
568;480;0.3500203;0.5251665;0.3740735;0.5365387;558.6;0.1446878;True;11/21/2025 5:48:53 PM:282;1763718533282;;
572;480;0.3523543;0.5253764;0.385343;0.5465239;556.2;0.1693404;True;11/21/2025 5:48:53 PM:305;1763718533305;;
575;480;0.3541677;0.5255482;0.3852474;0.5465277;553.9;0.169366;True;11/21/2025 5:48:53 PM:327;1763718533327;;
570;480;0.3509868;0.5251808;0.3265657;0.5075749;553.8;0.1655664;True;11/21/2025 5:48:53 PM:350;1763718533350;;
556;479;0.3426226;0.5251446;0.2911657;0.5209743;551.2;0.1605777;True;11/21/2025 5:48:53 PM:373;1763718533373;;
551;479;0.3393492;0.5251465;0.3086364;0.5256814;549.0;0.1605881;True;11/21/2025 5:48:53 PM:395;1763718533395;;
550;479;0.3392482;0.5251571;0.3376408;0.5323423;549.2;0.1483521;True;11/21/2025 5:48:53 PM:416;1763718533416;;
563;480;0.3471352;0.5252166;0.4436899;0.5371382;548.4;0.1748382;False;11/21/2025 5:48:53 PM:440;1763718533440;;
572;480;0.3527663;0.5252618;0.443711;0.5371378;547.7;0.1748367;False;11/21/2025 5:48:53 PM:460;1763718533460;;
611;480;0.3766724;0.5253287;0.5246323;0.5389045;547.8;0.1667691;True;11/21/2025 5:48:53 PM:483;1763718533483;;
577;478;0.3555344;0.5233469;0.2503136;0.474754;545.9;0.160146;True;11/21/2025 5:48:53 PM:504;1763718533504;;
585;478;0.360318;0.5233527;0.438882;0.5275625;547.8;0.1648858;True;11/21/2025 5:48:53 PM:528;1763718533528;;
590;478;0.3638352;0.5233572;0.4388251;0.5275639;549.5;0.1648939;True;11/21/2025 5:48:53 PM:548;1763718533548;;
590;478;0.363407;0.5235766;0.3561882;0.5424361;547.2;0.152006;True;11/21/2025 5:48:53 PM:571;1763718533571;;
589;478;0.3630641;0.5237569;0.3560981;0.5424374;545.1;0.1520173;True;11/21/2025 5:48:53 PM:592;1763718533592;;
586;478;0.3608541;0.5239998;0.3317543;0.5456706;543.9;0.163591;True;11/21/2025 5:48:53 PM:614;1763718533614;;
583;479;0.3590664;0.5242059;0.331609;0.545673;542.8;0.1636046;True;11/21/2025 5:48:53 PM:636;1763718533636;;
583;479;0.3591779;0.5245131;0.3822876;0.5500855;541.5;0.1516167;True;11/21/2025 5:48:53 PM:658;1763718533658;;
566;479;0.3490692;0.5243011;0.2729871;0.5117612;542.3;0.1614935;True;11/21/2025 5:48:53 PM:681;1763718533681;;
542;476;0.3341725;0.5215061;0.2411473;0.464655;541.4;0.1536784;True;11/21/2025 5:48:53 PM:704;1763718533704;;
525;474;0.3234912;0.5193262;0.2411107;0.4646062;540.5;0.1536942;True;11/21/2025 5:48:53 PM:725;1763718533725;;
516;474;0.3181778;0.5189507;0.26452;0.4959453;541.8;0.1565906;True;11/21/2025 5:48:53 PM:748;1763718533748;;
513;474;0.3161595;0.5189862;0.2827651;0.5238703;541.4;0.1617116;True;11/21/2025 5:48:53 PM:773;1763718533773;;
511;474;0.3147884;0.5190303;0.2848603;0.5254235;541.1;0.161714;True;11/21/2025 5:48:53 PM:795;1763718533795;;
535;474;0.329544;0.5190648;0.432471;0.5249571;541.1;0.1657977;True;11/21/2025 5:48:53 PM:817;1763718533817;;
534;474;0.3292117;0.5194439;0.3141923;0.541666;539.0;0.1683909;True;11/21/2025 5:48:53 PM:838;1763718533838;;
534;475;0.3289389;0.5197532;0.3141101;0.5416678;537.2;0.1683977;True;11/21/2025 5:48:53 PM:860;1763718533860;;
532;474;0.3280354;0.5196511;0.3010578;0.5093344;537.1;0.1517986;True;11/21/2025 5:48:53 PM:882;1763718533882;;
532;475;0.3280323;0.519718;0.3271567;0.5302251;537.9;0.1677815;True;11/21/2025 5:48:53 PM:905;1763718533905;;
531;475;0.3273732;0.519722;0.3027881;0.5237944;538.8;0.1678445;True;11/21/2025 5:48:53 PM:926;1763718533926;;
536;475;0.3305121;0.519753;0.3758544;0.527824;538.4;0.1611326;True;11/21/2025 5:48:53 PM:950;1763718533950;;
567;474;0.3492229;0.5196587;0.4604701;0.5099888;538.7;0.1561029;True;11/21/2025 5:48:53 PM:972;1763718533972;;
600;474;0.3699701;0.5196266;0.4901061;0.5137531;539.0;0.1561238;True;11/21/2025 5:48:53 PM:993;1763718533993;;
622;474;0.3831843;0.5196176;0.4755335;0.5166577;534.0;0.1640994;True;11/21/2025 5:48:54 PM:15;1763718534015;;
638;474;0.3929277;0.5196101;0.4754523;0.5166599;529.5;0.1641084;True;11/21/2025 5:48:54 PM:36;1763718534036;;
615;474;0.3791723;0.519611;0.2831441;0.5207276;527.9;0.1704844;True;11/21/2025 5:48:54 PM:61;1763718534061;;
609;475;0.3752304;0.5204214;0.3183838;0.55406;530.0;0.1574758;True;11/21/2025 5:48:54 PM:84;1763718534084;;
583;474;0.3595696;0.5189369;0.2515516;0.475686;529.7;0.1669846;True;11/21/2025 5:48:54 PM:106;1763718534106;;
564;473;0.34777;0.5177148;0.251522;0.4756466;529.4;0.1669828;True;11/21/2025 5:48:54 PM:126;1763718534126;;
549;472;0.3385008;0.5167508;0.2531728;0.4777918;531.7;0.1572496;True;11/21/2025 5:48:54 PM:149;1763718534149;;
542;472;0.3340491;0.5167606;0.2749782;0.5181136;530.0;0.1765642;False;11/21/2025 5:48:54 PM:173;1763718534173;;
537;472;0.3309416;0.516768;0.2750061;0.5181509;528.4;0.1765512;False;11/21/2025 5:48:54 PM:193;1763718534193;;
537;472;0.331178;0.5169488;0.3393184;0.5297717;526.1;0.1692201;True;11/21/2025 5:48:54 PM:218;1763718534218;;
531;472;0.3271334;0.5167797;0.2666644;0.4995905;529.2;0.1500937;True;11/21/2025 5:48:54 PM:240;1763718534240;;
525;472;0.3238761;0.5166351;0.2665876;0.4994886;531.9;0.1501141;True;11/21/2025 5:48:54 PM:261;1763718534261;;
518;471;0.3193633;0.5158392;0.2541683;0.4798112;534.9;0.1733705;False;11/21/2025 5:48:54 PM:284;1763718534284;;
547;471;0.3371588;0.5158626;0.4393551;0.5185463;535.7;0.1722693;False;11/21/2025 5:48:54 PM:306;1763718534306;;
546;471;0.3367136;0.516035;0.3068843;0.527923;533.9;0.1822164;False;11/21/2025 5:48:54 PM:328;1763718534328;;
546;471;0.3363299;0.5161813;0.3067643;0.5279281;532.2;0.1822654;False;11/21/2025 5:48:54 PM:352;1763718534352;;
545;472;0.3358546;0.5164939;0.3041998;0.5353138;534.0;0.15461;True;11/21/2025 5:48:54 PM:374;1763718534374;;
544;472;0.3355819;0.5164628;0.3069133;0.509465;533.8;0.1789686;False;11/21/2025 5:48:54 PM:397;1763718534397;;
544;472;0.3353579;0.5164379;0.3067385;0.5094721;533.7;0.1790014;False;11/21/2025 5:48:54 PM:418;1763718534418;;
545;472;0.3361474;0.5164472;0.3518426;0.5189815;533.8;0.1710541;True;11/21/2025 5:48:54 PM:441;1763718534441;;
546;472;0.336777;0.516455;0.3516944;0.5189875;533.9;0.1710772;True;11/21/2025 5:48:54 PM:462;1763718534462;;
539;471;0.3323891;0.5163897;0.2688714;0.5064842;531.2;0.1684224;True;11/21/2025 5:48:54 PM:486;1763718534486;;
530;471;0.3268499;0.5157277;0.2558156;0.4851396;533.1;0.161158;True;11/21/2025 5:48:54 PM:509;1763718534509;;
522;470;0.3219127;0.5149292;0.2510413;0.4788152;534.9;0.1611634;True;11/21/2025 5:48:54 PM:531;1763718534531;;
535;470;0.3299084;0.5149166;0.3971296;0.510407;534.3;0.1677444;True;11/21/2025 5:48:54 PM:553;1763718534553;;
540;470;0.3325313;0.5150103;0.3677894;0.522817;534.7;0.1713012;False;11/21/2025 5:48:54 PM:577;1763718534577;;
530;469;0.3268831;0.5136248;0.2570884;0.4678344;536.3;0.1684606;True;11/21/2025 5:48:54 PM:600;1763718534600;;
524;467;0.3227592;0.5119351;0.2589315;0.4583735;537.7;0.168505;True;11/21/2025 5:48:54 PM:622;1763718534622;;
519;467;0.3200106;0.5119225;0.2656696;0.4995803;539.8;0.1686804;True;11/21/2025 5:48:54 PM:644;1763718534644;;
529;468;0.3257675;0.5121201;0.3814719;0.5232251;537.6;0.175841;False;11/21/2025 5:48:54 PM:667;1763718534667;;
536;468;0.3301459;0.5122814;0.3814205;0.5232268;535.7;0.1758399;False;11/21/2025 5:48:54 PM:688;1763718534688;;
538;468;0.3314699;0.5124714;0.3576269;0.5249053;534.3;0.1673886;True;11/21/2025 5:48:54 PM:712;1763718534712;;
533;468;0.3283454;0.512471;0.2764542;0.5123577;536.6;0.1756383;False;11/21/2025 5:48:54 PM:734;1763718534734;;
529;468;0.3261005;0.5125255;0.2798028;0.5190064;538.8;0.175721;False;11/21/2025 5:48:54 PM:757;1763718534757;;
540;469;0.3329092;0.5132717;0.3960684;0.5430632;538.8;0.169275;True;11/21/2025 5:48:54 PM:780;1763718534780;;
555;469;0.3417967;0.5132753;0.4166273;0.5153971;538.9;0.1683693;True;11/21/2025 5:48:54 PM:802;1763718534802;;
559;469;0.3443114;0.5136722;0.3842152;0.5369514;540.3;0.1775806;False;11/21/2025 5:48:54 PM:825;1763718534825;;
567;469;0.3492604;0.5139081;0.410254;0.5340098;541.6;0.1776256;False;11/21/2025 5:48:54 PM:847;1763718534847;;
574;469;0.3535582;0.5141278;0.4100976;0.5340161;542.8;0.1776875;False;11/21/2025 5:48:54 PM:868;1763718534868;;
578;469;0.3565106;0.5140377;0.4046756;0.5056371;541.8;0.1870829;False;11/21/2025 5:48:54 PM:891;1763718534891;;
581;469;0.3582354;0.514211;0.3967927;0.5317572;542.2;0.1741747;False;11/21/2025 5:48:54 PM:915;1763718534915;;
588;469;0.3622117;0.514217;0.4209923;0.5162717;541.7;0.1661492;True;11/21/2025 5:48:54 PM:937;1763718534937;;
593;469;0.3654699;0.5142223;0.4206627;0.5162851;541.3;0.1662789;True;11/21/2025 5:48:54 PM:958;1763718534958;;
602;470;0.3711122;0.5142253;0.439135;0.5150999;540.8;0.1716745;False;11/21/2025 5:48:54 PM:984;1763718534984;;
602;470;0.3711946;0.5142252;0.3773966;0.5142008;540.5;0.1798952;False;11/21/2025 5:48:55 PM:6;1763718535006;;
601;470;0.370225;0.5142278;0.3493058;0.5155396;540.1;0.180011;False;11/21/2025 5:48:55 PM:29;1763718535029;;
579;469;0.3568751;0.5139857;0.2670507;0.4976742;538.1;0.160006;True;11/21/2025 5:48:55 PM:52;1763718535052;;
576;469;0.3551745;0.514167;0.323855;0.5306908;535.6;0.1694829;True;11/21/2025 5:48:55 PM:74;1763718535074;;
559;469;0.3445275;0.5137843;0.2623484;0.4926401;535.7;0.1813702;False;11/21/2025 5:48:55 PM:98;1763718535098;;
546;469;0.336724;0.5134777;0.2623227;0.4926057;535.8;0.1813802;False;11/21/2025 5:48:55 PM:120;1763718535120;;
568;469;0.3502606;0.5135464;0.4451137;0.5220277;536.4;0.1757774;False;11/21/2025 5:48:55 PM:144;1763718535144;;
572;469;0.3527681;0.513553;0.3974804;0.5162136;535.1;0.1704586;True;11/21/2025 5:48:55 PM:165;1763718535165;;
578;469;0.3562202;0.5135549;0.4110442;0.5150455;533.9;0.170635;True;11/21/2025 5:48:55 PM:186;1763718535186;;
590;469;0.3635764;0.5138062;0.4404277;0.5323854;535.7;0.1731929;False;11/21/2025 5:48:55 PM:209;1763718535209;;
581;470;0.3582129;0.514626;0.3002913;0.5491952;536.1;0.1717736;False;11/21/2025 5:48:55 PM:232;1763718535232;;
577;471;0.355526;0.5156584;0.3124472;0.5570601;536.5;0.1718013;False;11/21/2025 5:48:55 PM:252;1763718535252;;
565;471;0.348202;0.5155585;0.2775152;0.5073925;535.4;0.1731342;False;11/21/2025 5:48:55 PM:275;1763718535275;;
562;471;0.3462866;0.5155321;0.3077435;0.5118561;534.4;0.1731503;False;11/21/2025 5:48:55 PM:297;1763718535297;;
561;471;0.3458082;0.5155234;0.3256547;0.5138873;534.0;0.1604907;True;11/21/2025 5:48:55 PM:320;1763718535320;;
568;471;0.3500419;0.5157951;0.4026819;0.5371084;533.3;0.1702465;True;11/21/2025 5:48:55 PM:344;1763718535344;;
578;471;0.3560962;0.5160756;0.422854;0.5393904;532.5;0.1702902;True;11/21/2025 5:48:55 PM:365;1763718535365;;
606;471;0.3735408;0.5160811;0.4821362;0.5234805;533.2;0.162513;True;11/21/2025 5:48:55 PM:388;1763718535388;;
617;471;0.3803409;0.5160934;0.4491112;0.5195402;535.9;0.1711234;True;11/21/2025 5:48:55 PM:412;1763718535412;;
626;472;0.3858683;0.5164794;0.4503207;0.5433154;536.5;0.1632444;True;11/21/2025 5:48:55 PM:435;1763718535435;;
633;472;0.3902332;0.5166934;0.4511786;0.5396097;537.0;0.1633192;True;11/21/2025 5:48:55 PM:456;1763718535456;;
634;472;0.3905703;0.5167158;0.411332;0.5230244;539.2;0.1542806;True;11/21/2025 5:48:55 PM:480;1763718535480;;
634;472;0.3905795;0.5167318;0.399915;0.5243927;540.0;0.150411;True;11/21/2025 5:48:55 PM:502;1763718535502;;
634;472;0.3909531;0.5167459;0.4139107;0.5241271;540.8;0.1504598;True;11/21/2025 5:48:55 PM:524;1763718535524;;
604;471;0.372088;0.5162491;0.2632149;0.4943325;539.8;0.1628879;True;11/21/2025 5:48:55 PM:546;1763718535546;;
631;472;0.3887037;0.5167644;0.5018221;0.5466694;539.5;0.1444598;True;11/21/2025 5:48:55 PM:567;1763718535567;;
648;472;0.3993569;0.5168853;0.4924905;0.5349688;539.3;0.1444611;True;11/21/2025 5:48:55 PM:590;1763718535590;;
696;472;0.4288955;0.5168779;0.5726038;0.515922;539.5;0.1533312;True;11/21/2025 5:48:55 PM:613;1763718535613;;
643;471;0.3960605;0.5155936;0.250561;0.4775533;539.3;0.1653921;True;11/21/2025 5:48:55 PM:635;1763718535635;;
642;471;0.395764;0.5160238;0.3857686;0.5420617;538.2;0.1721392;False;11/21/2025 5:48:55 PM:658;1763718535658;;
642;471;0.3955159;0.5163857;0.3857253;0.5420629;537.2;0.1721504;False;11/21/2025 5:48:55 PM:680;1763718535680;;
641;472;0.3953123;0.5166895;0.3858071;0.5420606;536.3;0.172129;False;11/21/2025 5:48:55 PM:702;1763718535702;;
654;472;0.4028583;0.5168614;0.4766816;0.537517;535.9;0.1571146;True;11/21/2025 5:48:55 PM:726;1763718535726;;
657;472;0.4050925;0.5168668;0.4494892;0.5286254;536.7;0.1582474;True;11/21/2025 5:48:55 PM:748;1763718535748;;
665;472;0.4096324;0.5173268;0.4721053;0.5483682;537.0;0.1587097;True;11/21/2025 5:48:55 PM:772;1763718535772;;
670;473;0.4131064;0.5176967;0.4720132;0.5483708;537.2;0.1587301;True;11/21/2025 5:48:55 PM:794;1763718535794;;
716;473;0.4414075;0.5177161;0.5849922;0.5197589;539.1;0.1594809;True;11/21/2025 5:48:55 PM:816;1763718535816;;
721;473;0.4444557;0.5175994;0.4949256;0.5100975;539.6;0.1618623;True;11/21/2025 5:48:55 PM:840;1763718535840;;
732;473;0.450926;0.5175125;0.5258827;0.5104974;540.1;0.1619036;True;11/21/2025 5:48:55 PM:861;1763718535861;;
799;473;0.4925016;0.5176977;0.65719;0.538465;540.7;0.1531219;True;11/21/2025 5:48:55 PM:884;1763718535884;;
802;473;0.4941393;0.5177488;0.5268357;0.5326014;542.6;0.1654164;True;11/21/2025 5:48:55 PM:907;1763718535907;;
836;473;0.5150388;0.5177064;0.6294665;0.513895;544.0;0.1563044;True;11/21/2025 5:48:55 PM:930;1763718535930;;
860;473;0.5296082;0.5176728;0.6294993;0.5138938;545.3;0.1563009;True;11/21/2025 5:48:55 PM:952;1763718535952;;
853;473;0.5252843;0.517556;0.4678012;0.5083296;542.2;0.1551643;True;11/21/2025 5:48:55 PM:976;1763718535976;;
878;473;0.5408419;0.5175569;0.6376448;0.5177985;541.8;0.1628133;True;11/21/2025 5:48:56 PM:0;1763718536000;;
891;473;0.5492315;0.5175077;0.6263279;0.5109635;541.5;0.1628101;True;11/21/2025 5:48:56 PM:21;1763718536021;;
881;472;0.5426513;0.5174859;0.4712613;0.5135145;541.6;0.1508868;True;11/21/2025 5:48:56 PM:43;1763718536043;;
896;472;0.5520619;0.5174053;0.6304652;0.5080289;538.6;0.1586011;True;11/21/2025 5:48:56 PM:65;1763718536065;;
891;472;0.5490391;0.517426;0.499412;0.5232371;539.7;0.1559171;True;11/21/2025 5:48:56 PM:89;1763718536089;;
887;472;0.5467156;0.5174426;0.499382;0.5232379;540.7;0.1559137;True;11/21/2025 5:48:56 PM:110;1763718536110;;
884;472;0.5447383;0.5174574;0.4993126;0.52324;541.6;0.1559061;True;11/21/2025 5:48:56 PM:131;1763718536131;;
884;473;0.5446811;0.5176621;0.5364882;0.5355128;541.8;0.1625725;True;11/21/2025 5:48:56 PM:153;1763718536153;;
963;473;0.5933039;0.5180055;0.7619505;0.5420761;540.6;0.1622523;True;11/21/2025 5:48:56 PM:175;1763718536175;;
1032;473;0.6355811;0.5183321;0.7890487;0.5434806;539.5;0.1622522;True;11/21/2025 5:48:56 PM:197;1763718536197;;
1067;473;0.6572431;0.5183339;0.7563097;0.5186406;541.4;0.1576702;True;11/21/2025 5:48:56 PM:220;1763718536220;;
1074;473;0.6617082;0.5180608;0.6998312;0.5021362;540.0;0.161321;True;11/21/2025 5:48:56 PM:244;1763718536244;;
1094;473;0.6740676;0.5176726;0.7484168;0.497068;540.7;0.159725;True;11/21/2025 5:48:56 PM:267;1763718536267;;
1109;472;0.6830467;0.5173564;0.7484248;0.4970663;541.3;0.1597242;True;11/21/2025 5:48:56 PM:289;1763718536289;;
1116;472;0.6872945;0.5171539;0.7287905;0.5003952;543.7;0.1497059;True;11/21/2025 5:48:56 PM:312;1763718536312;;
1118;472;0.6886798;0.5171281;0.710191;0.5099267;542.3;0.1454221;True;11/21/2025 5:48:56 PM:334;1763718536334;;
1122;472;0.6910433;0.5170834;0.7242039;0.5075359;541.1;0.1454206;True;11/21/2025 5:48:56 PM:356;1763718536356;;
1129;472;0.6957778;0.5169927;0.7453771;0.5040728;543.5;0.1492841;True;11/21/2025 5:48:56 PM:379;1763718536379;;
1129;472;0.6957319;0.516979;0.685903;0.5097207;543.1;0.1414143;True;11/21/2025 5:48:56 PM:402;1763718536402;;
1134;472;0.6986473;0.5166286;0.7389147;0.4922256;547.0;0.157869;True;11/21/2025 5:48:56 PM:425;1763718536425;;
1138;472;0.7012597;0.5164931;0.7420923;0.4985729;550.5;0.1578717;True;11/21/2025 5:48:56 PM:447;1763718536447;;
1148;472;0.7071497;0.5164933;0.7645217;0.5165273;550.3;0.1605807;True;11/21/2025 5:48:56 PM:474;1763718536474;;
1147;472;0.7065367;0.516484;0.684591;0.5136244;552.3;0.1552529;True;11/21/2025 5:48:56 PM:497;1763718536497;;
1147;472;0.7067693;0.5165093;0.7186434;0.5199269;552.5;0.1646433;True;11/21/2025 5:48:56 PM:520;1763718536520;;
1148;472;0.7069581;0.5165301;0.7186418;0.5199257;552.6;0.1646382;True;11/21/2025 5:48:56 PM:541;1763718536541;;
1148;472;0.7071352;0.5165498;0.7186427;0.5199261;552.7;0.1646403;True;11/21/2025 5:48:56 PM:564;1763718536564;;
1147;471;0.7068461;0.5163804;0.6933845;0.5002072;554.4;0.1589009;True;11/21/2025 5:48:56 PM:590;1763718536590;;
1147;472;0.7065703;0.5164421;0.6919518;0.5233561;553.7;0.1715274;False;11/21/2025 5:48:56 PM:614;1763718536614;;
1150;472;0.7086986;0.5165591;0.747088;0.5274196;555.1;0.1681764;True;11/21/2025 5:48:56 PM:637;1763718536637;;
1153;472;0.7104359;0.5166581;0.7471097;0.5274161;556.3;0.168177;True;11/21/2025 5:48:56 PM:659;1763718536659;;
1157;472;0.7127987;0.5172428;0.7562542;0.5449463;554.8;0.1704464;True;11/21/2025 5:48:56 PM:683;1763718536683;;
1157;472;0.7128131;0.5169718;0.7176513;0.4989975;553.7;0.1623913;True;11/21/2025 5:48:56 PM:704;1763718536704;;
1155;472;0.711787;0.5165226;0.6873835;0.4922611;554.4;0.1605843;True;11/21/2025 5:48:56 PM:728;1763718536728;;
1154;471;0.7109268;0.5161379;0.6873894;0.49226;555.0;0.1605843;True;11/21/2025 5:48:56 PM:751;1763718536751;;
1148;471;0.7072507;0.515797;0.6568536;0.4921803;550.7;0.1594643;True;11/21/2025 5:48:56 PM:775;1763718536775;;
1148;471;0.7069855;0.5158385;0.6915568;0.520637;549.0;0.1549589;True;11/21/2025 5:48:56 PM:798;1763718536798;;
1147;471;0.7067381;0.5158775;0.691545;0.5206372;547.6;0.1549469;True;11/21/2025 5:48:56 PM:823;1763718536823;;
1128;471;0.6951513;0.5160351;0.612266;0.5273716;549.0;0.1817993;False;11/21/2025 5:48:56 PM:852;1763718536852;;
1123;471;0.691717;0.5156697;0.6416815;0.4940822;553.2;0.1519492;True;11/21/2025 5:48:56 PM:879;1763718536879;;
1119;471;0.6890782;0.5157441;0.6423416;0.5232303;552.5;0.180186;False;11/21/2025 5:48:56 PM:906;1763718536906;;
1108;471;0.6823282;0.5157918;0.6100529;0.522141;551.4;0.1759781;False;11/21/2025 5:48:56 PM:931;1763718536931;;
1048;471;0.6455689;0.5157705;0.4968701;0.5099549;549.6;0.1703483;True;11/21/2025 5:48:56 PM:958;1763718536958;;
1008;471;0.6208377;0.5157531;0.496864;0.5099534;547.9;0.1703474;True;11/21/2025 5:48:56 PM:983;1763718536983;;
959;471;0.5905722;0.5156724;0.4621522;0.5045435;546.9;0.1694982;True;11/21/2025 5:48:57 PM:9;1763718537009;;
914;471;0.5630438;0.5155792;0.4621508;0.5045432;546.1;0.1694978;True;11/21/2025 5:48:57 PM:48;1763718537048;;
912;471;0.5617525;0.5155339;0.5354746;0.5048768;545.8;0.1519855;True;11/21/2025 5:48:57 PM:71;1763718537071;;
901;471;0.5550947;0.5155294;0.487869;0.5141231;545.5;0.152;True;11/21/2025 5:48:57 PM:93;1763718537093;;
771;470;0.4748541;0.5150816;0.2600223;0.4874576;543.1;0.1650918;True;11/21/2025 5:48:57 PM:114;1763718537114;;
723;470;0.4457849;0.5150082;0.3306027;0.5007456;544.3;0.1665792;True;11/21/2025 5:48:57 PM:139;1763718537139;;
675;471;0.4160726;0.5155295;0.3014358;0.5378144;541.8;0.1695674;True;11/21/2025 5:48:57 PM:163;1763718537163;;
643;471;0.3962282;0.515943;0.3014252;0.5378129;539.5;0.1695646;True;11/21/2025 5:48:57 PM:183;1763718537183;;
609;471;0.3752857;0.5159454;0.2810342;0.5169554;538.3;0.1674986;True;11/21/2025 5:48:57 PM:207;1763718537207;;
560;469;0.3453252;0.5136853;0.2437558;0.4637973;536.8;0.1530406;True;11/21/2025 5:48:57 PM:236;1763718537236;;
543;469;0.3348847;0.5136753;0.2735289;0.5051055;538.2;0.1631047;True;11/21/2025 5:48:57 PM:261;1763718537261;;
544;469;0.3349807;0.5137689;0.3853884;0.5221495;539.5;0.1630974;True;11/21/2025 5:48:57 PM:282;1763718537282;;
539;470;0.332007;0.5144883;0.3035388;0.5428379;538.7;0.1618389;True;11/21/2025 5:48:57 PM:306;1763718537306;;
514;467;0.3169453;0.5117299;0.2324577;0.4498731;540.3;0.1728445;False;11/21/2025 5:48:57 PM:328;1763718537328;;
496;465;0.3055766;0.5094132;0.2324539;0.4498678;541.8;0.1728539;False;11/21/2025 5:48:57 PM:351;1763718537351;;
495;466;0.3051435;0.5104027;0.297523;0.5414978;541.2;0.1554722;True;11/21/2025 5:48:57 PM:373;1763718537373;;
495;467;0.3048077;0.5111738;0.2974552;0.5414245;540.7;0.1554726;True;11/21/2025 5:48:57 PM:395;1763718537395;;
494;467;0.3043013;0.5111793;0.293784;0.5127214;541.1;0.1591273;True;11/21/2025 5:48:57 PM:418;1763718537418;;
503;467;0.3101738;0.5113474;0.3862581;0.5251756;540.8;0.1683972;True;11/21/2025 5:48:57 PM:440;1763718537440;;
511;467;0.3148068;0.5114877;0.3861735;0.525176;540.6;0.1684041;True;11/21/2025 5:48:57 PM:462;1763718537462;;
511;467;0.3150204;0.5117422;0.3254216;0.5302442;539.3;0.1534939;True;11/21/2025 5:48:57 PM:487;1763718537487;;
498;466;0.3069333;0.5099799;0.2429617;0.4637945;538.5;0.1635759;True;11/21/2025 5:48:57 PM:511;1763718537511;;
510;466;0.3143153;0.5104628;0.3965614;0.535261;537.9;0.1685413;True;11/21/2025 5:48:57 PM:533;1763718537533;;
519;466;0.3200226;0.5108593;0.3964432;0.5352597;537.3;0.168538;True;11/21/2025 5:48:57 PM:555;1763718537555;;
511;466;0.3152014;0.5106581;0.2665967;0.4960028;536.7;0.1747907;False;11/21/2025 5:48:57 PM:579;1763718537579;;
504;466;0.3104841;0.5103704;0.260323;0.4914691;534.3;0.1646564;True;11/21/2025 5:48:57 PM:601;1763718537601;;
494;465;0.3047163;0.5093934;0.2466954;0.4729199;535.0;0.168529;True;11/21/2025 5:48:57 PM:625;1763718537625;;
488;464;0.3007711;0.5087367;0.2501408;0.475969;535.7;0.1685519;True;11/21/2025 5:48:57 PM:647;1763718537647;;
484;464;0.298489;0.5086586;0.2600714;0.4941319;536.3;0.1684135;True;11/21/2025 5:48:57 PM:670;1763718537670;;
481;464;0.2967956;0.5085396;0.2629131;0.4913989;537.4;0.1646812;True;11/21/2025 5:48:57 PM:694;1763718537694;;
479;464;0.2954826;0.5084439;0.2629095;0.4913945;538.4;0.1646811;True;11/21/2025 5:48:57 PM:716;1763718537716;;
481;464;0.2962186;0.5086127;0.3174858;0.5193474;539.5;0.1737607;False;11/21/2025 5:48:57 PM:740;1763718537740;;
471;462;0.2905143;0.5055558;0.2265345;0.4388746;540.0;0.1665072;True;11/21/2025 5:48:57 PM:763;1763718537763;;
510;462;0.314603;0.505836;0.4360078;0.5197992;540.9;0.1566402;True;11/21/2025 5:48:57 PM:787;1763718537787;;
537;462;0.331187;0.5060565;0.4358686;0.5198022;541.8;0.1566576;True;11/21/2025 5:48:57 PM:808;1763718537808;;
559;462;0.3443874;0.506255;0.4358227;0.5198032;542.5;0.1566634;True;11/21/2025 5:48:57 PM:830;1763718537830;;
559;462;0.3443834;0.5062527;0.3440506;0.5054595;542.2;0.1512889;True;11/21/2025 5:48:57 PM:854;1763718537854;;
649;462;0.4000226;0.506251;0.5779585;0.5027366;544.2;0.1690964;True;11/21/2025 5:48:57 PM:877;1763718537877;;
772;462;0.4754031;0.5063639;0.6650521;0.5166937;546.0;0.1637596;True;11/21/2025 5:48:57 PM:901;1763718537901;;
847;462;0.5215638;0.5064546;0.6650502;0.5166936;547.6;0.1637597;True;11/21/2025 5:48:57 PM:922;1763718537922;;
879;462;0.5418672;0.5064529;0.6229903;0.5046122;547.3;0.1724758;False;11/21/2025 5:48:57 PM:946;1763718537946;;
917;462;0.5647267;0.5063682;0.6565676;0.4952091;546.0;0.1625549;True;11/21/2025 5:48:57 PM:970;1763718537970;;
952;462;0.5863233;0.5063981;0.6714218;0.5115721;548.1;0.1889042;False;11/21/2025 5:48:57 PM:995;1763718537995;;
975;462;0.6004386;0.5064215;0.671468;0.5115708;549.9;0.1889046;False;11/21/2025 5:48:58 PM:16;1763718538016;;
974;462;0.6002888;0.5055753;0.5318854;0.4730343;550.5;0.1775259;False;11/21/2025 5:48:58 PM:42;1763718538042;;
987;462;0.6079898;0.5055729;0.6553853;0.501008;551.0;0.1809267;False;11/21/2025 5:48:58 PM:65;1763718538065;;
1022;461;0.6297637;0.5054452;0.7219644;0.4904225;551.6;0.1702958;True;11/21/2025 5:48:58 PM:88;1763718538088;;
1046;461;0.6441641;0.5053455;0.7219591;0.4904228;552.1;0.1702986;True;11/21/2025 5:48:58 PM:111;1763718538111;;
1050;461;0.6468781;0.5050105;0.67238;0.4800641;555.7;0.1701636;True;11/21/2025 5:48:58 PM:133;1763718538133;;
1049;461;0.6461731;0.5051224;0.6288679;0.513748;557.7;0.1620914;True;11/21/2025 5:48:58 PM:156;1763718538156;;
1048;461;0.6456072;0.5052143;0.6288721;0.5137478;559.4;0.1620931;True;11/21/2025 5:48:58 PM:179;1763718538179;;
1048;461;0.6457192;0.5052127;0.647782;0.5046782;557.0;0.1557297;True;11/21/2025 5:48:58 PM:202;1763718538202;;
1054;461;0.6492839;0.5052087;0.6846089;0.5002776;557.1;0.1734646;False;11/21/2025 5:48:58 PM:226;1763718538226;;
1058;461;0.6519718;0.5052053;0.6846155;0.5002778;557.2;0.1734653;False;11/21/2025 5:48:58 PM:250;1763718538250;;
1063;461;0.6545727;0.5052275;0.6882803;0.5089418;557.3;0.1746043;False;11/21/2025 5:48:58 PM:272;1763718538272;;
1066;461;0.6566425;0.5052463;0.688251;0.5089442;557.3;0.1746296;False;11/21/2025 5:48:58 PM:295;1763718538295;;
1077;461;0.6634468;0.5052451;0.7252111;0.5037457;559.1;0.1828175;False;11/21/2025 5:48:58 PM:319;1763718538319;;
1058;461;0.6516793;0.5052025;0.5583463;0.4965344;557.5;0.1801285;False;11/21/2025 5:48:58 PM:342;1763718538342;;
1054;461;0.6490439;0.5052114;0.6005909;0.5073622;558.2;0.177642;False;11/21/2025 5:48:58 PM:367;1763718538367;;
1050;461;0.6470378;0.5052183;0.6005194;0.5073628;558.9;0.1776379;False;11/21/2025 5:48:58 PM:388;1763718538388;;
1053;461;0.6484277;0.505218;0.6730728;0.5033597;557.9;0.1742419;False;11/21/2025 5:48:58 PM:412;1763718538412;;
1056;461;0.6507067;0.5052184;0.6866068;0.5055017;558.3;0.1798657;False;11/21/2025 5:48:58 PM:436;1763718538436;;
1058;461;0.6516505;0.505089;0.6750597;0.4909523;556.2;0.1771557;False;11/21/2025 5:48:58 PM:457;1763718538457;;
1059;461;0.6524474;0.5049766;0.6750581;0.4909519;554.2;0.1771534;False;11/21/2025 5:48:58 PM:480;1763718538480;;
1061;461;0.6535317;0.5048643;0.6807522;0.490409;554.5;0.1672157;True;11/21/2025 5:48:58 PM:504;1763718538504;;
1070;461;0.6592867;0.5049772;0.7238447;0.5148904;554.2;0.1746857;False;11/21/2025 5:48:58 PM:526;1763718538526;;
1077;461;0.6636889;0.505069;0.7238538;0.5148854;553.9;0.1746968;False;11/21/2025 5:48:58 PM:548;1763718538548;;
1072;461;0.6605228;0.5051098;0.6158586;0.5114812;553.3;0.1585218;True;11/21/2025 5:48:58 PM:571;1763718538571;;
1052;461;0.6483946;0.5050641;0.5604925;0.4968243;549.8;0.1818112;False;11/21/2025 5:48:58 PM:595;1763718538595;;
1057;461;0.651235;0.505083;0.6975637;0.5092025;550.3;0.1554162;True;11/21/2025 5:48:58 PM:618;1763718538618;;
1064;461;0.6557277;0.5051216;0.7155138;0.5117862;550.8;0.1553982;True;11/21/2025 5:48:58 PM:641;1763718538641;;
1063;461;0.654911;0.505132;0.634062;0.5086118;550.3;0.1585314;True;11/21/2025 5:48:58 PM:664;1763718538664;;
1063;461;0.6551688;0.5051472;0.6719904;0.5098411;549.9;0.1585296;True;11/21/2025 5:48:58 PM:686;1763718538686;;
1052;461;0.6477926;0.5051503;0.5782623;0.5074797;548.5;0.1708696;True;11/21/2025 5:48:58 PM:708;1763718538708;;
1052;461;0.6481015;0.5051581;0.6645897;0.5087488;549.5;0.1560245;True;11/21/2025 5:48:58 PM:733;1763718538733;;
1052;461;0.6483621;0.5051648;0.6645746;0.5087489;550.4;0.1560241;True;11/21/2025 5:48:58 PM:756;1763718538756;;
1041;461;0.6416091;0.5051634;0.5743483;0.5043446;549.0;0.1519198;True;11/21/2025 5:48:58 PM:778;1763718538778;;
1033;461;0.6364086;0.5053819;0.5764138;0.5232464;549.9;0.1708983;True;11/21/2025 5:48:58 PM:802;1763718538802;;
1036;461;0.6380054;0.5053567;0.6718983;0.5009292;546.8;0.1599926;True;11/21/2025 5:48:58 PM:825;1763718538825;;
1038;461;0.6392637;0.5053361;0.6718879;0.5009292;544.0;0.1599909;True;11/21/2025 5:48:58 PM:847;1763718538847;;
1018;461;0.6269663;0.5053422;0.5382273;0.5088823;545.5;0.1774886;False;11/21/2025 5:48:58 PM:870;1763718538870;;
1019;462;0.6279916;0.5054945;0.6565807;0.5202346;547.4;0.163614;True;11/21/2025 5:48:58 PM:894;1763718538894;;
1021;462;0.6287448;0.5056086;0.6565826;0.5202345;549.1;0.1636146;True;11/21/2025 5:48:58 PM:915;1763718538915;;
1019;462;0.6280434;0.5055515;0.6087782;0.4987974;546.7;0.1769789;False;11/21/2025 5:48:58 PM:939;1763718538939;;
1032;461;0.6355695;0.5054637;0.7098004;0.4961758;546.8;0.1714992;False;11/21/2025 5:48:58 PM:961;1763718538961;;
966;462;0.5950354;0.5056565;0.4401254;0.5225819;546.2;0.1507996;True;11/21/2025 5:48:58 PM:985;1763718538985;;
919;462;0.5661262;0.5058241;0.4400571;0.5225834;545.7;0.1507991;True;11/21/2025 5:48:59 PM:9;1763718539009;;
798;462;0.4915168;0.5057983;0.3009855;0.5019652;545.0;0.1682973;True;11/21/2025 5:48:59 PM:32;1763718539032;;
718;462;0.442167;0.5057998;0.2986091;0.5092211;543.3;0.1638734;True;11/21/2025 5:48:59 PM:57;1763718539057;;
668;462;0.4113909;0.505801;0.2984583;0.5092252;541.8;0.1638675;True;11/21/2025 5:48:59 PM:78;1763718539078;;
644;462;0.3969173;0.5056378;0.3309982;0.492762;541.5;0.1632124;True;11/21/2025 5:48:59 PM:101;1763718539101;;
628;462;0.386943;0.5055066;0.3309441;0.492761;541.2;0.1632134;True;11/21/2025 5:48:59 PM:124;1763718539124;;
612;462;0.3768746;0.5055809;0.3202332;0.5155631;537.7;0.1565755;True;11/21/2025 5:48:59 PM:146;1763718539146;;
597;462;0.3678294;0.5057204;0.31384;0.5198486;536.4;0.1571478;True;11/21/2025 5:48:59 PM:171;1763718539171;;
556;460;0.3425169;0.5042731;0.2394831;0.4625483;537.1;0.1709889;True;11/21/2025 5:48:59 PM:194;1763718539194;;
529;459;0.3258835;0.5032046;0.2402742;0.4635148;537.8;0.1709736;True;11/21/2025 5:48:59 PM:216;1763718539216;;
530;460;0.3265561;0.5037468;0.3887026;0.5283018;538.0;0.1684469;True;11/21/2025 5:48:59 PM:239;1763718539239;;
519;460;0.3198781;0.5037543;0.2739954;0.5059555;535.5;0.155129;True;11/21/2025 5:48:59 PM:264;1763718539264;;
511;460;0.3151092;0.5037603;0.2740023;0.505963;533.3;0.1551288;True;11/21/2025 5:48:59 PM:285;1763718539285;;
501;460;0.3089095;0.5036106;0.2603263;0.4891321;533.3;0.1620495;True;11/21/2025 5:48:59 PM:310;1763718539310;;
488;459;0.3008012;0.5026813;0.241952;0.4670185;535.4;0.1724036;False;11/21/2025 5:48:59 PM:334;1763718539334;;
483;459;0.2976657;0.5026378;0.2618794;0.4913145;535.6;0.1815076;False;11/21/2025 5:48:59 PM:357;1763718539357;;
479;459;0.295343;0.5026312;0.2653558;0.4948827;535.7;0.1815547;False;11/21/2025 5:48:59 PM:382;1763718539382;;
475;459;0.2929085;0.5025364;0.2585284;0.487243;536.1;0.1692112;True;11/21/2025 5:48:59 PM:405;1763718539405;;
473;459;0.2915528;0.5025344;0.2653877;0.4944501;536.5;0.175177;False;11/21/2025 5:48:59 PM:427;1763718539427;;
471;459;0.2905015;0.5025249;0.2676007;0.5004535;535.1;0.1707528;True;11/21/2025 5:48:59 PM:450;1763718539450;;
470;459;0.2896956;0.5025174;0.267619;0.5004779;533.9;0.1707456;True;11/21/2025 5:48:59 PM:472;1763718539472;;
462;456;0.2845279;0.4999375;0.2262632;0.4389623;533.6;0.1805427;False;11/21/2025 5:48:59 PM:496;1763718539496;;
455;455;0.2807244;0.4980238;0.2272409;0.4406375;533.3;0.1805729;False;11/21/2025 5:48:59 PM:518;1763718539518;;
454;455;0.2798304;0.4980203;0.2532974;0.4829454;535.3;0.1837297;False;11/21/2025 5:48:59 PM:542;1763718539542;;
445;450;0.2742119;0.4931657;0.2093423;0.4071935;533.9;0.1748763;False;11/21/2025 5:48:59 PM:566;1763718539566;;
438;447;0.2699042;0.4893548;0.20933;0.4071757;532.7;0.1749594;False;11/21/2025 5:48:59 PM:587;1763718539587;;
438;447;0.2698681;0.4894468;0.2653418;0.4938017;532.5;0.1676294;True;11/21/2025 5:48:59 PM:612;1763718539612;;
437;447;0.2690921;0.4893316;0.2399118;0.4629405;531.0;0.1769189;False;11/21/2025 5:48:59 PM:634;1763718539634;;
436;447;0.2690492;0.4893754;0.2647378;0.4917755;531.0;0.1885674;False;11/21/2025 5:48:59 PM:660;1763718539660;;
436;447;0.269014;0.4894095;0.2646683;0.4916948;531.0;0.1886168;False;11/21/2025 5:48:59 PM:682;1763718539682;;
436;447;0.2687936;0.4894049;0.2501194;0.4734396;535.3;0.1611929;True;11/21/2025 5:48:59 PM:705;1763718539705;;
434;446;0.2677818;0.4889095;0.2352445;0.4547939;536.9;0.1909085;False;11/21/2025 5:48:59 PM:730;1763718539730;;
433;446;0.2671515;0.4886742;0.238457;0.4601734;539.6;0.1794958;False;11/21/2025 5:48:59 PM:753;1763718539753;;
433;446;0.2668433;0.4886194;0.2427754;0.4663999;542.0;0.1795519;False;11/21/2025 5:48:59 PM:775;1763718539775;;
444;448;0.2735875;0.4904284;0.3356304;0.5307576;542.4;0.1873898;False;11/21/2025 5:48:59 PM:798;1763718539798;;
443;448;0.2728656;0.4903063;0.2434477;0.4693073;544.2;0.1662921;True;11/21/2025 5:48:59 PM:821;1763718539821;;
442;448;0.2722738;0.4901966;0.243354;0.4688596;545.7;0.1663465;True;11/21/2025 5:48:59 PM:843;1763718539843;;
476;448;0.293512;0.4908059;0.4039799;0.5126718;546.1;0.1809444;False;11/21/2025 5:48:59 PM:867;1763718539867;;
490;449;0.3022841;0.4915748;0.3719715;0.5184122;543.9;0.1704196;True;11/21/2025 5:48:59 PM:890;1763718539890;;
564;449;0.3476128;0.4916;0.505132;0.4949283;545.2;0.1558098;True;11/21/2025 5:48:59 PM:914;1763718539914;;
612;449;0.3773697;0.4916204;0.5050678;0.4949286;546.3;0.1558154;True;11/21/2025 5:48:59 PM:936;1763718539936;;
676;449;0.4166404;0.4916512;0.5593126;0.4963897;547.4;0.1558223;True;11/21/2025 5:48:59 PM:958;1763718539958;;
725;449;0.4468682;0.4918616;0.5639177;0.5070459;548.2;0.1631014;True;11/21/2025 5:48:59 PM:981;1763718539981;;
725;450;0.4468733;0.4925332;0.4469424;0.5212795;549.9;0.1749124;False;11/21/2025 5:49:00 PM:7;1763718540007;;
731;450;0.4506821;0.4926419;0.4820626;0.5051753;550.9;0.1677856;True;11/21/2025 5:49:00 PM:33;1763718540033;;
730;450;0.4497772;0.492761;0.3979547;0.5074287;550.0;0.1749297;False;11/21/2025 5:49:00 PM:55;1763718540055;;
720;450;0.4435641;0.4927803;0.3526619;0.5010395;549.1;0.1749553;False;11/21/2025 5:49:00 PM:77;1763718540077;;
703;450;0.4333376;0.4932778;0.3299509;0.5213023;549.4;0.1804094;False;11/21/2025 5:49:00 PM:102;1763718540102;;
743;451;0.4577837;0.4934795;0.5658963;0.5142102;549.7;0.1719893;False;11/21/2025 5:49:00 PM:125;1763718540125;;
771;451;0.4748684;0.4936465;0.5657462;0.5142158;549.9;0.1720083;False;11/21/2025 5:49:00 PM:146;1763718540146;;
822;451;0.5066304;0.4937573;0.6317558;0.5123347;549.5;0.1811771;False;11/21/2025 5:49:00 PM:170;1763718540170;;
769;450;0.4740207;0.4932553;0.3089818;0.4726444;548.8;0.1600944;True;11/21/2025 5:49:00 PM:193;1763718540193;;
831;450;0.5121053;0.4932629;0.6493003;0.4996781;547.6;0.1800977;False;11/21/2025 5:49:00 PM:217;1763718540217;;
872;450;0.5372348;0.4932691;0.649231;0.4996846;546.5;0.1801504;False;11/21/2025 5:49:00 PM:238;1763718540238;;
892;450;0.5497474;0.4932759;0.6215029;0.5016488;548.6;0.1479391;True;11/21/2025 5:49:00 PM:262;1763718540262;;
894;450;0.5508171;0.4932991;0.5647546;0.5037133;551.2;0.1823852;False;11/21/2025 5:49:00 PM:285;1763718540285;;
906;450;0.557901;0.4933078;0.6133406;0.502356;553.7;0.1824192;False;11/21/2025 5:49:00 PM:308;1763718540308;;
924;450;0.5690711;0.4933205;0.6413891;0.4971239;551.6;0.1864051;False;11/21/2025 5:49:00 PM:332;1763718540332;;
911;450;0.5613285;0.4933257;0.4735949;0.5014766;548.8;0.1685974;True;11/21/2025 5:49:00 PM:356;1763718540356;;
901;450;0.5551723;0.4933303;0.4733636;0.501485;546.3;0.1686618;True;11/21/2025 5:49:00 PM:378;1763718540378;;
901;451;0.554894;0.4935098;0.5430546;0.5133219;545.9;0.1728629;False;11/21/2025 5:49:00 PM:402;1763718540402;;
900;451;0.5542917;0.4938298;0.5156346;0.519097;546.6;0.181945;False;11/21/2025 5:49:00 PM:425;1763718540425;;
899;451;0.5538266;0.494078;0.5156485;0.5190965;547.3;0.1819425;False;11/21/2025 5:49:00 PM:447;1763718540447;;
891;451;0.54899;0.4940811;0.4731893;0.5065618;550.1;0.1891128;False;11/21/2025 5:49:00 PM:469;1763718540469;;
916;451;0.5643936;0.4941087;0.6514046;0.4988838;550.6;0.1900627;False;11/21/2025 5:49:00 PM:492;1763718540492;;
934;451;0.5754282;0.4941312;0.6516585;0.4988732;551.1;0.1900065;False;11/21/2025 5:49:00 PM:515;1763718540515;;
980;451;0.6038675;0.4941481;0.7260646;0.5019162;549.7;0.1796569;False;11/21/2025 5:49:00 PM:538;1763718540538;;
996;451;0.6136893;0.4941674;0.682658;0.5062814;547.6;0.1684485;True;11/21/2025 5:49:00 PM:561;1763718540561;;
1015;451;0.6254589;0.4942072;0.702967;0.5082215;550.3;0.1780729;False;11/21/2025 5:49:00 PM:584;1763718540584;;
1029;451;0.6341141;0.4942404;0.7029384;0.5082244;552.8;0.1780772;False;11/21/2025 5:49:00 PM:607;1763718540607;;
996;451;0.6135104;0.4942513;0.4901815;0.5063741;552.0;0.1824932;False;11/21/2025 5:49:00 PM:631;1763718540631;;
984;451;0.6062674;0.4943441;0.5262633;0.5124799;553.4;0.1752997;False;11/21/2025 5:49:00 PM:653;1763718540653;;
977;451;0.6019059;0.4943949;0.5358567;0.5106282;554.6;0.1754196;False;11/21/2025 5:49:00 PM:676;1763718540676;;
985;451;0.606995;0.4944232;0.657917;0.5021604;555.1;0.1695416;True;11/21/2025 5:49:00 PM:699;1763718540699;;
985;451;0.6069281;0.49444;0.6021465;0.5042195;555.8;0.1616139;True;11/21/2025 5:49:00 PM:724;1763718540724;;
1002;451;0.6173226;0.4944798;0.6970102;0.509577;553.0;0.1772201;False;11/21/2025 5:49:00 PM:746;1763718540746;;
1015;451;0.6252235;0.4945138;0.6969406;0.5095811;550.4;0.1771975;False;11/21/2025 5:49:00 PM:767;1763718540767;;
1026;452;0.6320158;0.4945461;0.6969674;0.5095795;548.1;0.1772059;False;11/21/2025 5:49:00 PM:790;1763718540790;;
1026;452;0.6322863;0.4945648;0.6443557;0.5048462;548.6;0.1651229;True;11/21/2025 5:49:00 PM:813;1763718540813;;
1042;452;0.6418961;0.494546;0.7220992;0.492737;549.0;0.1637041;True;11/21/2025 5:49:00 PM:836;1763718540836;;
1049;452;0.6461358;0.4946856;0.7001423;0.514424;547.9;0.1646652;True;11/21/2025 5:49:00 PM:860;1763718540860;;
1054;452;0.6493974;0.4947996;0.7001213;0.5144237;546.9;0.1646549;True;11/21/2025 5:49:00 PM:882;1763718540882;;
1069;452;0.6587163;0.495017;0.7411389;0.519283;546.7;0.1664622;True;11/21/2025 5:49:00 PM:905;1763718540905;;
1070;452;0.65887;0.4950525;0.6737052;0.502583;547.7;0.17354;False;11/21/2025 5:49:00 PM:929;1763718540929;;
1070;452;0.6590967;0.4950761;0.6768364;0.5100579;548.5;0.173538;False;11/21/2025 5:49:00 PM:950;1763718540950;;
1074;452;0.6618232;0.4950686;0.7103971;0.4943607;547.5;0.1599248;True;11/21/2025 5:49:00 PM:974;1763718540974;;
1078;452;0.6639693;0.4950806;0.710097;0.4967824;545.5;0.1860244;False;11/21/2025 5:49:00 PM:997;1763718540997;;
1095;452;0.6745635;0.4950842;0.7671684;0.4955778;543.0;0.1820656;False;11/21/2025 5:49:01 PM:20;1763718541020;;
1109;452;0.6829187;0.4950872;0.7671661;0.4955775;540.8;0.1820662;False;11/21/2025 5:49:01 PM:43;1763718541043;;
1109;452;0.6829469;0.4949465;0.6843238;0.4850169;538.8;0.1699613;True;11/21/2025 5:49:01 PM:67;1763718541067;;
1102;452;0.6786547;0.4951104;0.6292961;0.5130348;537.4;0.1696812;True;11/21/2025 5:49:01 PM:90;1763718541090;;
1107;452;0.6817894;0.4951358;0.7339443;0.5052953;535.5;0.1647783;True;11/21/2025 5:49:01 PM:114;1763718541114;;
1111;452;0.6841911;0.4951563;0.7339316;0.5052958;533.9;0.1647829;True;11/21/2025 5:49:01 PM:135;1763718541135;;
1110;452;0.6836964;0.4950033;0.6701716;0.4838042;531.5;0.1563239;True;11/21/2025 5:49:01 PM:158;1763718541158;;
1090;452;0.671467;0.4950731;0.5851361;0.5078691;533.0;0.1687969;True;11/21/2025 5:49:01 PM:181;1763718541181;;
1075;452;0.6624765;0.4951302;0.585059;0.507871;534.4;0.1687946;True;11/21/2025 5:49:01 PM:202;1763718541202;;
1029;452;0.6338573;0.4954513;0.4981305;0.5205606;533.0;0.1695842;True;11/21/2025 5:49:01 PM:224;1763718541224;;
981;453;0.6043701;0.4957052;0.4684149;0.5198347;531.7;0.1695803;True;11/21/2025 5:49:01 PM:245;1763718541245;;
985;453;0.6066723;0.4957089;0.659917;0.4961663;528.9;0.1649797;True;11/21/2025 5:49:01 PM:270;1763718541270;;
978;453;0.6022546;0.4957583;0.5566762;0.5096349;530.0;0.1658778;True;11/21/2025 5:49:01 PM:292;1763718541292;;
972;453;0.5989249;0.4957985;0.5566232;0.5096294;531.0;0.1658759;True;11/21/2025 5:49:01 PM:313;1763718541313;;
972;453;0.5985703;0.4958956;0.5882816;0.513494;530.5;0.1644683;True;11/21/2025 5:49:01 PM:336;1763718541336;;
968;453;0.5964194;0.4959089;0.5625485;0.5050493;527.5;0.1660271;True;11/21/2025 5:49:01 PM:359;1763718541359;;
965;453;0.5946535;0.4959206;0.5624831;0.5050513;524.9;0.1660209;True;11/21/2025 5:49:01 PM:380;1763718541380;;
987;453;0.6082438;0.4959301;0.7050404;0.5053092;524.8;0.1730844;False;11/21/2025 5:49:01 PM:405;1763718541405;;
993;453;0.6118503;0.4960182;0.6657049;0.5131419;528.4;0.1711304;True;11/21/2025 5:49:01 PM:428;1763718541428;;
1005;453;0.6190654;0.4959904;0.6936603;0.4933362;529.2;0.1809046;False;11/21/2025 5:49:01 PM:452;1763718541452;;
1013;453;0.624356;0.4959686;0.6936524;0.493336;529.9;0.1808964;False;11/21/2025 5:49:01 PM:473;1763718541473;;
1014;453;0.6243976;0.4959788;0.6275837;0.5016174;529.0;0.1407893;True;11/21/2025 5:49:01 PM:496;1763718541496;;
1020;453;0.6284629;0.4959835;0.6854492;0.5041636;530.1;0.1680195;True;11/21/2025 5:49:01 PM:522;1763718541522;;
1033;453;0.636194;0.4959952;0.7165351;0.4999363;528.8;0.1613775;True;11/21/2025 5:49:01 PM:546;1763718541546;;
1035;453;0.6374465;0.4959498;0.6777698;0.4908088;527.6;0.1613454;True;11/21/2025 5:49:01 PM:568;1763718541568;;
1035;453;0.6378578;0.4959442;0.6667507;0.494858;532.8;0.1672085;True;11/21/2025 5:49:01 PM:591;1763718541591;;
1042;453;0.6421194;0.4960904;0.7069923;0.5125982;531.7;0.1757722;False;11/21/2025 5:49:01 PM:615;1763718541615;;
1049;453;0.6464568;0.4962487;0.7069961;0.5125985;530.6;0.1757748;False;11/21/2025 5:49:01 PM:645;1763718541645;;
1057;454;0.6510814;0.4972127;0.7199916;0.5361921;531.9;0.1674619;True;11/21/2025 5:49:01 PM:670;1763718541670;;
1065;454;0.6562995;0.4972254;0.7315149;0.5095434;534.3;0.1731538;False;11/21/2025 5:49:01 PM:693;1763718541693;;
1068;454;0.6580508;0.4972564;0.7116765;0.5115439;536.3;0.1731474;False;11/21/2025 5:49:01 PM:713;1763718541713;;
1080;453;0.6652887;0.4963982;0.7516763;0.4678506;537.1;0.1556333;True;11/21/2025 5:49:01 PM:736;1763718541736;;
1095;453;0.6748273;0.4964508;0.7716033;0.5091171;539.5;0.1714586;False;11/21/2025 5:49:01 PM:759;1763718541759;;
1098;453;0.6767026;0.4964074;0.7327034;0.4914933;541.6;0.17145;False;11/21/2025 5:49:01 PM:781;1763718541781;;
1133;453;0.6979154;0.4965198;0.8315023;0.5123717;541.8;0.1619339;True;11/21/2025 5:49:01 PM:804;1763718541804;;
1128;453;0.69476;0.4964897;0.6574364;0.4928039;541.2;0.1622831;True;11/21/2025 5:49:01 PM:827;1763718541827;;
1140;453;0.7022465;0.4963814;0.7848571;0.4870389;540.9;0.1628188;True;11/21/2025 5:49:01 PM:849;1763718541849;;
1149;453;0.7080182;0.4962924;0.7848606;0.4870382;540.6;0.1628187;True;11/21/2025 5:49:01 PM:872;1763718541872;;
1153;453;0.7102243;0.4962716;0.7636744;0.4921751;539.7;0.176686;False;11/21/2025 5:49:01 PM:895;1763718541895;;
1153;452;0.7102184;0.4954728;0.7100415;0.4637387;537.0;0.1696229;True;11/21/2025 5:49:01 PM:918;1763718541918;;
1153;452;0.7102132;0.4948429;0.7100245;0.4637353;534.5;0.169621;True;11/21/2025 5:49:01 PM:939;1763718541939;;
1152;452;0.709947;0.4948407;0.7024968;0.4940918;534.2;0.1693045;True;11/21/2025 5:49:01 PM:962;1763718541962;;
1157;452;0.7128529;0.4948279;0.7678589;0.4882284;532.7;0.1814096;False;11/21/2025 5:49:01 PM:985;1763718541985;;
1154;452;0.7111357;0.4947443;0.685177;0.4822518;529.0;0.1760594;False;11/21/2025 5:49:02 PM:10;1763718542010;;
1152;452;0.7098393;0.494678;0.6851803;0.4822525;525.6;0.1760608;False;11/21/2025 5:49:02 PM:34;1763718542034;;
1152;452;0.7096164;0.4950986;0.7006804;0.5160235;525.5;0.1681665;True;11/21/2025 5:49:02 PM:56;1763718542056;;
1152;452;0.7096883;0.4952;0.7219555;0.5053055;525.3;0.168082;True;11/21/2025 5:49:02 PM:80;1763718542080;;
1152;452;0.7097102;0.4951995;0.7196963;0.4933859;525.8;0.180317;False;11/21/2025 5:49:02 PM:104;1763718542104;;
1149;452;0.7076902;0.4952675;0.6727712;0.5041249;527.0;0.1744663;False;11/21/2025 5:49:02 PM:126;1763718542126;;
1146;452;0.7060117;0.4953265;0.6727637;0.5041229;528.1;0.174447;False;11/21/2025 5:49:02 PM:149;1763718542149;;
1147;452;0.7065121;0.4947167;0.7270179;0.4661197;527.3;0.1755702;False;11/21/2025 5:49:02 PM:171;1763718542171;;
1142;451;0.70371;0.4943038;0.6603006;0.4695681;528.4;0.1691324;True;11/21/2025 5:49:02 PM:195;1763718542195;;
1150;451;0.7083685;0.4942991;0.7653406;0.4914493;529.9;0.1657801;True;11/21/2025 5:49:02 PM:218;1763718542218;;
1156;451;0.7119445;0.4942952;0.7653425;0.4914489;531.3;0.1657805;True;11/21/2025 5:49:02 PM:241;1763718542241;;
1150;452;0.708625;0.4951164;0.6625649;0.5261701;532.5;0.1818534;False;11/21/2025 5:49:02 PM:263;1763718542263;;
1143;452;0.7039293;0.495383;0.6474646;0.5139343;531.5;0.1635685;True;11/21/2025 5:49:02 PM:286;1763718542286;;
1137;452;0.7002857;0.4956014;0.6474199;0.5139343;530.5;0.1635599;True;11/21/2025 5:49:02 PM:309;1763718542309;;
1132;453;0.6974697;0.4956978;0.6509656;0.5087169;532.1;0.1540336;True;11/21/2025 5:49:02 PM:332;1763718542332;;
1132;450;0.6972169;0.4931349;0.6793967;0.4366351;531.8;0.1833983;False;11/21/2025 5:49:02 PM:354;1763718542354;;
1125;450;0.6933497;0.4930902;0.6368117;0.4850317;532.4;0.159508;True;11/21/2025 5:49:02 PM:378;1763718542378;;
1120;450;0.6901001;0.4930502;0.6368268;0.4850325;532.9;0.1595089;True;11/21/2025 5:49:02 PM:402;1763718542402;;
1135;450;0.699492;0.4931282;0.772889;0.5020858;534.2;0.1665821;True;11/21/2025 5:49:02 PM:426;1763718542426;;
1135;451;0.6994767;0.4935181;0.6881422;0.5152609;533.7;0.1694072;True;11/21/2025 5:49:02 PM:451;1763718542451;;
1135;451;0.699464;0.4938323;0.6881366;0.5152606;533.2;0.1693954;True;11/21/2025 5:49:02 PM:474;1763718542474;;
1137;451;0.7004107;0.4938344;0.7223853;0.4970183;533.7;0.1567144;True;11/21/2025 5:49:02 PM:496;1763718542496;;
1140;451;0.7021978;0.4938654;0.7358816;0.5025753;534.1;0.1567103;True;11/21/2025 5:49:02 PM:518;1763718542518;;
1140;451;0.7020106;0.4935691;0.6882145;0.4760592;534.5;0.1615891;True;11/21/2025 5:49:02 PM:543;1763718542543;;
1137;451;0.700405;0.4935879;0.6640841;0.4994068;536.0;0.1573702;True;11/21/2025 5:49:02 PM:567;1763718542567;;
1136;451;0.6998884;0.4942984;0.6760492;0.5261137;535.4;0.1780295;False;11/21/2025 5:49:02 PM:590;1763718542590;;
1136;452;0.6998706;0.4951917;0.6892438;0.5329109;534.8;0.1780256;False;11/21/2025 5:49:02 PM:612;1763718542612;;
1138;452;0.7010689;0.4951419;0.724986;0.4905743;537.0;0.1727613;False;11/21/2025 5:49:02 PM:638;1763718542638;;
1138;452;0.7010574;0.4951461;0.6986817;0.5024983;537.8;0.1673807;True;11/21/2025 5:49:02 PM:662;1763718542662;;
1137;452;0.7003546;0.4951624;0.6754138;0.5041566;536.1;0.1776356;False;11/21/2025 5:49:02 PM:688;1763718542688;;
1136;452;0.6998382;0.4951748;0.675413;0.5041565;534.5;0.1776351;False;11/21/2025 5:49:02 PM:708;1763718542708;;
1134;452;0.6986934;0.4952865;0.6647747;0.5117132;535.0;0.1627032;True;11/21/2025 5:49:02 PM:731;1763718542731;;
1134;452;0.6985085;0.495294;0.6799869;0.4967181;535.2;0.1671818;True;11/21/2025 5:49:02 PM:754;1763718542754;;
1134;452;0.698464;0.4953613;0.6936832;0.5092548;535.9;0.1625687;True;11/21/2025 5:49:02 PM:778;1763718542778;;
1134;452;0.6984286;0.4954151;0.6936771;0.5092541;536.6;0.1625635;True;11/21/2025 5:49:02 PM:799;1763718542799;;
1137;452;0.7006191;0.4954031;0.7370152;0.4937891;539.0;0.1771159;False;11/21/2025 5:49:02 PM:821;1763718542821;;
1135;452;0.699492;0.494966;0.6668389;0.47393;537.3;0.1756002;False;11/21/2025 5:49:02 PM:843;1763718542843;;
1134;452;0.6985654;0.4946024;0.6668339;0.4739286;535.8;0.1755957;False;11/21/2025 5:49:02 PM:865;1763718542865;;
1133;452;0.6982687;0.4946034;0.676806;0.4967901;537.7;0.1690677;True;11/21/2025 5:49:02 PM:887;1763718542887;;
1133;452;0.6982326;0.4946048;0.694581;0.4970785;539.4;0.169062;True;11/21/2025 5:49:02 PM:908;1763718542908;;
1137;452;0.7005116;0.4946574;0.7363128;0.5039966;541.5;0.1647736;True;11/21/2025 5:49:02 PM:931;1763718542931;;
1125;452;0.6928665;0.494737;0.6156917;0.5066398;541.3;0.1676552;True;11/21/2025 5:49:02 PM:954;1763718542954;;
1122;452;0.6908895;0.4947395;0.6465682;0.4961662;541.1;0.1676435;True;11/21/2025 5:49:02 PM:974;1763718542974;;
1124;452;0.6921479;0.4948345;0.7179269;0.5081075;540.7;0.1612053;True;11/21/2025 5:49:02 PM:997;1763718542997;;
1114;452;0.6864789;0.4948815;0.6232234;0.5049936;540.8;0.1560127;True;11/21/2025 5:49:03 PM:24;1763718543024;;
1114;452;0.686446;0.4948885;0.6829681;0.5015786;540.9;0.156012;True;11/21/2025 5:49:03 PM:47;1763718543047;;
1111;452;0.6843422;0.495469;0.6396919;0.5264333;541.5;0.1802355;False;11/21/2025 5:49:03 PM:70;1763718543070;;
1073;453;0.6612948;0.4956651;0.5299147;0.516848;541.3;0.1639287;True;11/21/2025 5:49:03 PM:91;1763718543091;;
1067;453;0.6576039;0.4965489;0.602545;0.5361115;543.4;0.1504887;True;11/21/2025 5:49:03 PM:114;1763718543114;;
1063;454;0.6548476;0.4972321;0.6025472;0.5361113;545.2;0.1504889;True;11/21/2025 5:49:03 PM:134;1763718543134;;
1071;454;0.6595451;0.4972652;0.7146202;0.5076329;543.7;0.1410855;True;11/21/2025 5:49:03 PM:156;1763718543156;;
1071;454;0.6598232;0.4972687;0.6707494;0.5115466;540.9;0.168187;True;11/21/2025 5:49:03 PM:179;1763718543179;;
1070;454;0.6594307;0.4974648;0.6380936;0.5231912;538.3;0.1681916;True;11/21/2025 5:49:03 PM:199;1763718543199;;
1078;454;0.6638939;0.4974827;0.7186593;0.4993698;538.3;0.1729518;False;11/21/2025 5:49:03 PM:220;1763718543220;;
1069;454;0.6588054;0.4975164;0.5957288;0.5140365;541.5;0.1632406;True;11/21/2025 5:49:03 PM:242;1763718543242;;
1063;454;0.6548197;0.4975448;0.5957018;0.5140369;544.4;0.1632429;True;11/21/2025 5:49:03 PM:264;1763718543264;;
1066;454;0.6564294;0.4977832;0.6862223;0.5239422;541.8;0.1541172;True;11/21/2025 5:49:03 PM:287;1763718543287;;
1075;455;0.6623425;0.4979456;0.7226687;0.5220753;543.0;0.1790954;False;11/21/2025 5:49:03 PM:313;1763718543313;;
1082;455;0.6665516;0.4980696;0.7226717;0.522075;544.0;0.1790959;False;11/21/2025 5:49:03 PM:334;1763718543334;;
1073;455;0.6608503;0.4981224;0.596247;0.5080834;543.7;0.164603;True;11/21/2025 5:49:03 PM:356;1763718543356;;
1065;455;0.6562269;0.49814;0.594079;0.5129761;543.3;0.1645907;True;11/21/2025 5:49:03 PM:375;1763718543375;;
1065;455;0.656243;0.4981838;0.6582662;0.504368;543.5;0.1564127;True;11/21/2025 5:49:03 PM:398;1763718543398;;
1070;455;0.659235;0.4982199;0.7026635;0.5091808;545.0;0.1562068;True;11/21/2025 5:49:03 PM:422;1763718543422;;
1077;455;0.6633399;0.4982533;0.7191708;0.5078582;546.4;0.156207;True;11/21/2025 5:49:03 PM:444;1763718543444;;
1056;455;0.6508389;0.4982886;0.5597315;0.5049106;546.1;0.1402906;True;11/21/2025 5:49:03 PM:467;1763718543467;;
1037;455;0.6390078;0.498293;0.5523632;0.5109413;545.0;0.156718;True;11/21/2025 5:49:03 PM:491;1763718543491;;
1044;455;0.6429605;0.498347;0.6972243;0.5154058;544.1;0.1489679;True;11/21/2025 5:49:03 PM:513;1763718543513;;
1049;455;0.6461115;0.4983927;0.6972342;0.5154037;543.4;0.1489614;True;11/21/2025 5:49:03 PM:535;1763718543535;;
1049;455;0.646244;0.4984434;0.6601287;0.5158826;543.6;0.1552718;True;11/21/2025 5:49:03 PM:558;1763718543558;;
1034;455;0.6372344;0.4984854;0.5618491;0.5157501;540.0;0.1321676;True;11/21/2025 5:49:03 PM:581;1763718543581;;
1024;455;0.6305905;0.4985196;0.5618279;0.5157494;536.8;0.1321638;True;11/21/2025 5:49:03 PM:603;1763718543603;;
1003;455;0.6181137;0.4985472;0.5303859;0.5152519;536.7;0.1211392;True;11/21/2025 5:49:03 PM:628;1763718543628;;
1002;455;0.6171532;0.4988174;0.5924523;0.5255957;536.9;0.09205755;True;11/21/2025 5:49:03 PM:655;1763718543655;;
996;455;0.6135939;0.4988441;0.5640116;0.5131726;538.3;0.07878942;True;11/21/2025 5:49:03 PM:680;1763718543680;;
992;455;0.6111175;0.4988639;0.564033;0.5131702;539.4;0.07879288;True;11/21/2025 5:49:03 PM:702;1763718543702;;
992;456;0.6111174;0.4989689;0.6110987;0.5212703;538.3;0.1271435;True;11/21/2025 5:49:03 PM:724;1763718543724;;
979;455;0.6031878;0.4987143;0.5249783;0.4866339;537.6;0.09546728;True;11/21/2025 5:49:03 PM:747;1763718543747;;
969;455;0.5969778;0.4985014;0.5249796;0.4866343;537.0;0.09546766;True;11/21/2025 5:49:03 PM:769;1763718543769;;
957;455;0.5897016;0.4985288;0.5119371;0.5116017;537.3;0.1258422;True;11/21/2025 5:49:03 PM:792;1763718543792;;
948;455;0.5837963;0.4985531;0.5119377;0.5116004;537.7;0.1258403;True;11/21/2025 5:49:03 PM:814;1763718543814;;
923;455;0.5687484;0.4988002;0.4595124;0.5234088;539.1;0.1201276;True;11/21/2025 5:49:03 PM:836;1763718543836;;
923;456;0.5687018;0.4994408;0.565372;0.5352725;537.9;0.1384528;True;11/21/2025 5:49:03 PM:860;1763718543860;;
908;456;0.5596418;0.4996463;0.4736951;0.525276;535.4;0.1247927;True;11/21/2025 5:49:03 PM:883;1763718543883;;
896;456;0.5523159;0.4998271;0.473695;0.5252759;533.1;0.1247926;True;11/21/2025 5:49:03 PM:906;1763718543906;;
895;457;0.5512225;0.500162;0.5136977;0.5316954;534.9;0.135713;True;11/21/2025 5:49:03 PM:928;1763718543928;;
900;457;0.5544909;0.5002187;0.5973779;0.5114154;538.2;0.1394449;True;11/21/2025 5:49:03 PM:949;1763718543949;;
904;457;0.5571191;0.5002412;0.5981082;0.5025195;541.2;0.139483;True;11/21/2025 5:49:03 PM:970;1763718543970;;
904;457;0.5569175;0.5009382;0.5391033;0.5401023;539.6;0.1237838;True;11/21/2025 5:49:03 PM:992;1763718543992;;
895;457;0.5515994;0.5009146;0.484078;0.4992599;542.7;0.1532731;True;11/21/2025 5:49:04 PM:15;1763718544015;;
885;457;0.5455307;0.5009294;0.4703742;0.5024642;545.6;0.1532774;True;11/21/2025 5:49:04 PM:36;1763718544036;;
885;458;0.5454624;0.5013991;0.5366629;0.5341523;542.1;0.1358682;True;11/21/2025 5:49:04 PM:60;1763718544060;;
885;458;0.5455274;0.5015292;0.5487068;0.5254925;542.4;0.1467766;True;11/21/2025 5:49:04 PM:81;1763718544081;;
885;458;0.5455157;0.5019796;0.544647;0.53711;542.7;0.146834;True;11/21/2025 5:49:04 PM:102;1763718544102;;
923;458;0.5688958;0.5019919;0.6827018;0.5200654;541.7;0.1293768;True;11/21/2025 5:49:04 PM:128;1763718544128;;
929;458;0.5722294;0.5020334;0.6164036;0.5232711;538.6;0.1470301;True;11/21/2025 5:49:04 PM:149;1763718544149;;
930;458;0.5732061;0.5020866;0.5971919;0.5147948;535.8;0.1471066;True;11/21/2025 5:49:04 PM:170;1763718544170;;
918;458;0.5653521;0.5021449;0.4872477;0.5127167;536.3;0.1354975;True;11/21/2025 5:49:04 PM:192;1763718544192;;
908;459;0.5595419;0.5021915;0.4872441;0.5127162;536.8;0.1354977;True;11/21/2025 5:49:04 PM:212;1763718544212;;
906;459;0.558003;0.5026188;0.5200959;0.5349824;537.0;0.1225462;True;11/21/2025 5:49:04 PM:239;1763718544239;;
905;459;0.5574878;0.5026324;0.5297105;0.5037757;538.3;0.1290274;True;11/21/2025 5:49:04 PM:260;1763718544260;;
906;459;0.5578882;0.5026379;0.5697157;0.518499;536.8;0.1189101;True;11/21/2025 5:49:04 PM:282;1763718544282;;
906;459;0.5582358;0.5026432;0.5697111;0.5185003;535.5;0.1189079;True;11/21/2025 5:49:04 PM:306;1763718544306;;
912;459;0.5619096;0.5028486;0.6093414;0.5292681;531.6;0.1259343;True;11/21/2025 5:49:04 PM:328;1763718544328;;
904;459;0.557216;0.5030997;0.496577;0.5319243;532.2;0.1430006;True;11/21/2025 5:49:04 PM:351;1763718544351;;
898;460;0.5530487;0.5033377;0.4965639;0.5319242;532.8;0.1429998;True;11/21/2025 5:49:04 PM:376;1763718544376;;
901;460;0.5550823;0.5043378;0.5857398;0.5490357;535.7;0.1396967;True;11/21/2025 5:49:04 PM:404;1763718544404;;
887;460;0.5462699;0.5043573;0.4641655;0.5277944;540.0;0.1513012;True;11/21/2025 5:49:04 PM:427;1763718544427;;
884;461;0.5447806;0.5045215;0.515909;0.5174711;543.4;0.1611519;True;11/21/2025 5:49:04 PM:473;1763718544473;;
878;461;0.5411264;0.5045373;0.4808833;0.505789;546.4;0.1610448;True;11/21/2025 5:49:04 PM:494;1763718544494;;
859;461;0.5292439;0.5051488;0.4311421;0.5443829;550.6;0.1527957;True;11/21/2025 5:49:04 PM:516;1763718544516;;
862;461;0.531108;0.5051536;0.562791;0.5254662;551.6;0.1396956;True;11/21/2025 5:49:04 PM:538;1763718544538;;
864;461;0.5325895;0.5051581;0.5626565;0.5254707;552.5;0.1396933;True;11/21/2025 5:49:04 PM:559;1763718544559;;
869;461;0.5357053;0.5051619;0.5804591;0.5252849;554.4;0.1562914;True;11/21/2025 5:49:04 PM:581;1763718544581;;
874;461;0.5382823;0.5051656;0.5804605;0.5252845;556.1;0.1562923;True;11/21/2025 5:49:04 PM:605;1763718544605;;
842;462;0.5186313;0.5062197;0.3992381;0.556618;558.0;0.1539348;True;11/21/2025 5:49:04 PM:625;1763718544625;;
817;462;0.5033358;0.5062429;0.4012909;0.5275997;561.2;0.1462857;True;11/21/2025 5:49:04 PM:647;1763718544647;;
798;462;0.4915242;0.5062634;0.4012907;0.5275999;564.1;0.1462854;True;11/21/2025 5:49:04 PM:669;1763718544669;;
791;462;0.4872067;0.5064843;0.4308381;0.5386749;564.9;0.1302893;True;11/21/2025 5:49:04 PM:690;1763718544690;;
787;463;0.4848865;0.506797;0.441847;0.5427313;565.0;0.1402596;True;11/21/2025 5:49:04 PM:711;1763718544711;;
784;463;0.4830013;0.5070602;0.4417605;0.5427333;565.1;0.1402553;True;11/21/2025 5:49:04 PM:731;1763718544731;;
784;463;0.4830716;0.5071699;0.4880889;0.5157686;566.9;0.1321208;True;11/21/2025 5:49:04 PM:755;1763718544755;;
852;463;0.5251386;0.5072188;0.679399;0.5103788;569.6;0.1496406;True;11/21/2025 5:49:04 PM:779;1763718544779;;
895;463;0.5515159;0.5072554;0.6793994;0.5103787;571.9;0.1496404;True;11/21/2025 5:49:04 PM:800;1763718544800;;
895;464;0.5512338;0.507673;0.5188768;0.5428932;571.9;0.1372473;True;11/21/2025 5:49:04 PM:821;1763718544821;;
894;464;0.5510394;0.507734;0.5341415;0.5138346;571.5;0.1443433;True;11/21/2025 5:49:04 PM:844;1763718544844;;
894;464;0.5508827;0.5077833;0.5341164;0.5138354;571.2;0.1443396;True;11/21/2025 5:49:04 PM:864;1763718544864;;
893;464;0.5503035;0.5079675;0.5143124;0.5343863;572.0;0.133338;True;11/21/2025 5:49:04 PM:886;1763718544886;;
889;464;0.547903;0.5080048;0.4905736;0.528351;571.7;0.1478994;True;11/21/2025 5:49:04 PM:907;1763718544907;;
886;464;0.5459368;0.508037;0.4908271;0.52834;571.4;0.1479353;True;11/21/2025 5:49:04 PM:928;1763718544928;;
886;464;0.5459237;0.5080784;0.5455445;0.5224183;570.2;0.1399396;True;11/21/2025 5:49:04 PM:950;1763718544950;;
838;464;0.5163664;0.5086669;0.3703186;0.546387;570.7;0.148422;True;11/21/2025 5:49:04 PM:974;1763718544974;;
808;465;0.497838;0.5090854;0.37036;0.5463856;571.2;0.1484279;True;11/21/2025 5:49:04 PM:993;1763718544993;;
848;465;0.5225737;0.5091599;0.6425298;0.5239853;571.8;0.1266153;True;11/21/2025 5:49:05 PM:17;1763718545017;;
896;465;0.552272;0.5092308;0.6883101;0.5209374;572.4;0.1266103;True;11/21/2025 5:49:05 PM:39;1763718545039;;
893;466;0.5502081;0.5099098;0.4987501;0.5507156;575.0;0.1362541;True;11/21/2025 5:49:05 PM:63;1763718545063;;
878;466;0.5412381;0.509915;0.4469005;0.5313438;572.4;0.1201253;True;11/21/2025 5:49:05 PM:84;1763718545084;;
873;466;0.5375626;0.5099266;0.468463;0.5321138;570.0;0.1200965;True;11/21/2025 5:49:05 PM:103;1763718545103;;
908;466;0.5596069;0.5099922;0.6715569;0.5256632;569.0;0.1417158;True;11/21/2025 5:49:05 PM:125;1763718545125;;
874;466;0.5384482;0.5100684;0.4033842;0.5197236;571.2;0.1489391;True;11/21/2025 5:49:05 PM:147;1763718545147;;
847;466;0.5216412;0.5101372;0.4033848;0.5197236;573.2;0.1489392;True;11/21/2025 5:49:05 PM:170;1763718545170;;
929;466;0.5723523;0.5101974;0.736132;0.5207483;573.5;0.1140751;True;11/21/2025 5:49:05 PM:193;1763718545193;;
910;466;0.5603661;0.5103962;0.4452469;0.5377342;573.2;0.1332389;True;11/21/2025 5:49:05 PM:215;1763718545215;;
894;466;0.5506583;0.5105715;0.4453284;0.5377308;572.9;0.133253;True;11/21/2025 5:49:05 PM:236;1763718545236;;
896;466;0.5521337;0.5105975;0.5713946;0.5312037;572.1;0.1613118;True;11/21/2025 5:49:05 PM:259;1763718545259;;
903;466;0.556456;0.510659;0.6003858;0.5222276;571.7;0.1335234;True;11/21/2025 5:49:05 PM:281;1763718545281;;
975;466;0.6006102;0.5107172;0.7573315;0.5208526;567.9;0.1744324;False;11/21/2025 5:49:05 PM:303;1763718545303;;
1035;466;0.6378873;0.5107815;0.7573428;0.5208514;564.4;0.1744387;False;11/21/2025 5:49:05 PM:331;1763718545331;;
1069;466;0.6586182;0.5106373;0.7499903;0.5029849;564.4;0.1341457;True;11/21/2025 5:49:05 PM:356;1763718545356;;
1079;466;0.664541;0.5106599;0.7089332;0.5136024;563.2;0.1439126;True;11/21/2025 5:49:05 PM:381;1763718545381;;
1071;466;0.6600915;0.5106902;0.5817244;0.5248336;561.6;0.1556364;True;11/21/2025 5:49:05 PM:406;1763718545406;;
1066;466;0.6567761;0.5107139;0.5816296;0.5248389;560.1;0.155614;True;11/21/2025 5:49:05 PM:428;1763718545428;;
1030;467;0.6345065;0.5111485;0.4956218;0.5413506;561.0;0.1447772;True;11/21/2025 5:49:05 PM:453;1763718545453;;
1000;467;0.6163396;0.5115517;0.4956291;0.5413502;561.8;0.1447799;True;11/21/2025 5:49:05 PM:479;1763718545479;;
994;467;0.6124647;0.5115732;0.5430626;0.5290574;560.6;0.1333449;True;11/21/2025 5:49:05 PM:506;1763718545506;;
942;468;0.5801882;0.5129647;0.446594;0.5575397;563.8;0.1446791;True;11/21/2025 5:49:05 PM:542;1763718545542;;
808;468;0.4975981;0.5127767;0.2687125;0.5038955;564.2;0.1536441;True;11/21/2025 5:49:05 PM:564;1763718545564;;
810;468;0.4989797;0.5128164;0.5428988;0.5174306;566.3;0.1380109;True;11/21/2025 5:49:05 PM:586;1763718545586;;
764;468;0.4706647;0.5130495;0.3391609;0.5406413;564.1;0.1478067;True;11/21/2025 5:49:05 PM:607;1763718545607;;
724;469;0.4463338;0.5132148;0.3226694;0.53948;562.1;0.1477308;True;11/21/2025 5:49:05 PM:626;1763718545626;;
724;469;0.446407;0.5132666;0.478344;0.520783;565.1;0.1520533;True;11/21/2025 5:49:05 PM:647;1763718545647;;
725;469;0.4464698;0.5133102;0.4783236;0.5207835;567.8;0.152048;True;11/21/2025 5:49:05 PM:668;1763718545668;;
828;469;0.5099799;0.5134048;0.5836003;0.5289276;570.3;0.1630571;True;11/21/2025 5:49:06 PM:346;1763718546346;;
823;469;0.5073867;0.5134307;0.4803844;0.5258269;572.5;0.1636713;True;11/21/2025 5:49:06 PM:367;1763718546367;;
806;469;0.4965959;0.5136399;0.4221542;0.5408133;570.8;0.1528327;True;11/21/2025 5:49:06 PM:386;1763718546386;;
800;469;0.4930885;0.5138837;0.4553383;0.5431754;570.6;0.1423558;True;11/21/2025 5:49:06 PM:405;1763718546405;;
801;469;0.4934478;0.5139211;0.5103536;0.5342844;570.4;0.1423188;True;11/21/2025 5:49:06 PM:422;1763718546422;;
801;469;0.4936046;0.5139353;0.5254907;0.5306197;570.4;0.1370751;True;11/21/2025 5:49:06 PM:446;1763718546446;;
801;469;0.4937219;0.5139464;0.5255479;0.5306159;570.3;0.1371059;True;11/21/2025 5:49:06 PM:466;1763718546466;;
805;469;0.4960533;0.513991;0.5597599;0.525694;571.7;0.1420395;True;11/21/2025 5:49:06 PM:487;1763718546487;;
813;469;0.5008135;0.5141435;0.582003;0.5396231;572.1;0.14231;True;11/21/2025 5:49:06 PM:507;1763718546507;;
819;470;0.5047158;0.5142743;0.582025;0.539622;572.5;0.1423206;True;11/21/2025 5:49:06 PM:527;1763718546527;;
825;470;0.5085806;0.51433;0.5828773;0.5359604;572.2;0.1415792;True;11/21/2025 5:49:06 PM:549;1763718546549;;
826;470;0.508732;0.5143442;0.5123844;0.5339196;573.9;0.1382489;True;11/21/2025 5:49:06 PM:571;1763718546571;;
824;470;0.5074223;0.5143976;0.4869246;0.5261418;575.4;0.1382322;True;11/21/2025 5:49:06 PM:590;1763718546590;;
876;470;0.5397633;0.5145259;0.700458;0.5395509;573.2;0.1577625;True;11/21/2025 5:49:06 PM:613;1763718546613;;
950;470;0.5851399;0.5145308;0.7646475;0.5330374;570.5;0.1319964;True;11/21/2025 5:49:06 PM:634;1763718546634;;
996;470;0.613677;0.5145347;0.7646587;0.5330363;568.1;0.1319973;True;11/21/2025 5:49:06 PM:652;1763718546652;;
979;470;0.6033389;0.5146977;0.5069788;0.5421677;566.0;0.08001635;True;11/21/2025 5:49:06 PM:672;1763718546672;;
965;470;0.5947093;0.5148466;0.5069767;0.5421677;564.2;0.08001741;True;11/21/2025 5:49:06 PM:693;1763718546693;;
966;470;0.5949906;0.5149209;0.6040851;0.5263609;566.1;0.08831857;True;11/21/2025 5:49:06 PM:716;1763718546716;;
966;470;0.5951983;0.5149771;0.6040554;0.5263628;567.8;0.08831359;True;11/21/2025 5:49:06 PM:736;1763718546736;;
968;470;0.5965355;0.5150675;0.6263092;0.5390849;568.0;0.07928163;True;11/21/2025 5:49:06 PM:755;1763718546755;;
956;470;0.589212;0.5151116;0.5076949;0.5203738;576.4;0.08303285;True;11/21/2025 5:49:06 PM:774;1763718546774;;
955;470;0.5880941;0.5151513;0.551856;0.5208743;583.9;0.08302151;True;11/21/2025 5:49:06 PM:792;1763718546792;;
948;470;0.583948;0.5151851;0.5215223;0.5194787;581.5;0.07249416;True;11/21/2025 5:49:06 PM:812;1763718546812;;
947;470;0.5832235;0.5151903;0.5511062;0.5294395;579.3;0.07250423;True;11/21/2025 5:49:06 PM:832;1763718546832;;
934;470;0.5751912;0.5152051;0.4963206;0.5308123;572.8;0.07998782;True;11/21/2025 5:49:06 PM:857;1763718546857;;
930;471;0.5731428;0.5154173;0.5239916;0.5418782;571.6;0.101679;True;11/21/2025 5:49:06 PM:878;1763718546878;;
927;471;0.5714155;0.5156016;0.5239768;0.5418829;570.5;0.1016713;True;11/21/2025 5:49:06 PM:898;1763718546898;;
911;471;0.5613676;0.5158456;0.4610543;0.5455487;572.5;0.09966408;True;11/21/2025 5:49:06 PM:917;1763718546917;;
905;471;0.5578308;0.5159871;0.4934395;0.5422112;572.2;0.08768796;True;11/21/2025 5:49:06 PM:937;1763718546937;;
901;471;0.5548329;0.5161126;0.4934376;0.5422112;572.0;0.08768827;True;11/21/2025 5:49:06 PM:957;1763718546957;;
893;472;0.5501513;0.5166916;0.4783751;0.5566161;571.3;0.1036978;True;11/21/2025 5:49:06 PM:978;1763718546978;;
886;472;0.5458632;0.5172179;0.472452;0.5585312;572.0;0.1047183;True;11/21/2025 5:49:06 PM:998;1763718546998;;
880;473;0.5424469;0.5176534;0.4724639;0.5585309;572.5;0.1047166;True;11/21/2025 5:49:07 PM:15;1763718547015;;
839;473;0.5170628;0.5182943;0.3667694;0.5639102;574.2;0.1075544;True;11/21/2025 5:49:07 PM:35;1763718547035;;
808;474;0.4975879;0.5188528;0.3667657;0.5639102;575.8;0.107554;True;11/21/2025 5:49:07 PM:55;1763718547055;;
806;474;0.4968192;0.5189706;0.4629437;0.5343198;574.6;0.1091488;True;11/21/2025 5:49:07 PM:74;1763718547074;;
776;474;0.478297;0.5193888;0.3526938;0.5609002;574.0;0.1289883;True;11/21/2025 5:49:07 PM:94;1763718547094;;
754;475;0.4644851;0.5197367;0.3526941;0.5609001;573.5;0.1289885;True;11/21/2025 5:49:07 PM:114;1763718547114;;
753;475;0.464163;0.5199764;0.4418818;0.5585814;569.4;0.1286452;True;11/21/2025 5:49:07 PM:132;1763718547132;;
753;475;0.4638813;0.520187;0.4418523;0.5585808;565.8;0.1286362;True;11/21/2025 5:49:07 PM:151;1763718547151;;
752;475;0.4636171;0.5203865;0.4418657;0.5585812;562.6;0.1286407;True;11/21/2025 5:49:07 PM:171;1763718547171;;
727;476;0.4480947;0.5208627;0.3342602;0.5670417;561.4;0.1194219;True;11/21/2025 5:49:07 PM:191;1763718547191;;
743;476;0.4575481;0.5208973;0.5399418;0.5546976;563.3;0.1204423;True;11/21/2025 5:49:07 PM:211;1763718547211;;
758;476;0.4668162;0.5209363;0.5399328;0.5546978;565.1;0.1204412;True;11/21/2025 5:49:07 PM:236;1763718547236;;
752;476;0.4634597;0.5209984;0.4083206;0.5242743;558.3;0.1213059;True;11/21/2025 5:49:07 PM:256;1763718547256;;
759;476;0.467851;0.5211349;0.5231508;0.5328031;559.3;0.142349;True;11/21/2025 5:49:07 PM:277;1763718547277;;
764;476;0.4710142;0.5212388;0.5230498;0.5328057;560.1;0.1423473;True;11/21/2025 5:49:07 PM:294;1763718547294;;
764;476;0.4707251;0.5217225;0.4538665;0.5647057;561.2;0.1172095;True;11/21/2025 5:49:07 PM:314;1763718547314;;
765;476;0.4713816;0.5218233;0.4938661;0.530707;555.7;0.1439839;True;11/21/2025 5:49:07 PM:333;1763718547333;;
766;477;0.4720788;0.5219056;0.4969983;0.5302331;550.8;0.1439663;True;11/21/2025 5:49:07 PM:352;1763718547352;;
776;477;0.4780256;0.5219946;0.5465777;0.5347135;551.9;0.1413772;True;11/21/2025 5:49:07 PM:372;1763718547372;;
783;477;0.4822953;0.5220627;0.5464541;0.5347149;552.8;0.1413533;True;11/21/2025 5:49:07 PM:390;1763718547390;;
798;477;0.4914696;0.5221034;0.5813767;0.5259464;553.2;0.1452187;True;11/21/2025 5:49:07 PM:408;1763718547408;;
810;477;0.4989442;0.5221391;0.5814736;0.5259409;553.5;0.1452299;True;11/21/2025 5:49:07 PM:428;1763718547428;;
820;477;0.5049546;0.52205;0.578959;0.5161026;552.8;0.1397802;True;11/21/2025 5:49:07 PM:448;1763718547448;;
820;477;0.504986;0.5221005;0.5113776;0.5404457;555.8;0.1605054;True;11/21/2025 5:49:07 PM:471;1763718547471;;
816;477;0.5029262;0.5221045;0.4662173;0.5371516;558.5;0.1605131;True;11/21/2025 5:49:07 PM:491;1763718547491;;
835;477;0.5143048;0.5221133;0.6095789;0.5230267;559.7;0.1415467;True;11/21/2025 5:49:07 PM:512;1763718547512;;
835;476;0.5145203;0.5218163;0.5309187;0.5073509;558.5;0.1667997;True;11/21/2025 5:49:07 PM:535;1763718547535;;
835;476;0.5146917;0.5215845;0.5309973;0.5073496;557.5;0.1668198;True;11/21/2025 5:49:07 PM:556;1763718547556;;
828;476;0.5104386;0.5217353;0.4557441;0.5411023;559.8;0.1595666;True;11/21/2025 5:49:07 PM:576;1763718547576;;
823;476;0.5069204;0.5218674;0.4556404;0.5411058;562.0;0.1595358;True;11/21/2025 5:49:07 PM:596;1763718547596;;
804;476;0.4955297;0.5217502;0.4073811;0.5131063;559.5;0.1572035;True;11/21/2025 5:49:07 PM:619;1763718547619;;
835;476;0.5147684;0.5215356;0.6363429;0.506772;558.6;0.1502077;True;11/21/2025 5:49:07 PM:639;1763718547639;;
845;476;0.5204365;0.5214199;0.5879969;0.5102983;557.8;0.1501615;True;11/21/2025 5:49:07 PM:658;1763718547658;;
875;476;0.5391464;0.5211046;0.65657;0.5011986;559.0;0.1710396;True;11/21/2025 5:49:07 PM:678;1763718547678;;
920;475;0.5667557;0.5207339;0.7157994;0.4963335;560.2;0.1709911;True;11/21/2025 5:49:07 PM:696;1763718547696;;
918;475;0.5652776;0.5206325;0.5231166;0.5077958;559.5;0.1690401;True;11/21/2025 5:49:07 PM:717;1763718547717;;
869;475;0.5352337;0.5204454;0.3843657;0.5028899;560.8;0.1854495;False;11/21/2025 5:49:07 PM:738;1763718547738;;
833;475;0.51353;0.5202885;0.3844391;0.5028879;562.0;0.1854665;False;11/21/2025 5:49:07 PM:758;1763718547758;;
832;475;0.5125877;0.5203697;0.4855618;0.5288649;561.9;0.1919442;False;11/21/2025 5:49:07 PM:779;1763718547779;;
826;475;0.5091068;0.5203626;0.4586814;0.5151125;560.9;0.1879852;False;11/21/2025 5:49:07 PM:803;1763718547803;;
823;475;0.5068783;0.5203578;0.4586859;0.5151124;560.1;0.1879857;False;11/21/2025 5:49:07 PM:821;1763718547821;;
822;475;0.5067255;0.5203768;0.4907687;0.5242379;560.0;0.1865862;False;11/21/2025 5:49:07 PM:840;1763718547840;;
822;475;0.5065933;0.520393;0.4906392;0.5242412;559.9;0.186572;False;11/21/2025 5:49:07 PM:857;1763718547857;;
850;475;0.5239404;0.520257;0.6331934;0.5047849;558.4;0.1734274;False;11/21/2025 5:49:07 PM:878;1763718547878;;
841;475;0.5178807;0.5207217;0.4417491;0.545828;558.3;0.1647298;True;11/21/2025 5:49:07 PM:897;1763718547897;;
835;476;0.5147343;0.5210744;0.4559134;0.5443934;558.2;0.1646865;True;11/21/2025 5:49:07 PM:916;1763718547916;;
846;476;0.5210559;0.5210446;0.5843769;0.5150123;557.6;0.1647687;True;11/21/2025 5:49:07 PM:937;1763718547937;;
846;476;0.5211586;0.5210488;0.526001;0.5235183;560.0;0.1744481;False;11/21/2025 5:49:07 PM:961;1763718547961;;
846;476;0.5212446;0.5210521;0.5264106;0.5235077;562.2;0.1744969;False;11/21/2025 5:49:07 PM:982;1763718547982;;
846;476;0.5213067;0.5210549;0.5259533;0.5235195;564.1;0.1744427;False;11/21/2025 5:49:08 PM:0;1763718548000;;
766;476;0.4722238;0.5210382;0.2812601;0.5164185;562.1;0.1525985;True;11/21/2025 5:49:08 PM:19;1763718548019;;
696;475;0.4290142;0.5204894;0.2592528;0.4913306;560.6;0.1792791;False;11/21/2025 5:49:08 PM:39;1763718548039;;
644;475;0.3970143;0.5199934;0.2591708;0.4912215;559.2;0.1793239;False;11/21/2025 5:49:08 PM:58;1763718548058;;
597;473;0.3677351;0.5183709;0.2407677;0.4666741;556.4;0.1602266;True;11/21/2025 5:49:08 PM:79;1763718548079;;
565;472;0.3483655;0.5171865;0.2421916;0.4681787;553.8;0.1602644;True;11/21/2025 5:49:08 PM:97;1763718548097;;
572;473;0.3525634;0.5178987;0.443345;0.5460099;550.1;0.1250242;True;11/21/2025 5:49:08 PM:116;1763718548116;;
549;472;0.3384242;0.5173594;0.2538211;0.483971;547.5;0.1488423;True;11/21/2025 5:49:08 PM:135;1763718548135;;
532;472;0.327952;0.5169075;0.2537641;0.4838948;545.2;0.148862;True;11/21/2025 5:49:08 PM:153;1763718548153;;
533;472;0.3286134;0.517115;0.3856103;0.5294744;543.5;0.1485081;True;11/21/2025 5:49:08 PM:173;1763718548173;;
536;472;0.330416;0.5174945;0.4013888;0.5384032;541.9;0.1485077;True;11/21/2025 5:49:08 PM:192;1763718548192;;
518;472;0.3194183;0.516843;0.2524222;0.4838421;542.2;0.1421158;True;11/21/2025 5:49:08 PM:216;1763718548216;;
503;471;0.3100882;0.5159749;0.2446391;0.4756722;540.9;0.1442059;True;11/21/2025 5:49:08 PM:236;1763718548236;;
492;470;0.3032042;0.5152537;0.244322;0.4751219;539.7;0.144163;True;11/21/2025 5:49:08 PM:256;1763718548256;;
494;471;0.3045487;0.5155234;0.3568667;0.5281572;540.5;0.1439686;True;11/21/2025 5:49:08 PM:280;1763718548280;;
494;472;0.3045866;0.5165071;0.3054934;0.5492469;538.0;0.149532;True;11/21/2025 5:49:08 PM:302;1763718548302;;
494;472;0.3046079;0.517338;0.30519;0.549175;535.8;0.1495105;True;11/21/2025 5:49:08 PM:322;1763718548322;;
492;472;0.3033661;0.5174528;0.2835276;0.5284821;539.9;0.1666018;True;11/21/2025 5:49:08 PM:344;1763718548344;;
489;472;0.3014134;0.5174049;0.270755;0.5080083;540.4;0.1589469;True;11/21/2025 5:49:08 PM:364;1763718548364;;
487;472;0.2999427;0.5173914;0.2734267;0.5116078;540.8;0.1589296;True;11/21/2025 5:49:08 PM:385;1763718548385;;
486;473;0.2998604;0.5177581;0.2962411;0.5395198;540.7;0.1466042;True;11/21/2025 5:49:08 PM:405;1763718548405;;
486;473;0.299786;0.518068;0.2960739;0.5393398;540.5;0.1466253;True;11/21/2025 5:49:08 PM:427;1763718548427;;
486;473;0.2998253;0.5183742;0.305572;0.54024;542.1;0.1670879;True;11/21/2025 5:49:08 PM:448;1763718548448;;
487;474;0.2999332;0.5186293;0.3163102;0.5408113;543.5;0.1670877;True;11/21/2025 5:49:08 PM:467;1763718548467;;
540;474;0.3330955;0.5191405;0.4886473;0.5492987;543.7;0.1544988;True;11/21/2025 5:49:08 PM:488;1763718548488;;
538;474;0.331889;0.5193273;0.2993926;0.5407434;541.8;0.1513456;True;11/21/2025 5:49:08 PM:508;1763718548508;;
535;474;0.3299746;0.5193471;0.2894556;0.5310909;540.0;0.1513393;True;11/21/2025 5:49:08 PM:530;1763718548530;;
527;473;0.3247478;0.518489;0.2573734;0.4873489;538.8;0.1591333;True;11/21/2025 5:49:08 PM:551;1763718548551;;
513;471;0.3164168;0.5158174;0.2321771;0.4565005;540.8;0.1610056;True;11/21/2025 5:49:08 PM:571;1763718548571;;
502;469;0.3094905;0.5134913;0.2321669;0.4564867;542.6;0.1610131;True;11/21/2025 5:49:08 PM:592;1763718548592;;
502;469;0.3093675;0.5138427;0.291666;0.5350621;544.4;0.1525587;True;11/21/2025 5:49:08 PM:612;1763718548612;;
501;469;0.3085304;0.5138507;0.2760753;0.5164911;544.7;0.152763;True;11/21/2025 5:49:08 PM:634;1763718548634;;
500;469;0.3081588;0.5139127;0.2815616;0.523398;545.1;0.1527636;True;11/21/2025 5:49:08 PM:653;1763718548653;;
500;469;0.3080125;0.5140176;0.2870426;0.5267119;542.6;0.1490127;True;11/21/2025 5:49:08 PM:673;1763718548673;;
500;469;0.3078856;0.514106;0.2869741;0.5266377;540.3;0.1489921;True;11/21/2025 5:49:08 PM:692;1763718548692;;
498;469;0.3067819;0.5140159;0.2683439;0.5038092;539.5;0.162062;True;11/21/2025 5:49:08 PM:713;1763718548713;;
489;467;0.3016059;0.5115905;0.2277019;0.451865;540.3;0.1628105;True;11/21/2025 5:49:08 PM:733;1763718548733;;
482;465;0.2971314;0.5094433;0.228016;0.4522212;541.1;0.1628735;True;11/21/2025 5:49:08 PM:754;1763718548754;;
482;465;0.2970691;0.509583;0.278719;0.5206754;540.5;0.178462;False;11/21/2025 5:49:08 PM:774;1763718548774;;
500;466;0.3080541;0.5108611;0.3843975;0.5486491;540.6;0.184166;False;11/21/2025 5:49:08 PM:798;1763718548798;;
513;467;0.31611;0.511465;0.3868378;0.5405661;540.7;0.1840041;False;11/21/2025 5:49:08 PM:819;1763718548819;;
500;464;0.3084737;0.50831;0.223055;0.440586;538.0;0.1628674;True;11/21/2025 5:49:08 PM:839;1763718548839;;
491;462;0.3024549;0.5057248;0.2220937;0.4395961;535.5;0.1629475;True;11/21/2025 5:49:08 PM:857;1763718548857;;
498;462;0.306798;0.5064809;0.3555749;0.5350848;536.4;0.1740719;False;11/21/2025 5:49:08 PM:880;1763718548880;;
503;463;0.3097578;0.5070243;0.3553395;0.5350897;537.2;0.1741043;False;11/21/2025 5:49:08 PM:898;1763718548898;;
502;463;0.3092199;0.507127;0.2830563;0.518992;536.5;0.1813471;False;11/21/2025 5:49:08 PM:919;1763718548919;;
498;463;0.3072354;0.5068042;0.2606596;0.484715;537.9;0.1562168;True;11/21/2025 5:49:08 PM:939;1763718548939;;
496;462;0.305512;0.5063567;0.2597644;0.4787849;539.3;0.1562377;True;11/21/2025 5:49:08 PM:958;1763718548958;;
495;463;0.3053099;0.5066857;0.2826896;0.5273731;540.1;0.1351105;True;11/21/2025 5:49:08 PM:977;1763718548977;;
521;465;0.3214053;0.5094264;0.4167621;0.5677358;540.6;0.1587276;True;11/21/2025 5:49:09 PM:1;1763718549001;;
551;467;0.339808;0.5114177;0.4495038;0.567196;541.0;0.1586984;True;11/21/2025 5:49:09 PM:22;1763718549022;;
545;467;0.3361669;0.5114284;0.2756927;0.516812;538.0;0.1601619;True;11/21/2025 5:49:09 PM:44;1763718549044;;
575;467;0.3540801;0.5119476;0.4568382;0.5428534;535.5;0.1576402;True;11/21/2025 5:49:09 PM:66;1763718549066;;
595;468;0.3669601;0.5123696;0.4567625;0.5428542;533.3;0.1576348;True;11/21/2025 5:49:09 PM:87;1763718549087;;
628;468;0.3872534;0.5126969;0.4948183;0.5404652;534.1;0.1577823;True;11/21/2025 5:49:09 PM:110;1763718549110;;
617;469;0.380527;0.5131996;0.2981387;0.5477905;535.9;0.171536;False;11/21/2025 5:49:09 PM:131;1763718549131;;
608;469;0.3749766;0.5136352;0.2980593;0.5477043;537.6;0.1715725;False;11/21/2025 5:49:09 PM:152;1763718549152;;
609;469;0.3752465;0.5136884;0.381993;0.5343966;537.4;0.1617059;True;11/21/2025 5:49:09 PM:175;1763718549175;;
608;469;0.3745558;0.5138085;0.3395581;0.5382766;537.1;0.1675834;True;11/21/2025 5:49:09 PM:198;1763718549198;;
602;469;0.3707972;0.5139071;0.3039947;0.5384147;536.7;0.1675952;True;11/21/2025 5:49:09 PM:218;1763718549218;;
621;469;0.382723;0.5141425;0.4655193;0.5441958;537.6;0.1646647;True;11/21/2025 5:49:09 PM:240;1763718549240;;
635;470;0.391028;0.514324;0.4654933;0.5441964;538.4;0.1646642;True;11/21/2025 5:49:09 PM:258;1763718549258;;
635;470;0.3910216;0.5148149;0.3907251;0.5540069;535.3;0.1913436;False;11/21/2025 5:49:09 PM:279;1763718549279;;
635;470;0.3910158;0.5152041;0.390673;0.5540079;532.6;0.1913633;False;11/21/2025 5:49:09 PM:298;1763718549298;;
642;470;0.395666;0.5152641;0.4499232;0.5424383;534.5;0.1525577;True;11/21/2025 5:49:09 PM:318;1763718549318;;
637;470;0.3924915;0.5152682;0.3358662;0.5395681;533.7;0.1597903;True;11/21/2025 5:49:09 PM:339;1763718549339;;
633;470;0.3898665;0.515272;0.3357737;0.5395693;533.0;0.1597932;True;11/21/2025 5:49:09 PM:358;1763718549358;;
636;471;0.3921854;0.5153549;0.4297792;0.5233589;534.0;0.1605944;True;11/21/2025 5:49:09 PM:377;1763718549377;;
613;470;0.3777938;0.5152183;0.2725345;0.5086697;532.9;0.1729037;False;11/21/2025 5:49:09 PM:400;1763718549400;;
597;470;0.3680102;0.5151182;0.2725681;0.5087147;531.9;0.1728924;False;11/21/2025 5:49:09 PM:419;1763718549419;;
643;470;0.396361;0.5151315;0.5344914;0.532508;533.2;0.1642197;True;11/21/2025 5:49:09 PM:438;1763718549438;;
676;470;0.416403;0.5151427;0.534442;0.5325086;534.4;0.1642225;True;11/21/2025 5:49:09 PM:457;1763718549457;;
665;470;0.4096324;0.515183;0.3269343;0.5269384;534.9;0.1587912;True;11/21/2025 5:49:09 PM:479;1763718549479;;
670;470;0.4127619;0.5152115;0.4536536;0.5278016;535.3;0.1639603;True;11/21/2025 5:49:09 PM:499;1763718549499;;
678;470;0.4180763;0.5152476;0.4768854;0.5247402;535.5;0.1639662;True;11/21/2025 5:49:09 PM:518;1763718549518;;
714;470;0.4397039;0.5152538;0.5597444;0.5305805;537.7;0.1591582;True;11/21/2025 5:49:09 PM:538;1763718549538;;
673;470;0.4146759;0.5150309;0.2705517;0.5027069;540.1;0.1818276;False;11/21/2025 5:49:09 PM:558;1763718549558;;
642;470;0.3958824;0.5148395;0.2704864;0.5026264;542.2;0.1818353;False;11/21/2025 5:49:09 PM:579;1763718549579;;
657;471;0.4051485;0.5154351;0.4832016;0.5492181;541.5;0.1629108;True;11/21/2025 5:49:09 PM:600;1763718549600;;
668;471;0.4118436;0.5159018;0.4830353;0.5492225;541.0;0.1629344;True;11/21/2025 5:49:09 PM:620;1763718549620;;
712;471;0.4386492;0.5159366;0.571155;0.5228405;542.1;0.1701564;True;11/21/2025 5:49:09 PM:642;1763718549642;;
707;471;0.4358232;0.5161097;0.3841505;0.5395516;543.0;0.1542193;True;11/21/2025 5:49:09 PM:664;1763718549664;;
707;471;0.4357264;0.5163285;0.418479;0.543483;543.8;0.1542385;True;11/21/2025 5:49:09 PM:683;1763718549683;;
750;472;0.462299;0.5165401;0.5960362;0.543545;542.2;0.1509339;True;11/21/2025 5:49:09 PM:703;1763718549703;;
781;472;0.4813479;0.5167168;0.5958335;0.5435503;540.7;0.1509577;True;11/21/2025 5:49:09 PM:722;1763718549722;;
805;472;0.4958986;0.5168056;0.5872071;0.5394883;540.5;0.1626406;True;11/21/2025 5:49:09 PM:744;1763718549744;;
823;472;0.5069035;0.5168822;0.5871151;0.539491;540.3;0.1626495;True;11/21/2025 5:49:09 PM:765;1763718549765;;
756;472;0.4659736;0.5168872;0.2907096;0.5355189;541.3;0.1537654;True;11/21/2025 5:49:09 PM:786;1763718549786;;
753;472;0.4642322;0.5168976;0.4282328;0.5358706;542.1;0.148144;True;11/21/2025 5:49:09 PM:810;1763718549810;;
751;472;0.463035;0.5169052;0.4282216;0.535871;542.8;0.1481435;True;11/21/2025 5:49:09 PM:829;1763718549829;;
768;472;0.4731408;0.5169538;0.5588081;0.5298664;542.7;0.1497874;True;11/21/2025 5:49:09 PM:849;1763718549849;;
757;472;0.4666182;0.5170127;0.391864;0.5388398;541.7;0.1456767;True;11/21/2025 5:49:09 PM:868;1763718549868;;
748;472;0.4607306;0.5170703;0.3915397;0.5388498;540.8;0.1456764;True;11/21/2025 5:49:09 PM:890;1763718549890;;
730;472;0.44954;0.5171302;0.355298;0.5252278;541.5;0.1447691;True;11/21/2025 5:49:09 PM:913;1763718549913;;
754;472;0.4643692;0.5172326;0.5611683;0.5404454;543.9;0.1500337;True;11/21/2025 5:49:09 PM:934;1763718549934;;
770;472;0.474411;0.5173099;0.5611993;0.5404443;546.0;0.1500335;True;11/21/2025 5:49:09 PM:953;1763718549953;;
796;472;0.4903721;0.5173603;0.5935972;0.5231177;548.9;0.1494847;True;11/21/2025 5:49:09 PM:976;1763718549976;;
834;472;0.5141059;0.5174078;0.631474;0.5227854;548.9;0.1561378;True;11/21/2025 5:49:10 PM:0;1763718550000;;
860;472;0.5297164;0.5174438;0.6314254;0.5227869;548.9;0.156143;True;11/21/2025 5:49:10 PM:21;1763718550021;;
860;472;0.5296871;0.5174485;0.5275766;0.5318609;550.1;0.1541041;True;11/21/2025 5:49:10 PM:42;1763718550042;;
857;472;0.5280074;0.5174748;0.4857432;0.5283439;548.8;0.1606398;True;11/21/2025 5:49:10 PM:65;1763718550065;;
855;472;0.526709;0.5174955;0.4853962;0.5283586;547.6;0.1606535;True;11/21/2025 5:49:10 PM:83;1763718550083;;
860;472;0.5298467;0.517493;0.5724091;0.5172268;549.1;0.1683546;True;11/21/2025 5:49:10 PM:105;1763718550105;;
870;472;0.5361673;0.5174878;0.6012638;0.5168626;550.6;0.1684693;True;11/21/2025 5:49:10 PM:125;1763718550125;;
879;472;0.5413646;0.5174894;0.6010337;0.5177171;553.5;0.1584876;True;11/21/2025 5:49:10 PM:146;1763718550146;;
892;473;0.5494221;0.5176975;0.6250101;0.5402405;555.0;0.1733137;False;11/21/2025 5:49:10 PM:167;1763718550167;;
903;473;0.556153;0.5178875;0.6249288;0.5402426;556.3;0.173317;False;11/21/2025 5:49:10 PM:189;1763718550189;;
889;473;0.5477671;0.5179465;0.4649173;0.5350683;556.6;0.1596814;True;11/21/2025 5:49:10 PM:208;1763718550208;;
883;473;0.5441622;0.5180376;0.4886916;0.5374912;556.9;0.1597389;True;11/21/2025 5:49:10 PM:229;1763718550229;;
919;473;0.5658976;0.5179367;0.6892601;0.5105901;557.3;0.1625511;True;11/21/2025 5:49:10 PM:250;1763718550250;;
925;473;0.5700964;0.5179504;0.6249923;0.5205107;554.7;0.1460961;True;11/21/2025 5:49:10 PM:268;1763718550268;;
931;473;0.5734483;0.5179619;0.6251274;0.5204995;552.4;0.146114;True;11/21/2025 5:49:10 PM:287;1763718550287;;
1010;473;0.6221077;0.5180064;0.7905625;0.5313894;552.7;0.1389187;True;11/21/2025 5:49:10 PM:311;1763718550311;;
1031;473;0.6351905;0.5180178;0.7238485;0.5202719;552.1;0.1716485;False;11/21/2025 5:49:10 PM:332;1763718550332;;
1047;473;0.6450256;0.5180306;0.7231774;0.5227805;551.6;0.1716937;False;11/21/2025 5:49:10 PM:352;1763718550352;;
1067;473;0.6572919;0.5180166;0.7439691;0.5160404;553.3;0.149969;True;11/21/2025 5:49:10 PM:373;1763718550373;;
1067;473;0.6572652;0.5178912;0.640882;0.5076616;553.8;0.1480317;True;11/21/2025 5:49:10 PM:395;1763718550395;;
1067;473;0.657245;0.5177961;0.6408692;0.5076632;554.2;0.1480323;True;11/21/2025 5:49:10 PM:414;1763718550414;;
1067;473;0.6575921;0.5178629;0.6682948;0.5298699;552.1;0.1478339;True;11/21/2025 5:49:10 PM:433;1763718550433;;
1040;473;0.6404659;0.5179641;0.522018;0.532515;549.2;0.1433043;True;11/21/2025 5:49:10 PM:455;1763718550455;;
1020;473;0.6282619;0.5180443;0.5220104;0.5325152;546.6;0.143305;True;11/21/2025 5:49:10 PM:474;1763718550474;;
971;473;0.5984529;0.5183423;0.4463622;0.5430368;543.1;0.1409333;True;11/21/2025 5:49:10 PM:494;1763718550494;;
936;473;0.5769265;0.5185903;0.446229;0.5430415;540.0;0.1409612;True;11/21/2025 5:49:10 PM:512;1763718550512;;
906;474;0.5584856;0.5188358;0.4462955;0.5430391;537.2;0.1409473;True;11/21/2025 5:49:10 PM:533;1763718550533;;
940;474;0.5793182;0.5191679;0.7029458;0.5470375;535.5;0.1403457;True;11/21/2025 5:49:10 PM:555;1763718550555;;
939;474;0.5783687;0.5191868;0.5536624;0.5299156;532.4;0.1468462;True;11/21/2025 5:49:10 PM:579;1763718550579;;
950;474;0.5851922;0.5190277;0.6569101;0.5089688;528.3;0.1398902;True;11/21/2025 5:49:10 PM:601;1763718550601;;
958;474;0.5905094;0.5188953;0.6568765;0.508973;524.5;0.1399264;True;11/21/2025 5:49:10 PM:621;1763718550621;;
962;474;0.5923665;0.5189028;0.6349078;0.5250624;526.5;0.1285865;True;11/21/2025 5:49:10 PM:641;1763718550641;;
965;474;0.5945995;0.5189138;0.6409631;0.5281855;530.7;0.172921;False;11/21/2025 5:49:10 PM:662;1763718550662;;
968;474;0.5964471;0.5189235;0.6409524;0.528186;534.5;0.1729245;False;11/21/2025 5:49:10 PM:682;1763718550682;;
989;474;0.6092093;0.518926;0.7083139;0.5267005;540.9;0.1661032;True;11/21/2025 5:49:10 PM:706;1763718550706;;
990;474;0.6100879;0.5189369;0.6439798;0.5232736;540.4;0.1557427;True;11/21/2025 5:49:10 PM:726;1763718550726;;
992;474;0.6113502;0.5189389;0.6507562;0.5262759;540.0;0.1558668;True;11/21/2025 5:49:10 PM:747;1763718550747;;
974;474;0.6003167;0.5194957;0.5200992;0.5508918;540.4;0.1377693;True;11/21/2025 5:49:10 PM:770;1763718550770;;
971;474;0.5984992;0.5195646;0.5680332;0.5353274;540.4;0.1532046;True;11/21/2025 5:49:10 PM:794;1763718550794;;
969;474;0.5971721;0.5196171;0.5680203;0.5353276;540.3;0.1532112;True;11/21/2025 5:49:10 PM:813;1763718550813;;
969;474;0.5972233;0.5196226;0.6076574;0.5313175;543.2;0.1501836;True;11/21/2025 5:49:10 PM:835;1763718550835;;
969;475;0.5970722;0.5197283;0.5886315;0.5391506;545.6;0.1618449;True;11/21/2025 5:49:10 PM:855;1763718550855;;
969;475;0.5971047;0.5198448;0.6057921;0.5407866;547.8;0.1618592;True;11/21/2025 5:49:10 PM:873;1763718550873;;
969;475;0.5969355;0.5203822;0.5874785;0.5558125;545.4;0.1512394;True;11/21/2025 5:49:10 PM:893;1763718550893;;
969;476;0.5967814;0.5208694;0.5874358;0.5558133;543.2;0.1512565;True;11/21/2025 5:49:10 PM:915;1763718550915;;
981;475;0.6042436;0.5207264;0.6809062;0.5124055;542.0;0.1255133;True;11/21/2025 5:49:10 PM:936;1763718550936;;
986;475;0.607322;0.5205686;0.6603441;0.5104457;540.9;0.1255074;True;11/21/2025 5:49:10 PM:956;1763718550956;;
1019;475;0.627732;0.5205938;0.7441188;0.534327;544.8;0.1709619;True;11/21/2025 5:49:10 PM:980;1763718550980;;
1055;476;0.6500306;0.5216802;0.7773415;0.5673547;547.6;0.1547716;True;11/21/2025 5:49:11 PM:1;1763718551001;;
1082;477;0.6664162;0.5225772;0.7774255;0.5673435;550.2;0.1547444;True;11/21/2025 5:49:11 PM:22;1763718551022;;
1093;477;0.6733605;0.5226218;0.7462406;0.5342903;550.4;0.1542896;True;11/21/2025 5:49:11 PM:42;1763718551042;;
1096;477;0.6754574;0.5222695;0.7155594;0.5066562;550.0;0.1581174;True;11/21/2025 5:49:11 PM:63;1763718551063;;
1099;477;0.6771057;0.5219859;0.7155653;0.5066557;549.6;0.158111;True;11/21/2025 5:49:11 PM:83;1763718551083;;
1105;477;0.6805209;0.5219648;0.7339509;0.5195927;551.1;0.1603724;True;11/21/2025 5:49:11 PM:105;1763718551105;;
1100;477;0.677945;0.5219758;0.6367763;0.5245027;553.0;0.164257;True;11/21/2025 5:49:11 PM:126;1763718551126;;
1097;477;0.6757389;0.5219852;0.6348983;0.5246097;554.8;0.1642689;True;11/21/2025 5:49:11 PM:147;1763718551147;;
1091;477;0.6722618;0.5219031;0.6208941;0.5140936;554.2;0.135588;True;11/21/2025 5:49:11 PM:168;1763718551168;;
1087;477;0.6698447;0.5218826;0.6224144;0.5182682;553.8;0.1356043;True;11/21/2025 5:49:11 PM:186;1763718551186;;
1015;446;0.6255131;0.4885715;0.5726106;0.4246794;537.5;0.1691811;True;11/21/2025 5:49:12 PM:335;1763718552335;;
1013;446;0.6238162;0.4881288;0.5594324;0.4255581;522.9;0.1684389;True;11/21/2025 5:49:12 PM:354;1763718552354;;
1011;446;0.6228876;0.4880358;0.5664282;0.4333144;508.6;0.2035177;False;11/21/2025 5:49:12 PM:373;1763718552373;;
944;445;0.5814271;0.4878454;0.390666;0.430643;497.9;0.1793872;False;11/21/2025 5:49:12 PM:393;1763718552393;;
896;445;0.5522056;0.4876866;0.3906646;0.4306441;488.2;0.1793855;False;11/21/2025 5:49:12 PM:412;1763718552412;;
897;445;0.5529241;0.487244;0.5726963;0.4587604;483.0;0.1521992;True;11/21/2025 5:49:12 PM:432;1763718552432;;
898;444;0.5535326;0.4868625;0.572703;0.4587482;478.3;0.1521826;True;11/21/2025 5:49:12 PM:451;1763718552451;;
890;444;0.5482173;0.4867937;0.4822357;0.4415919;474.7;0.1457818;True;11/21/2025 5:49:12 PM:473;1763718552473;;
833;444;0.5133977;0.4866413;0.3520357;0.4354402;473.2;0.1488571;True;11/21/2025 5:49:12 PM:494;1763718552494;;
781;444;0.4814875;0.486367;0.3234367;0.4310327;471.9;0.1488488;True;11/21/2025 5:49:12 PM:512;1763718552512;;
722;444;0.4446536;0.4861484;0.2867566;0.4770376;471.5;0.1827379;False;11/21/2025 5:49:12 PM:530;1763718552530;;
688;444;0.4239455;0.4858823;0.311494;0.4711877;470.9;0.2226433;False;11/21/2025 5:49:12 PM:551;1763718552551;;
663;443;0.4087283;0.4856592;0.3115152;0.4711787;470.3;0.2226533;False;11/21/2025 5:49:12 PM:569;1763718552569;;
612;443;0.3773142;0.485488;0.237432;0.4585787;464.9;0.2039712;False;11/21/2025 5:49:12 PM:588;1763718552588;;
575;443;0.3543785;0.4853538;0.2366939;0.4573858;460.1;0.2040804;False;11/21/2025 5:49:12 PM:606;1763718552606;;
562;444;0.3462089;0.4862162;0.2854874;0.5087473;460.5;0.2036049;False;11/21/2025 5:49:12 PM:627;1763718552627;;
549;444;0.3380862;0.4868128;0.2761487;0.5054359;460.9;0.2035769;False;11/21/2025 5:49:12 PM:648;1763718552648;;
591;437;0.3642774;0.4783029;0.4349457;0.4206122;456.7;0.19841;False;11/21/2025 5:49:12 PM:892;1763718552892;;
588;436;0.3622646;0.4779081;0.3384395;0.4257062;452.9;0.1982162;False;11/21/2025 5:49:12 PM:912;1763718552912;;
572;436;0.3524556;0.477818;0.2834945;0.4330298;448.1;0.1956142;False;11/21/2025 5:49:12 PM:934;1763718552934;;
554;433;0.3414633;0.4744588;0.2628776;0.3791116;444.0;0.1859635;False;11/21/2025 5:49:12 PM:953;1763718552953;;
546;430;0.3367839;0.4711557;0.2878589;0.3740944;440.2;0.185966;False;11/21/2025 5:49:12 PM:972;1763718552972;;
529;430;0.3260743;0.4711387;0.2485595;0.4238436;436.6;0.1855706;False;11/21/2025 5:49:12 PM:993;1763718552993;;
507;429;0.312232;0.4702007;0.2181582;0.4015278;433.4;0.1855806;False;11/21/2025 5:49:13 PM:11;1763718553011;;
492;429;0.3032481;0.470037;0.231654;0.4266859;431.0;0.189304;False;11/21/2025 5:49:13 PM:32;1763718553032;;
494;429;0.3042416;0.4696417;0.3454081;0.4429145;431.9;0.1896209;False;11/21/2025 5:49:13 PM:55;1763718553055;;
494;428;0.3042633;0.4693326;0.3275741;0.4432995;432.6;0.1895878;False;11/21/2025 5:49:13 PM:74;1763718553074;;
502;427;0.3095428;0.467664;0.387863;0.3919164;432.0;0.2184078;False;11/21/2025 5:49:13 PM:93;1763718553093;;
509;426;0.3138219;0.4662676;0.3880555;0.3919129;431.5;0.2184517;False;11/21/2025 5:49:13 PM:112;1763718553112;;
524;421;0.3229143;0.4612868;0.4178968;0.3532107;431.9;0.2109193;False;11/21/2025 5:49:13 PM:134;1763718553134;;
537;418;0.3312616;0.4581144;0.4311785;0.3571201;432.3;0.2109507;False;11/21/2025 5:49:13 PM:152;1763718553152;;
550;415;0.33889;0.4549649;0.4316818;0.3555623;430.1;0.214305;False;11/21/2025 5:49:13 PM:171;1763718553171;;
577;413;0.355452;0.4522723;0.4828154;0.3559528;428.1;0.2202473;False;11/21/2025 5:49:13 PM:191;1763718553191;;
597;411;0.3676141;0.4501415;0.483;0.355959;426.3;0.2203192;False;11/21/2025 5:49:13 PM:208;1763718553208;;
600;408;0.3695595;0.4471861;0.4216284;0.3463407;426.2;0.2141199;False;11/21/2025 5:49:13 PM:229;1763718553229;;
602;406;0.3712542;0.4445963;0.4216536;0.3463399;426.1;0.2141265;False;11/21/2025 5:49:13 PM:249;1763718553249;;
607;406;0.3741817;0.4442572;0.4365922;0.3746732;426.7;0.2127372;False;11/21/2025 5:49:13 PM:270;1763718553270;;
656;405;0.404307;0.4438388;0.5681586;0.3947793;425.5;0.2025595;False;11/21/2025 5:49:13 PM:289;1763718553289;;
694;405;0.427356;0.4434696;0.5683899;0.3947864;424.3;0.202632;False;11/21/2025 5:49:13 PM:308;1763718553308;;
694;405;0.4273634;0.4431251;0.4353166;0.394609;422.3;0.2162395;False;11/21/2025 5:49:13 PM:328;1763718553328;;
702;404;0.4326516;0.4426484;0.5031407;0.4061344;420.5;0.2162925;False;11/21/2025 5:49:13 PM:347;1763718553347;;
733;404;0.4515141;0.4425773;0.5719578;0.3857401;418.2;0.2117936;False;11/21/2025 5:49:13 PM:368;1763718553368;;
770;404;0.4743374;0.4424402;0.5677046;0.3854832;415.5;0.2130685;False;11/21/2025 5:49:13 PM:412;1763718553412;;
785;404;0.4835155;0.4422622;0.5680957;0.3827657;411.8;0.2289364;False;11/21/2025 5:49:13 PM:435;1763718553435;;
797;404;0.4908732;0.4422258;0.5697613;0.3855693;410.3;0.2202543;False;11/21/2025 5:49:13 PM:456;1763718553456;;
806;404;0.4966008;0.4421945;0.5697407;0.3855694;409.0;0.2204485;False;11/21/2025 5:49:13 PM:476;1763718553476;;
