X Filtered Pixel; Y Filtered Pixel; X Filtered Normalized; Y Filtered Normalized; X Raw Normalized; Y Raw Normalized; Distance to Camera in mm; Eye Aspect Ratio (Height/Width); Blinking; Timestamp With Milliseconds; Unix Timestamp In Milliseconds; AOI List; Additional Notes
835;296;0.5142751;0.3245913;0.5142751;0.3245913;376.8;0.2175555;False;11/23/2025 9:27:59 AM:842;1763861279842;;
816;329;0.5028345;0.3609325;0.4101053;0.5769938;376.2;0.2048584;False;11/23/2025 9:27:59 AM:863;1763861279863;;
720;330;0.4439484;0.3615392;0.2463926;0.388276;376.5;0.2028082;False;11/23/2025 9:27:59 AM:884;1763861279884;;
635;326;0.3912297;0.3568825;0.21925;0.2746533;376.3;0.2082563;False;11/23/2025 9:27:59 AM:905;1763861279905;;
576;322;0.3547091;0.352981;0.2192481;0.2746609;376.2;0.2082466;False;11/23/2025 9:27:59 AM:926;1763861279926;;
557;332;0.3435923;0.3637069;0.2735564;0.483064;376.6;0.222496;False;11/23/2025 9:27:59 AM:945;1763861279945;;
524;325;0.3228098;0.3566682;0.2234387;0.2528105;376.6;0.2017037;False;11/23/2025 9:27:59 AM:966;1763861279966;;
500;320;0.3081972;0.3511723;0.2234385;0.2528121;376.5;0.2017051;False;11/23/2025 9:27:59 AM:986;1763861279986;;
470;323;0.2894208;0.35414;0.1949307;0.4114341;377.5;0.2148969;False;11/23/2025 9:28:00 AM:6;1763861280006;;
445;326;0.2741065;0.3568912;0.1949294;0.4114407;378.3;0.2148901;False;11/23/2025 9:28:00 AM:29;1763861280029;;
433;325;0.2669258;0.3561388;0.2105386;0.3189626;377.5;0.2079166;False;11/23/2025 9:28:00 AM:48;1763861280048;;
424;324;0.261326;0.3554941;0.2105594;0.3188663;376.8;0.2079643;False;11/23/2025 9:28:00 AM:68;1763861280068;;
424;332;0.2614287;0.3641597;0.2634662;0.4634184;378.1;0.2138469;False;11/23/2025 9:28:00 AM:91;1763861280091;;
490;353;0.3019788;0.3866366;0.4850934;0.5578282;376.4;0.2139822;False;11/23/2025 9:28:00 AM:112;1763861280112;;
547;360;0.3368295;0.3945113;0.5014089;0.4985465;374.9;0.2140109;False;11/23/2025 9:28:00 AM:132;1763861280132;;
571;392;0.3519575;0.4293389;0.4566666;0.6372492;374.2;0.2142066;False;11/23/2025 9:28:00 AM:154;1763861280154;;
579;399;0.3568266;0.4367435;0.4191015;0.5359709;372.7;0.2118763;False;11/23/2025 9:28:00 AM:175;1763861280175;;
583;399;0.3595299;0.437498;0.4100778;0.4726327;371.3;0.2119063;False;11/23/2025 9:28:00 AM:194;1763861280194;;
591;400;0.3644226;0.4377675;0.4288355;0.4595361;372.2;0.2240673;False;11/23/2025 9:28:00 AM:216;1763861280216;;
631;399;0.388661;0.4371056;0.5274408;0.4081981;372.1;0.2142102;False;11/23/2025 9:28:00 AM:236;1763861280236;;
662;399;0.4079931;0.4367757;0.5346395;0.4148499;372.0;0.2142746;False;11/23/2025 9:28:00 AM:253;1763861280253;;
657;399;0.4046864;0.4367313;0.3548585;0.4292545;371.7;0.2043729;False;11/23/2025 9:28:00 AM:277;1763861280277;;
648;399;0.3991286;0.436719;0.3294576;0.4321746;371.5;0.2044121;False;11/23/2025 9:28:00 AM:297;1763861280297;;
698;387;0.4303253;0.4237846;0.5747004;0.2901845;371.8;0.2195505;False;11/23/2025 9:28:00 AM:318;1763861280318;;
937;380;0.5773333;0.4163315;0.8634382;0.3099423;372.2;0.2184763;False;11/23/2025 9:28:00 AM:338;1763861280338;;
1082;374;0.6663282;0.4101612;0.8634444;0.3099404;372.6;0.2184834;False;11/23/2025 9:28:00 AM:358;1763861280358;;
1228;374;0.7565835;0.4101254;0.9239047;0.401622;372.5;0.2136103;False;11/23/2025 9:28:00 AM:381;1763861280381;;
1287;374;0.7927856;0.4099453;0.8843488;0.3859958;372.7;0.2160359;False;11/23/2025 9:28:00 AM:403;1763861280403;;
1323;374;0.8151261;0.4097987;0.8843414;0.3859924;372.8;0.2160372;False;11/23/2025 9:28:00 AM:423;1763861280423;;
1382;373;0.8513037;0.408335;0.9380052;0.3571669;371.0;0.2199786;False;11/23/2025 9:28:00 AM:447;1763861280447;;
1417;372;0.8727757;0.4072054;0.9380026;0.3571742;369.5;0.2199713;False;11/23/2025 9:28:00 AM:469;1763861280469;;
1439;372;0.8861156;0.4074288;0.9335695;0.4175234;370.4;0.2211943;False;11/23/2025 9:28:00 AM:490;1763861280490;;
1450;372;0.8929351;0.4075067;0.9227223;0.4124758;369.8;0.2333563;False;11/23/2025 9:28:00 AM:512;1763861280512;;
1457;372;0.897741;0.4075712;0.9227342;0.4124753;369.2;0.2333776;False;11/23/2025 9:28:00 AM:532;1763861280532;;
1481;373;0.9124373;0.4088939;0.9768903;0.4480202;367.1;0.2267518;False;11/23/2025 9:28:00 AM:551;1763861280551;;
1498;374;0.9228553;0.4099815;0.9768765;0.4480135;365.2;0.2267585;False;11/23/2025 9:28:00 AM:569;1763861280569;;
1493;374;0.9199321;0.4094584;0.8843029;0.3790608;365.3;0.2343264;False;11/23/2025 9:28:00 AM:590;1763861280590;;
1490;369;0.9177968;0.4039925;0.8948976;0.3158869;364.7;0.2272075;False;11/23/2025 9:28:00 AM:612;1763861280612;;
1487;365;0.9161906;0.3997831;0.8948879;0.315888;364.1;0.2271869;False;11/23/2025 9:28:00 AM:633;1763861280633;;
1491;361;0.9181153;0.3958388;0.9346435;0.3129232;362.9;0.2298777;False;11/23/2025 9:28:00 AM:654;1763861280654;;
1491;359;0.9181096;0.3935223;0.9180365;0.3233499;362.9;0.2247455;False;11/23/2025 9:28:00 AM:674;1763861280674;;
1491;357;0.9183042;0.3912901;0.921123;0.3185161;363.0;0.2247532;False;11/23/2025 9:28:00 AM:694;1763861280694;;
1499;355;0.923436;0.3890489;0.9673514;0.31564;361.1;0.2181529;False;11/23/2025 9:28:00 AM:713;1763861280713;;
1499;355;0.9233496;0.388463;0.9217458;0.3399089;363.0;0.2269853;False;11/23/2025 9:28:00 AM:734;1763861280734;;
1499;354;0.9232815;0.3879867;0.9217414;0.3399065;364.7;0.2269871;False;11/23/2025 9:28:00 AM:753;1763861280753;;
1499;354;0.9232155;0.3879997;0.8839452;0.3885286;364.4;0.2214021;False;11/23/2025 9:28:00 AM:776;1763861280776;;
1353;354;0.8334717;0.3873165;0.5988761;0.3397153;364.1;0.2308367;False;11/23/2025 9:28:00 AM:799;1763861280799;;
1271;353;0.7828277;0.3868297;0.5988082;0.3397183;363.8;0.2308047;False;11/23/2025 9:28:00 AM:818;1763861280818;;
882;353;0.5437118;0.3866859;0.2019571;0.3641967;363.0;0.2213434;False;11/23/2025 9:28:00 AM:839;1763861280839;;
684;352;0.4216265;0.3855189;0.2088246;0.3238106;362.2;0.2213812;False;11/23/2025 9:28:00 AM:857;1763861280857;;
548;353;0.3375022;0.3863805;0.1924982;0.4094778;363.1;0.2243522;False;11/23/2025 9:28:00 AM:877;1763861280877;;
471;353;0.2901082;0.3870797;0.1925003;0.4094698;363.8;0.2243759;False;11/23/2025 9:28:00 AM:896;1763861280896;;
426;377;0.2625343;0.4132988;0.2000686;0.5933242;365.4;0.2226863;False;11/23/2025 9:28:00 AM:916;1763861280916;;
398;395;0.2456724;0.4328801;0.20008;0.5933309;366.8;0.2227373;False;11/23/2025 9:28:00 AM:934;1763861280934;;
373;403;0.2302585;0.4419113;0.1919991;0.5401588;367.5;0.2193934;False;11/23/2025 9:28:00 AM:957;1763861280957;;
370;433;0.227891;0.4744656;0.2200078;0.6722836;368.5;0.2249533;False;11/23/2025 9:28:00 AM:977;1763861280977;;
367;458;0.2261633;0.5013233;0.2201244;0.6724293;369.4;0.2251094;False;11/23/2025 9:28:01 AM:0;1763861281000;;
354;458;0.2182727;0.5012823;0.1880376;0.4969439;369.8;0.218483;False;11/23/2025 9:28:01 AM:20;1763861281020;;
347;460;0.214193;0.5041828;0.1955913;0.5623368;370.2;0.2352454;False;11/23/2025 9:28:01 AM:41;1763861281041;;
343;462;0.2113196;0.5065014;0.1955889;0.562321;370.6;0.2352678;False;11/23/2025 9:28:01 AM:59;1763861281059;;
338;464;0.2082753;0.5079134;0.1913686;0.5510911;371.3;0.239878;False;11/23/2025 9:28:01 AM:79;1763861281079;;
333;464;0.205595;0.5079504;0.1896561;0.5143106;371.4;0.2314323;False;11/23/2025 9:28:01 AM:100;1763861281100;;
330;464;0.2037326;0.5079794;0.1896542;0.5142935;371.5;0.2314487;False;11/23/2025 9:28:01 AM:118;1763861281118;;
327;464;0.2017979;0.5078669;0.1868744;0.4943863;372.1;0.2328785;False;11/23/2025 9:28:01 AM:137;1763861281137;;
325;464;0.2002875;0.5077695;0.1868724;0.4943707;372.7;0.232878;False;11/23/2025 9:28:01 AM:156;1763861281156;;
325;450;0.2005476;0.4924531;0.2033024;0.3505031;372.6;0.2336812;False;11/23/2025 9:28:01 AM:179;1763861281179;;
326;456;0.2008712;0.499807;0.2051692;0.5992535;373.4;0.2408918;False;11/23/2025 9:28:01 AM:199;1763861281199;;
324;458;0.2000115;0.5019256;0.1892581;0.5591763;374.1;0.2409267;False;11/23/2025 9:28:01 AM:218;1763861281218;;
324;452;0.1996024;0.4945382;0.1943076;0.3983751;374.0;0.2242452;False;11/23/2025 9:28:01 AM:241;1763861281241;;
328;456;0.2022002;0.4990828;0.2767247;0.5782289;374.9;0.2185739;False;11/23/2025 9:28:01 AM:262;1763861281262;;
331;459;0.2044004;0.5028507;0.2767636;0.5782167;375.7;0.2186087;False;11/23/2025 9:28:01 AM:282;1763861281282;;
331;462;0.2040879;0.5059593;0.1990881;0.5777416;375.4;0.2115422;False;11/23/2025 9:28:01 AM:302;1763861281302;;
330;463;0.2035977;0.5069463;0.1946777;0.5539377;375.1;0.2115804;False;11/23/2025 9:28:01 AM:319;1763861281319;;
363;470;0.2238437;0.5148536;0.3622762;0.6257349;375.7;0.1836914;False;11/23/2025 9:28:01 AM:342;1763861281342;;
419;475;0.2583692;0.5199345;0.4368719;0.6190107;376.2;0.1836851;False;11/23/2025 9:28:01 AM:361;1763861281361;;
450;499;0.2772044;0.5463413;0.4026085;0.7440239;376.2;0.1531007;True;11/23/2025 9:28:01 AM:382;1763861281382;;
472;516;0.2907037;0.5654957;0.402606;0.7440208;376.2;0.1531009;True;11/23/2025 9:28:01 AM:400;1763861281400;;
489;524;0.3014457;0.5734803;0.3984526;0.6905309;375.6;0.1685991;True;11/23/2025 9:28:01 AM:419;1763861281419;;
616;541;0.3796036;0.5922668;0.5993378;0.7584856;374.5;0.1844349;False;11/23/2025 9:28:01 AM:442;1763861281442;;
693;553;0.4268348;0.6055717;0.5993421;0.7584885;373.6;0.1844363;False;11/23/2025 9:28:01 AM:461;1763861281461;;
727;558;0.4476663;0.6115749;0.5507129;0.7184786;372.8;0.1920858;False;11/23/2025 9:28:01 AM:481;1763861281481;;
800;564;0.4931937;0.6170692;0.6371946;0.7165933;373.1;0.2147313;False;11/23/2025 9:28:01 AM:505;1763861281505;;
850;568;0.523661;0.6217036;0.6484276;0.7242259;373.3;0.2147585;False;11/23/2025 9:28:01 AM:523;1763861281523;;
886;585;0.5461584;0.6409494;0.6467735;0.8239101;372.8;0.2041404;False;11/23/2025 9:28:01 AM:543;1763861281543;;
912;596;0.5619605;0.6528381;0.6431205;0.8020858;371.0;0.197584;False;11/23/2025 9:28:01 AM:564;1763861281564;;
931;605;0.573424;0.6622518;0.6430967;0.8020748;369.4;0.1975621;False;11/23/2025 9:28:01 AM:582;1763861281582;;
953;597;0.5870141;0.653282;0.6582947;0.5625992;371.1;0.1870742;False;11/23/2025 9:28:01 AM:604;1763861281604;;
963;592;0.5934202;0.6481381;0.6420145;0.5748223;372.7;0.1870805;False;11/23/2025 9:28:01 AM:624;1763861281624;;
971;592;0.5980015;0.6479852;0.6375136;0.6408185;373.8;0.2027074;False;11/23/2025 9:28:01 AM:644;1763861281644;;
981;599;0.6042693;0.6560429;0.654507;0.7729213;373.1;0.1920376;False;11/23/2025 9:28:01 AM:666;1763861281666;;
988;605;0.6088201;0.6621412;0.6545013;0.7729139;372.5;0.1920335;False;11/23/2025 9:28:01 AM:684;1763861281684;;
1053;593;0.6488642;0.6488794;0.7984546;0.527028;373.0;0.2077458;False;11/23/2025 9:28:01 AM:705;1763861281705;;
1098;583;0.6762218;0.6387153;0.7984617;0.5270218;373.4;0.2077553;False;11/23/2025 9:28:01 AM:724;1763861281724;;
1198;532;0.7378494;0.5830606;0.9160619;0.3261295;371.1;0.2127118;False;11/23/2025 9:28:01 AM:745;1763861281745;;
1266;494;0.7800717;0.541236;0.9160899;0.3261239;369.0;0.2127403;False;11/23/2025 9:28:01 AM:765;1763861281765;;
1320;460;0.8133412;0.503819;0.9288332;0.3030155;369.3;0.2267148;False;11/23/2025 9:28:01 AM:786;1763861281786;;
1356;434;0.8354237;0.4752366;0.9228864;0.3042067;370.2;0.2238716;False;11/23/2025 9:28:01 AM:807;1763861281807;;
1381;415;0.8504488;0.4545895;0.9228867;0.3042066;371.1;0.2238738;False;11/23/2025 9:28:01 AM:827;1763861281827;;
1392;400;0.8575095;0.4379213;0.900032;0.305954;370.9;0.2333241;False;11/23/2025 9:28:01 AM:847;1763861281847;;
1401;387;0.8631805;0.4240986;0.9000453;0.3059568;370.8;0.2333474;False;11/23/2025 9:28:01 AM:868;1763861281868;;
1440;379;0.8868124;0.4154048;0.9849594;0.3220321;368.8;0.2404667;False;11/23/2025 9:28:01 AM:890;1763861281890;;
1465;372;0.9023904;0.4077834;0.9815257;0.3150734;367.7;0.2372634;False;11/23/2025 9:28:01 AM:911;1763861281911;;
1484;366;0.9139934;0.4011264;0.9786857;0.3144313;366.7;0.2372726;False;11/23/2025 9:28:01 AM:932;1763861281932;;
1494;362;0.9205363;0.3963573;0.9648665;0.3227345;366.4;0.235716;False;11/23/2025 9:28:01 AM:955;1763861281955;;
1506;358;0.9278172;0.3926798;0.9811212;0.3221139;366.2;0.2522279;False;11/23/2025 9:28:01 AM:975;1763861281975;;
1515;356;0.9332538;0.3897555;0.9811919;0.3221273;366.0;0.2523072;False;11/23/2025 9:28:01 AM:993;1763861281993;;
1516;355;0.9339352;0.3890771;0.9441376;0.3553358;364.5;0.2293858;False;11/23/2025 9:28:02 AM:14;1763861282014;;
1523;355;0.9380994;0.389086;0.9775546;0.3905249;365.2;0.2296813;False;11/23/2025 9:28:02 AM:37;1763861282037;;
1528;355;0.9413015;0.3890934;0.9776259;0.3905143;365.8;0.229776;False;11/23/2025 9:28:02 AM:58;1763861282058;;
1535;355;0.9452244;0.3890044;0.9841735;0.3757228;365.5;0.2383124;False;11/23/2025 9:28:02 AM:83;1763861282083;;
1538;353;0.9475919;0.3865224;0.9792731;0.3269712;364.5;0.2349699;False;11/23/2025 9:28:02 AM:107;1763861282107;;
1540;353;0.9486662;0.3865534;0.9699808;0.3896254;363.8;0.2358393;False;11/23/2025 9:28:02 AM:129;1763861282129;;
1541;353;0.9494547;0.3865769;0.9700238;0.3896185;363.2;0.2359153;False;11/23/2025 9:28:02 AM:149;1763861282149;;
1543;353;0.9501538;0.3865981;0.9700478;0.3896147;362.7;0.2359581;False;11/23/2025 9:28:02 AM:168;1763861282168;;
1543;350;0.9502843;0.3838567;0.9567544;0.3225183;361.9;0.2328179;False;11/23/2025 9:28:02 AM:194;1763861282194;;
1544;351;0.9507788;0.3844767;0.9678765;0.4089218;359.6;0.2413017;False;11/23/2025 9:28:02 AM:215;1763861282215;;
1544;352;0.950819;0.3851685;0.9552833;0.4147844;357.5;0.2415305;False;11/23/2025 9:28:02 AM:233;1763861282233;;
1548;350;0.9537739;0.3837962;0.9988703;0.3386353;358.0;0.239401;False;11/23/2025 9:28:02 AM:257;1763861282257;;
1549;348;0.9542867;0.3815647;0.973622;0.3245469;358.5;0.2359864;False;11/23/2025 9:28:02 AM:282;1763861282282;;
1552;347;0.9559951;0.3798698;0.991098;0.3278534;358.9;0.2527549;False;11/23/2025 9:28:02 AM:307;1763861282307;;
1553;345;0.9567984;0.3783273;0.9853035;0.3220001;359.3;0.2526962;False;11/23/2025 9:28:02 AM:328;1763861282328;;
1506;340;0.9278227;0.3723133;0.7959681;0.2744927;360.8;0.2297234;False;11/23/2025 9:28:02 AM:352;1763861282352;;
1152;330;0.7099604;0.3621181;0.4066763;0.2383356;363.2;0.239327;False;11/23/2025 9:28:02 AM:375;1763861282375;;
961;323;0.5918847;0.3536724;0.4067299;0.2382782;365.3;0.239369;False;11/23/2025 9:28:02 AM:400;1763861282400;;
757;323;0.4664761;0.353562;0.2956663;0.3487562;366.6;0.2407985;False;11/23/2025 9:28:02 AM:426;1763861282426;;
568;311;0.3497971;0.3407329;0.229866;0.2232066;368.4;0.2452864;False;11/23/2025 9:28:02 AM:463;1763861282463;;
477;330;0.2941037;0.3618742;0.1892459;0.5148667;369.2;0.2494043;False;11/23/2025 9:28:02 AM:484;1763861282484;;
430;330;0.2652595;0.3617136;0.2067256;0.3390014;368.5;0.2510599;False;11/23/2025 9:28:02 AM:506;1763861282506;;
415;321;0.2555837;0.3516258;0.2288874;0.2162368;367.8;0.2449811;False;11/23/2025 9:28:02 AM:527;1763861282527;;
404;313;0.2493644;0.3428797;0.2292884;0.211668;367.1;0.2450173;False;11/23/2025 9:28:02 AM:546;1763861282546;;
376;321;0.2316792;0.3520682;0.1850619;0.4433566;367.3;0.2710251;False;11/23/2025 9:28:02 AM:568;1763861282568;;
359;327;0.2210651;0.3586903;0.1850633;0.4433447;367.5;0.2710294;False;11/23/2025 9:28:02 AM:590;1763861282590;;
354;326;0.2184876;0.3574263;0.2079058;0.3030169;366.7;0.2432113;False;11/23/2025 9:28:02 AM:611;1763861282611;;
352;325;0.2170101;0.3556882;0.2098232;0.2917614;365.9;0.2432509;False;11/23/2025 9:28:02 AM:630;1763861282630;;
342;330;0.2108309;0.36133;0.1838521;0.4357508;366.0;0.2541364;False;11/23/2025 9:28:02 AM:654;1763861282654;;
340;330;0.2097735;0.3612928;0.2040031;0.3394985;365.5;0.2511729;False;11/23/2025 9:28:02 AM:677;1763861282677;;
339;330;0.2090703;0.3611347;0.2046265;0.3336817;365.0;0.2512039;False;11/23/2025 9:28:02 AM:700;1763861282700;;
336;331;0.2069302;0.3621661;0.192644;0.3907437;365.1;0.2447867;False;11/23/2025 9:28:02 AM:723;1763861282723;;
331;343;0.204398;0.3758541;0.1854494;0.5038226;366.6;0.2504764;False;11/23/2025 9:28:02 AM:744;1763861282744;;
328;346;0.2023924;0.378924;0.186078;0.4379332;366.4;0.237134;False;11/23/2025 9:28:02 AM:767;1763861282767;;
326;348;0.200875;0.3813785;0.1860781;0.4379326;366.3;0.2371342;False;11/23/2025 9:28:02 AM:788;1763861282788;;
325;369;0.2005011;0.4040611;0.1959552;0.5716802;367.1;0.2525926;False;11/23/2025 9:28:02 AM:810;1763861282810;;
426;379;0.2624798;0.4156987;0.4825069;0.5404099;367.6;0.1731541;False;11/23/2025 9:28:02 AM:832;1763861282832;;
501;389;0.3090659;0.4264907;0.4967878;0.5532932;368.0;0.1731653;False;11/23/2025 9:28:02 AM:853;1763861282853;;
613;429;0.3778071;0.4701878;0.5763596;0.7006317;366.1;0.1034798;True;11/23/2025 9:28:02 AM:875;1763861282875;;
693;448;0.4269985;0.4911364;0.5867177;0.6536908;364.2;0.09511862;True;11/23/2025 9:28:02 AM:897;1763861282897;;
746;463;0.4598896;0.5070377;0.5867305;0.6536355;362.6;0.09512874;True;11/23/2025 9:28:02 AM:918;1763861282918;;
796;467;0.4906403;0.5118786;0.6079464;0.5949307;363.3;0.1126517;True;11/23/2025 9:28:02 AM:940;1763861282940;;
837;469;0.515783;0.5134735;0.6151555;0.5639332;365.7;0.1091579;True;11/23/2025 9:28:02 AM:963;1763861282963;;
864;470;0.532509;0.5147182;0.6151556;0.563932;367.9;0.1091589;True;11/23/2025 9:28:02 AM:984;1763861282984;;
822;470;0.5067354;0.5149705;0.3417051;0.5430027;369.3;0.1630691;True;11/23/2025 9:28:03 AM:7;1763861283007;;
791;470;0.487551;0.5151818;0.3417096;0.5430043;370.5;0.1630709;True;11/23/2025 9:28:03 AM:28;1763861283028;;
793;471;0.4886006;0.5162064;0.5017303;0.5643022;371.4;0.1876726;False;11/23/2025 9:28:03 AM:50;1763861283050;;
792;472;0.4879697;0.5165317;0.43546;0.549682;371.7;0.1961195;False;11/23/2025 9:28:03 AM:74;1763861283074;;
791;472;0.4874307;0.5168114;0.4355217;0.5496423;371.9;0.1961427;False;11/23/2025 9:28:03 AM:100;1763861283100;;
772;472;0.4758478;0.5171033;0.3617899;0.5518779;373.5;0.1991709;False;11/23/2025 9:28:03 AM:122;1763861283122;;
771;471;0.4748289;0.5161773;0.4184572;0.4914925;374.1;0.2045344;False;11/23/2025 9:28:03 AM:145;1763861283145;;
757;476;0.4665942;0.5213305;0.3675004;0.6116898;375.4;0.200058;False;11/23/2025 9:28:03 AM:170;1763861283170;;
753;479;0.4640823;0.5251148;0.3947221;0.6071894;376.5;0.2000929;False;11/23/2025 9:28:03 AM:193;1763861283193;;
744;479;0.4583769;0.5249046;0.3709412;0.5173107;377.9;0.2015731;False;11/23/2025 9:28:03 AM:217;1763861283217;;
756;474;0.466078;0.518663;0.5203819;0.4403763;380.2;0.2092271;False;11/23/2025 9:28:03 AM:240;1763861283240;;
753;473;0.464072;0.5184205;0.4017522;0.5067079;382.5;0.2044306;False;11/23/2025 9:28:03 AM:265;1763861283265;;
751;473;0.4627481;0.5183906;0.4058558;0.5158157;384.7;0.2044664;False;11/23/2025 9:28:03 AM:288;1763861283288;;
750;475;0.4618655;0.5198513;0.4077329;0.5701126;387.1;0.1990302;False;11/23/2025 9:28:03 AM:311;1763861283311;;
743;472;0.4578541;0.517311;0.3806199;0.4671928;389.1;0.1947127;False;11/23/2025 9:28:03 AM:335;1763861283335;;
738;471;0.4548968;0.5154343;0.3806556;0.4671986;390.9;0.1947261;False;11/23/2025 9:28:03 AM:356;1763861283356;;
735;469;0.4529935;0.5132869;0.3883685;0.4626136;393.0;0.1891712;False;11/23/2025 9:28:03 AM:380;1763861283380;;
734;467;0.4524932;0.5111712;0.4403429;0.4561595;393.8;0.1939766;False;11/23/2025 9:28:03 AM:403;1763861283403;;
734;463;0.4519954;0.5069916;0.4291105;0.4275372;394.5;0.1940161;False;11/23/2025 9:28:03 AM:424;1763861283424;;
712;463;0.4388952;0.5069295;0.3224334;0.4901095;396.9;0.1853312;False;11/23/2025 9:28:03 AM:446;1763861283446;;
693;463;0.4269098;0.5069216;0.315916;0.5059548;399.1;0.1853539;False;11/23/2025 9:28:03 AM:468;1763861283468;;
697;463;0.4294215;0.5066263;0.4601907;0.4797885;401.7;0.2005048;False;11/23/2025 9:28:03 AM:489;1763861283489;;
695;462;0.4281209;0.5058478;0.3793106;0.4668439;404.3;0.1874414;False;11/23/2025 9:28:03 AM:512;1763861283512;;
686;456;0.4227076;0.4998644;0.3424487;0.4022285;405.9;0.1981686;False;11/23/2025 9:28:03 AM:534;1763861283534;;
685;451;0.4219286;0.494406;0.3758357;0.3945444;407.3;0.1982204;False;11/23/2025 9:28:03 AM:554;1763861283554;;
684;451;0.4216419;0.4943915;0.3981508;0.469907;409.5;0.1880099;False;11/23/2025 9:28:03 AM:577;1763861283577;;
681;451;0.419538;0.4942456;0.3628656;0.4642426;410.9;0.2000196;False;11/23/2025 9:28:03 AM:602;1763861283602;;
678;451;0.417694;0.4941132;0.3628891;0.4642465;412.2;0.200032;False;11/23/2025 9:28:03 AM:627;1763861283627;;
659;451;0.4058219;0.4940127;0.2984092;0.4861664;413.5;0.2109178;False;11/23/2025 9:28:03 AM:650;1763861283650;;
646;451;0.3979443;0.4943964;0.3048538;0.5087842;416.2;0.2219734;False;11/23/2025 9:28:03 AM:672;1763861283672;;
588;449;0.3625957;0.4912561;0.1948578;0.4161551;416.5;0.2347035;False;11/23/2025 9:28:03 AM:694;1763861283694;;
545;446;0.3360852;0.4885494;0.1948724;0.416058;416.8;0.2347593;False;11/23/2025 9:28:03 AM:717;1763861283717;;
515;440;0.3176825;0.4820731;0.2000698;0.3756475;417.2;0.2475381;False;11/23/2025 9:28:03 AM:739;1763861283739;;
495;430;0.3052579;0.4709854;0.2065128;0.3336622;419.1;0.235706;False;11/23/2025 9:28:03 AM:760;1763861283760;;
477;423;0.2941903;0.4636038;0.2034368;0.349092;420.8;0.2357126;False;11/23/2025 9:28:03 AM:784;1763861283784;;
463;421;0.285378;0.4606744;0.2001001;0.3756486;420.9;0.2348903;False;11/23/2025 9:28:03 AM:806;1763861283806;;
453;414;0.2789547;0.4530147;0.2052922;0.3306985;421.6;0.2425908;False;11/23/2025 9:28:03 AM:827;1763861283827;;
445;408;0.2742404;0.4470979;0.2057014;0.3296644;422.2;0.2426637;False;11/23/2025 9:28:03 AM:847;1763861283847;;
439;403;0.2704865;0.4409828;0.2080183;0.3215691;422.7;0.2427227;False;11/23/2025 9:28:03 AM:867;1763861283867;;
430;402;0.2651357;0.4408457;0.1949033;0.3956563;422.2;0.2453598;False;11/23/2025 9:28:03 AM:890;1763861283890;;
423;402;0.260471;0.4404643;0.191436;0.4218164;420.1;0.2387042;False;11/23/2025 9:28:03 AM:912;1763861283912;;
417;402;0.2569272;0.4402755;0.1943735;0.3904209;419.8;0.2454989;False;11/23/2025 9:28:03 AM:933;1763861283933;;
412;402;0.2537809;0.4400546;0.1922593;0.4038883;419.5;0.2454978;False;11/23/2025 9:28:03 AM:955;1763861283955;;
407;402;0.2507239;0.4400559;0.1888254;0.4401018;418.0;0.2493913;False;11/23/2025 9:28:03 AM:976;1763861283976;;
404;416;0.2489594;0.4561112;0.1982117;0.5793863;416.7;0.2446866;False;11/23/2025 9:28:03 AM:999;1763861283999;;
402;427;0.2476274;0.4674183;0.1982151;0.5794082;415.5;0.244689;False;11/23/2025 9:28:04 AM:20;1763861284020;;
398;428;0.2451973;0.4685746;0.1870168;0.4968684;414.7;0.2415976;False;11/23/2025 9:28:04 AM:42;1763861284042;;
397;422;0.2444588;0.4620581;0.2013555;0.3595192;411.4;0.2481062;False;11/23/2025 9:28:04 AM:65;1763861284065;;
395;417;0.2437567;0.4571942;0.1993338;0.359745;408.4;0.2481471;False;11/23/2025 9:28:04 AM:85;1763861284085;;
395;408;0.2435984;0.4464616;0.2082181;0.3156826;406.2;0.2466388;False;11/23/2025 9:28:04 AM:109;1763861284109;;
395;398;0.2435809;0.4355484;0.2108627;0.3025097;406.7;0.2478075;False;11/23/2025 9:28:04 AM:132;1763861284132;;
395;388;0.2435276;0.4251527;0.212417;0.2891763;407.1;0.2478169;False;11/23/2025 9:28:04 AM:154;1763861284154;;
395;383;0.2433755;0.419757;0.2081253;0.3168052;405.9;0.2413544;False;11/23/2025 9:28:04 AM:177;1763861284177;;
395;376;0.2432956;0.4123131;0.212853;0.2910842;406.0;0.2551267;False;11/23/2025 9:28:04 AM:199;1763861284199;;
394;376;0.2427588;0.4118427;0.2004234;0.3549741;406.1;0.2551439;False;11/23/2025 9:28:04 AM:220;1763861284220;;
393;369;0.2425268;0.4044436;0.2167548;0.2824603;406.3;0.2637021;False;11/23/2025 9:28:04 AM:242;1763861284242;;
393;366;0.2425078;0.4007206;0.2111241;0.301955;407.0;0.2655171;False;11/23/2025 9:28:04 AM:265;1763861284265;;
393;363;0.2424902;0.3975249;0.2111295;0.3019315;407.7;0.265522;False;11/23/2025 9:28:04 AM:287;1763861284287;;
393;362;0.2423743;0.396283;0.2082575;0.320217;409.1;0.2498547;False;11/23/2025 9:28:04 AM:310;1763861284310;;
393;357;0.2421939;0.3914781;0.2162179;0.2776426;410.4;0.2498678;False;11/23/2025 9:28:04 AM:331;1763861284331;;
390;361;0.240434;0.395792;0.1859448;0.4479711;409.3;0.2543014;False;11/23/2025 9:28:04 AM:353;1763861284353;;
389;361;0.2401073;0.3955276;0.2017354;0.3559786;408.4;0.2537577;False;11/23/2025 9:28:04 AM:377;1763861284377;;
389;361;0.2397949;0.3951959;0.2297338;0.3605819;407.9;0.2637117;False;11/23/2025 9:28:04 AM:402;1763861284402;;
389;359;0.2397457;0.393504;0.2116739;0.3160648;407.5;0.2637157;False;11/23/2025 9:28:04 AM:422;1763861284422;;
388;347;0.2394706;0.379761;0.2264029;0.2253862;407.0;0.2508321;False;11/23/2025 9:28:04 AM:446;1763861284446;;
388;342;0.2393276;0.3750022;0.2178922;0.2662418;405.8;0.260044;False;11/23/2025 9:28:04 AM:466;1763861284466;;
388;339;0.2392014;0.3709458;0.2178976;0.2662172;404.7;0.2600417;False;11/23/2025 9:28:04 AM:489;1763861284489;;
388;337;0.2391251;0.3690882;0.2114998;0.2845454;402.5;0.2473988;False;11/23/2025 9:28:04 AM:510;1763861284510;;
388;334;0.2389969;0.3659591;0.2184768;0.2664452;401.4;0.2577021;False;11/23/2025 9:28:04 AM:530;1763861284530;;
387;328;0.2388196;0.3595403;0.2253165;0.2304872;400.4;0.2577308;False;11/23/2025 9:28:04 AM:551;1763861284551;;
385;331;0.2375606;0.363054;0.1925616;0.4090593;401.4;0.2638974;False;11/23/2025 9:28:04 AM:573;1763861284573;;
383;331;0.2361274;0.3629273;0.189573;0.3593927;401.2;0.2633372;False;11/23/2025 9:28:04 AM:597;1763861284597;;
381;331;0.235152;0.3625883;0.1912544;0.3415917;400.9;0.2632948;False;11/23/2025 9:28:04 AM:619;1763861284619;;
379;335;0.2338586;0.3672461;0.1862615;0.4276564;400.2;0.2643788;False;11/23/2025 9:28:04 AM:642;1763861284642;;
379;334;0.2337306;0.3663621;0.2086527;0.311706;400.0;0.271109;False;11/23/2025 9:28:04 AM:663;1763861284663;;
378;335;0.2331873;0.3675052;0.1952389;0.3913308;401.6;0.2635132;False;11/23/2025 9:28:04 AM:690;1763861284690;;
378;336;0.2327872;0.3683251;0.1952451;0.3912969;403.1;0.2635158;False;11/23/2025 9:28:04 AM:711;1763861284711;;
377;336;0.2325055;0.3686025;0.1963138;0.3805906;404.5;0.2635202;False;11/23/2025 9:28:04 AM:732;1763861284732;;
377;335;0.2323302;0.3675226;0.2073243;0.3194641;403.5;0.2614483;False;11/23/2025 9:28:04 AM:756;1763861284756;;
376;336;0.2319939;0.3676999;0.195362;0.3761632;405.2;0.2533705;False;11/23/2025 9:28:04 AM:777;1763861284777;;
376;335;0.2318008;0.3666363;0.2080667;0.3189825;405.5;0.2560118;False;11/23/2025 9:28:04 AM:800;1763861284800;;
376;334;0.2316411;0.3657679;0.2080755;0.3189429;405.9;0.2560269;False;11/23/2025 9:28:04 AM:822;1763861284822;;
382;329;0.2354136;0.3605511;0.2750354;0.2675675;406.7;0.2691132;False;11/23/2025 9:28:04 AM:845;1763861284845;;
381;329;0.2352178;0.360455;0.2073965;0.338552;407.5;0.2573349;False;11/23/2025 9:28:04 AM:869;1763861284869;;
381;329;0.2350502;0.3603727;0.2074052;0.3385154;408.2;0.2573608;False;11/23/2025 9:28:04 AM:893;1763861284893;;
380;330;0.2344011;0.3614668;0.1973059;0.389691;408.4;0.2450687;False;11/23/2025 9:28:04 AM:915;1763861284915;;
380;330;0.2342916;0.3614233;0.2065375;0.3384427;407.7;0.2649693;False;11/23/2025 9:28:04 AM:937;1763861284937;;
380;330;0.2340169;0.361393;0.202562;0.3591503;408.2;0.2529165;False;11/23/2025 9:28:04 AM:960;1763861284960;;
379;330;0.2338334;0.3613333;0.2036306;0.3514047;408.7;0.2529232;False;11/23/2025 9:28:04 AM:981;1763861284981;;
379;329;0.2337372;0.3607819;0.2110044;0.3237121;408.0;0.2639078;False;11/23/2025 9:28:05 AM:4;1763861285004;;
379;328;0.2335692;0.3594644;0.2151486;0.3071628;406.6;0.2451221;False;11/23/2025 9:28:05 AM:27;1763861285027;;
379;327;0.2334427;0.3579862;0.2148598;0.2989735;405.3;0.2451433;False;11/23/2025 9:28:05 AM:48;1763861285048;;
379;327;0.2333884;0.3579987;0.2114672;0.358621;405.4;0.2510042;False;11/23/2025 9:28:05 AM:72;1763861285072;;
379;314;0.2334315;0.3444395;0.234818;0.2013658;406.8;0.2267805;False;11/23/2025 9:28:05 AM:95;1763861285095;;
379;301;0.2335545;0.3303337;0.2375223;0.1839411;408.0;0.2268551;False;11/23/2025 9:28:05 AM:117;1763861285117;;
379;311;0.2335142;0.3402657;0.2315421;0.4391029;409.7;0.2030425;False;11/23/2025 9:28:05 AM:140;1763861285140;;
379;318;0.2335671;0.3489814;0.2357906;0.443335;411.2;0.2031572;False;11/23/2025 9:28:05 AM:165;1763861285165;;
376;335;0.2318597;0.3673742;0.1902403;0.5078002;408.7;0.1929462;False;11/23/2025 9:28:05 AM:189;1763861285189;;
375;361;0.2312244;0.395784;0.2011815;0.5693318;409.6;0.19139;False;11/23/2025 9:28:05 AM:214;1763861285214;;
375;399;0.2311974;0.4368766;0.213263;0.6493462;409.4;0.1921441;False;11/23/2025 9:28:05 AM:237;1763861285237;;
375;429;0.231148;0.4701416;0.2168138;0.6647732;409.3;0.1922377;False;11/23/2025 9:28:05 AM:260;1763861285260;;
375;461;0.2310486;0.505115;0.2234353;0.6874151;410.7;0.2027352;False;11/23/2025 9:28:05 AM:286;1763861285286;;
373;463;0.2302165;0.5075666;0.1966937;0.555104;410.0;0.2033627;False;11/23/2025 9:28:05 AM:309;1763861285309;;
374;490;0.2307477;0.5361407;0.2438227;0.7114453;409.1;0.20315;False;11/23/2025 9:28:05 AM:333;1763861285333;;
375;508;0.2311615;0.556357;0.2438762;0.7114915;408.4;0.2032051;False;11/23/2025 9:28:05 AM:354;1763861285354;;
375;521;0.2311235;0.5705299;0.2261927;0.69608;408.1;0.2007837;False;11/23/2025 9:28:05 AM:378;1763861285378;;
376;526;0.2315993;0.5764205;0.246058;0.6594919;406.7;0.2039692;False;11/23/2025 9:28:05 AM:402;1763861285402;;
377;543;0.232283;0.5950066;0.2512397;0.7429383;407.8;0.2148106;False;11/23/2025 9:28:05 AM:426;1763861285426;;
378;558;0.2330166;0.6108324;0.2543955;0.7521468;408.8;0.2148341;False;11/23/2025 9:28:05 AM:449;1763861285449;;
378;558;0.2329258;0.6115379;0.2238917;0.6453443;408.5;0.1934893;False;11/23/2025 9:28:05 AM:472;1763861285472;;
379;565;0.233619;0.618694;0.255168;0.7192795;408.0;0.2112585;False;11/23/2025 9:28:05 AM:496;1763861285496;;
380;572;0.2340405;0.6260061;0.252064;0.7318107;407.5;0.2112713;False;11/23/2025 9:28:05 AM:517;1763861285517;;
379;573;0.2338029;0.627425;0.221336;0.6812546;408.9;0.1905222;False;11/23/2025 9:28:05 AM:542;1763861285542;;
379;575;0.2337206;0.6295886;0.2258952;0.6952513;410.2;0.1905339;False;11/23/2025 9:28:05 AM:565;1763861285565;;
379;576;0.2334892;0.6303713;0.2201496;0.6776308;408.7;0.1997709;False;11/23/2025 9:28:05 AM:589;1763861285589;;
378;576;0.233133;0.6304402;0.2157553;0.6616818;407.8;0.1922472;False;11/23/2025 9:28:05 AM:612;1763861285612;;
378;576;0.2328617;0.6305571;0.2165482;0.6638527;409.4;0.2074061;False;11/23/2025 9:28:05 AM:636;1763861285636;;
377;576;0.2326429;0.6306525;0.2165462;0.663844;410.8;0.2074108;False;11/23/2025 9:28:05 AM:658;1763861285658;;
377;580;0.2326705;0.6347436;0.2350261;0.7228434;410.6;0.2101944;False;11/23/2025 9:28:05 AM:681;1763861285681;;
377;580;0.2326311;0.6355573;0.223907;0.6895226;410.1;0.1941008;False;11/23/2025 9:28:05 AM:702;1763861285702;;
377;581;0.2324105;0.6357176;0.216508;0.6633383;410.4;0.2016458;False;11/23/2025 9:28:05 AM:726;1763861285726;;
377;581;0.2323004;0.6358739;0.2193868;0.675077;410.7;0.201706;False;11/23/2025 9:28:05 AM:750;1763861285750;;
375;575;0.2310638;0.6301746;0.1970357;0.5600759;409.4;0.1976512;False;11/23/2025 9:28:05 AM:774;1763861285774;;
375;577;0.2310762;0.6314287;0.2319366;0.6866215;409.3;0.2026711;False;11/23/2025 9:28:05 AM:798;1763861285798;;
375;578;0.2311429;0.6333224;0.2353485;0.7006485;409.2;0.2026715;False;11/23/2025 9:28:05 AM:820;1763861285820;;
373;574;0.2300319;0.6289659;0.1980619;0.5686553;407.7;0.199705;False;11/23/2025 9:28:05 AM:843;1763861285843;;
373;575;0.2299962;0.6295162;0.2185382;0.6706601;407.3;0.1941857;False;11/23/2025 9:28:05 AM:868;1763861285868;;
372;574;0.2293794;0.6283185;0.2028591;0.5993029;408.8;0.2102517;False;11/23/2025 9:28:05 AM:891;1763861285891;;
372;574;0.2292542;0.628348;0.2120295;0.6454741;410.2;0.2103021;False;11/23/2025 9:28:05 AM:910;1763861285910;;
372;575;0.2295171;0.6294656;0.238379;0.6769828;409.4;0.2024861;False;11/23/2025 9:28:05 AM:936;1763861285936;;
372;575;0.2294483;0.6297689;0.2165729;0.6634259;407.3;0.1971415;False;11/23/2025 9:28:05 AM:961;1763861285961;;
372;576;0.2294302;0.630228;0.2186079;0.6704115;405.4;0.1971754;False;11/23/2025 9:28:05 AM:981;1763861285981;;
371;573;0.2287105;0.6278508;0.1999256;0.5819651;404.3;0.1901285;False;11/23/2025 9:28:06 AM:3;1763861286003;;
370;573;0.2283024;0.6273569;0.2041116;0.6088863;403.3;0.1901423;False;11/23/2025 9:28:06 AM:26;1763861286026;;
370;573;0.2282354;0.6273949;0.2125191;0.6344114;403.4;0.1998373;False;11/23/2025 9:28:06 AM:50;1763861286050;;
481;573;0.2961937;0.6270959;0.4860344;0.6127934;403.5;0.1986545;False;11/23/2025 9:28:06 AM:73;1763861286073;;
553;555;0.3409316;0.6073146;0.4814128;0.4618686;403.8;0.2090882;False;11/23/2025 9:28:06 AM:97;1763861286097;;
641;543;0.3947677;0.5951753;0.5520452;0.4734934;404.2;0.2090943;False;11/23/2025 9:28:06 AM:120;1763861286120;;
898;531;0.5532392;0.5816709;0.8059863;0.4517002;403.9;0.230608;False;11/23/2025 9:28:06 AM:143;1763861286143;;
928;530;0.5715935;0.5804528;0.6299365;0.5375521;404.5;0.2182631;False;11/23/2025 9:28:06 AM:166;1763861286166;;
948;529;0.5843509;0.5793943;0.6299562;0.5375236;405.0;0.2182602;False;11/23/2025 9:28:06 AM:187;1763861286187;;
974;524;0.6001416;0.5740576;0.6574033;0.483923;404.5;0.2214636;False;11/23/2025 9:28:06 AM:210;1763861286210;;
1029;525;0.6338125;0.5744484;0.7293903;0.5907008;404.9;0.2376472;False;11/23/2025 9:28:06 AM:233;1763861286233;;
1037;521;0.6388241;0.5711017;0.6619999;0.4992839;405.2;0.2356648;False;11/23/2025 9:28:06 AM:257;1763861286257;;
1039;518;0.640061;0.5675578;0.646944;0.4934291;405.5;0.2356619;False;11/23/2025 9:28:06 AM:282;1763861286282;;
1059;519;0.6522326;0.5680646;0.7020539;0.5841947;405.5;0.234514;False;11/23/2025 9:28:06 AM:307;1763861286307;;
1095;520;0.6747525;0.5690784;0.7584381;0.5978609;405.7;0.2357829;False;11/23/2025 9:28:06 AM:333;1763861286333;;
1094;544;0.6737717;0.5955899;0.5953296;0.7728105;406.4;0.2333972;False;11/23/2025 9:28:06 AM:354;1763861286354;;
1077;552;0.6636896;0.6047498;0.5249135;0.7122315;406.9;0.2334031;False;11/23/2025 9:28:06 AM:375;1763861286375;;
1079;540;0.6646398;0.5909627;0.6722713;0.4595824;407.4;0.2459174;False;11/23/2025 9:28:06 AM:399;1763861286399;;
1077;525;0.6634176;0.5750493;0.6111655;0.4235777;407.8;0.2459433;False;11/23/2025 9:28:06 AM:420;1763861286420;;
1112;525;0.6851277;0.5745885;0.7757857;0.5427391;408.1;0.2377917;False;11/23/2025 9:28:06 AM:444;1763861286444;;
1144;519;0.70487;0.5688593;0.7877039;0.4788707;406.6;0.2477049;False;11/23/2025 9:28:06 AM:468;1763861286468;;
1177;515;0.7250878;0.56351;0.8206995;0.4658324;405.2;0.2477151;False;11/23/2025 9:28:06 AM:490;1763861286490;;
1268;511;0.7808739;0.5591205;0.9394289;0.470014;404.0;0.2388283;False;11/23/2025 9:28:06 AM:512;1763861286512;;
1311;511;0.8077668;0.5591229;0.9096059;0.5592387;404.0;0.2484576;False;11/23/2025 9:28:06 AM:534;1763861286534;;
1358;510;0.8363086;0.5590339;0.9416264;0.5520151;403.9;0.2484496;False;11/23/2025 9:28:06 AM:556;1763861286556;;
1376;514;0.8475797;0.5634521;0.9024749;0.6277227;401.6;0.2546546;False;11/23/2025 9:28:06 AM:579;1763861286579;;
1413;518;0.8704307;0.5670368;0.9621062;0.62848;399.0;0.2491262;False;11/23/2025 9:28:06 AM:603;1763861286603;;
1437;519;0.8853768;0.5678877;0.9553626;0.5972371;397.2;0.2456569;False;11/23/2025 9:28:06 AM:627;1763861286627;;
1463;520;0.90118;0.5696718;0.9779323;0.616758;395.6;0.2456541;False;11/23/2025 9:28:06 AM:648;1763861286648;;
1464;526;0.9017224;0.5755748;0.9070923;0.6598905;394.5;0.2552683;False;11/23/2025 9:28:06 AM:673;1763861286673;;
1463;527;0.9012821;0.5772699;0.8951259;0.6261286;393.9;0.2568589;False;11/23/2025 9:28:06 AM:698;1763861286698;;
1479;529;0.9110398;0.5787793;0.9722841;0.6287513;393.8;0.251865;False;11/23/2025 9:28:06 AM:722;1763861286722;;
1495;529;0.9211539;0.5790277;0.9880625;0.6061287;393.8;0.2518625;False;11/23/2025 9:28:06 AM:744;1763861286744;;
1509;529;0.9294427;0.5790035;0.98455;0.5773314;392.9;0.2536596;False;11/23/2025 9:28:06 AM:770;1763861286770;;
1508;528;0.9291162;0.5787294;0.9164685;0.5646834;391.8;0.243868;False;11/23/2025 9:28:06 AM:793;1763861286793;;
1509;522;0.9297938;0.5716374;0.9421299;0.4797113;390.8;0.243839;False;11/23/2025 9:28:06 AM:814;1763861286814;;
1510;519;0.9298855;0.5687318;0.9323195;0.5094133;390.1;0.2301358;False;11/23/2025 9:28:06 AM:838;1763861286838;;
1510;514;0.930199;0.5630821;0.9382057;0.4761419;389.4;0.2302209;False;11/23/2025 9:28:06 AM:860;1763861286860;;
1352;514;0.8325468;0.5631;0.599085;0.5654812;391.4;0.151414;True;11/23/2025 9:28:06 AM:885;1763861286885;;
1236;544;0.7611059;0.5956849;0.5776763;0.7857461;397.2;0.1053875;True;11/23/2025 9:28:06 AM:909;1763861286909;;
1168;546;0.7193891;0.5976018;0.5897852;0.6430612;400.1;0.1034734;True;11/23/2025 9:28:06 AM:932;1763861286932;;
1127;546;0.6940938;0.5981539;0.5953218;0.6241788;402.8;0.1035293;True;11/23/2025 9:28:06 AM:954;1763861286954;;
1118;545;0.6888776;0.5969665;0.6558518;0.5574859;405.2;0.1432836;True;11/23/2025 9:28:06 AM:978;1763861286978;;
1139;545;0.7016771;0.5969155;0.8362296;0.5860925;405.9;0.1570006;True;11/23/2025 9:28:07 AM:0;1763861287000;;
1153;545;0.7105161;0.5969178;0.8273869;0.5974431;406.4;0.1864325;False;11/23/2025 9:28:07 AM:24;1763861287024;;
1159;545;0.7139996;0.5969146;0.8058115;0.595567;406.9;0.186427;False;11/23/2025 9:28:07 AM:47;1763861287047;;
1222;543;0.7525814;0.5951687;0.9402353;0.5450124;405.4;0.1899173;False;11/23/2025 9:28:07 AM:70;1763861287070;;
1278;544;0.7874526;0.5961179;0.9603277;0.6282601;404.6;0.1936643;False;11/23/2025 9:28:07 AM:92;1763861287092;;
1321;545;0.8135362;0.5969307;0.960354;0.6282099;403.9;0.1936564;False;11/23/2025 9:28:07 AM:115;1763861287115;;
1343;545;0.8271617;0.59655;0.934069;0.574;402.4;0.2138884;False;11/23/2025 9:28:07 AM:139;1763861287139;;
1362;542;0.8387273;0.5937029;0.9379299;0.5320112;402.4;0.2106886;False;11/23/2025 9:28:07 AM:162;1763861287162;;
1368;542;0.8424922;0.5939174;0.9072599;0.6074805;400.7;0.2169982;False;11/23/2025 9:28:07 AM:185;1763861287185;;
1373;543;0.8455645;0.5940994;0.907248;0.6075007;399.1;0.2169974;False;11/23/2025 9:28:07 AM:207;1763861287207;;
1348;543;0.8304933;0.5943345;0.7410126;0.6105379;400.8;0.2031465;False;11/23/2025 9:28:07 AM:230;1763861287230;;
1333;545;0.8211097;0.5966143;0.7501941;0.6516687;402.3;0.2031401;False;11/23/2025 9:28:07 AM:252;1763861287252;;
1199;542;0.7383376;0.5934576;0.53576;0.5319697;404.5;0.2200479;False;11/23/2025 9:28:07 AM:276;1763861287276;;
1087;534;0.669753;0.5843573;0.5059011;0.4808276;404.8;0.2100993;False;11/23/2025 9:28:07 AM:302;1763861287302;;
1020;527;0.6281401;0.5773187;0.507369;0.4807249;405.1;0.2100921;False;11/23/2025 9:28:07 AM:326;1763861287326;;
983;551;0.6058814;0.603465;0.5288407;0.7634745;405.7;0.1998058;False;11/23/2025 9:28:07 AM:352;1763861287352;;
970;559;0.597428;0.6125391;0.5551708;0.7105734;404.3;0.2019772;False;11/23/2025 9:28:07 AM:378;1763861287378;;
840;558;0.5178469;0.6106091;0.3400273;0.5583326;406.6;0.2134569;False;11/23/2025 9:28:07 AM:400;1763861287400;;
662;558;0.4079081;0.6111266;0.2091548;0.6333445;407.0;0.2149819;False;11/23/2025 9:28:07 AM:424;1763861287424;;
564;558;0.3477112;0.6115246;0.2091467;0.6333027;407.4;0.2149838;False;11/23/2025 9:28:07 AM:445;1763861287445;;
486;555;0.2996102;0.6082733;0.1929371;0.5419834;407.8;0.2259058;False;11/23/2025 9:28:07 AM:467;1763861287467;;
434;546;0.2674424;0.5977256;0.1863185;0.4782216;407.1;0.2226213;False;11/23/2025 9:28:07 AM:490;1763861287490;;
401;535;0.2474608;0.5863926;0.1877083;0.4585187;406.4;0.2227088;False;11/23/2025 9:28:07 AM:513;1763861287513;;
382;535;0.2352397;0.5861421;0.1956766;0.5580208;407.1;0.2219077;False;11/23/2025 9:28:07 AM:537;1763861287537;;
366;532;0.2255464;0.5831427;0.1888832;0.5110013;406.9;0.2314714;False;11/23/2025 9:28:07 AM:559;1763861287559;;
356;532;0.2192207;0.5820879;0.1926425;0.5329359;407.6;0.2203273;False;11/23/2025 9:28:07 AM:585;1763861287585;;
349;531;0.2151237;0.5812926;0.1926422;0.5329337;408.1;0.2203289;False;11/23/2025 9:28:07 AM:606;1763861287606;;
344;531;0.2118398;0.5809699;0.1934859;0.5431533;408.9;0.2211069;False;11/23/2025 9:28:07 AM:630;1763861287630;;
340;530;0.2096639;0.5809103;0.195447;0.555675;409.5;0.2261357;False;11/23/2025 9:28:07 AM:655;1763861287655;;
338;530;0.2084252;0.5807863;0.1971711;0.5670123;409.9;0.2261972;False;11/23/2025 9:28:07 AM:675;1763861287675;;
334;527;0.2059482;0.5776592;0.1863358;0.5000085;410.2;0.2181598;False;11/23/2025 9:28:07 AM:697;1763861287697;;
331;525;0.2041519;0.575233;0.1863258;0.4999039;410.5;0.2182199;False;11/23/2025 9:28:07 AM:719;1763861287719;;
329;524;0.2029957;0.5742281;0.1902026;0.5176166;409.8;0.2267099;False;11/23/2025 9:28:07 AM:742;1763861287742;;
327;522;0.2017878;0.5721929;0.1871319;0.4998363;410.2;0.2298167;False;11/23/2025 9:28:07 AM:764;1763861287764;;
326;522;0.2011456;0.5720748;0.1910835;0.5302147;410.6;0.2298913;False;11/23/2025 9:28:07 AM:785;1763861287785;;
325;519;0.2001738;0.5688928;0.1857598;0.483049;411.7;0.2185569;False;11/23/2025 9:28:07 AM:809;1763861287809;;
323;518;0.1994403;0.5677548;0.1868526;0.5035073;411.8;0.2184249;False;11/23/2025 9:28:07 AM:832;1763861287832;;
323;518;0.199198;0.5674409;0.1934136;0.5391506;410.5;0.214903;False;11/23/2025 9:28:07 AM:855;1763861287855;;
323;519;0.1992286;0.568269;0.2003667;0.5871401;409.2;0.2150925;False;11/23/2025 9:28:07 AM:878;1763861287878;;
324;519;0.1995599;0.5680812;0.2274548;0.5578505;409.5;0.2367866;False;11/23/2025 9:28:07 AM:902;1763861287902;;
327;519;0.201474;0.5680202;0.2506195;0.5649819;409.6;0.2434854;False;11/23/2025 9:28:07 AM:925;1763861287925;;
329;519;0.2030091;0.5679708;0.2506094;0.564999;409.8;0.2434839;False;11/23/2025 9:28:07 AM:945;1763861287945;;
329;517;0.203116;0.5656779;0.2226318;0.496941;409.8;0.237337;False;11/23/2025 9:28:07 AM:968;1763861287968;;
329;495;0.2030397;0.5423822;0.2008108;0.3640287;410.2;0.2307394;False;11/23/2025 9:28:07 AM:992;1763861287992;;
329;478;0.2031602;0.523665;0.2104101;0.3600886;409.8;0.2366403;False;11/23/2025 9:28:08 AM:16;1763861288016;;
330;463;0.2032123;0.5072244;0.2060027;0.3454879;409.4;0.2366487;False;11/23/2025 9:28:08 AM:37;1763861288037;;
330;459;0.2033121;0.5029268;0.2233372;0.4115996;409.2;0.2432221;False;11/23/2025 9:28:08 AM:59;1763861288059;;
330;445;0.2033852;0.4874364;0.2151991;0.3301871;409.1;0.2469585;False;11/23/2025 9:28:08 AM:82;1763861288082;;
330;437;0.2032774;0.4790533;0.1988593;0.352414;409.0;0.2469824;False;11/23/2025 9:28:08 AM:103;1763861288103;;
329;431;0.2031852;0.472115;0.1988658;0.3524011;408.9;0.2469865;False;11/23/2025 9:28:08 AM:124;1763861288124;;
329;429;0.203069;0.4700852;0.1979436;0.3944952;410.5;0.2547869;False;11/23/2025 9:28:08 AM:147;1763861288147;;
336;430;0.2073593;0.471483;0.2674866;0.4978563;411.8;0.2641649;False;11/23/2025 9:28:08 AM:170;1763861288170;;
336;428;0.2071315;0.4684728;0.1989509;0.386274;412.5;0.2471671;False;11/23/2025 9:28:08 AM:195;1763861288195;;
336;415;0.2071527;0.4549884;0.2147326;0.2983884;413.1;0.2472125;False;11/23/2025 9:28:08 AM:215;1763861288215;;
348;397;0.2145611;0.4353084;0.2926867;0.2567175;412.9;0.2565948;False;11/23/2025 9:28:08 AM:238;1763861288238;;
351;373;0.2162778;0.4082097;0.2592514;0.2008341;413.7;0.2530006;False;11/23/2025 9:28:08 AM:258;1763861288258;;
354;347;0.2185575;0.3801388;0.2660531;0.1819052;414.5;0.2530222;False;11/23/2025 9:28:08 AM:283;1763861288283;;
382;337;0.235559;0.3692156;0.3472056;0.2378658;414.2;0.26533;False;11/23/2025 9:28:08 AM:307;1763861288307;;
384;342;0.2368172;0.3743527;0.2756147;0.4417592;415.3;0.2511949;False;11/23/2025 9:28:08 AM:329;1763861288329;;
384;328;0.2367128;0.3591175;0.232723;0.2083252;415.2;0.2622479;False;11/23/2025 9:28:08 AM:352;1763861288352;;
384;318;0.236635;0.3483801;0.2327251;0.2083164;415.1;0.2622546;False;11/23/2025 9:28:08 AM:372;1763861288372;;
384;306;0.2367569;0.3350898;0.2539822;0.1845504;414.2;0.2539982;False;11/23/2025 9:28:08 AM:392;1763861288392;;
384;309;0.2367592;0.3387599;0.248862;0.3906989;414.9;0.2560629;False;11/23/2025 9:28:08 AM:417;1763861288417;;
384;312;0.2367612;0.3413797;0.2489082;0.3906625;415.6;0.256083;False;11/23/2025 9:28:08 AM:439;1763861288439;;
384;312;0.236799;0.3422852;0.2509615;0.3694028;416.7;0.2575762;False;11/23/2025 9:28:08 AM:460;1763861288460;;
385;313;0.237439;0.3431433;0.2662536;0.3702742;416.8;0.2696231;False;11/23/2025 9:28:08 AM:484;1763861288484;;
386;310;0.2378171;0.3394529;0.2639472;0.2598771;416.9;0.2696988;False;11/23/2025 9:28:08 AM:504;1763861288504;;
386;309;0.2378839;0.3389379;0.2458801;0.3032227;417.4;0.2463201;False;11/23/2025 9:28:08 AM:525;1763861288525;;
387;308;0.2386636;0.3374151;0.2723252;0.2801265;417.8;0.2463335;False;11/23/2025 9:28:08 AM:544;1763861288544;;
387;312;0.2387344;0.3418393;0.2440784;0.408143;418.2;0.2546217;False;11/23/2025 9:28:08 AM:567;1763861288567;;
386;312;0.2380642;0.3415899;0.2210604;0.3153322;417.9;0.2511683;False;11/23/2025 9:28:08 AM:590;1763861288590;;
387;307;0.2386121;0.3368101;0.2663684;0.245296;417.7;0.2512923;False;11/23/2025 9:28:08 AM:609;1763861288609;;
387;307;0.2386635;0.3367386;0.2465545;0.3262818;417.5;0.2438573;False;11/23/2025 9:28:08 AM:636;1763861288636;;
387;301;0.238337;0.3302153;0.2272539;0.2291862;417.8;0.2501125;False;11/23/2025 9:28:08 AM:658;1763861288658;;
386;294;0.23827;0.321998;0.2338845;0.2006521;418.2;0.250243;False;11/23/2025 9:28:08 AM:678;1763861288678;;
386;287;0.238289;0.314336;0.242035;0.201028;417.2;0.2412506;False;11/23/2025 9:28:08 AM:700;1763861288700;;
414;285;0.2553358;0.3122877;0.3614645;0.2453929;417.0;0.2538396;False;11/23/2025 9:28:08 AM:726;1763861288726;;
433;284;0.2667177;0.3107874;0.3615254;0.2453366;416.9;0.2538732;False;11/23/2025 9:28:08 AM:746;1763861288746;;
622;281;0.3832614;0.3084808;0.6337785;0.2332021;417.4;0.2456099;False;11/23/2025 9:28:08 AM:768;1763861288768;;
958;285;0.5902752;0.3121404;0.8695045;0.3636212;417.0;0.2407616;False;11/23/2025 9:28:08 AM:793;1763861288793;;
1198;299;0.7381411;0.3271881;0.9505952;0.4529724;414.9;0.2349872;False;11/23/2025 9:28:08 AM:815;1763861288815;;
1347;309;0.829447;0.3386706;0.9612068;0.4436555;413.1;0.2349953;False;11/23/2025 9:28:08 AM:840;1763861288840;;
1374;320;0.8461943;0.3507601;0.8801957;0.4612529;410.6;0.2188801;False;11/23/2025 9:28:08 AM:866;1763861288866;;
1436;344;0.8844924;0.3765051;0.9508001;0.5320592;409.2;0.2072102;False;11/23/2025 9:28:08 AM:894;1763861288894;;
1409;353;0.8679656;0.3870073;0.8281382;0.4726726;408.4;0.2207525;False;11/23/2025 9:28:08 AM:936;1763861288936;;
1401;366;0.86287;0.4012789;0.8377552;0.5398994;407.1;0.2037044;False;11/23/2025 9:28:08 AM:957;1763861288957;;
1420;383;0.8748686;0.4190612;0.9204276;0.5794328;405.9;0.2038773;False;11/23/2025 9:28:08 AM:977;1763861288977;;
1437;401;0.8851277;0.4397061;0.9263761;0.6092341;406.1;0.2070326;False;11/23/2025 9:28:08 AM:999;1763861288999;;
1447;415;0.8912054;0.4544737;0.9215068;0.604915;406.2;0.207005;False;11/23/2025 9:28:09 AM:19;1763861289019;;
1444;420;0.8893666;0.4603931;0.8765503;0.5549936;404.7;0.2029578;False;11/23/2025 9:28:09 AM:40;1763861289040;;
1450;429;0.8932799;0.4703348;0.9167233;0.5957643;402.9;0.2116224;False;11/23/2025 9:28:09 AM:62;1763861289062;;
1455;440;0.8961179;0.4815999;0.9160789;0.618236;401.2;0.2116283;False;11/23/2025 9:28:09 AM:82;1763861289082;;
1459;448;0.8989124;0.4904761;0.9193844;0.6123515;400.0;0.2109681;False;11/23/2025 9:28:09 AM:103;1763861289103;;
1464;454;0.9016871;0.4973611;0.9238181;0.6089228;399.8;0.2122492;False;11/23/2025 9:28:09 AM:125;1763861289125;;
1469;460;0.9045833;0.5041786;0.9293002;0.617421;399.6;0.2122714;False;11/23/2025 9:28:09 AM:147;1763861289147;;
1469;461;0.9049392;0.5043972;0.9092162;0.5196494;400.9;0.2028667;False;11/23/2025 9:28:09 AM:168;1763861289168;;
1470;467;0.9054772;0.5116232;0.9121034;0.6226172;399.0;0.2110715;False;11/23/2025 9:28:09 AM:193;1763861289193;;
1472;467;0.906787;0.5116843;0.9225505;0.5140621;397.6;0.2046218;False;11/23/2025 9:28:09 AM:218;1763861289218;;
1474;467;0.9078992;0.5118328;0.9237938;0.5209305;396.3;0.2046433;False;11/23/2025 9:28:09 AM:239;1763861289239;;
1476;486;0.9094498;0.5321163;0.9306098;0.7022402;395.0;0.2257104;False;11/23/2025 9:28:09 AM:262;1763861289262;;
1496;488;0.9217424;0.5347492;0.9985806;0.6080949;394.1;0.2299159;False;11/23/2025 9:28:09 AM:287;1763861289287;;
1508;490;0.9285948;0.536391;0.9906756;0.6041314;393.2;0.229907;False;11/23/2025 9:28:09 AM:309;1763861289309;;
1508;494;0.9287086;0.5414771;0.9324459;0.6425433;393.2;0.2229203;False;11/23/2025 9:28:09 AM:331;1763861289331;;
1517;495;0.9342884;0.5419627;0.9920316;0.5944759;393.4;0.2244562;False;11/23/2025 9:28:09 AM:352;1763861289352;;
1528;495;0.9410738;0.5423369;1.005511;0.5929155;393.5;0.224466;False;11/23/2025 9:28:09 AM:374;1763861289374;;
1536;502;0.9463087;0.549433;0.9989969;0.6608638;393.3;0.2320323;False;11/23/2025 9:28:09 AM:401;1763861289401;;
1536;506;0.946421;0.554666;0.9535373;0.6633099;394.5;0.2268563;False;11/23/2025 9:28:09 AM:423;1763861289423;;
1537;513;0.9465537;0.5618425;0.9543264;0.6789922;395.6;0.2269023;False;11/23/2025 9:28:09 AM:449;1763861289449;;
1530;509;0.9425148;0.5571204;0.8891942;0.5024445;394.4;0.2299718;False;11/23/2025 9:28:09 AM:474;1763861289474;;
1532;514;0.943822;0.5626568;0.9728563;0.6713927;393.5;0.2310791;False;11/23/2025 9:28:09 AM:496;1763861289496;;
1536;528;0.9463894;0.5780935;0.9892907;0.7421986;394.0;0.2367525;False;11/23/2025 9:28:09 AM:518;1763861289518;;
1543;539;0.9501619;0.5900011;1.004811;0.7412138;394.5;0.2367299;False;11/23/2025 9:28:09 AM:539;1763861289539;;
1544;536;0.9507576;0.5870138;0.9737818;0.5433701;394.2;0.2198659;False;11/23/2025 9:28:09 AM:562;1763861289562;;
1545;525;0.9514742;0.5751555;0.9764986;0.4757303;395.5;0.240469;False;11/23/2025 9:28:09 AM:588;1763861289588;;
1545;518;0.9514273;0.5668307;0.9480194;0.4746799;396.6;0.2404466;False;11/23/2025 9:28:09 AM:609;1763861289609;;
1549;519;0.9541699;0.5687045;1.000749;0.6293796;395.3;0.2449001;False;11/23/2025 9:28:09 AM:634;1763861289634;;
1550;517;0.9545086;0.5666198;0.9758532;0.5250351;395.6;0.2359522;False;11/23/2025 9:28:09 AM:656;1763861289656;;
1550;517;0.9544555;0.5666769;0.9514818;0.5722262;394.7;0.2311186;False;11/23/2025 9:28:09 AM:680;1763861289680;;
1550;517;0.9544789;0.5663601;0.9577394;0.55244;393.8;0.2311154;False;11/23/2025 9:28:09 AM:703;1763861289703;;
1478;512;0.9102385;0.5603971;0.7536488;0.4813507;394.3;0.1787672;False;11/23/2025 9:28:09 AM:727;1763861289727;;
1322;516;0.8143639;0.5655479;0.5944514;0.6508555;397.3;0.1180454;True;11/23/2025 9:28:09 AM:749;1763861289749;;
1225;520;0.7543695;0.5691555;0.5949147;0.6446502;400.0;0.1180701;True;11/23/2025 9:28:09 AM:772;1763861289772;;
1166;520;0.718438;0.5691898;0.6044684;0.5883578;402.9;0.1060689;True;11/23/2025 9:28:09 AM:794;1763861289794;;
1129;520;0.6954243;0.5692163;0.6044688;0.5882683;405.5;0.1061139;True;11/23/2025 9:28:09 AM:815;1763861289815;;
1099;521;0.6768537;0.5703768;0.6045684;0.6187368;410.5;0.106312;True;11/23/2025 9:28:09 AM:838;1763861289838;;
1103;516;0.6792563;0.5649204;0.7087938;0.488348;414.9;0.1399051;True;11/23/2025 9:28:09 AM:860;1763861289860;;
1106;512;0.6811907;0.5606393;0.7131017;0.4870663;418.8;0.1399264;True;11/23/2025 9:28:09 AM:880;1763861289880;;
1109;508;0.6830391;0.5568583;0.7244717;0.4884568;416.2;0.1768008;False;11/23/2025 9:28:09 AM:902;1763861289902;;
1124;507;0.692452;0.5547405;0.8154398;0.5027564;415.2;0.1997421;False;11/23/2025 9:28:09 AM:925;1763861289925;;
1135;505;0.6994401;0.5531247;0.8155112;0.5027019;414.3;0.1997663;False;11/23/2025 9:28:09 AM:945;1763861289945;;
1168;501;0.7193289;0.5481979;0.8735213;0.4631792;411.4;0.2127751;False;11/23/2025 9:28:09 AM:967;1763861289967;;
1220;491;0.7512877;0.5381423;0.9168828;0.4254509;410.1;0.2205029;False;11/23/2025 9:28:09 AM:993;1763861289993;;
1272;487;0.7837034;0.5337306;0.9447583;0.4520691;409.8;0.2327179;False;11/23/2025 9:28:10 AM:19;1763861290019;;
1309;484;0.8063065;0.5303034;0.9448259;0.4520563;409.4;0.2327591;False;11/23/2025 9:28:10 AM:43;1763861290043;;
1345;481;0.8283981;0.5271473;0.963576;0.4483736;407.6;0.2280049;False;11/23/2025 9:28:10 AM:65;1763861290065;;
1375;477;0.8470029;0.5228131;0.9704924;0.43107;402.9;0.2311457;False;11/23/2025 9:28:10 AM:88;1763861290088;;
1395;477;0.8593434;0.5226261;0.9625309;0.4819593;401.4;0.2369639;False;11/23/2025 9:28:10 AM:110;1763861290110;;
1409;477;0.8682101;0.5224774;0.9625682;0.4818974;400.1;0.236965;False;11/23/2025 9:28:10 AM:130;1763861290130;;
1433;477;0.882511;0.5223619;0.9853185;0.4912481;399.5;0.2418239;False;11/23/2025 9:28:10 AM:156;1763861290156;;
1446;478;0.890453;0.5230091;0.9765642;0.5404731;398.1;0.2493252;False;11/23/2025 9:28:10 AM:179;1763861290179;;
1457;477;0.8975821;0.5228561;0.9791803;0.5076282;396.8;0.2493158;False;11/23/2025 9:28:10 AM:200;1763861290200;;
1474;479;0.907692;0.5244678;1.004011;0.5600812;395.6;0.2449721;False;11/23/2025 9:28:10 AM:223;1763861290223;;
1487;482;0.9156815;0.5281197;1.004139;0.5897822;394.5;0.2449834;False;11/23/2025 9:28:10 AM:244;1763861290244;;
1488;493;0.9166697;0.5402364;0.9571908;0.6552312;393.9;0.2630082;False;11/23/2025 9:28:10 AM:268;1763861290268;;
1491;500;0.9187164;0.5474709;0.9707029;0.638283;392.0;0.2489658;False;11/23/2025 9:28:10 AM:292;1763861290292;;
1496;504;0.9212814;0.5515758;0.9821336;0.6289157;390.3;0.2491297;False;11/23/2025 9:28:10 AM:312;1763861290312;;
1497;504;0.9220498;0.5515745;0.963371;0.5511655;389.1;0.2554725;False;11/23/2025 9:28:10 AM:335;1763861290335;;
1499;512;0.9233741;0.561092;0.9715785;0.6706848;389.1;0.2590574;False;11/23/2025 9:28:10 AM:360;1763861290360;;
1501;518;0.9248008;0.5673727;0.975678;0.6622834;388.0;0.2484656;False;11/23/2025 9:28:10 AM:382;1763861290382;;
1503;520;0.9256371;0.5695685;0.9707725;0.6308179;387.0;0.2484666;False;11/23/2025 9:28:10 AM:405;1763861290405;;
1504;519;0.9266015;0.5689019;0.9737499;0.5467493;386.2;0.2574293;False;11/23/2025 9:28:10 AM:428;1763861290428;;
1507;526;0.9284428;0.5762616;0.9848065;0.6786696;385.8;0.2533318;False;11/23/2025 9:28:10 AM:452;1763861290452;;
1510;530;0.9303205;0.5808386;0.9908571;0.6730034;385.4;0.2533385;False;11/23/2025 9:28:10 AM:472;1763861290472;;
1511;533;0.9304435;0.5837996;0.9635845;0.6587741;385.3;0.2549982;False;11/23/2025 9:28:10 AM:494;1763861290494;;
1511;533;0.9309368;0.5838806;0.9743751;0.6054747;385.8;0.2538522;False;11/23/2025 9:28:10 AM:518;1763861290518;;
1512;533;0.9313318;0.5839464;0.9744046;0.6054245;386.3;0.2538485;False;11/23/2025 9:28:10 AM:540;1763861290540;;
1513;538;0.9317561;0.5896664;0.9516407;0.6884905;386.4;0.2432331;False;11/23/2025 9:28:10 AM:563;1763861290563;;
1513;546;0.9320402;0.5976048;0.9580544;0.7106655;384.9;0.2540789;False;11/23/2025 9:28:10 AM:588;1763861290588;;
1515;551;0.9329741;0.603626;0.9791035;0.7053968;386.0;0.2466292;False;11/23/2025 9:28:10 AM:613;1763861290613;;
1516;555;0.9336766;0.6080179;0.9791125;0.7053812;387.1;0.2466273;False;11/23/2025 9:28:10 AM:635;1763861290635;;
1516;558;0.9340038;0.611073;0.9571669;0.6988434;387.4;0.2497784;False;11/23/2025 9:28:10 AM:658;1763861290658;;
1517;561;0.9343132;0.6141768;0.9485125;0.7063686;387.7;0.2498223;False;11/23/2025 9:28:10 AM:679;1763861290679;;
1517;562;0.9345599;0.6158562;0.9425797;0.6903258;387.6;0.2481363;False;11/23/2025 9:28:10 AM:704;1763861290704;;
1517;574;0.9345971;0.62841;0.9608376;0.7833489;385.1;0.2470707;False;11/23/2025 9:28:10 AM:725;1763861290725;;
1519;574;0.9356346;0.6286238;0.9815345;0.685032;382.8;0.2470858;False;11/23/2025 9:28:10 AM:745;1763861290745;;
1523;574;0.9379892;0.6290646;0.9966211;0.6582357;381.4;0.2551006;False;11/23/2025 9:28:10 AM:767;1763861290767;;
1530;577;0.9421602;0.6322694;1.012962;0.7244914;381.8;0.2457657;False;11/23/2025 9:28:10 AM:789;1763861290789;;
1530;581;0.9422957;0.6362763;0.9763969;0.7350421;382.1;0.2457615;False;11/23/2025 9:28:10 AM:815;1763861290815;;
1530;581;0.9423741;0.6367043;0.9756995;0.6758205;383.2;0.2361382;False;11/23/2025 9:28:10 AM:839;1763861290839;;
1531;588;0.9431337;0.6438428;0.987132;0.7663228;384.5;0.251154;False;11/23/2025 9:28:10 AM:862;1763861290862;;
1532;584;0.9434668;0.6391864;0.963798;0.5849501;384.1;0.2425707;False;11/23/2025 9:28:10 AM:886;1763861290886;;
1535;581;0.9455212;0.636281;1.00394;0.5898793;383.8;0.2425541;False;11/23/2025 9:28:10 AM:907;1763861290907;;
1536;583;0.9462908;0.6380287;0.9913217;0.7080962;382.7;0.2406549;False;11/23/2025 9:28:10 AM:929;1763861290929;;
1537;564;0.9469716;0.6173983;0.9913287;0.4753155;384.5;0.2501163;False;11/23/2025 9:28:10 AM:952;1763861290952;;
1538;510;0.9473624;0.5584828;0.9662845;0.3279627;385.0;0.2407677;False;11/23/2025 9:28:10 AM:977;1763861290977;;
1538;477;0.9474388;0.5220871;0.9768384;0.328359;385.4;0.2407847;False;11/23/2025 9:28:10 AM:998;1763861290998;;
1539;457;0.9476818;0.5010496;0.9704238;0.3631501;385.0;0.2328117;False;11/23/2025 9:28:11 AM:22;1763861291022;;
1538;449;0.9473488;0.4920913;0.940622;0.4074187;386.5;0.2576165;False;11/23/2025 9:28:11 AM:46;1763861291046;;
1540;442;0.9487757;0.4845396;0.9960455;0.4028504;387.8;0.2577081;False;11/23/2025 9:28:11 AM:69;1763861291069;;
1541;437;0.9490886;0.4787844;0.9829911;0.404318;388.7;0.2606567;False;11/23/2025 9:28:11 AM:90;1763861291090;;
1543;432;0.9507242;0.4736284;1.003681;0.3962951;389.5;0.2608208;False;11/23/2025 9:28:11 AM:110;1763861291110;;
1544;426;0.950866;0.4665843;0.9554985;0.3775288;388.9;0.2585521;False;11/23/2025 9:28:11 AM:133;1763861291133;;
1542;421;0.950107;0.4617001;0.935316;0.3844243;388.5;0.258626;False;11/23/2025 9:28:11 AM:155;1763861291155;;
1543;418;0.9502373;0.4578729;0.9614191;0.3833025;388.2;0.2586806;False;11/23/2025 9:28:11 AM:175;1763861291175;;
1535;417;0.9456865;0.4563237;0.8965396;0.4088565;389.1;0.2763597;False;11/23/2025 9:28:11 AM:197;1763861291197;;
1536;409;0.9463837;0.4485529;0.9778699;0.3475422;388.0;0.2604115;False;11/23/2025 9:28:11 AM:221;1763861291221;;
1541;403;0.9493032;0.4415663;1.007499;0.3345132;387.1;0.2604107;False;11/23/2025 9:28:11 AM:240;1763861291240;;
1544;399;0.9510801;0.43674;0.9989717;0.3465411;387.7;0.2535359;False;11/23/2025 9:28:11 AM:262;1763861291262;;
1544;398;0.9512042;0.4359126;0.9662306;0.3914748;386.9;0.272188;False;11/23/2025 9:28:11 AM:288;1763861291288;;
1544;398;0.9512151;0.4358298;0.9716446;0.418677;386.2;0.2722296;False;11/23/2025 9:28:11 AM:310;1763861291310;;
1542;396;0.9497915;0.4333693;0.9254959;0.3638351;386.2;0.2628935;False;11/23/2025 9:28:11 AM:333;1763861291333;;
1543;396;0.9501861;0.4332879;0.97613;0.4287295;386.7;0.2663848;False;11/23/2025 9:28:11 AM:358;1763861291358;;
1543;397;0.9506352;0.4344927;0.979578;0.4655509;386.7;0.2659296;False;11/23/2025 9:28:11 AM:380;1763861291380;;
1543;397;0.9506932;0.4353738;0.9655255;0.4630169;386.7;0.2660055;False;11/23/2025 9:28:11 AM:402;1763861291402;;
1537;398;0.946636;0.4355607;0.899503;0.4464278;387.5;0.261774;False;11/23/2025 9:28:11 AM:424;1763861291424;;
1523;397;0.9382698;0.435322;0.8671607;0.411384;388.2;0.2659328;False;11/23/2025 9:28:11 AM:447;1763861291447;;
1516;397;0.9337723;0.4353041;0.8791708;0.4261613;388.9;0.2660601;False;11/23/2025 9:28:11 AM:468;1763861291468;;
1511;392;0.930461;0.4294832;0.882948;0.3343645;388.5;0.2665542;False;11/23/2025 9:28:11 AM:489;1763861291489;;
1508;389;0.9290265;0.4260352;0.8970928;0.348872;388.1;0.2667052;False;11/23/2025 9:28:11 AM:512;1763861291512;;
1509;389;0.9291939;0.4260309;0.9408128;0.4054801;389.6;0.2635843;False;11/23/2025 9:28:11 AM:532;1763861291532;;
1508;382;0.9291652;0.4188462;0.925234;0.3153143;393.3;0.2618931;False;11/23/2025 9:28:11 AM:558;1763861291558;;
1508;378;0.9291446;0.4138105;0.9252821;0.3153213;396.5;0.2619448;False;11/23/2025 9:28:11 AM:578;1763861291578;;
1505;372;0.9269282;0.4071361;0.887843;0.3020383;399.0;0.2681547;False;11/23/2025 9:28:11 AM:603;1763861291603;;
1322;356;0.8141285;0.3899421;0.5684377;0.2277842;400.2;0.2548158;False;11/23/2025 9:28:11 AM:626;1763861291626;;
1158;338;0.7132997;0.3705036;0.5018567;0.1974228;402.4;0.2587936;False;11/23/2025 9:28:11 AM:648;1763861291648;;
1032;323;0.6358945;0.3536466;0.458806;0.1844527;404.4;0.2588526;False;11/23/2025 9:28:11 AM:669;1763861291669;;
892;323;0.5496922;0.3540628;0.3822663;0.3661785;405.6;0.2483135;False;11/23/2025 9:28:11 AM:692;1763861291692;;
761;316;0.4686232;0.3460804;0.3148939;0.227841;405.7;0.2550844;False;11/23/2025 9:28:11 AM:713;1763861291713;;
687;310;0.4231939;0.3400405;0.3149666;0.2277763;405.8;0.2551235;False;11/23/2025 9:28:11 AM:734;1763861291734;;
668;303;0.4115144;0.3317658;0.3758923;0.2064915;406.9;0.258861;False;11/23/2025 9:28:11 AM:755;1763861291755;;
638;302;0.3932624;0.331473;0.3422101;0.3141663;407.0;0.2605103;False;11/23/2025 9:28:11 AM:779;1763861291779;;
619;302;0.3813367;0.331294;0.3409491;0.3220896;407.0;0.260463;False;11/23/2025 9:28:11 AM:800;1763861291800;;
613;298;0.3775796;0.3266453;0.3630811;0.2338215;407.4;0.25938;False;11/23/2025 9:28:11 AM:826;1763861291826;;
607;298;0.3739033;0.3263691;0.3582296;0.309299;408.3;0.2631293;False;11/23/2025 9:28:11 AM:850;1763861291850;;
609;299;0.3755511;0.3275175;0.3866999;0.3532836;409.8;0.2486308;False;11/23/2025 9:28:11 AM:873;1763861291873;;
602;299;0.3709399;0.327391;0.343643;0.3154928;411.1;0.2487218;False;11/23/2025 9:28:11 AM:894;1763861291894;;
596;299;0.367214;0.3272733;0.3436763;0.3154623;412.3;0.2487354;False;11/23/2025 9:28:11 AM:917;1763861291917;;
576;295;0.3549164;0.322835;0.2950395;0.2341012;412.2;0.2577826;False;11/23/2025 9:28:11 AM:940;1763861291940;;
572;283;0.3527593;0.3104652;0.3350269;0.1679389;411.1;0.2549657;False;11/23/2025 9:28:11 AM:962;1763861291962;;
566;277;0.3486631;0.303815;0.3172486;0.1930198;410.6;0.257329;False;11/23/2025 9:28:11 AM:983;1763861291983;;
561;272;0.345495;0.2983772;0.3172423;0.1930275;410.1;0.2573265;False;11/23/2025 9:28:12 AM:4;1763861292004;;
562;272;0.3461664;0.2981363;0.3599161;0.2836084;411.3;0.2567273;False;11/23/2025 9:28:12 AM:26;1763861292026;;
568;267;0.3501879;0.2929523;0.4327731;0.1914799;411.6;0.2633054;False;11/23/2025 9:28:12 AM:49;1763861292049;;
572;263;0.3523397;0.2885737;0.4250244;0.1871178;411.9;0.2633317;False;11/23/2025 9:28:12 AM:69;1763861292069;;
570;259;0.351472;0.2839597;0.3401765;0.1818462;412.5;0.2504648;False;11/23/2025 9:28:12 AM:91;1763861292091;;
571;259;0.3519273;0.2836086;0.3830448;0.2576243;414.5;0.2476491;False;11/23/2025 9:28:12 AM:113;1763861292113;;
572;258;0.3523208;0.2833046;0.3830599;0.2576169;416.3;0.2476577;False;11/23/2025 9:28:12 AM:136;1763861292136;;
573;253;0.3528479;0.2774499;0.3714159;0.1716828;415.0;0.2606004;False;11/23/2025 9:28:12 AM:161;1763861292161;;
573;253;0.3530703;0.277137;0.38352;0.2617078;415.8;0.2645506;False;11/23/2025 9:28:12 AM:182;1763861292182;;
574;250;0.3539481;0.2740356;0.4037473;0.1838279;416.5;0.2646503;False;11/23/2025 9:28:12 AM:203;1763861292203;;
575;246;0.3543044;0.2701849;0.3676872;0.1719688;417.1;0.2506516;False;11/23/2025 9:28:12 AM:224;1763861292224;;
575;251;0.3544404;0.2750862;0.3839065;0.3380059;417.0;0.2595442;False;11/23/2025 9:28:12 AM:245;1763861292245;;
575;251;0.354456;0.2748497;0.3874414;0.2552683;416.9;0.2595769;False;11/23/2025 9:28:12 AM:266;1763861292266;;
575;251;0.3545953;0.2746395;0.3838099;0.2513401;416.0;0.2551254;False;11/23/2025 9:28:12 AM:291;1763861292291;;
575;246;0.3543559;0.2698949;0.349272;0.1724617;416.6;0.2574591;False;11/23/2025 9:28:12 AM:313;1763861292313;;
574;243;0.353503;0.2658736;0.3369788;0.1686202;417.0;0.2575882;False;11/23/2025 9:28:12 AM:333;1763861292333;;
574;240;0.3534638;0.2628617;0.3523238;0.1794271;418.9;0.2555013;False;11/23/2025 9:28:12 AM:358;1763861292358;;
573;238;0.3534365;0.260747;0.352332;0.1794252;420.6;0.255504;False;11/23/2025 9:28:12 AM:379;1763861292379;;
565;238;0.3482433;0.2606909;0.2933264;0.2165921;419.5;0.257421;False;11/23/2025 9:28:12 AM:400;1763861292400;;
565;237;0.3482939;0.2593014;0.3579448;0.187479;417.8;0.2519152;False;11/23/2025 9:28:12 AM:422;1763861292422;;
565;235;0.3483073;0.2576392;0.3492647;0.1788317;416.3;0.251945;False;11/23/2025 9:28:12 AM:442;1763861292442;;
565;234;0.348356;0.2561238;0.3627816;0.1801652;417.3;0.2502653;False;11/23/2025 9:28:12 AM:464;1763861292464;;
566;233;0.3487088;0.2556778;0.3719883;0.2229727;416.7;0.2522305;False;11/23/2025 9:28:12 AM:487;1763861292487;;
566;233;0.3490511;0.2554335;0.3732588;0.2466772;417.9;0.2512424;False;11/23/2025 9:28:12 AM:510;1763861292510;;
567;233;0.3495967;0.2551231;0.3783618;0.2391514;419.0;0.2512655;False;11/23/2025 9:28:12 AM:532;1763861292532;;
571;231;0.3517528;0.2534265;0.3996396;0.1827168;417.9;0.2615933;False;11/23/2025 9:28:12 AM:555;1763861292555;;
569;231;0.350449;0.2531854;0.3261558;0.2041691;418.5;0.2692976;False;11/23/2025 9:28:12 AM:577;1763861292577;;
568;230;0.3503307;0.2518537;0.3450371;0.1812635;419.0;0.269381;False;11/23/2025 9:28:12 AM:598;1763861292598;;
568;228;0.3503688;0.2503746;0.3534843;0.1801693;418.5;0.2583698;False;11/23/2025 9:28:12 AM:622;1763861292622;;
568;231;0.3503046;0.2534635;0.3467018;0.2995573;418.4;0.2533814;False;11/23/2025 9:28:12 AM:644;1763861292644;;
570;231;0.3511462;0.2528463;0.3817937;0.1985328;418.3;0.2534362;False;11/23/2025 9:28:12 AM:665;1763861292665;;
569;230;0.3508589;0.2519707;0.340515;0.1928127;419.0;0.2653049;False;11/23/2025 9:28:12 AM:688;1763861292688;;
569;229;0.350871;0.2511767;0.3521715;0.1921941;418.8;0.2679089;False;11/23/2025 9:28:12 AM:712;1763861292712;;
565;229;0.3479553;0.250905;0.3048551;0.2007211;417.5;0.253862;False;11/23/2025 9:28:12 AM:734;1763861292734;;
561;229;0.3459562;0.250681;0.309131;0.2160821;416.3;0.2539288;False;11/23/2025 9:28:12 AM:757;1763861292757;;
559;228;0.3443712;0.2504962;0.3090712;0.2160964;415.2;0.2539063;False;11/23/2025 9:28:12 AM:778;1763861292778;;
559;228;0.3444438;0.250509;0.3509647;0.2509493;415.2;0.2512824;False;11/23/2025 9:28:12 AM:800;1763861292800;;
559;226;0.3443269;0.2481921;0.3341613;0.1719123;416.7;0.2572242;False;11/23/2025 9:28:12 AM:822;1763861292822;;
559;225;0.3442354;0.2463947;0.3341913;0.1719067;418.1;0.2572386;False;11/23/2025 9:28:12 AM:843;1763861292843;;
557;225;0.3435321;0.2470684;0.3184014;0.2636251;417.6;0.2504301;False;11/23/2025 9:28:12 AM:864;1763861292864;;
557;225;0.3432229;0.2462421;0.3247893;0.1905366;416.7;0.2490367;False;11/23/2025 9:28:12 AM:886;1763861292886;;
556;224;0.3429721;0.2455634;0.3248416;0.1904857;416.0;0.2490557;False;11/23/2025 9:28:12 AM:906;1763861292906;;
557;224;0.3429926;0.2454327;0.3447043;0.2398684;416.6;0.2536397;False;11/23/2025 9:28:12 AM:929;1763861292929;;
570;223;0.3515629;0.2446597;0.4253481;0.1916531;415.0;0.2523773;False;11/23/2025 9:28:12 AM:952;1763861292952;;
565;223;0.348232;0.2445633;0.2958212;0.2400948;416.2;0.2696243;False;11/23/2025 9:28:12 AM:974;1763861292974;;
564;223;0.3478697;0.2443895;0.3272302;0.2060043;417.3;0.2696532;False;11/23/2025 9:28:12 AM:994;1763861292994;;
566;225;0.3486185;0.2467612;0.3694536;0.2905816;416.3;0.2527771;False;11/23/2025 9:28:13 AM:17;1763861293017;;
567;223;0.3495851;0.2442753;0.3742195;0.1728175;415.8;0.2657124;False;11/23/2025 9:28:13 AM:39;1763861293039;;
568;221;0.3503289;0.242354;0.374209;0.1728158;415.3;0.2657049;False;11/23/2025 9:28:13 AM:59;1763861293059;;
568;223;0.3502471;0.2442231;0.3423467;0.2811148;415.6;0.2512168;False;11/23/2025 9:28:13 AM:82;1763861293082;;
567;221;0.3496284;0.2427814;0.3276875;0.1849988;414.9;0.2576267;False;11/23/2025 9:28:13 AM:105;1763861293105;;
566;220;0.3486959;0.2413797;0.3186774;0.1789315;414.4;0.2576275;False;11/23/2025 9:28:13 AM:125;1763861293125;;
559;230;0.344402;0.2526188;0.2845842;0.361641;414.1;0.2549599;False;11/23/2025 9:28:13 AM:147;1763861293147;;
559;335;0.3443887;0.3667246;0.3382709;0.7111962;413.9;0.2513852;False;11/23/2025 9:28:13 AM:167;1763861293167;;
559;404;0.344377;0.4428371;0.3383078;0.7111735;413.7;0.2514059;False;11/23/2025 9:28:13 AM:189;1763861293189;;
559;454;0.3443663;0.4971656;0.3383504;0.7111467;413.6;0.2514307;False;11/23/2025 9:28:13 AM:210;1763861293210;;
560;548;0.3453509;0.6006463;0.3699396;0.8943682;412.9;0.2301249;False;11/23/2025 9:28:13 AM:232;1763861293232;;
560;607;0.3453448;0.6646924;0.3432203;0.874022;411.9;0.2379376;False;11/23/2025 9:28:13 AM:254;1763861293254;;
560;649;0.3453392;0.7110232;0.3432597;0.8740155;411.0;0.2379521;False;11/23/2025 9:28:13 AM:278;1763861293278;;
555;664;0.3420967;0.7265513;0.2961504;0.7969085;408.3;0.2277883;False;11/23/2025 9:28:13 AM:307;1763861293307;;
551;668;0.3397401;0.7317357;0.2935584;0.7711422;408.4;0.2385997;False;11/23/2025 9:28:13 AM:328;1763861293328;;
535;670;0.3298106;0.7336985;0.2442649;0.7512863;407.6;0.2264073;False;11/23/2025 9:28:13 AM:352;1763861293352;;
535;671;0.3298025;0.7345368;0.3179235;0.7438987;408.1;0.2388293;False;11/23/2025 9:28:13 AM:376;1763861293376;;
535;676;0.3297325;0.7401317;0.3145298;0.7941401;408.5;0.2388864;False;11/23/2025 9:28:13 AM:398;1763861293398;;
527;675;0.3245265;0.7389613;0.2582469;0.7057209;407.3;0.240444;False;11/23/2025 9:28:13 AM:420;1763861293420;;
513;674;0.316376;0.7380061;0.2341038;0.6937571;407.7;0.2488978;False;11/23/2025 9:28:13 AM:444;1763861293444;;
504;673;0.3105548;0.7371412;0.2388583;0.6973762;408.0;0.2488716;False;11/23/2025 9:28:13 AM:468;1763861293468;;
500;673;0.3084233;0.7371786;0.2593712;0.7379463;406.3;0.2530307;False;11/23/2025 9:28:13 AM:490;1763861293490;;
498;674;0.3070552;0.7378098;0.2643202;0.7499049;406.6;0.241163;False;11/23/2025 9:28:13 AM:515;1763861293515;;
498;679;0.3072268;0.7430281;0.3120079;0.8038504;406.3;0.2425504;False;11/23/2025 9:28:13 AM:538;1763861293538;;
499;682;0.3073685;0.7471451;0.3120276;0.8038375;406.1;0.2425555;False;11/23/2025 9:28:13 AM:563;1763861293563;;
496;683;0.3054978;0.7476652;0.2599842;0.7630881;405.0;0.2288289;False;11/23/2025 9:28:13 AM:585;1763861293585;;
493;684;0.3039209;0.7484452;0.2575043;0.7729504;404.1;0.228834;False;11/23/2025 9:28:13 AM:605;1763861293605;;
493;692;0.3039087;0.7573798;0.3033811;0.8585104;404.1;0.2220967;False;11/23/2025 9:28:13 AM:626;1763861293626;;
493;697;0.3038752;0.7626857;0.3021047;0.8421003;402.2;0.2288654;False;11/23/2025 9:28:13 AM:647;1763861293647;;
493;701;0.3038434;0.7675306;0.3021116;0.8421038;400.4;0.2288709;False;11/23/2025 9:28:13 AM:672;1763861293672;;
493;701;0.303759;0.7679738;0.2866742;0.7911779;401.4;0.211279;False;11/23/2025 9:28:13 AM:696;1763861293696;;
493;704;0.3039352;0.77042;0.3100719;0.8257768;401.8;0.2280538;False;11/23/2025 9:28:13 AM:722;1763861293722;;
492;705;0.3034595;0.7716814;0.2789149;0.8144358;400.2;0.2397279;False;11/23/2025 9:28:13 AM:747;1763861293747;;
491;705;0.3026791;0.7718267;0.2710055;0.7925071;398.8;0.2397166;False;11/23/2025 9:28:13 AM:769;1763861293769;;
491;708;0.302844;0.7756527;0.3092663;0.8546357;398.6;0.2247204;False;11/23/2025 9:28:13 AM:790;1763861293790;;
491;710;0.3028053;0.777427;0.2886169;0.8357738;398.3;0.2201871;False;11/23/2025 9:28:13 AM:813;1763861293813;;
491;711;0.3027725;0.7788882;0.288619;0.8357758;398.0;0.220189;False;11/23/2025 9:28:13 AM:834;1763861293834;;
491;714;0.3028562;0.7816533;0.3069225;0.8558607;398.9;0.228408;False;11/23/2025 9:28:13 AM:856;1763861293856;;
492;719;0.3033183;0.7871171;0.3180966;0.8881152;400.1;0.2236096;False;11/23/2025 9:28:13 AM:877;1763861293877;;
492;722;0.3033147;0.7901695;0.3028981;0.8745506;401.2;0.2235429;False;11/23/2025 9:28:13 AM:896;1763861293896;;
494;724;0.3043366;0.7930765;0.3289076;0.8742737;400.6;0.2187007;False;11/23/2025 9:28:13 AM:919;1763861293919;;
493;725;0.3037968;0.7933272;0.2814698;0.8120828;401.0;0.2401727;False;11/23/2025 9:28:13 AM:942;1763861293942;;
492;725;0.3033543;0.7935351;0.2814886;0.8120962;401.5;0.2401917;False;11/23/2025 9:28:13 AM:964;1763861293964;;
492;724;0.3033254;0.7931445;0.2936477;0.7811063;402.8;0.2186802;False;11/23/2025 9:28:13 AM:986;1763861293986;;
496;655;0.305768;0.716984;0.3460086;0.4292649;405.4;0.2321181;False;11/23/2025 9:28:14 AM:8;1763861294008;;
500;600;0.3080734;0.6567169;0.3460098;0.4292597;407.8;0.2321178;False;11/23/2025 9:28:14 AM:32;1763861294032;;
515;532;0.3173123;0.582144;0.3980461;0.3231503;408.1;0.2336847;False;11/23/2025 9:28:14 AM:55;1763861294055;;
523;473;0.3226467;0.5183833;0.3898904;0.2693778;408.4;0.2337003;False;11/23/2025 9:28:14 AM:74;1763861294074;;
530;438;0.3266354;0.4799807;0.3822395;0.31381;408.8;0.2417804;False;11/23/2025 9:28:14 AM:98;1763861294098;;
549;440;0.3383681;0.4820848;0.4340893;0.5441539;409.0;0.2416202;False;11/23/2025 9:28:14 AM:118;1763861294118;;
562;442;0.3466025;0.4837802;0.4300569;0.5249367;409.1;0.2417659;False;11/23/2025 9:28:14 AM:139;1763861294139;;
566;432;0.3487179;0.4735122;0.3922148;0.3973427;411.3;0.254939;False;11/23/2025 9:28:14 AM:163;1763861294163;;
566;432;0.3488767;0.4729397;0.366791;0.4642456;413.0;0.2579989;False;11/23/2025 9:28:14 AM:185;1763861294185;;
565;430;0.3481753;0.4711698;0.3307835;0.4473574;413.8;0.2491407;False;11/23/2025 9:28:14 AM:209;1763861294209;;
564;429;0.3476448;0.4698766;0.3307;0.4473804;414.6;0.2491074;False;11/23/2025 9:28:14 AM:230;1763861294230;;
573;429;0.3533224;0.4703647;0.4158509;0.5320706;414.5;0.2515997;False;11/23/2025 9:28:14 AM:257;1763861294257;;
579;429;0.3565458;0.4704175;0.4090503;0.4717739;416.0;0.2530549;False;11/23/2025 9:28:14 AM:280;1763861294280;;
572;426;0.3524303;0.4662028;0.3038055;0.4118212;416.7;0.2550286;False;11/23/2025 9:28:14 AM:303;1763861294303;;
564;423;0.34767;0.4630181;0.2908648;0.4119585;417.4;0.2551188;False;11/23/2025 9:28:14 AM:325;1763861294325;;
564;416;0.3477143;0.4556587;0.3559235;0.3752861;417.1;0.2544557;False;11/23/2025 9:28:14 AM:350;1763861294350;;
569;419;0.3506225;0.4590317;0.4009117;0.5392896;417.4;0.2398407;False;11/23/2025 9:28:14 AM:370;1763861294370;;
576;420;0.3549674;0.4603561;0.4157715;0.5173724;417.7;0.2399662;False;11/23/2025 9:28:14 AM:393;1763861294393;;
601;468;0.3706314;0.5128658;0.4788222;0.7714038;417.2;0.2279219;False;11/23/2025 9:28:14 AM:416;1763861294416;;
669;508;0.4123814;0.5563838;0.5807073;0.7910142;415.4;0.2430771;False;11/23/2025 9:28:14 AM:437;1763861294437;;
713;537;0.4392295;0.5880126;0.5755105;0.7938876;413.8;0.2431677;False;11/23/2025 9:28:14 AM:458;1763861294458;;
717;571;0.4415279;0.6257213;0.4762121;0.8371918;413.5;0.2222337;False;11/23/2025 9:28:14 AM:480;1763861294480;;
719;595;0.4432599;0.6518188;0.4762958;0.8371781;413.3;0.2222509;False;11/23/2025 9:28:14 AM:499;1763861294499;;
797;610;0.4911071;0.6676477;0.6631436;0.8055865;413.0;0.2345685;False;11/23/2025 9:28:14 AM:521;1763861294521;;
810;617;0.4991754;0.675371;0.5640345;0.773224;415.1;0.2377626;False;11/23/2025 9:28:14 AM:543;1763861294543;;
818;623;0.5040032;0.6825937;0.555855;0.7835162;417.0;0.2377973;False;11/23/2025 9:28:14 AM:562;1763861294562;;
824;634;0.5079784;0.6946005;0.5499638;0.8122336;417.3;0.2273837;False;11/23/2025 9:28:14 AM:588;1763861294588;;
825;618;0.5082633;0.6768242;0.5172133;0.5319387;416.6;0.2253435;False;11/23/2025 9:28:14 AM:610;1763861294610;;
825;608;0.5084643;0.6658479;0.5163616;0.54655;416.0;0.2253478;False;11/23/2025 9:28:14 AM:633;1763861294633;;
841;618;0.5184312;0.6768459;0.5973264;0.7948354;416.4;0.2300159;False;11/23/2025 9:28:14 AM:655;1763861294655;;
852;611;0.5250278;0.6686166;0.5904207;0.5669205;417.6;0.2311744;False;11/23/2025 9:28:14 AM:677;1763861294677;;
861;608;0.5304776;0.666132;0.5928704;0.605978;418.7;0.2311747;False;11/23/2025 9:28:14 AM:699;1763861294699;;
860;608;0.5300552;0.6662169;0.5107833;0.6745219;416.5;0.2171687;False;11/23/2025 9:28:14 AM:720;1763861294720;;
896;609;0.5518351;0.6666861;0.6663821;0.6888782;417.3;0.233384;False;11/23/2025 9:28:14 AM:745;1763861294745;;
908;616;0.559237;0.6749167;0.6277195;0.7756959;416.6;0.2234873;False;11/23/2025 9:28:14 AM:768;1763861294768;;
916;622;0.5642989;0.6813748;0.6246801;0.7773616;416.0;0.2234839;False;11/23/2025 9:28:14 AM:789;1763861294789;;
917;629;0.5651783;0.6886001;0.5915382;0.7926832;418.2;0.2292207;False;11/23/2025 9:28:14 AM:810;1763861294810;;
933;634;0.575035;0.6941837;0.6605636;0.7882611;416.1;0.2473011;False;11/23/2025 9:28:14 AM:833;1763861294833;;
946;638;0.5826681;0.6986955;0.6606315;0.7882501;414.3;0.247315;False;11/23/2025 9:28:14 AM:854;1763861294854;;
946;638;0.5828931;0.6987897;0.5992592;0.7089937;412.1;0.2364561;False;11/23/2025 9:28:14 AM:875;1763861294875;;
946;638;0.5830978;0.6988739;0.5993879;0.7088815;410.2;0.2364707;False;11/23/2025 9:28:14 AM:898;1763861294898;;
977;641;0.6021705;0.701963;0.7220615;0.778294;409.9;0.2364166;False;11/23/2025 9:28:14 AM:920;1763861294920;;
1006;646;0.6195061;0.707657;0.7278439;0.8049502;410.6;0.227291;False;11/23/2025 9:28:14 AM:943;1763861294943;;
1015;648;0.6251265;0.7100363;0.6925417;0.7843136;411.2;0.2272802;False;11/23/2025 9:28:14 AM:964;1763861294964;;
1053;618;0.6488667;0.6766573;0.7798134;0.4856029;412.8;0.2324287;False;11/23/2025 9:28:14 AM:986;1763861294986;;
1103;544;0.6794847;0.5959079;0.8196625;0.3128366;413.5;0.24218;False;11/23/2025 9:28:15 AM:9;1763861295009;;
1139;494;0.7014973;0.5405218;0.8196749;0.3128273;414.0;0.2421846;False;11/23/2025 9:28:15 AM:29;1763861295029;;
1184;448;0.7291191;0.4906712;0.8529201;0.2908622;413.6;0.2531465;False;11/23/2025 9:28:15 AM:55;1763861295055;;
1222;422;0.7524769;0.4626484;0.8687955;0.3126201;413.9;0.2474087;False;11/23/2025 9:28:15 AM:77;1763861295077;;
1250;400;0.7698632;0.4383045;0.8680085;0.299365;414.1;0.2475383;False;11/23/2025 9:28:15 AM:99;1763861295099;;
1275;381;0.7851689;0.4175724;0.8750892;0.291745;414.5;0.2650842;False;11/23/2025 9:28:15 AM:123;1763861295123;;
1259;363;0.7757323;0.3982482;0.6850134;0.2750775;415.3;0.263913;False;11/23/2025 9:28:15 AM:147;1763861295147;;
1263;352;0.7782925;0.3862077;0.812988;0.2849404;414.6;0.2677076;False;11/23/2025 9:28:15 AM:168;1763861295168;;
1273;342;0.7843959;0.3748578;0.8406515;0.2794684;413.9;0.2677763;False;11/23/2025 9:28:15 AM:193;1763861295193;;
1270;341;0.7820546;0.3735234;0.7323346;0.3458494;413.2;0.2685788;False;11/23/2025 9:28:15 AM:215;1763861295215;;
1265;332;0.7791331;0.3637603;0.7243707;0.2669272;411.9;0.2589228;False;11/23/2025 9:28:15 AM:236;1763861295236;;
1261;325;0.7770506;0.3560979;0.7262747;0.2643152;410.8;0.2589339;False;11/23/2025 9:28:15 AM:259;1763861295259;;
1260;319;0.7762647;0.3495284;0.7406319;0.2684674;412.4;0.2634777;False;11/23/2025 9:28:15 AM:283;1763861295283;;
1259;314;0.7756439;0.3445759;0.7406266;0.2684664;413.8;0.2634762;False;11/23/2025 9:28:15 AM:304;1763861295304;;
1256;309;0.7736791;0.3385819;0.7238468;0.2551859;413.9;0.2615073;False;11/23/2025 9:28:15 AM:329;1763861295329;;
1269;307;0.7815479;0.3360867;0.8394977;0.2825181;413.9;0.26462;False;11/23/2025 9:28:15 AM:356;1763861295356;;
1260;306;0.7762207;0.3353396;0.7094629;0.3025702;413.4;0.2576571;False;11/23/2025 9:28:15 AM:383;1763861295383;;
1258;304;0.7752372;0.3331788;0.7375931;0.2789726;413.9;0.2615327;False;11/23/2025 9:28:15 AM:412;1763861295412;;
1258;302;0.7751675;0.3309883;0.7503507;0.2731265;414.3;0.2615583;False;11/23/2025 9:28:15 AM:438;1763861295438;;
1273;302;0.7842363;0.3304453;0.8354909;0.298052;414.7;0.2708022;False;11/23/2025 9:28:15 AM:480;1763861295480;;
1273;307;0.7841677;0.3367191;0.7783857;0.4173622;415.6;0.2640314;False;11/23/2025 9:28:15 AM:503;1763861295503;;
1277;306;0.7869273;0.3358079;0.8275903;0.2917293;416.4;0.2645467;False;11/23/2025 9:28:15 AM:524;1763861295524;;
1277;306;0.786907;0.3352198;0.784776;0.2967553;417.6;0.2680028;False;11/23/2025 9:28:15 AM:544;1763861295544;;
1275;304;0.7857113;0.3331414;0.7512344;0.2708082;418.0;0.2513893;False;11/23/2025 9:28:15 AM:568;1763861295568;;
1274;303;0.7847848;0.3315294;0.75123;0.2708078;418.3;0.2513891;False;11/23/2025 9:28:15 AM:589;1763861295589;;
1214;332;0.7475494;0.3639212;0.5905035;0.546717;419.1;0.2413158;False;11/23/2025 9:28:15 AM:612;1763861295612;;
1163;451;0.7165573;0.4940478;0.5827287;0.8299607;416.8;0.2384799;False;11/23/2025 9:28:15 AM:638;1763861295638;;
1131;519;0.6970192;0.568718;0.5826961;0.8299737;414.8;0.2384804;False;11/23/2025 9:28:15 AM:659;1763861295659;;
1061;578;0.6534505;0.6332043;0.4964541;0.8532169;414.8;0.2309643;False;11/23/2025 9:28:15 AM:682;1763861295682;;
1054;599;0.6495388;0.655718;0.608071;0.7728577;414.1;0.2243761;False;11/23/2025 9:28:15 AM:704;1763861295704;;
1050;613;0.6466214;0.6713979;0.6081395;0.7728292;413.5;0.2243761;False;11/23/2025 9:28:15 AM:725;1763861295725;;
1020;625;0.6283144;0.6842067;0.5257243;0.7708462;413.7;0.2164135;False;11/23/2025 9:28:15 AM:747;1763861295747;;
995;632;0.6126912;0.6918542;0.5139349;0.7599515;413.9;0.2164179;False;11/23/2025 9:28:15 AM:769;1763861295769;;
994;650;0.6125249;0.7117485;0.6075859;0.830564;413.4;0.2435339;False;11/23/2025 9:28:15 AM:793;1763861295793;;
977;645;0.6019836;0.7058197;0.5218713;0.574479;413.6;0.2242625;False;11/23/2025 9:28:15 AM:815;1763861295815;;
973;644;0.5996124;0.7055413;0.5626018;0.6268061;413.8;0.2242643;False;11/23/2025 9:28:15 AM:835;1763861295835;;
975;653;0.6005457;0.7148943;0.6324448;0.7937799;413.0;0.2291286;False;11/23/2025 9:28:15 AM:859;1763861295859;;
961;653;0.5919303;0.7144875;0.5207393;0.6622475;413.4;0.2121416;False;11/23/2025 9:28:15 AM:883;1763861295883;;
954;652;0.5875376;0.7135544;0.5342088;0.6360661;413.7;0.2201324;False;11/23/2025 9:28:15 AM:904;1763861295904;;
943;651;0.5811073;0.7130507;0.5120289;0.668411;414.0;0.2201462;False;11/23/2025 9:28:15 AM:925;1763861295925;;
944;652;0.5818545;0.7140648;0.6072986;0.7323098;414.6;0.2252517;False;11/23/2025 9:28:15 AM:947;1763861295947;;
944;653;0.5816852;0.7147201;0.5726057;0.7282022;413.7;0.2269009;False;11/23/2025 9:28:15 AM:970;1763861295970;;
944;653;0.5815489;0.7152354;0.5726116;0.7281972;412.9;0.2269017;False;11/23/2025 9:28:15 AM:992;1763861295992;;
941;653;0.5796529;0.7149391;0.5429411;0.6692522;410.8;0.2371619;False;11/23/2025 9:28:16 AM:15;1763861296015;;
935;656;0.5758271;0.7182098;0.5219228;0.7686083;409.7;0.2264304;False;11/23/2025 9:28:16 AM:37;1763861296037;;
933;658;0.5748579;0.7208511;0.5455742;0.7672609;408.7;0.226454;False;11/23/2025 9:28:16 AM:60;1763861296060;;
932;661;0.5743448;0.7233605;0.5510058;0.7711674;408.5;0.2338192;False;11/23/2025 9:28:16 AM:83;1763861296083;;
1049;641;0.6460185;0.7017286;0.8389927;0.5364649;407.8;0.2362159;False;11/23/2025 9:28:16 AM:107;1763861296107;;
1102;645;0.6786556;0.7058039;0.8042938;0.7708606;408.6;0.2351272;False;11/23/2025 9:28:16 AM:130;1763861296130;;
1141;645;0.7026393;0.7065554;0.8106667;0.7345255;409.4;0.235145;False;11/23/2025 9:28:16 AM:152;1763861296152;;
1155;626;0.7116348;0.6857129;0.7695986;0.5235122;409.9;0.2352353;False;11/23/2025 9:28:16 AM:174;1763861296174;;
1177;607;0.7248328;0.6651704;0.8004306;0.5029339;410.3;0.235239;False;11/23/2025 9:28:16 AM:198;1763861296198;;
1179;603;0.7263123;0.6604245;0.7443897;0.5777849;409.6;0.2504699;False;11/23/2025 9:28:16 AM:220;1763861296220;;
1169;597;0.7203743;0.6533417;0.6344399;0.548963;409.2;0.2471446;False;11/23/2025 9:28:16 AM:243;1763861296243;;
1160;594;0.7144782;0.6504848;0.6261933;0.5759405;408.8;0.2471981;False;11/23/2025 9:28:16 AM:263;1763861296263;;
1169;581;0.7203075;0.635951;0.7661412;0.4967063;408.6;0.2361349;False;11/23/2025 9:28:16 AM:289;1763861296289;;
1171;580;0.7214366;0.6350701;0.738625;0.5854425;407.9;0.2369902;False;11/23/2025 9:28:16 AM:312;1763861296312;;
1150;580;0.7086676;0.6346077;0.5999699;0.5909281;410.0;0.2415882;False;11/23/2025 9:28:16 AM:334;1763861296334;;
1104;579;0.6802976;0.6344842;0.5269199;0.6124997;411.9;0.241628;False;11/23/2025 9:28:16 AM:356;1763861296356;;
1107;579;0.6822395;0.6341179;0.7129474;0.5934314;412.2;0.2543854;False;11/23/2025 9:28:16 AM:379;1763861296379;;
1107;579;0.6822203;0.6339706;0.6708086;0.6237691;412.6;0.2552961;False;11/23/2025 9:28:16 AM:401;1763861296401;;
1108;579;0.6823213;0.6339047;0.6876437;0.6298087;413.0;0.2553197;False;11/23/2025 9:28:16 AM:423;1763861296423;;
1108;578;0.6823037;0.6332616;0.675776;0.5885858;414.8;0.2331524;False;11/23/2025 9:28:16 AM:445;1763861296445;;
1108;524;0.6826978;0.5735168;0.696517;0.2992137;414.5;0.2460891;False;11/23/2025 9:28:16 AM:468;1763861296468;;
1109;485;0.6830188;0.5316844;0.6965879;0.299191;414.3;0.2461031;False;11/23/2025 9:28:16 AM:489;1763861296489;;
1100;437;0.6778605;0.4781461;0.6145799;0.2316246;414.5;0.2361878;False;11/23/2025 9:28:16 AM:510;1763861296510;;
1015;390;0.6253972;0.4269171;0.4459439;0.1959542;413.0;0.246354;False;11/23/2025 9:28:16 AM:534;1763861296534;;
960;358;0.5912546;0.391966;0.445966;0.1959582;411.7;0.2463682;False;11/23/2025 9:28:16 AM:556;1763861296556;;
951;341;0.5860884;0.3740625;0.538432;0.2452311;411.0;0.2480468;False;11/23/2025 9:28:16 AM:579;1763861296579;;
945;330;0.5824029;0.3615584;0.5384412;0.2452242;410.3;0.2479984;False;11/23/2025 9:28:16 AM:600;1763861296600;;
927;325;0.5713687;0.3562495;0.4908411;0.2833488;411.1;0.2543564;False;11/23/2025 9:28:16 AM:622;1763861296622;;
899;323;0.5541181;0.3537202;0.4529019;0.3036623;411.2;0.2684223;False;11/23/2025 9:28:16 AM:645;1763861296645;;
879;321;0.5417061;0.35172;0.4529874;0.3035934;411.3;0.2684685;False;11/23/2025 9:28:16 AM:666;1763861296666;;
874;306;0.5385209;0.335808;0.4988194;0.2035907;411.1;0.2606883;False;11/23/2025 9:28:16 AM:690;1763861296690;;
808;305;0.4975373;0.3339716;0.3397552;0.284449;411.5;0.2668157;False;11/23/2025 9:28:16 AM:713;1763861296713;;
808;299;0.4976479;0.3273932;0.5262318;0.2370272;412.5;0.2624482;False;11/23/2025 9:28:16 AM:738;1763861296738;;
808;295;0.4977624;0.3234876;0.5265549;0.2513426;413.5;0.2623653;False;11/23/2025 9:28:16 AM:764;1763861296764;;
759;295;0.4675087;0.3235148;0.3390604;0.3257446;414.4;0.2568792;False;11/23/2025 9:28:16 AM:786;1763861296786;;
659;295;0.4058165;0.3237568;0.2281309;0.3367722;413.9;0.2596608;False;11/23/2025 9:28:16 AM:808;1763861296808;;
587;293;0.3620669;0.3211693;0.2224607;0.2577474;412.3;0.253581;False;11/23/2025 9:28:16 AM:832;1763861296832;;
544;289;0.335125;0.3170762;0.2268422;0.2337358;410.8;0.2536172;False;11/23/2025 9:28:16 AM:853;1763861296853;;
508;287;0.3128602;0.3150716;0.2216063;0.2535455;410.8;0.2419886;False;11/23/2025 9:28:16 AM:876;1763861296876;;
481;288;0.2964772;0.3154532;0.2180057;0.3302112;411.2;0.2504521;False;11/23/2025 9:28:16 AM:897;1763861296897;;
459;288;0.2830249;0.3153806;0.2156931;0.2931843;411.6;0.2505604;False;11/23/2025 9:28:16 AM:920;1763861296920;;
445;285;0.2745805;0.312732;0.2215451;0.2431843;412.2;0.2478353;False;11/23/2025 9:28:16 AM:943;1763861296943;;
426;294;0.2624457;0.3216839;0.1935298;0.4191153;410.4;0.2569524;False;11/23/2025 9:28:16 AM:966;1763861296966;;
411;300;0.2532747;0.3289039;0.1935392;0.4190591;408.7;0.2570097;False;11/23/2025 9:28:16 AM:989;1763861296989;;
399;305;0.2459219;0.3343275;0.1949168;0.4114408;408.0;0.2629527;False;11/23/2025 9:28:17 AM:12;1763861297012;;
392;305;0.2419893;0.3347453;0.2031398;0.3581943;407.3;0.2629707;False;11/23/2025 9:28:17 AM:35;1763861297035;;
390;303;0.2403586;0.3322285;0.2188051;0.2755495;408.7;0.259639;False;11/23/2025 9:28:17 AM:57;1763861297057;;
388;302;0.2390059;0.3306389;0.2174896;0.2811493;408.4;0.2495674;False;11/23/2025 9:28:17 AM:79;1763861297079;;
386;300;0.2380151;0.3288035;0.218673;0.2724365;408.1;0.2496965;False;11/23/2025 9:28:17 AM:100;1763861297100;;
384;300;0.2365188;0.3284284;0.2109892;0.2987535;408.1;0.2491911;False;11/23/2025 9:28:17 AM:122;1763861297122;;
383;296;0.2361143;0.3239781;0.2242747;0.2388061;408.2;0.2505529;False;11/23/2025 9:28:17 AM:144;1763861297144;;
382;292;0.2356586;0.3203404;0.222338;0.2417856;407.6;0.2495345;False;11/23/2025 9:28:17 AM:167;1763861297167;;
382;290;0.235292;0.3174438;0.2223357;0.2417938;407.0;0.2495237;False;11/23/2025 9:28:17 AM:188;1763861297188;;
378;295;0.2329227;0.3237286;0.1941624;0.4027056;407.5;0.2536748;False;11/23/2025 9:28:17 AM:210;1763861297210;;
378;285;0.2329264;0.3120788;0.2339889;0.1797635;407.6;0.2568904;False;11/23/2025 9:28:17 AM:233;1763861297233;;
378;275;0.2329296;0.3015343;0.2351785;0.1689461;407.6;0.2569445;False;11/23/2025 9:28:17 AM:254;1763861297254;;
377;275;0.2326556;0.3012631;0.2202373;0.2656503;408.4;0.2612519;False;11/23/2025 9:28:17 AM:278;1763861297278;;
377;275;0.2324232;0.3012241;0.2197324;0.2759458;407.2;0.2631575;False;11/23/2025 9:28:17 AM:302;1763861297302;;
377;272;0.2324155;0.2982372;0.2298803;0.2198628;406.2;0.2632952;False;11/23/2025 9:28:17 AM:323;1763861297323;;
377;271;0.2323008;0.2974139;0.2226765;0.2455707;404.9;0.2608797;False;11/23/2025 9:28:17 AM:346;1763861297346;;
383;269;0.2359459;0.2947376;0.2881197;0.2156567;406.3;0.2457837;False;11/23/2025 9:28:17 AM:367;1763861297367;;
386;266;0.2379287;0.2916459;0.2787728;0.2052135;407.5;0.2459005;False;11/23/2025 9:28:17 AM:388;1763861297388;;
400;260;0.2463693;0.2850845;0.3259367;0.1718252;408.1;0.2211959;False;11/23/2025 9:28:17 AM:410;1763861297410;;
410;255;0.2530428;0.2796994;0.3260069;0.171815;408.7;0.2212311;False;11/23/2025 9:28:17 AM:433;1763861297433;;
448;270;0.2759826;0.2956932;0.4039722;0.4181753;409.3;0.2307758;False;11/23/2025 9:28:17 AM:455;1763861297455;;
547;313;0.3368771;0.3434761;0.5262927;0.5591738;409.8;0.2477368;False;11/23/2025 9:28:17 AM:478;1763861297478;;
609;343;0.3753749;0.375729;0.526278;0.5591787;410.3;0.247732;False;11/23/2025 9:28:17 AM:499;1763861297499;;
626;361;0.3859181;0.3952598;0.4545491;0.5280378;408.4;0.2387439;False;11/23/2025 9:28:17 AM:522;1763861297522;;
630;371;0.3880776;0.4066119;0.4145966;0.5077976;410.3;0.2516913;False;11/23/2025 9:28:17 AM:546;1763861297546;;
662;386;0.4078695;0.423013;0.5103065;0.5504014;412.0;0.2297234;False;11/23/2025 9:28:17 AM:568;1763861297568;;
685;397;0.4218035;0.4350686;0.5104394;0.5503202;413.6;0.2297426;False;11/23/2025 9:28:17 AM:588;1763861297588;;
692;413;0.4261887;0.4526989;0.4704847;0.5900384;414.0;0.2303661;False;11/23/2025 9:28:17 AM:612;1763861297612;;
691;441;0.4259392;0.4827178;0.3962688;0.6643088;414.7;0.226475;False;11/23/2025 9:28:17 AM:635;1763861297635;;
691;461;0.4257352;0.5044585;0.3962814;0.6642438;415.2;0.2264732;False;11/23/2025 9:28:17 AM:656;1763861297656;;
701;464;0.4320633;0.5084977;0.4895117;0.5740196;414.8;0.2298952;False;11/23/2025 9:28:17 AM:678;1763861297678;;
707;478;0.4357652;0.5231721;0.4788184;0.653029;413.4;0.2261879;False;11/23/2025 9:28:17 AM:701;1763861297701;;
712;488;0.4388291;0.535006;0.4788895;0.6529551;412.0;0.2261917;False;11/23/2025 9:28:17 AM:724;1763861297724;;
712;487;0.4387352;0.5329306;0.4234636;0.4810646;412.1;0.2387217;False;11/23/2025 9:28:17 AM:748;1763861297748;;
693;481;0.4272357;0.5270568;0.3316705;0.4360895;412.7;0.24454;False;11/23/2025 9:28:17 AM:769;1763861297769;;
638;481;0.3930199;0.527045;0.2406583;0.5253327;412.7;0.2557853;False;11/23/2025 9:28:17 AM:793;1763861297793;;
598;481;0.3685581;0.5270349;0.2406736;0.5252978;412.7;0.2557877;False;11/23/2025 9:28:17 AM:815;1763861297815;;
552;484;0.340007;0.5295967;0.2113956;0.5819961;410.6;0.244303;False;11/23/2025 9:28:17 AM:840;1763861297840;;
517;484;0.3183723;0.5304311;0.2022955;0.5631588;408.7;0.2443024;False;11/23/2025 9:28:17 AM:862;1763861297862;;
497;498;0.3061696;0.5452361;0.2206061;0.6834871;408.5;0.2414747;False;11/23/2025 9:28:17 AM:884;1763861297884;;
482;502;0.297152;0.549417;0.2251639;0.6248606;408.3;0.2411805;False;11/23/2025 9:28:17 AM:907;1763861297907;;
467;505;0.2876442;0.552949;0.2087297;0.6282921;408.1;0.2411846;False;11/23/2025 9:28:17 AM:929;1763861297929;;
451;505;0.2780755;0.5535284;0.2013337;0.5893298;406.7;0.2446059;False;11/23/2025 9:28:17 AM:952;1763861297952;;
433;501;0.2668357;0.5482363;0.1867792;0.4775865;406.0;0.241521;False;11/23/2025 9:28:17 AM:978;1763861297978;;
423;501;0.2605962;0.5485095;0.1975049;0.5722495;404.0;0.2500054;False;11/23/2025 9:28:18 AM:2;1763861298002;;
417;504;0.2573199;0.5516841;0.2065989;0.6245939;402.2;0.2500155;False;11/23/2025 9:28:18 AM:23;1763861298023;;
409;504;0.2523898;0.5514742;0.1920588;0.5405849;400.0;0.236195;False;11/23/2025 9:28:18 AM:46;1763861298046;;
404;505;0.249349;0.5528689;0.2010423;0.6009271;397.5;0.2501709;False;11/23/2025 9:28:18 AM:71;1763861298071;;
400;505;0.2467658;0.553396;0.1989028;0.5888357;395.2;0.2501681;False;11/23/2025 9:28:18 AM:93;1763861298093;;
395;505;0.243438;0.5525253;0.1902656;0.5271264;395.2;0.2429505;False;11/23/2025 9:28:18 AM:119;1763861298119;;
391;505;0.2413729;0.5525771;0.1965762;0.5689234;395.1;0.2631774;False;11/23/2025 9:28:18 AM:144;1763861298144;;
388;501;0.2389532;0.5492278;0.187623;0.4883561;395.2;0.2605838;False;11/23/2025 9:28:18 AM:166;1763861298166;;
386;502;0.2377215;0.5492521;0.1963685;0.5593291;395.3;0.2606347;False;11/23/2025 9:28:18 AM:189;1763861298189;;
384;502;0.2369128;0.5498576;0.1998421;0.5827213;396.1;0.2410527;False;11/23/2025 9:28:18 AM:210;1763861298210;;
384;511;0.2368447;0.5592378;0.2176905;0.66922;395.2;0.2425598;False;11/23/2025 9:28:18 AM:234;1763861298234;;
384;512;0.2364568;0.561267;0.2055005;0.6222646;396.0;0.2543899;False;11/23/2025 9:28:18 AM:257;1763861298257;;
383;515;0.2360443;0.5645068;0.2038497;0.641758;396.8;0.2544164;False;11/23/2025 9:28:18 AM:279;1763861298279;;
382;517;0.2357246;0.5656987;0.2045474;0.6201843;397.5;0.2544115;False;11/23/2025 9:28:18 AM:299;1763861298299;;
380;513;0.2342948;0.5616298;0.1887416;0.5015188;397.1;0.2483956;False;11/23/2025 9:28:18 AM:324;1763861298324;;
380;515;0.2342502;0.5639237;0.2078879;0.6276415;397.8;0.245284;False;11/23/2025 9:28:18 AM:347;1763861298347;;
378;513;0.233154;0.5622264;0.1902902;0.5256432;398.4;0.2493037;False;11/23/2025 9:28:18 AM:372;1763861298372;;
376;511;0.2320969;0.5595086;0.187793;0.5064722;399.0;0.249303;False;11/23/2025 9:28:18 AM:395;1763861298395;;
376;511;0.2315281;0.5592627;0.1927397;0.5450412;397.9;0.1969732;False;11/23/2025 9:28:18 AM:417;1763861298417;;
475;512;0.2928044;0.560251;0.4674417;0.5994649;401.1;0.1501102;True;11/23/2025 9:28:18 AM:440;1763861298440;;
497;512;0.3063819;0.560313;0.378261;0.5754645;403.4;0.162055;True;11/23/2025 9:28:18 AM:465;1763861298465;;
521;512;0.3214056;0.5602942;0.4008305;0.5582895;405.5;0.1620785;True;11/23/2025 9:28:18 AM:488;1763861298488;;
506;512;0.311968;0.5610305;0.2070251;0.5965775;407.2;0.1707696;True;11/23/2025 9:28:18 AM:512;1763861298512;;
489;511;0.3013923;0.5601062;0.1916348;0.5305529;406.1;0.196121;False;11/23/2025 9:28:18 AM:536;1763861298536;;
483;508;0.2976896;0.5564637;0.2206692;0.4929264;405.9;0.1939767;False;11/23/2025 9:28:18 AM:560;1763861298560;;
478;505;0.294679;0.5535243;0.2206707;0.4929261;405.8;0.1939771;False;11/23/2025 9:28:18 AM:584;1763861298584;;
477;503;0.2942823;0.5510988;0.254294;0.4940737;406.1;0.1998994;False;11/23/2025 9:28:18 AM:609;1763861298609;;
465;499;0.2868305;0.5469081;0.1890819;0.4683578;404.7;0.2183679;False;11/23/2025 9:28:18 AM:632;1763861298632;;
455;491;0.2806253;0.5382315;0.1919426;0.4316734;405.1;0.204404;False;11/23/2025 9:28:18 AM:657;1763861298657;;
448;486;0.2761624;0.5320455;0.1919396;0.4316938;405.4;0.2043981;False;11/23/2025 9:28:18 AM:680;1763861298680;;
443;475;0.2731347;0.5200422;0.1996903;0.3911374;404.9;0.2147609;False;11/23/2025 9:28:18 AM:706;1763861298706;;
440;467;0.2709801;0.5118005;0.1996957;0.3911092;404.4;0.2147666;False;11/23/2025 9:28:18 AM:726;1763861298726;;
434;466;0.2677918;0.5104679;0.1908917;0.4503732;404.1;0.2175225;False;11/23/2025 9:28:18 AM:751;1763861298751;;
430;465;0.2650957;0.5098239;0.1894273;0.4582604;403.8;0.2122334;False;11/23/2025 9:28:18 AM:774;1763861298774;;
426;465;0.2627559;0.5096493;0.1887667;0.5004153;403.5;0.2123006;False;11/23/2025 9:28:18 AM:796;1763861298796;;
423;466;0.2610346;0.5104773;0.1921353;0.5310596;404.1;0.2195501;False;11/23/2025 9:28:18 AM:819;1763861298819;;
421;462;0.2596485;0.5062318;0.1931664;0.4192447;403.6;0.2149314;False;11/23/2025 9:28:18 AM:844;1763861298844;;
418;462;0.2579345;0.5060666;0.1880269;0.4694117;405.0;0.2058401;False;11/23/2025 9:28:18 AM:867;1763861298867;;
416;462;0.2565304;0.5058635;0.1882188;0.4674076;406.3;0.2059076;False;11/23/2025 9:28:18 AM:888;1763861298888;;
414;462;0.2554149;0.5056546;0.1896287;0.4667271;406.7;0.217247;False;11/23/2025 9:28:18 AM:914;1763861298914;;
414;462;0.2549912;0.5059798;0.1953957;0.5158733;406.5;0.2248186;False;11/23/2025 9:28:18 AM:937;1763861298937;;
412;461;0.2540763;0.5050077;0.1895795;0.4538712;406.6;0.2198434;False;11/23/2025 9:28:18 AM:962;1763861298962;;
411;460;0.2533092;0.5041945;0.189584;0.4538464;406.8;0.2198662;False;11/23/2025 9:28:18 AM:986;1763861298986;;
409;460;0.252368;0.504001;0.2165318;0.4886209;406.0;0.2203547;False;11/23/2025 9:28:19 AM:11;1763861299011;;
409;446;0.2519726;0.4882488;0.2059508;0.3395518;408.2;0.2279355;False;11/23/2025 9:28:19 AM:36;1763861299036;;
408;440;0.251391;0.4816462;0.2116554;0.3740292;408.4;0.2103076;False;11/23/2025 9:28:19 AM:60;1763861299060;;
407;435;0.2509153;0.4764581;0.2117108;0.373917;408.6;0.2103871;False;11/23/2025 9:28:19 AM:82;1763861299082;;
406;431;0.2502268;0.4718473;0.2332038;0.3744782;409.5;0.2204063;False;11/23/2025 9:28:19 AM:106;1763861299106;;
405;427;0.2496544;0.4680332;0.233235;0.3744684;410.2;0.2204175;False;11/23/2025 9:28:19 AM:130;1763861299130;;
404;427;0.2493414;0.4677723;0.2051744;0.431221;409.8;0.2303332;False;11/23/2025 9:28:19 AM:153;1763861299153;;
403;427;0.2482222;0.4676628;0.1940354;0.4260444;409.3;0.2250529;False;11/23/2025 9:28:19 AM:175;1763861299175;;
402;421;0.2480546;0.4606259;0.2053224;0.3462057;410.9;0.2165219;False;11/23/2025 9:28:19 AM:200;1763861299200;;
402;411;0.247949;0.4501394;0.2092238;0.3208862;412.4;0.2163368;False;11/23/2025 9:28:19 AM:230;1763861299230;;
401;411;0.2469581;0.4498587;0.1942607;0.4064412;413.2;0.2175309;False;11/23/2025 9:28:19 AM:255;1763861299255;;
400;415;0.2465008;0.454473;0.2171151;0.5084643;413.5;0.2224156;False;11/23/2025 9:28:19 AM:280;1763861299280;;
399;414;0.2458305;0.4537886;0.1969378;0.3975316;413.3;0.22092;False;11/23/2025 9:28:19 AM:303;1763861299303;;
398;407;0.2456572;0.4460709;0.2101356;0.3213046;413.0;0.2208518;False;11/23/2025 9:28:19 AM:324;1763861299324;;
398;401;0.2454816;0.4398085;0.2101681;0.3288119;415.0;0.226465;False;11/23/2025 9:28:19 AM:349;1763861299349;;
401;400;0.2474952;0.438258;0.2708471;0.3642384;414.8;0.2139128;False;11/23/2025 9:28:19 AM:374;1763861299374;;
404;403;0.2493332;0.4412945;0.2705252;0.4788824;416.4;0.2271752;False;11/23/2025 9:28:19 AM:402;1763861299402;;
407;403;0.2507327;0.4412976;0.2724963;0.4414015;416.6;0.2127851;False;11/23/2025 9:28:19 AM:426;1763861299426;;
416;405;0.2562268;0.4432742;0.3112701;0.4815003;416.8;0.2129011;False;11/23/2025 9:28:19 AM:448;1763861299448;;
421;410;0.2596547;0.4488143;0.3009861;0.5190061;417.9;0.2175339;False;11/23/2025 9:28:19 AM:472;1763861299472;;
432;410;0.2661124;0.4487894;0.3280652;0.4468129;418.4;0.2056609;False;11/23/2025 9:28:19 AM:496;1763861299496;;
447;410;0.2754494;0.4490473;0.3523285;0.461135;419.0;0.1962653;False;11/23/2025 9:28:19 AM:519;1763861299519;;
466;410;0.2874843;0.4494248;0.3777073;0.4667217;419.5;0.1962983;False;11/23/2025 9:28:19 AM:540;1763861299540;;
477;410;0.294064;0.4494585;0.357911;0.4526865;420.0;0.1962857;False;11/23/2025 9:28:19 AM:565;1763861299565;;
497;412;0.3063695;0.45168;0.3954094;0.5006102;420.9;0.2014808;False;11/23/2025 9:28:19 AM:590;1763861299590;;
497;411;0.3061374;0.450382;0.2932537;0.4077407;419.5;0.2013939;False;11/23/2025 9:28:19 AM:613;1763861299613;;
495;411;0.3050982;0.4500832;0.2763561;0.4262075;418.5;0.2148983;False;11/23/2025 9:28:19 AM:635;1763861299635;;
495;411;0.3050984;0.4504747;0.3051239;0.4705214;417.6;0.2150073;False;11/23/2025 9:28:19 AM:656;1763861299656;;
471;412;0.2902906;0.4513004;0.1864523;0.4827453;416.7;0.2232551;False;11/23/2025 9:28:19 AM:679;1763861299679;;
452;415;0.2788841;0.4548284;0.1902397;0.5212762;416.9;0.2214068;False;11/23/2025 9:28:19 AM:702;1763861299702;;
438;417;0.2699511;0.4566786;0.1888232;0.5085854;417.0;0.221383;False;11/23/2025 9:28:19 AM:724;1763861299724;;
431;437;0.265856;0.4787422;0.2106739;0.6411539;416.6;0.2213806;False;11/23/2025 9:28:19 AM:749;1763861299749;;
426;450;0.2623982;0.493154;0.2085193;0.6308027;414.9;0.2259819;False;11/23/2025 9:28:19 AM:773;1763861299773;;
420;456;0.2586436;0.4992576;0.201516;0.5937156;415.0;0.2234545;False;11/23/2025 9:28:19 AM:796;1763861299796;;
415;460;0.2556564;0.5041175;0.2015155;0.5937114;415.0;0.22346;False;11/23/2025 9:28:19 AM:819;1763861299819;;
410;464;0.2530041;0.5087495;0.2013123;0.5968723;414.0;0.2250353;False;11/23/2025 9:28:19 AM:843;1763861299843;;
409;481;0.25241;0.5271164;0.2212275;0.6827536;413.2;0.2100338;False;11/23/2025 9:28:19 AM:868;1763861299868;;
404;481;0.2491956;0.5270104;0.1908198;0.5228606;412.3;0.2330457;False;11/23/2025 9:28:19 AM:892;1763861299892;;
400;481;0.2466679;0.5269237;0.190816;0.5228028;411.5;0.233131;False;11/23/2025 9:28:19 AM:915;1763861299915;;
398;482;0.2453388;0.5281406;0.1999039;0.5809968;411.4;0.2243645;False;11/23/2025 9:28:19 AM:938;1763861299938;;
397;486;0.2447272;0.5326385;0.2075208;0.621345;412.0;0.2187721;False;11/23/2025 9:28:19 AM:960;1763861299960;;
396;489;0.2442427;0.5361025;0.2075184;0.6213309;412.6;0.2187886;False;11/23/2025 9:28:19 AM:982;1763861299982;;
395;492;0.2436207;0.5385307;0.205148;0.6121769;412.8;0.2140949;False;11/23/2025 9:28:20 AM:6;1763861300006;;
394;493;0.2431341;0.5404018;0.2051437;0.612152;413.1;0.214124;False;11/23/2025 9:28:20 AM:29;1763861300029;;
393;494;0.2421947;0.5406263;0.1978516;0.5680471;414.8;0.2194449;False;11/23/2025 9:28:20 AM:50;1763861300050;;
398;492;0.2451729;0.5390035;0.279293;0.5074806;416.1;0.2162869;False;11/23/2025 9:28:20 AM:74;1763861300074;;
564;492;0.3478095;0.5392156;0.5685271;0.5762365;416.7;0.2098733;False;11/23/2025 9:28:20 AM:98;1763861300098;;
668;492;0.4113751;0.5388598;0.5794117;0.5267504;417.2;0.209908;False;11/23/2025 9:28:20 AM:119;1763861300119;;
898;492;0.5534256;0.5392204;0.7827244;0.5774659;417.1;0.2026075;False;11/23/2025 9:28:20 AM:143;1763861300143;;
927;492;0.5711505;0.5385018;0.6236137;0.5181912;418.0;0.2064635;False;11/23/2025 9:28:20 AM:166;1763861300166;;
946;491;0.5828614;0.5379082;0.6236164;0.5181907;418.9;0.2064639;False;11/23/2025 9:28:20 AM:189;1763861300189;;
927;492;0.5712923;0.5387968;0.3791752;0.5824825;418.5;0.2060543;False;11/23/2025 9:28:20 AM:212;1763861300212;;
978;492;0.6026078;0.5388476;0.6922339;0.5614012;420.1;0.2067543;False;11/23/2025 9:28:20 AM:234;1763861300234;;
968;516;0.5962658;0.5654048;0.4252585;0.7522954;419.2;0.2082801;False;11/23/2025 9:28:20 AM:259;1763861300259;;
968;529;0.5961154;0.5789936;0.4506584;0.7179053;418.4;0.208289;False;11/23/2025 9:28:20 AM:282;1763861300282;;
958;530;0.5899985;0.5800689;0.5311388;0.6301691;419.1;0.2164287;False;11/23/2025 9:28:20 AM:303;1763861300303;;
962;530;0.5926405;0.5800902;0.6062577;0.6052176;418.3;0.2060154;False;11/23/2025 9:28:20 AM:328;1763861300328;;
956;551;0.5887595;0.6028643;0.5285641;0.7797065;417.4;0.2259368;False;11/23/2025 9:28:20 AM:350;1763861300350;;
951;566;0.5857605;0.6196025;0.5288136;0.7796885;416.6;0.226023;False;11/23/2025 9:28:20 AM:373;1763861300373;;
946;584;0.5830401;0.6393575;0.5352589;0.8080859;415.9;0.2260704;False;11/23/2025 9:28:20 AM:396;1763861300396;;
943;583;0.5807604;0.6384549;0.5431081;0.6142167;417.2;0.2071434;False;11/23/2025 9:28:20 AM:418;1763861300418;;
1065;585;0.6564001;0.6411005;0.8376165;0.7119973;415.2;0.2120996;False;11/23/2025 9:28:20 AM:441;1763861300441;;
1130;588;0.6963758;0.6435329;0.811755;0.7132574;414.0;0.2064924;False;11/23/2025 9:28:20 AM:464;1763861300464;;
1182;590;0.728406;0.6457282;0.831534;0.7164428;412.9;0.2065087;False;11/23/2025 9:28:20 AM:485;1763861300485;;
1213;590;0.7474791;0.6458964;0.8185287;0.664002;411.5;0.2219931;False;11/23/2025 9:28:20 AM:507;1763861300507;;
1246;587;0.7674689;0.6432888;0.8420466;0.5972095;410.5;0.2125661;False;11/23/2025 9:28:20 AM:530;1763861300530;;
1267;586;0.7805341;0.6413076;0.84209;0.5971414;409.6;0.2125764;False;11/23/2025 9:28:20 AM:552;1763861300552;;
1284;586;0.7911593;0.6420884;0.8408847;0.6828872;407.0;0.2083817;False;11/23/2025 9:28:20 AM:575;1763861300575;;
1306;586;0.8043306;0.6420243;0.8633164;0.6383855;404.5;0.2185353;False;11/23/2025 9:28:20 AM:600;1763861300600;;
1320;586;0.813197;0.6419742;0.8633103;0.6383935;402.2;0.2185311;False;11/23/2025 9:28:20 AM:622;1763861300622;;
1339;585;0.8249362;0.6400766;0.8852139;0.5972472;401.2;0.2065803;False;11/23/2025 9:28:20 AM:647;1763861300647;;
1347;584;0.8296227;0.639535;0.8635761;0.616521;400.2;0.225346;False;11/23/2025 9:28:20 AM:670;1763861300670;;
1360;583;0.8374966;0.6378786;0.8894114;0.5933264;399.1;0.2295526;False;11/23/2025 9:28:20 AM:693;1763861300693;;
1369;581;0.8432452;0.6366942;0.8908333;0.5947719;398.2;0.2295944;False;11/23/2025 9:28:20 AM:714;1763861300714;;
1369;604;0.8430392;0.6612462;0.796676;0.834527;397.2;0.2122291;False;11/23/2025 9:28:20 AM:737;1763861300737;;
1375;602;0.8468677;0.659328;0.882297;0.6071716;396.8;0.2255086;False;11/23/2025 9:28:20 AM:760;1763861300760;;
1375;602;0.8467611;0.6593763;0.8125725;0.664164;394.5;0.2183859;False;11/23/2025 9:28:20 AM:784;1763861300784;;
1374;603;0.846404;0.660008;0.822407;0.686328;392.5;0.2184435;False;11/23/2025 9:28:20 AM:805;1763861300805;;
1374;603;0.8461065;0.6605322;0.822376;0.6863726;390.6;0.2184258;False;11/23/2025 9:28:20 AM:827;1763861300827;;
1379;600;0.8496969;0.6571532;0.8876206;0.5899272;391.4;0.2145689;False;11/23/2025 9:28:20 AM:850;1763861300850;;
1382;617;0.851254;0.6759795;0.8740944;0.8232802;392.2;0.2154127;False;11/23/2025 9:28:20 AM:873;1763861300873;;
1382;636;0.85124;0.6960447;0.8507195;0.8541481;389.0;0.2109188;False;11/23/2025 9:28:20 AM:895;1763861300895;;
1382;644;0.851179;0.7055008;0.848229;0.8164895;386.1;0.2110591;False;11/23/2025 9:28:20 AM:918;1763861300918;;
1382;655;0.8510801;0.7168609;0.8420965;0.837568;386.5;0.2058737;False;11/23/2025 9:28:20 AM:940;1763861300940;;
1382;652;0.8510294;0.7139621;0.8378587;0.655856;386.2;0.2261279;False;11/23/2025 9:28:20 AM:963;1763861300963;;
1381;652;0.8509489;0.7138995;0.8418018;0.7066572;385.8;0.2262383;False;11/23/2025 9:28:20 AM:987;1763861300987;;
1379;649;0.8494381;0.7109785;0.8079141;0.6502946;386.6;0.2177152;False;11/23/2025 9:28:21 AM:10;1763861301010;;
1376;650;0.8476289;0.7113407;0.8011857;0.7325546;387.9;0.2113983;False;11/23/2025 9:28:21 AM:32;1763861301032;;
1375;641;0.8469526;0.7019401;0.8130714;0.5916598;389.0;0.2209996;False;11/23/2025 9:28:21 AM:55;1763861301055;;
1374;633;0.8462951;0.6933321;0.8130936;0.5916289;390.0;0.2210143;False;11/23/2025 9:28:21 AM:80;1763861301080;;
1374;605;0.8464218;0.6623254;0.8501059;0.4703747;390.4;0.2182969;False;11/23/2025 9:28:21 AM:105;1763861301105;;
1373;607;0.8458372;0.6649992;0.8144174;0.7190872;391.6;0.2129028;False;11/23/2025 9:28:21 AM:128;1763861301128;;
1147;598;0.7066075;0.6551324;0.4542311;0.5499105;391.8;0.2037439;False;11/23/2025 9:28:21 AM:156;1763861301156;;
1024;594;0.6309945;0.6505552;0.4410851;0.5659952;392.0;0.2038218;False;11/23/2025 9:28:21 AM:176;1763861301176;;
774;563;0.4767111;0.6167738;0.2386565;0.4124073;394.0;0.2247013;False;11/23/2025 9:28:21 AM:200;1763861301200;;
669;559;0.4121682;0.6117576;0.2865058;0.5282273;396.8;0.2255461;False;11/23/2025 9:28:21 AM:225;1763861301225;;
609;555;0.3753998;0.6078936;0.2866372;0.528199;399.3;0.2256125;False;11/23/2025 9:28:21 AM:246;1763861301246;;
534;544;0.3292317;0.595217;0.2315505;0.4634013;400.1;0.2227947;False;11/23/2025 9:28:21 AM:270;1763861301270;;
489;534;0.3012284;0.585259;0.2315191;0.4634197;400.8;0.2227806;False;11/23/2025 9:28:21 AM:295;1763861301295;;
474;532;0.2921733;0.582136;0.2636829;0.505666;402.0;0.2239806;False;11/23/2025 9:28:21 AM:320;1763861301320;;
476;508;0.2932661;0.5561187;0.2983321;0.3661145;403.5;0.2170491;False;11/23/2025 9:28:21 AM:344;1763861301344;;
457;506;0.2815745;0.5542889;0.2372023;0.4887901;404.5;0.2280403;False;11/23/2025 9:28:21 AM:366;1763861301366;;
440;503;0.2711163;0.5511853;0.2264892;0.4685755;405.4;0.2282055;False;11/23/2025 9:28:21 AM:389;1763861301389;;
433;503;0.2668268;0.5508457;0.2442111;0.5054679;407.0;0.2277914;False;11/23/2025 9:28:21 AM:412;1763861301412;;
409;495;0.2522028;0.5418785;0.1923137;0.4185481;408.5;0.2307824;False;11/23/2025 9:28:21 AM:435;1763861301435;;
391;495;0.2409943;0.5416804;0.188014;0.5100637;409.1;0.2263512;False;11/23/2025 9:28:21 AM:459;1763861301459;;
378;494;0.2329493;0.5415144;0.1880074;0.5099882;409.8;0.2264201;False;11/23/2025 9:28:21 AM:482;1763861301482;;
367;494;0.2261964;0.5408773;0.1861898;0.487992;410.6;0.229989;False;11/23/2025 9:28:21 AM:506;1763861301506;;
360;489;0.2219347;0.5358056;0.1905397;0.4337774;411.1;0.2349604;False;11/23/2025 9:28:21 AM:528;1763861301528;;
354;489;0.2180442;0.5357456;0.1859653;0.491302;410.2;0.237036;False;11/23/2025 9:28:21 AM:552;1763861301552;;
348;489;0.214884;0.5356905;0.1859646;0.491292;409.4;0.2370473;False;11/23/2025 9:28:21 AM:574;1763861301574;;
345;489;0.2129059;0.5356402;0.1922006;0.5341398;410.9;0.2361817;False;11/23/2025 9:28:21 AM:600;1763861301600;;
342;489;0.2108277;0.5355689;0.1856327;0.4960911;411.5;0.2283172;False;11/23/2025 9:28:21 AM:623;1763861301623;;
342;490;0.2108735;0.5369051;0.2120637;0.5645007;410.2;0.2188575;False;11/23/2025 9:28:21 AM:646;1763861301646;;
342;490;0.2108902;0.5368462;0.2383583;0.5338458;408.9;0.2189576;False;11/23/2025 9:28:21 AM:669;1763861301669;;
342;491;0.210928;0.5378988;0.2120582;0.5644998;407.9;0.2188519;False;11/23/2025 9:28:21 AM:692;1763861301692;;
356;519;0.2194682;0.5687748;0.3063292;0.744348;407.5;0.2237947;False;11/23/2025 9:28:21 AM:717;1763861301717;;
367;530;0.2260969;0.5809308;0.3073923;0.6944451;407.0;0.2234205;False;11/23/2025 9:28:21 AM:740;1763861301740;;
367;537;0.2261617;0.5881751;0.2539991;0.6758628;407.5;0.2355599;False;11/23/2025 9:28:21 AM:763;1763861301763;;
367;542;0.2262149;0.5936084;0.2540261;0.6758789;408.0;0.2355795;False;11/23/2025 9:28:21 AM:785;1763861301785;;
396;565;0.2442711;0.6185233;0.361015;0.7817072;408.2;0.2229186;False;11/23/2025 9:28:21 AM:810;1763861301810;;
396;569;0.2442766;0.6229919;0.2679506;0.6972779;408.0;0.2260852;False;11/23/2025 9:28:21 AM:835;1763861301835;;
394;569;0.2431645;0.6232227;0.2237273;0.6439438;407.1;0.2260729;False;11/23/2025 9:28:21 AM:858;1763861301858;;
393;569;0.2422311;0.6234261;0.2237867;0.6439697;406.3;0.2261362;False;11/23/2025 9:28:21 AM:882;1763861301882;;
388;568;0.2394353;0.6223473;0.2017374;0.5891892;407.4;0.2310576;False;11/23/2025 9:28:21 AM:905;1763861301905;;
384;567;0.2369566;0.6213976;0.1984054;0.5872142;409.3;0.2285723;False;11/23/2025 9:28:21 AM:928;1763861301928;;
381;567;0.2349058;0.6206399;0.2002437;0.5898717;409.2;0.2529282;False;11/23/2025 9:28:21 AM:953;1763861301953;;
378;566;0.2333091;0.6200338;0.200245;0.5898841;409.0;0.2529062;False;11/23/2025 9:28:21 AM:975;1763861301975;;
374;552;0.2303714;0.6048573;0.1852502;0.4683025;408.8;0.2309841;False;11/23/2025 9:28:21 AM:999;1763861301999;;
371;549;0.2285271;0.6010263;0.1902228;0.5258399;408.2;0.2379887;False;11/23/2025 9:28:22 AM:23;1763861302023;;
370;550;0.2281264;0.6019086;0.2071512;0.6301203;407.7;0.238106;False;11/23/2025 9:28:22 AM:45;1763861302045;;
368;548;0.2269251;0.6004121;0.1940433;0.5519533;407.6;0.2390804;False;11/23/2025 9:28:22 AM:69;1763861302069;;
366;547;0.2258479;0.5990628;0.1940423;0.5519446;407.6;0.2390848;False;11/23/2025 9:28:22 AM:96;1763861302096;;
365;547;0.2252356;0.5989211;0.1983176;0.5744583;407.3;0.2359668;False;11/23/2025 9:28:22 AM:123;1763861302123;;
365;547;0.2247825;0.5988438;0.1997497;0.5890251;407.3;0.2472407;False;11/23/2025 9:28:22 AM:152;1763861302152;;
364;547;0.2242466;0.5984963;0.1967286;0.5682045;408.5;0.2306979;False;11/23/2025 9:28:22 AM:180;1763861302180;;
364;547;0.2241804;0.5991939;0.2055691;0.6187583;409.6;0.2274234;False;11/23/2025 9:28:22 AM:210;1763861302210;;
361;539;0.2226062;0.5898886;0.1868727;0.5000134;410.2;0.2456151;False;11/23/2025 9:28:22 AM:252;1763861302252;;
361;534;0.2225494;0.5844617;0.2202696;0.493856;409.7;0.2391462;False;11/23/2025 9:28:22 AM:278;1763861302278;;
360;523;0.221811;0.5723575;0.1891386;0.4396685;407.2;0.2504346;False;11/23/2025 9:28:22 AM:303;1763861302303;;
360;531;0.2217481;0.5811107;0.2184495;0.6746557;407.3;0.2482057;False;11/23/2025 9:28:22 AM:325;1763861302325;;
360;539;0.22179;0.5906528;0.223581;0.6912038;407.5;0.2483368;False;11/23/2025 9:28:22 AM:347;1763861302347;;
360;543;0.2217236;0.5948181;0.2144281;0.6612839;406.0;0.2423775;False;11/23/2025 9:28:22 AM:371;1763861302371;;
359;543;0.2212573;0.5941922;0.1947701;0.5601146;405.6;0.2486706;False;11/23/2025 9:28:22 AM:394;1763861302394;;
359;543;0.2212547;0.5950999;0.2065492;0.6243225;406.3;0.2390588;False;11/23/2025 9:28:22 AM:417;1763861302417;;
359;544;0.2212521;0.5958779;0.2065466;0.624309;407.1;0.2390672;False;11/23/2025 9:28:22 AM:440;1763861302440;;
357;539;0.2203834;0.5900239;0.1866234;0.5011232;407.9;0.2391491;False;11/23/2025 9:28:22 AM:463;1763861302463;;
356;534;0.2196778;0.5850496;0.1874287;0.5006993;409.6;0.2290789;False;11/23/2025 9:28:22 AM:486;1763861302486;;
355;531;0.2190979;0.5810831;0.1874271;0.5006785;411.0;0.2291037;False;11/23/2025 9:28:22 AM:509;1763861302509;;
355;531;0.2188756;0.5810792;0.1936977;0.5619396;412.9;0.2151368;False;11/23/2025 9:28:22 AM:532;1763861302532;;
354;530;0.2185716;0.5806252;0.1905246;0.5440153;414.5;0.215142;False;11/23/2025 9:28:22 AM:554;1763861302554;;
353;524;0.2179385;0.5736099;0.184393;0.4704882;415.1;0.2395875;False;11/23/2025 9:28:22 AM:578;1763861302578;;
353;530;0.217849;0.5801443;0.2140977;0.65844;414.9;0.2301077;False;11/23/2025 9:28:22 AM:603;1763861302603;;
352;523;0.2172686;0.5722411;0.1849015;0.4628257;412.6;0.2296742;False;11/23/2025 9:28:22 AM:625;1763861302625;;
352;520;0.2167926;0.5693755;0.1857203;0.4974565;410.6;0.2297216;False;11/23/2025 9:28:22 AM:650;1763861302650;;
352;520;0.2167526;0.5694095;0.1969468;0.5710552;408.6;0.2328046;False;11/23/2025 9:28:22 AM:673;1763861302673;;
351;511;0.2164555;0.5594526;0.1880051;0.4379973;408.6;0.2505627;False;11/23/2025 9:28:22 AM:696;1763861302696;;
351;512;0.2163537;0.5603402;0.1990222;0.583574;408.4;0.245255;False;11/23/2025 9:28:22 AM:720;1763861302720;;
351;512;0.2162647;0.5610921;0.199018;0.5835454;408.2;0.2452632;False;11/23/2025 9:28:22 AM:745;1763861302745;;
350;511;0.2159474;0.5601646;0.1871225;0.5156165;409.3;0.2410861;False;11/23/2025 9:28:22 AM:766;1763861302766;;
350;513;0.2158372;0.5616786;0.2004835;0.599573;410.3;0.2388436;False;11/23/2025 9:28:22 AM:788;1763861302788;;
350;513;0.2157332;0.5616471;0.1916852;0.5452678;411.3;0.2388901;False;11/23/2025 9:28:22 AM:808;1763861302808;;
350;521;0.2157566;0.5709484;0.2165274;0.6686011;410.4;0.2486127;False;11/23/2025 9:28:22 AM:834;1763861302834;;
350;521;0.2157396;0.5709406;0.197252;0.5676695;408.8;0.2359526;False;11/23/2025 9:28:22 AM:855;1763861302855;;
350;521;0.2157363;0.5709717;0.1977899;0.5751339;407.4;0.2360322;False;11/23/2025 9:28:22 AM:876;1763861302876;;
395;514;0.2437042;0.5632579;0.3729516;0.4593548;409.9;0.2353775;False;11/23/2025 9:28:22 AM:899;1763861302899;;
873;509;0.5378107;0.5573561;0.8803872;0.4654077;408.6;0.2352423;False;11/23/2025 9:28:22 AM:922;1763861302922;;
1094;505;0.6740179;0.5530311;0.8803837;0.4654082;407.4;0.2352435;False;11/23/2025 9:28:22 AM:942;1763861302942;;
1323;505;0.8149118;0.5530608;0.9920493;0.5549556;404.2;0.2408313;False;11/23/2025 9:28:22 AM:965;1763861302965;;
1439;505;0.8866917;0.5530859;0.9920461;0.5549613;401.4;0.2408317;False;11/23/2025 9:28:22 AM:987;1763861302987;;
1478;509;0.9101094;0.5570598;0.9487379;0.6195235;398.3;0.2429314;False;11/23/2025 9:28:23 AM:13;1763861303013;;
1513;509;0.9318854;0.5570073;0.9723001;0.544198;397.3;0.2504632;False;11/23/2025 9:28:23 AM:37;1763861303037;;
1532;521;0.9435088;0.5710984;0.9708284;0.703003;396.4;0.2469968;False;11/23/2025 9:28:23 AM:58;1763861303058;;
1540;529;0.9484071;0.5790814;0.9622853;0.6823298;395.7;0.2470686;False;11/23/2025 9:28:23 AM:79;1763861303079;;
1557;550;0.9588299;0.6022983;0.9876913;0.7727655;392.6;0.2671434;False;11/23/2025 9:28:23 AM:102;1763861303102;;
1551;556;0.9553629;0.6088133;0.9426863;0.7000363;391.2;0.2529005;False;11/23/2025 9:28:23 AM:125;1763861303125;;
1542;565;0.9495099;0.6189011;0.9223924;0.7328281;389.9;0.2528985;False;11/23/2025 9:28:23 AM:149;1763861303149;;
1549;574;0.9540789;0.6284827;0.9725515;0.7441548;388.9;0.2633497;False;11/23/2025 9:28:23 AM:173;1763861303173;;
1545;574;0.951608;0.6285002;0.9365076;0.6477028;387.0;0.2477765;False;11/23/2025 9:28:23 AM:195;1763861303195;;
1548;574;0.9534026;0.6289701;0.9628889;0.6640122;385.9;0.2442196;False;11/23/2025 9:28:23 AM:220;1763861303220;;
1557;574;0.959209;0.6289511;0.992529;0.6276169;384.9;0.2442178;False;11/23/2025 9:28:23 AM:241;1763861303241;;
1566;571;0.9646634;0.6252181;0.9946395;0.5651318;385.1;0.2510729;False;11/23/2025 9:28:23 AM:266;1763861303266;;
1564;578;0.9631628;0.6334508;0.9472403;0.7383706;385.2;0.2584527;False;11/23/2025 9:28:23 AM:289;1763861303289;;
1564;578;0.9635796;0.6327099;0.9675753;0.6081955;386.0;0.2565826;False;11/23/2025 9:28:23 AM:313;1763861303313;;
1564;577;0.9633171;0.6313195;0.9595521;0.5904216;386.7;0.2565982;False;11/23/2025 9:28:23 AM:333;1763861303333;;
1569;573;0.9662338;0.6273963;0.9937239;0.5560048;386.9;0.2470574;False;11/23/2025 9:28:23 AM:353;1763861303353;;
1572;567;0.9680117;0.6207833;0.9882196;0.5255287;387.1;0.2470695;False;11/23/2025 9:28:23 AM:375;1763861303375;;
1572;567;0.9680084;0.6208298;0.9679572;0.626568;387.1;0.2627059;False;11/23/2025 9:28:23 AM:401;1763861303401;;
1572;571;0.968009;0.6248887;0.968021;0.697623;385.1;0.2394439;False;11/23/2025 9:28:23 AM:423;1763861303423;;
1571;566;0.9676865;0.6201213;0.9486697;0.5384621;383.2;0.2394852;False;11/23/2025 9:28:23 AM:443;1763861303443;;
1571;567;0.9679177;0.6205287;0.9725405;0.6421366;384.3;0.253318;False;11/23/2025 9:28:23 AM:468;1763861303468;;
1573;571;0.9691156;0.6252357;0.9888308;0.7045125;384.7;0.2429994;False;11/23/2025 9:28:23 AM:490;1763861303490;;
1576;576;0.9706357;0.6308061;0.9960476;0.7214524;385.0;0.2430391;False;11/23/2025 9:28:23 AM:512;1763861303512;;
1573;574;0.9691933;0.6288757;0.9281856;0.5862653;385.4;0.2478096;False;11/23/2025 9:28:23 AM:537;1763861303537;;
1573;576;0.969189;0.6304843;0.9490797;0.6776477;384.0;0.2543834;False;11/23/2025 9:28:23 AM:563;1763861303563;;
1576;579;0.9709968;0.6343033;0.9992169;0.7100629;380.0;0.2333457;False;11/23/2025 9:28:23 AM:584;1763861303584;;
1579;582;0.9725066;0.6375254;0.9992329;0.7100441;376.3;0.2333534;False;11/23/2025 9:28:23 AM:608;1763861303608;;
1578;580;0.9721676;0.6348653;0.9494451;0.5844236;376.9;0.2527215;False;11/23/2025 9:28:23 AM:631;1763861303631;;
1578;580;0.9716763;0.6348828;0.9453873;0.6487516;377.4;0.2577727;False;11/23/2025 9:28:23 AM:654;1763861303654;;
1580;580;0.9729617;0.6348926;0.9990275;0.6463857;377.9;0.2579446;False;11/23/2025 9:28:23 AM:676;1763861303676;;
1576;580;0.971045;0.6355609;0.9285777;0.6717749;376.9;0.2401743;False;11/23/2025 9:28:23 AM:699;1763861303699;;
1581;599;0.9738655;0.6557006;1.010991;0.8112203;377.2;0.2433072;False;11/23/2025 9:28:23 AM:725;1763861303725;;
1581;615;0.9738032;0.6734634;0.9616143;0.8283831;378.7;0.2409654;False;11/23/2025 9:28:23 AM:749;1763861303749;;
1581;633;0.9737825;0.6928621;0.9675371;0.8609286;380.0;0.2409694;False;11/23/2025 9:28:23 AM:770;1763861303770;;
1579;637;0.9725604;0.6975641;0.9378433;0.7863624;380.8;0.2361631;False;11/23/2025 9:28:23 AM:794;1763861303794;;
1578;649;0.972105;0.7103752;0.9475098;0.8493886;381.5;0.2362429;False;11/23/2025 9:28:23 AM:816;1763861303816;;
1578;654;0.972057;0.7164881;0.9655284;0.8192919;380.8;0.2370237;False;11/23/2025 9:28:23 AM:839;1763861303839;;
1578;663;0.9720988;0.7262724;0.9745222;0.8565069;382.8;0.2358746;False;11/23/2025 9:28:23 AM:862;1763861303862;;
1579;673;0.9725458;0.7364237;0.9877104;0.8743412;384.5;0.2358699;False;11/23/2025 9:28:23 AM:882;1763861303882;;
1584;676;0.9758914;0.7406618;1.020782;0.834297;385.1;0.234967;False;11/23/2025 9:28:23 AM:906;1763861303906;;
1582;680;0.9746963;0.7442243;0.9452848;0.8311514;384.6;0.2307898;False;11/23/2025 9:28:23 AM:934;1763861303934;;
1582;689;0.9746303;0.7546147;0.9640291;0.8907148;383.4;0.2372924;False;11/23/2025 9:28:23 AM:957;1763861303957;;
1583;697;0.9748771;0.7632628;0.9861465;0.8977954;382.2;0.2372884;False;11/23/2025 9:28:23 AM:978;1763861303978;;
1584;699;0.9757593;0.7650372;0.9998298;0.8455308;382.5;0.2457883;False;11/23/2025 9:28:24 AM:0;1763861304000;;
1584;705;0.9757717;0.7722358;0.9779584;0.8971176;383.4;0.2238724;False;11/23/2025 9:28:24 AM:23;1763861304023;;
1584;710;0.9757811;0.7775216;0.9779572;0.8971187;384.2;0.2238725;False;11/23/2025 9:28:24 AM:43;1763861304043;;
1589;711;0.9790118;0.7780081;1.026263;0.844929;384.3;0.2364524;False;11/23/2025 9:28:24 AM:66;1763861304066;;
1590;711;0.9794156;0.7781823;0.9981008;0.8323263;383.1;0.2284893;False;11/23/2025 9:28:24 AM:90;1763861304090;;
1591;712;0.9802206;0.7800764;1.006926;0.8663925;383.6;0.2355645;False;11/23/2025 9:28:24 AM:113;1763861304113;;
1593;715;0.9815055;0.7829374;1.015363;0.8798766;383.9;0.2355818;False;11/23/2025 9:28:24 AM:135;1763861304135;;
1594;716;0.9815547;0.7835956;0.9932238;0.8570633;384.3;0.2328746;False;11/23/2025 9:28:24 AM:158;1763861304158;;
1594;730;0.9815677;0.7992063;0.9913765;0.9701717;383.3;0.2292083;False;11/23/2025 9:28:24 AM:182;1763861304182;;
1594;741;0.9815782;0.8110347;0.991357;0.9701844;382.5;0.2292071;False;11/23/2025 9:28:24 AM:203;1763861304203;;
1594;741;0.9819258;0.8114245;1.003212;0.8656019;382.3;0.2357372;False;11/23/2025 9:28:24 AM:226;1763861304226;;
1597;742;0.9834274;0.8121018;1.02236;0.8480454;382.1;0.2357412;False;11/23/2025 9:28:24 AM:249;1763861304249;;
1596;742;0.9831319;0.8124318;0.9742861;0.8765902;383.2;0.2348125;False;11/23/2025 9:28:24 AM:277;1763861304277;;
1594;742;0.9816324;0.8126221;0.9530357;0.8671668;381.5;0.2294319;False;11/23/2025 9:28:24 AM:301;1763861304301;;
1594;745;0.9818363;0.8152537;0.9973513;0.9083807;382.0;0.2372493;False;11/23/2025 9:28:24 AM:325;1763861304325;;
1594;747;0.9820278;0.8176904;0.9973493;0.9083829;382.5;0.2372506;False;11/23/2025 9:28:24 AM:352;1763861304352;;
1588;747;0.9781674;0.8182983;0.9283058;0.8921422;381.5;0.2273051;False;11/23/2025 9:28:24 AM:374;1763861304374;;
1588;748;0.9782836;0.8189892;0.9902545;0.8469351;383.0;0.2313918;False;11/23/2025 9:28:24 AM:396;1763861304396;;
1589;754;0.9788004;0.8250198;1.001806;0.948638;381.5;0.2370166;False;11/23/2025 9:28:24 AM:417;1763861304417;;
1589;758;0.9788154;0.8301824;0.982673;0.9481189;380.2;0.2370485;False;11/23/2025 9:28:24 AM:440;1763861304440;;
1591;760;0.9799488;0.8315602;1.013211;0.9171483;380.2;0.2316962;False;11/23/2025 9:28:24 AM:462;1763861304462;;
1591;760;0.9802014;0.8318372;0.999316;0.8387542;379.5;0.2262212;False;11/23/2025 9:28:24 AM:483;1763861304483;;
1595;760;0.9826359;0.8323657;1.030242;0.8519328;378.9;0.2262219;False;11/23/2025 9:28:24 AM:505;1763861304505;;
1591;762;0.9799443;0.8337592;0.9440866;0.9075587;378.9;0.224785;False;11/23/2025 9:28:24 AM:533;1763861304533;;
1595;763;0.982729;0.835746;1.031375;0.9201334;380.4;0.2352334;False;11/23/2025 9:28:24 AM:556;1763861304556;;
1593;765;0.9810224;0.8370479;0.9530812;0.9123445;380.3;0.2193988;False;11/23/2025 9:28:24 AM:584;1763861304584;;
1593;765;0.9810532;0.8374534;0.9898279;0.8832366;379.8;0.2386027;False;11/23/2025 9:28:24 AM:606;1763861304606;;
1598;765;0.9842893;0.8379927;1.038115;0.9055465;379.4;0.2386873;False;11/23/2025 9:28:24 AM:628;1763861304628;;
1602;766;0.9869956;0.8384638;1.038145;0.9055333;379.0;0.2387006;False;11/23/2025 9:28:24 AM:648;1763861304648;;
1603;766;0.987582;0.838738;1.013656;0.8901649;379.1;0.225887;False;11/23/2025 9:28:24 AM:675;1763861304675;;
1603;769;0.987463;0.8416098;0.9824806;0.9366313;381.0;0.2216882;False;11/23/2025 9:28:24 AM:699;1763861304699;;
1608;769;0.9902555;0.8417736;1.041291;0.9041534;382.8;0.2269042;False;11/23/2025 9:28:24 AM:721;1763861304721;;
1611;769;0.9924775;0.8419104;1.041291;0.9041529;384.5;0.2269041;False;11/23/2025 9:28:24 AM:743;1763861304743;;
1603;770;0.9876748;0.8425289;0.9356095;0.8749184;384.4;0.2165055;False;11/23/2025 9:28:24 AM:765;1763861304765;;
1603;774;0.987575;0.8473824;0.9827673;0.9594175;383.1;0.2178909;False;11/23/2025 9:28:24 AM:788;1763861304788;;
1603;778;0.9876031;0.8519087;0.9928537;0.9647999;382.0;0.2179065;False;11/23/2025 9:28:24 AM:808;1763861304808;;
1604;779;0.9876865;0.8523896;1.001396;0.8980194;382.7;0.226567;False;11/23/2025 9:28:24 AM:831;1763861304831;;
1603;781;0.9876278;0.8555152;0.9845464;0.9502202;382.6;0.2184923;False;11/23/2025 9:28:24 AM:858;1763861304858;;
1596;782;0.9828709;0.8561938;0.9294037;0.8818897;383.2;0.2391765;False;11/23/2025 9:28:24 AM:882;1763861304882;;
1595;782;0.9823577;0.856607;0.9642813;0.8981549;383.6;0.2392902;False;11/23/2025 9:28:24 AM:905;1763861304905;;
1594;786;0.9815856;0.8603107;0.9580582;0.961581;385.4;0.2109449;False;11/23/2025 9:28:24 AM:927;1763861304927;;
1592;786;0.9804308;0.860132;0.9503945;0.8559964;386.3;0.2175471;False;11/23/2025 9:28:24 AM:950;1763861304950;;
1590;786;0.9794378;0.8599782;0.9504271;0.8559862;387.1;0.217568;False;11/23/2025 9:28:24 AM:973;1763861304973;;
1592;786;0.9807143;0.8602352;1.008446;0.8712659;387.6;0.2354323;False;11/23/2025 9:28:24 AM:997;1763861304997;;
1594;786;0.9820803;0.8604535;1.011989;0.8882421;387.5;0.2234555;False;11/23/2025 9:28:25 AM:21;1763861305021;;
1596;787;0.9833595;0.8615128;1.01281;0.9195187;385.4;0.2233555;False;11/23/2025 9:28:25 AM:46;1763861305046;;
1598;788;0.9842437;0.8622574;1.012823;0.9195126;383.4;0.2233594;False;11/23/2025 9:28:25 AM:67;1763861305067;;
1598;788;0.9843127;0.8625549;0.9947643;0.8814411;383.0;0.2244302;False;11/23/2025 9:28:25 AM:91;1763861305091;;
1598;788;0.9842736;0.8626781;0.9810565;0.8945463;382.7;0.2244251;False;11/23/2025 9:28:25 AM:114;1763861305114;;
1588;788;0.9780017;0.8628592;0.9133222;0.872165;386.1;0.2293656;False;11/23/2025 9:28:25 AM:136;1763861305136;;
1588;788;0.9779239;0.8629617;0.9708847;0.8683792;385.9;0.2223662;False;11/23/2025 9:28:25 AM:157;1763861305157;;
1589;788;0.9788269;0.8630486;1.006586;0.8871713;385.8;0.2224686;False;11/23/2025 9:28:25 AM:178;1763861305178;;
1591;792;0.9802825;0.867458;1.01475;0.9586403;385.8;0.2129549;False;11/23/2025 9:28:25 AM:201;1763861305201;;
1593;793;0.9811839;0.8680224;1.00948;0.9156185;386.9;0.2149376;False;11/23/2025 9:28:25 AM:226;1763861305226;;
1595;793;0.9824286;0.868576;1.017476;0.9180191;387.4;0.2171101;False;11/23/2025 9:28:25 AM:248;1763861305248;;
1596;794;0.9831333;0.8694287;1.012205;0.925833;387.9;0.217066;False;11/23/2025 9:28:25 AM:270;1763861305270;;
1596;794;0.9828306;0.8694048;0.9725305;0.8685567;385.9;0.224926;False;11/23/2025 9:28:25 AM:293;1763861305293;;
1596;793;0.9829103;0.868642;0.9967226;0.848199;384.8;0.2170617;False;11/23/2025 9:28:25 AM:315;1763861305315;;
1595;793;0.9826158;0.8686886;0.9708477;0.8717235;383.8;0.2171025;False;11/23/2025 9:28:25 AM:335;1763861305335;;
1591;794;0.9802296;0.8693951;0.9407743;0.9151284;383.5;0.2173101;False;11/23/2025 9:28:25 AM:357;1763861305357;;
1594;795;0.9817681;0.8706409;1.018491;0.9272666;383.3;0.2161439;False;11/23/2025 9:28:25 AM:378;1763861305378;;
1596;796;0.9830924;0.8717297;1.018517;0.9272502;383.0;0.2161426;False;11/23/2025 9:28:25 AM:400;1763861305400;;
1591;796;0.9797493;0.8717397;0.9362651;0.8721576;384.8;0.2247097;False;11/23/2025 9:28:25 AM:425;1763861305425;;
1591;798;0.9798386;0.8733844;0.9907552;0.9349502;383.0;0.223671;False;11/23/2025 9:28:25 AM:448;1763861305448;;
1596;803;0.9829697;0.879586;1.033009;0.9837611;381.4;0.223689;False;11/23/2025 9:28:25 AM:472;1763861305472;;
1596;805;0.9833421;0.8812937;1.004407;0.9472933;381.7;0.2234966;False;11/23/2025 9:28:25 AM:496;1763861305496;;
1596;805;0.9833567;0.8815098;0.9919109;0.9249634;381.6;0.20913;False;11/23/2025 9:28:25 AM:518;1763861305518;;
1597;805;0.9835467;0.8816054;1.001606;0.9221303;381.5;0.2091514;False;11/23/2025 9:28:25 AM:539;1763861305539;;
1597;805;0.9835387;0.8817247;0.9829639;0.9231648;383.0;0.2178956;False;11/23/2025 9:28:25 AM:562;1763861305562;;
1597;805;0.9835609;0.8817705;0.9900101;0.8835884;383.4;0.2208353;False;11/23/2025 9:28:25 AM:584;1763861305584;;
1598;806;0.984184;0.8819886;1.009297;0.8948231;383.7;0.2208463;False;11/23/2025 9:28:25 AM:610;1763861305610;;
1598;807;0.9844412;0.8835375;1.004722;0.94674;383.1;0.2134587;False;11/23/2025 9:28:25 AM:632;1763861305632;;
1598;809;0.9844689;0.8852732;0.9867652;0.9521656;383.8;0.2153155;False;11/23/2025 9:28:25 AM:655;1763861305655;;
1597;810;0.9839029;0.8867128;0.9678288;0.9514275;383.9;0.2152513;False;11/23/2025 9:28:25 AM:678;1763861305678;;
1597;812;0.9834451;0.8890545;0.9679897;0.9671431;384.0;0.2152704;False;11/23/2025 9:28:25 AM:700;1763861305700;;
1597;812;0.9834486;0.8891211;0.9888639;0.8913022;385.1;0.2135649;False;11/23/2025 9:28:25 AM:726;1763861305726;;
1597;811;0.983435;0.8875311;0.982011;0.8581128;384.0;0.2129467;False;11/23/2025 9:28:25 AM:752;1763861305752;;
1597;809;0.9834056;0.8857478;0.9803512;0.8491639;383.0;0.2205471;False;11/23/2025 9:28:25 AM:775;1763861305775;;
1597;808;0.9834127;0.8850157;0.9879191;0.8614886;382.2;0.2205489;False;11/23/2025 9:28:25 AM:797;1763861305797;;
1597;809;0.9837379;0.8852013;1.00164;0.9117008;383.3;0.2184406;False;11/23/2025 9:28:25 AM:818;1763861305818;;
1599;808;0.9849235;0.8845435;1.01669;0.8626941;383.4;0.2016253;False;11/23/2025 9:28:25 AM:842;1763861305842;;
1601;808;0.9858384;0.8840328;1.016669;0.862713;383.6;0.2016296;False;11/23/2025 9:28:25 AM:863;1763861305863;;
1600;808;0.9857408;0.8840361;0.9805405;0.8845326;384.3;0.2244978;False;11/23/2025 9:28:25 AM:885;1763861305885;;
1601;808;0.9862769;0.8841727;1.010978;0.9028336;384.9;0.224501;False;11/23/2025 9:28:25 AM:907;1763861305907;;
1602;808;0.9867313;0.8842619;1.010276;0.9008483;385.1;0.2249357;False;11/23/2025 9:28:25 AM:930;1763861305930;;
1602;808;0.9865925;0.8844225;0.9807727;0.9043639;386.7;0.2010153;False;11/23/2025 9:28:25 AM:956;1763861305956;;
1602;808;0.9865968;0.8847917;0.9946919;0.9139513;388.1;0.2010217;False;11/23/2025 9:28:25 AM:979;1763861305979;;
1604;808;0.9881217;0.8841358;1.026835;0.8596585;387.6;0.2136103;False;11/23/2025 9:28:26 AM:1;1763861306001;;
1602;808;0.9867704;0.8844258;0.9592947;0.9097041;388.2;0.2085669;False;11/23/2025 9:28:26 AM:22;1763861306022;;
1600;809;0.9856528;0.8857518;0.9582507;0.9362685;388.8;0.208615;False;11/23/2025 9:28:26 AM:43;1763861306043;;
1602;809;0.9869253;0.8857586;1.019696;0.9004296;390.4;0.2093609;False;11/23/2025 9:28:26 AM:66;1763861306066;;
1605;811;0.9886057;0.8880721;1.026172;0.9489019;388.6;0.2154593;False;11/23/2025 9:28:26 AM:90;1763861306090;;
1605;811;0.9886363;0.8881198;0.9927674;0.902443;389.3;0.2192776;False;11/23/2025 9:28:26 AM:115;1763861306115;;
1605;812;0.9886127;0.8886561;0.986779;0.9268315;389.9;0.2193312;False;11/23/2025 9:28:26 AM:136;1763861306136;;
1605;812;0.988739;0.8886917;1.002543;0.8912355;390.0;0.2013086;False;11/23/2025 9:28:26 AM:162;1763861306162;;
1606;813;0.988994;0.8902639;1.007647;0.9454008;390.0;0.204706;False;11/23/2025 9:28:26 AM:184;1763861306184;;
1606;815;0.9890004;0.8927285;0.997999;0.9603173;389.8;0.2140532;False;11/23/2025 9:28:26 AM:207;1763861306207;;
1606;817;0.9890054;0.894573;0.9979976;0.9603181;389.6;0.2140527;False;11/23/2025 9:28:26 AM:229;1763861306229;;
1604;817;0.9877288;0.8947037;0.9611261;0.9051484;389.5;0.2014619;False;11/23/2025 9:28:26 AM:250;1763861306250;;
1604;817;0.9877265;0.8946319;0.9874706;0.8916042;389.4;0.2160339;False;11/23/2025 9:28:26 AM:278;1763861306278;;
1604;817;0.9877337;0.8946966;0.9908444;0.901625;389.2;0.2160396;False;11/23/2025 9:28:26 AM:298;1763861306298;;
1600;817;0.985261;0.8947501;0.9443252;0.8999535;389.1;0.2091378;False;11/23/2025 9:28:26 AM:320;1763861306320;;
1596;817;0.9831913;0.8947969;0.9443344;0.8999479;389.1;0.2091428;False;11/23/2025 9:28:26 AM:342;1763861306342;;
1597;817;0.9834753;0.894823;0.9967631;0.9127179;390.5;0.2099508;False;11/23/2025 9:28:26 AM:368;1763861306368;;
1596;817;0.9833709;0.8947858;0.9743227;0.8920442;391.9;0.2099315;False;11/23/2025 9:28:26 AM:390;1763861306390;;
1596;817;0.9833544;0.8947794;0.9792718;0.8941788;393.1;0.2099201;False;11/23/2025 9:28:26 AM:412;1763861306412;;
1595;817;0.9821959;0.8946995;0.9513761;0.8885248;391.9;0.2087573;False;11/23/2025 9:28:26 AM:434;1763861306434;;
1599;817;0.9849464;0.8947028;1.026976;0.9046708;393.2;0.1986528;False;11/23/2025 9:28:26 AM:457;1763861306457;;
1598;816;0.9843071;0.8928121;0.9618768;0.8465503;393.2;0.2159858;False;11/23/2025 9:28:26 AM:479;1763861306479;;
1598;815;0.984324;0.8926142;0.9869845;0.8782325;393.3;0.2160098;False;11/23/2025 9:28:26 AM:501;1763861306501;;
1598;815;0.9843232;0.892763;0.983885;0.9085771;391.3;0.2188289;False;11/23/2025 9:28:26 AM:524;1763861306524;;
1597;816;0.9834354;0.8928567;0.9567382;0.9064453;391.6;0.2153902;False;11/23/2025 9:28:26 AM:546;1763861306546;;
1595;816;0.9827063;0.8929356;0.9567422;0.9064433;391.9;0.2153921;False;11/23/2025 9:28:26 AM:568;1763861306568;;
1586;816;0.9771692;0.8929482;0.9127166;0.9010582;391.9;0.2001068;False;11/23/2025 9:28:26 AM:592;1763861306592;;
1584;813;0.9757584;0.8894968;0.9387432;0.8252425;393.1;0.2204769;False;11/23/2025 9:28:26 AM:615;1763861306615;;
1584;811;0.9757115;0.8877426;0.961927;0.8383311;394.1;0.2205706;False;11/23/2025 9:28:26 AM:637;1763861306637;;
1589;811;0.9787282;0.8877127;1.018144;0.8795601;392.7;0.219261;False;11/23/2025 9:28:26 AM:662;1763861306662;;
1589;813;0.9787371;0.8903702;0.9796405;0.9487753;392.5;0.2164806;False;11/23/2025 9:28:26 AM:684;1763861306684;;
1590;813;0.9795594;0.8898992;1.002035;0.8647165;390.6;0.2114967;False;11/23/2025 9:28:26 AM:706;1763861306706;;
1593;812;0.9814808;0.8894634;1.019327;0.863177;388.9;0.2115279;False;11/23/2025 9:28:26 AM:727;1763861306727;;
1596;812;0.9832044;0.8891928;1.017871;0.8683255;389.2;0.2077428;False;11/23/2025 9:28:26 AM:751;1763861306751;;
1599;812;0.9846923;0.888951;1.01788;0.8683174;389.5;0.2077404;False;11/23/2025 9:28:26 AM:777;1763861306777;;
1597;811;0.9834001;0.8883268;0.9555655;0.8555515;387.9;0.2101606;False;11/23/2025 9:28:26 AM:800;1763861306800;;
1519;806;0.9355231;0.882531;0.7718822;0.7933085;387.7;0.1878881;False;11/23/2025 9:28:26 AM:826;1763861306826;;
959;789;0.5906169;0.8633195;0.2435758;0.7083318;388.5;0.18573;False;11/23/2025 9:28:26 AM:850;1763861306850;;
720;777;0.4438114;0.8503323;0.2435663;0.7083247;389.2;0.1857188;False;11/23/2025 9:28:26 AM:870;1763861306870;;
556;750;0.342671;0.820746;0.2067666;0.6222011;393.3;0.1965383;False;11/23/2025 9:28:26 AM:894;1763861306894;;
481;741;0.2966242;0.8108582;0.2239178;0.6901854;393.0;0.1955137;False;11/23/2025 9:28:26 AM:917;1763861306917;;
439;733;0.2708781;0.8028627;0.2239145;0.6901731;392.7;0.1955569;False;11/23/2025 9:28:26 AM:940;1763861306940;;
414;727;0.2550028;0.7954715;0.2221365;0.684286;395.4;0.1977125;False;11/23/2025 9:28:26 AM:963;1763861306963;;
399;722;0.2458149;0.7900365;0.2230418;0.6878883;396.8;0.203318;False;11/23/2025 9:28:26 AM:984;1763861306984;;
371;687;0.2285417;0.7517242;0.1907174;0.5346711;399.6;0.2139106;False;11/23/2025 9:28:27 AM:10;1763861307010;;
355;663;0.2188258;0.7261413;0.1907174;0.5346713;402.0;0.2139105;False;11/23/2025 9:28:27 AM:33;1763861307033;;
353;661;0.2176994;0.7239924;0.2138635;0.6582651;403.0;0.2057491;False;11/23/2025 9:28:27 AM:56;1763861307056;;
352;659;0.2171061;0.722082;0.2149608;0.6590835;403.3;0.1951414;False;11/23/2025 9:28:27 AM:82;1763861307082;;
352;659;0.2171269;0.7213463;0.2172266;0.670898;403.6;0.200225;False;11/23/2025 9:28:27 AM:106;1763861307106;;
353;659;0.2178468;0.7213167;0.2224;0.6870787;403.8;0.2004362;False;11/23/2025 9:28:27 AM:126;1763861307126;;
349;651;0.2150896;0.7130581;0.2003307;0.5943307;404.5;0.2102856;False;11/23/2025 9:28:27 AM:149;1763861307149;;
346;645;0.2131593;0.7067608;0.2003326;0.5943587;405.1;0.2101924;False;11/23/2025 9:28:27 AM:172;1763861307172;;
346;645;0.2134205;0.7066844;0.2154854;0.6640868;404.1;0.2074722;False;11/23/2025 9:28:27 AM:196;1763861307196;;
345;644;0.2128897;0.7049884;0.2084762;0.6346586;406.2;0.2162745;False;11/23/2025 9:28:27 AM:220;1763861307220;;
345;643;0.2125087;0.70368;0.2084746;0.6346502;408.1;0.2162886;False;11/23/2025 9:28:27 AM:242;1763861307242;;
344;642;0.2122994;0.7028243;0.2099206;0.6404375;409.0;0.2117043;False;11/23/2025 9:28:27 AM:266;1763861307266;;
345;642;0.2127183;0.7024104;0.2186569;0.6734734;410.3;0.2091758;False;11/23/2025 9:28:27 AM:293;1763861307293;;
345;641;0.2127025;0.7020942;0.2124585;0.6507368;410.2;0.2043686;False;11/23/2025 9:28:27 AM:317;1763861307317;;
345;641;0.2127703;0.7020863;0.2140628;0.6576104;410.1;0.2044656;False;11/23/2025 9:28:27 AM:340;1763861307340;;
345;641;0.212903;0.701973;0.2158685;0.661001;411.3;0.2123042;False;11/23/2025 9:28:27 AM:365;1763861307365;;
344;635;0.2121307;0.6951078;0.2040878;0.6026491;410.8;0.2178966;False;11/23/2025 9:28:27 AM:413;1763861307413;;
344;634;0.2122757;0.6947009;0.2193344;0.6776808;411.4;0.2091322;False;11/23/2025 9:28:27 AM:435;1763861307435;;
344;635;0.2123842;0.6950009;0.2276941;0.7026827;412.9;0.2000024;False;11/23/2025 9:28:27 AM:459;1763861307459;;
345;634;0.212478;0.6947466;0.2173748;0.6706634;413.2;0.2092932;False;11/23/2025 9:28:27 AM:482;1763861307482;;
345;634;0.2124719;0.6944324;0.2122336;0.6491643;414.9;0.1957197;False;11/23/2025 9:28:27 AM:506;1763861307506;;
345;634;0.2125088;0.6943581;0.2145044;0.6592731;416.4;0.1957654;False;11/23/2025 9:28:27 AM:531;1763861307531;;
345;633;0.2124493;0.6933191;0.2098845;0.6348452;416.3;0.1951739;False;11/23/2025 9:28:27 AM:556;1763861307556;;
345;633;0.2124849;0.6930915;0.2210457;0.6829413;416.2;0.2157033;False;11/23/2025 9:28:27 AM:581;1763861307581;;
345;633;0.2124985;0.6930844;0.2243972;0.6927934;416.1;0.215737;False;11/23/2025 9:28:27 AM:603;1763861307603;;
345;633;0.2125252;0.6930453;0.2148264;0.6606396;415.8;0.2107117;False;11/23/2025 9:28:27 AM:626;1763861307626;;
344;631;0.2123571;0.6905388;0.2047182;0.6143954;415.0;0.2092836;False;11/23/2025 9:28:27 AM:648;1763861307648;;
344;628;0.2121627;0.687739;0.2032651;0.6074336;414.2;0.2093947;False;11/23/2025 9:28:27 AM:670;1763861307670;;
344;627;0.2121112;0.686949;0.208686;0.6334185;413.0;0.203673;False;11/23/2025 9:28:27 AM:699;1763861307699;;
343;616;0.2113513;0.674289;0.1916697;0.5389785;412.7;0.2311484;False;11/23/2025 9:28:27 AM:726;1763861307726;;
342;581;0.2107918;0.6363416;0.1923085;0.4183173;411.7;0.2185505;False;11/23/2025 9:28:27 AM:753;1763861307753;;
341;564;0.2102631;0.6175793;0.1892973;0.4428641;410.8;0.2186634;False;11/23/2025 9:28:27 AM:775;1763861307775;;
341;564;0.2100932;0.617452;0.1975076;0.5782238;410.2;0.2370116;False;11/23/2025 9:28:27 AM:798;1763861307798;;
339;554;0.2092926;0.6069815;0.1836011;0.4770303;410.5;0.2392884;False;11/23/2025 9:28:27 AM:823;1763861307823;;
339;551;0.2088081;0.6031221;0.1896419;0.5219741;410.1;0.2242117;False;11/23/2025 9:28:27 AM:857;1763861307857;;
338;533;0.2086278;0.5837114;0.192701;0.4125851;410.2;0.2331124;False;11/23/2025 9:28:27 AM:882;1763861307882;;
338;531;0.2083032;0.5816659;0.1878096;0.5043064;410.5;0.2196046;False;11/23/2025 9:28:27 AM:906;1763861307906;;
338;531;0.2081451;0.5815135;0.1907898;0.5310671;410.7;0.2196385;False;11/23/2025 9:28:27 AM:927;1763861307927;;
337;531;0.2080036;0.5814961;0.1909927;0.5345023;412.4;0.2367966;False;11/23/2025 9:28:27 AM:949;1763861307949;;
337;531;0.207967;0.5811527;0.1944611;0.5509194;415.5;0.2366508;False;11/23/2025 9:28:27 AM:972;1763861307972;;
337;530;0.2079254;0.5808523;0.1939057;0.552194;418.3;0.236756;False;11/23/2025 9:28:27 AM:993;1763861307993;;
337;530;0.2079171;0.5805836;0.1956254;0.5689399;420.4;0.2362851;False;11/23/2025 9:28:28 AM:17;1763861308017;;
337;530;0.2079099;0.5803627;0.1956218;0.5689087;422.3;0.2363263;False;11/23/2025 9:28:28 AM:39;1763861308039;;
337;526;0.2076006;0.5764426;0.1853802;0.4866773;424.2;0.2452409;False;11/23/2025 9:28:28 AM:63;1763861308063;;
337;526;0.2075171;0.5755369;0.1906032;0.5161065;424.7;0.2287458;False;11/23/2025 9:28:28 AM:85;1763861308085;;
336;525;0.207443;0.5750462;0.1903952;0.5215504;425.1;0.2288133;False;11/23/2025 9:28:28 AM:104;1763861308104;;
336;515;0.2073705;0.5642962;0.1904836;0.4269053;424.7;0.2273524;False;11/23/2025 9:28:28 AM:128;1763861308128;;
336;516;0.2073172;0.5648;0.197702;0.5775764;425.2;0.2348144;False;11/23/2025 9:28:28 AM:149;1763861308149;;
336;516;0.2073151;0.5646117;0.1938303;0.5536402;425.8;0.2348563;False;11/23/2025 9:28:28 AM:170;1763861308170;;
336;512;0.2069714;0.5604557;0.1827729;0.4678714;426.2;0.2247079;False;11/23/2025 9:28:28 AM:192;1763861308192;;
335;511;0.2067835;0.5593928;0.1857419;0.4989042;424.1;0.2151871;False;11/23/2025 9:28:28 AM:216;1763861308216;;
335;511;0.2067417;0.55909;0.1938234;0.5372429;424.7;0.2159301;False;11/23/2025 9:28:28 AM:241;1763861308241;;
335;514;0.2067394;0.563253;0.2066211;0.6215215;425.2;0.2159822;False;11/23/2025 9:28:28 AM:262;1763861308262;;
335;512;0.2064778;0.5607364;0.1859168;0.4932643;426.4;0.2254336;False;11/23/2025 9:28:28 AM:293;1763861308293;;
335;504;0.2064514;0.5517116;0.1937483;0.435941;426.9;0.227047;False;11/23/2025 9:28:28 AM:320;1763861308320;;
334;501;0.2062718;0.5489696;0.1861576;0.4691682;427.1;0.2324277;False;11/23/2025 9:28:28 AM:345;1763861308345;;
334;501;0.2061528;0.5486379;0.1873644;0.4998095;426.8;0.2310427;False;11/23/2025 9:28:28 AM:370;1763861308370;;
334;501;0.2060607;0.5483817;0.1873652;0.4998189;426.5;0.231036;False;11/23/2025 9:28:28 AM:392;1763861308392;;
334;491;0.2059993;0.5379385;0.1951369;0.3994799;426.8;0.2183251;False;11/23/2025 9:28:28 AM:415;1763861308415;;
334;489;0.2057496;0.5357981;0.1835191;0.4587502;427.4;0.2301284;False;11/23/2025 9:28:28 AM:440;1763861308440;;
333;486;0.2056463;0.5319152;0.1865829;0.4380471;428.0;0.2300582;False;11/23/2025 9:28:28 AM:466;1763861308466;;
333;485;0.2056286;0.5310514;0.1890345;0.4649239;429.2;0.2342233;False;11/23/2025 9:28:28 AM:493;1763861308493;;
333;484;0.2056004;0.5306068;0.1884063;0.5118624;429.7;0.228705;False;11/23/2025 9:28:28 AM:515;1763861308515;;
333;484;0.2055105;0.530318;0.1858408;0.4944174;430.1;0.2287514;False;11/23/2025 9:28:28 AM:536;1763861308536;;
333;483;0.2054838;0.528521;0.1879552;0.452514;429.8;0.2232178;False;11/23/2025 9:28:28 AM:560;1763861308560;;
333;481;0.2054422;0.5272516;0.190826;0.4571068;430.8;0.2127864;False;11/23/2025 9:28:28 AM:584;1763861308584;;
333;481;0.2054088;0.5263075;0.190541;0.4602137;431.7;0.2127763;False;11/23/2025 9:28:28 AM:612;1763861308612;;
333;481;0.2053761;0.5264212;0.1907102;0.5288999;430.8;0.2266025;False;11/23/2025 9:28:28 AM:639;1763861308639;;
333;480;0.2053646;0.5260669;0.1898745;0.5137469;431.1;0.2244224;False;11/23/2025 9:28:28 AM:670;1763861308670;;
333;476;0.2052652;0.5213746;0.1944177;0.4354973;430.8;0.2239788;False;11/23/2025 9:28:28 AM:705;1763861308705;;
333;482;0.2052067;0.5277401;0.2013439;0.5968192;429.0;0.2176449;False;11/23/2025 9:28:28 AM:730;1763861308730;;
333;485;0.2051461;0.5307374;0.1983092;0.5773878;427.9;0.2176221;False;11/23/2025 9:28:28 AM:755;1763861308755;;
333;489;0.2051164;0.5358851;0.2032081;0.6007209;425.1;0.2209102;False;11/23/2025 9:28:28 AM:782;1763861308782;;
333;499;0.2055178;0.5468684;0.2181593;0.6550868;423.7;0.2132633;False;11/23/2025 9:28:28 AM:805;1763861308805;;
336;514;0.207015;0.5633749;0.2348696;0.6938195;422.5;0.2133071;False;11/23/2025 9:28:28 AM:831;1763861308831;;
335;514;0.2068917;0.5631474;0.1950133;0.5435756;423.3;0.2028064;False;11/23/2025 9:28:28 AM:855;1763861308855;;
335;515;0.2068876;0.5639464;0.2021333;0.5918703;424.0;0.2028753;False;11/23/2025 9:28:28 AM:882;1763861308882;;
335;515;0.206752;0.5636951;0.194199;0.5450422;423.3;0.1997176;False;11/23/2025 9:28:28 AM:906;1763861308906;;
335;517;0.2067487;0.5664703;0.2064062;0.6172773;421.1;0.2074499;False;11/23/2025 9:28:28 AM:938;1763861308938;;
335;517;0.2067044;0.5664722;0.1987294;0.5693386;420.0;0.2042583;False;11/23/2025 9:28:28 AM:974;1763861308974;;
335;515;0.2063339;0.5634883;0.1887601;0.5103248;417.9;0.2218271;False;11/23/2025 9:28:29 AM:5;1763861309005;;
335;521;0.2065119;0.5705801;0.2136502;0.6512567;415.5;0.1995855;False;11/23/2025 9:28:29 AM:37;1763861309037;;
339;534;0.2089565;0.5847525;0.2427716;0.6997682;415.3;0.2059233;False;11/23/2025 9:28:29 AM:69;1763861309069;;
339;534;0.2088673;0.5847768;0.2015601;0.5877509;414.3;0.2071776;False;11/23/2025 9:28:29 AM:102;1763861309102;;
339;538;0.2089338;0.589036;0.2142314;0.6567101;413.0;0.2001424;False;11/23/2025 9:28:29 AM:136;1763861309136;;
339;540;0.2089659;0.5912923;0.2130636;0.6473581;413.1;0.2057778;False;11/23/2025 9:28:29 AM:168;1763861309168;;
339;538;0.2089227;0.589308;0.2042678;0.5551994;413.9;0.2164021;False;11/23/2025 9:28:29 AM:202;1763861309202;;
338;535;0.2085451;0.5863884;0.1937077;0.5388995;412.5;0.2062941;False;11/23/2025 9:28:29 AM:234;1763861309234;;
338;535;0.2084384;0.5862225;0.1995052;0.5760252;411.1;0.2058812;False;11/23/2025 9:28:29 AM:268;1763861309268;;
338;536;0.2084356;0.5866736;0.2045148;0.6090223;410.7;0.201963;False;11/23/2025 9:28:29 AM:301;1763861309301;;
338;536;0.2083795;0.5866821;0.2006912;0.5899443;409.9;0.2117087;False;11/23/2025 9:28:29 AM:335;1763861309335;;
339;538;0.2093543;0.5894592;0.2301859;0.6432291;409.7;0.20758;False;11/23/2025 9:28:29 AM:368;1763861309368;;
340;541;0.2099201;0.5929469;0.2271765;0.6563609;408.1;0.1928283;False;11/23/2025 9:28:29 AM:401;1763861309401;;
341;541;0.2100148;0.5929961;0.2175709;0.5957441;408.1;0.2151957;False;11/23/2025 9:28:29 AM:443;1763861309443;;
340;540;0.2096527;0.5908551;0.1966099;0.5509101;407.9;0.2066427;False;11/23/2025 9:28:29 AM:475;1763861309475;;
350;543;0.2155856;0.5945796;0.2692074;0.6556584;407.4;0.1914892;False;11/23/2025 9:28:29 AM:510;1763861309510;;
348;541;0.2147622;0.592513;0.1962101;0.5544428;407.9;0.2172115;False;11/23/2025 9:28:29 AM:544;1763861309544;;
348;542;0.2146411;0.5930265;0.2072153;0.6195304;407.3;0.1969905;False;11/23/2025 9:28:29 AM:576;1763861309576;;
348;542;0.21455;0.593491;0.2073664;0.6211571;406.8;0.1970253;False;11/23/2025 9:28:29 AM:604;1763861309604;;
347;541;0.2140928;0.5928618;0.1989261;0.5746826;405.7;0.2042424;False;11/23/2025 9:28:29 AM:643;1763861309643;;
347;541;0.213865;0.5928612;0.2016314;0.5927813;405.1;0.205393;False;11/23/2025 9:28:29 AM:681;1763861309681;;
346;539;0.2133509;0.5902963;0.1943988;0.5440083;405.9;0.2071327;False;11/23/2025 9:28:29 AM:715;1763861309715;;
345;537;0.2129986;0.5885724;0.1943962;0.5439889;406.7;0.207143;False;11/23/2025 9:28:29 AM:743;1763861309743;;
346;537;0.2135132;0.5881216;0.2276709;0.5624043;405.7;0.2032393;False;11/23/2025 9:28:29 AM:772;1763861309772;;
346;536;0.2131345;0.5872768;0.1948756;0.5515635;407.2;0.2084078;False;11/23/2025 9:28:29 AM:800;1763861309800;;
345;536;0.2130285;0.5872419;0.2008476;0.5804725;407.3;0.2113348;False;11/23/2025 9:28:29 AM:829;1763861309829;;
345;535;0.2126547;0.5854746;0.193218;0.5354419;407.5;0.2072543;False;11/23/2025 9:28:29 AM:857;1763861309857;;
345;535;0.2126512;0.5857324;0.2034785;0.5969799;408.5;0.2070912;False;11/23/2025 9:28:29 AM:885;1763861309885;;
344;532;0.2121857;0.5826683;0.1896106;0.5169915;409.3;0.1877583;False;11/23/2025 9:28:29 AM:910;1763861309910;;
344;531;0.2119386;0.5817161;0.1925279;0.5378098;410.1;0.1878579;False;11/23/2025 9:28:29 AM:936;1763861309936;;
343;527;0.2114197;0.5768854;0.1865735;0.4934001;411.3;0.2205242;False;11/23/2025 9:28:29 AM:964;1763861309964;;
342;525;0.2111251;0.5745028;0.1892645;0.5082621;412.1;0.2083904;False;11/23/2025 9:28:29 AM:990;1763861309990;;
342;519;0.2107791;0.5682926;0.1869806;0.468362;412.7;0.2209134;False;11/23/2025 9:28:30 AM:16;1763861310016;;
342;521;0.210693;0.570465;0.203637;0.606235;413.8;0.2286877;False;11/23/2025 9:28:30 AM:43;1763861310043;;
341;512;0.2104396;0.5605861;0.1894985;0.4489324;413.7;0.2097762;False;11/23/2025 9:28:30 AM:74;1763861310074;;
341;502;0.2103498;0.5494369;0.1923785;0.4236639;415.7;0.2211928;False;11/23/2025 9:28:30 AM:101;1763861310101;;
341;498;0.2100135;0.5459059;0.1865367;0.4664065;417.6;0.2212099;False;11/23/2025 9:28:30 AM:131;1763861310131;;
340;496;0.2098114;0.5430183;0.1876906;0.4632117;416.4;0.2241789;False;11/23/2025 9:28:30 AM:158;1763861310158;;
340;496;0.2097851;0.5430728;0.19376;0.5443804;416.5;0.2140565;False;11/23/2025 9:28:30 AM:190;1763861310190;;
340;497;0.2097096;0.5443699;0.1963017;0.5674139;417.5;0.2233482;False;11/23/2025 9:28:30 AM:220;1763861310220;;
340;491;0.2095421;0.5378838;0.188488;0.4403554;416.3;0.2341747;False;11/23/2025 9:28:30 AM:248;1763861310248;;
339;488;0.20931;0.5348409;0.1861585;0.4583383;415.3;0.2341778;False;11/23/2025 9:28:30 AM:275;1763861310275;;
339;488;0.209169;0.5348148;0.1874328;0.4982484;415.9;0.2263781;False;11/23/2025 9:28:30 AM:302;1763861310302;;
339;488;0.2091079;0.5345347;0.1893552;0.5148687;417.2;0.2133422;False;11/23/2025 9:28:30 AM:331;1763861310331;;
339;482;0.2090524;0.5280949;0.1893712;0.431072;417.1;0.2287866;False;11/23/2025 9:28:30 AM:362;1763861310362;;
339;482;0.208978;0.527805;0.1883272;0.5122206;416.0;0.2175256;False;11/23/2025 9:28:30 AM:388;1763861310388;;
339;485;0.2088494;0.5309173;0.1985278;0.5754524;415.4;0.2089183;False;11/23/2025 9:28:30 AM:416;1763861310416;;
340;488;0.209388;0.5348957;0.2211165;0.5891398;415.2;0.2050919;False;11/23/2025 9:28:30 AM:444;1763861310444;;
340;489;0.2093674;0.5358087;0.1970366;0.560948;414.6;0.2092286;False;11/23/2025 9:28:30 AM:470;1763861310470;;
339;492;0.2093085;0.5385928;0.2009896;0.5903605;414.1;0.2093002;False;11/23/2025 9:28:30 AM:497;1763861310497;;
341;493;0.2101788;0.5394377;0.2277487;0.5671676;414.1;0.1981112;False;11/23/2025 9:28:30 AM:527;1763861310527;;
341;492;0.2102402;0.5384622;0.2135968;0.5049587;414.1;0.2146331;False;11/23/2025 9:28:30 AM:555;1763861310555;;
340;492;0.2099543;0.5384479;0.1925959;0.5314813;413.2;0.1972473;False;11/23/2025 9:28:30 AM:582;1763861310582;;
340;492;0.2097147;0.5384356;0.1925959;0.531482;412.4;0.1972463;False;11/23/2025 9:28:30 AM:609;1763861310609;;
340;493;0.2099681;0.5394232;0.2190385;0.570535;411.0;0.1978288;False;11/23/2025 9:28:30 AM:637;1763861310637;;
340;492;0.2096693;0.5393642;0.1920425;0.5307219;408.8;0.2008698;False;11/23/2025 9:28:30 AM:665;1763861310665;;
340;500;0.2096927;0.5476139;0.2112352;0.6396406;409.3;0.2070763;False;11/23/2025 9:28:30 AM:693;1763861310693;;
339;497;0.2090584;0.5439386;0.186974;0.4877048;409.1;0.1991141;False;11/23/2025 9:28:30 AM:726;1763861310726;;
338;495;0.2086903;0.5421779;0.1884653;0.4967734;410.2;0.2200499;False;11/23/2025 9:28:30 AM:754;1763861310754;;
338;495;0.2085347;0.542174;0.1923208;0.54149;412.3;0.2185711;False;11/23/2025 9:28:30 AM:783;1763861310783;;
338;491;0.2082042;0.5372479;0.1871312;0.4599103;414.0;0.2188969;False;11/23/2025 9:28:30 AM:809;1763861310809;;
337;487;0.2078204;0.5335155;0.1855277;0.4651165;415.0;0.2141566;False;11/23/2025 9:28:30 AM:840;1763861310840;;
336;486;0.2075108;0.5318739;0.18539;0.4794096;416.0;0.2141371;False;11/23/2025 9:28:30 AM:868;1763861310868;;
336;484;0.2072092;0.5296853;0.1848319;0.4699809;416.9;0.2202555;False;11/23/2025 9:28:30 AM:897;1763861310897;;
336;482;0.2071065;0.5279149;0.1885681;0.4710708;416.6;0.2167931;False;11/23/2025 9:28:30 AM:930;1763861310930;;
336;470;0.2070262;0.5151196;0.1952969;0.3883204;415.4;0.2194807;False;11/23/2025 9:28:30 AM:959;1763861310959;;
336;470;0.206909;0.515034;0.1880361;0.4835744;414.8;0.2158873;False;11/23/2025 9:28:30 AM:989;1763861310989;;
371;472;0.2288723;0.5165902;0.3289787;0.544096;417.3;0.1289633;True;11/23/2025 9:28:31 AM:18;1763861311018;;
541;479;0.3331309;0.5244433;0.5246174;0.598591;417.2;0.1098721;True;11/23/2025 9:28:31 AM:50;1763861311050;;
583;506;0.3591183;0.5546135;0.4483298;0.7164838;420.0;0.1051508;True;11/23/2025 9:28:31 AM:80;1763861311080;;
602;502;0.3708889;0.5498599;0.4247608;0.4748676;419.8;0.1345472;True;11/23/2025 9:28:31 AM:112;1763861311112;;
598;503;0.3684708;0.5509629;0.2923574;0.5804053;421.7;0.1526308;True;11/23/2025 9:28:31 AM:135;1763861311135;;
596;503;0.3675292;0.5509134;0.306017;0.5467248;423.3;0.1529097;True;11/23/2025 9:28:31 AM:179;1763861311179;;
595;499;0.3669009;0.5462629;0.304489;0.4666428;425.1;0.1643103;True;11/23/2025 9:28:31 AM:204;1763861311204;;
576;498;0.354708;0.5458105;0.2335661;0.5114603;426.7;0.1649464;True;11/23/2025 9:28:31 AM:228;1763861311228;;
538;498;0.3317586;0.5456199;0.1905973;0.5186091;426.3;0.2073623;False;11/23/2025 9:28:31 AM:254;1763861311254;;
510;498;0.314555;0.5453228;0.1882223;0.5139617;425.2;0.193244;False;11/23/2025 9:28:31 AM:280;1763861311280;;
493;498;0.3038618;0.545887;0.1960832;0.5645979;424.3;0.2133164;False;11/23/2025 9:28:31 AM:304;1763861311304;;
477;498;0.2941078;0.545736;0.1897591;0.5211063;420.5;0.2242072;False;11/23/2025 9:28:31 AM:327;1763861311327;;
465;498;0.2863804;0.5456159;0.1898182;0.5215116;417.2;0.2242188;False;11/23/2025 9:28:31 AM:349;1763861311349;;
453;497;0.279182;0.5447233;0.1862185;0.5004905;415.5;0.2139255;False;11/23/2025 9:28:31 AM:374;1763861311374;;
443;495;0.2728343;0.5424079;0.1833304;0.4766082;413.6;0.2258098;False;11/23/2025 9:28:31 AM:397;1763861311397;;
435;494;0.2680877;0.5406257;0.1833264;0.4765662;411.8;0.2257881;False;11/23/2025 9:28:31 AM:418;1763861311418;;
429;493;0.2642628;0.540418;0.1870744;0.5052201;412.7;0.2280719;False;11/23/2025 9:28:31 AM:442;1763861311442;;
424;493;0.2612139;0.5401613;0.1865717;0.5023377;413.6;0.2280527;False;11/23/2025 9:28:31 AM:463;1763861311463;;
421;495;0.2596;0.5425572;0.1976885;0.5835538;414.3;0.2189269;False;11/23/2025 9:28:31 AM:489;1763861311489;;
419;497;0.2583924;0.5440165;0.197776;0.5790421;413.6;0.2275885;False;11/23/2025 9:28:31 AM:512;1763861311512;;
417;497;0.2567993;0.5440408;0.1927064;0.5458741;413.6;0.2327866;False;11/23/2025 9:28:31 AM:535;1763861311535;;
414;497;0.2552712;0.5440353;0.1902442;0.5301393;413.5;0.232786;False;11/23/2025 9:28:31 AM:558;1763861311558;;
413;497;0.25464;0.5446227;0.198135;0.5667924;413.7;0.241379;False;11/23/2025 9:28:31 AM:580;1763861311580;;
411;497;0.2533836;0.5445185;0.1902761;0.5270386;414.9;0.2290976;False;11/23/2025 9:28:31 AM:603;1763861311603;;
409;497;0.2523256;0.5444291;0.1902732;0.5270168;415.9;0.2291048;False;11/23/2025 9:28:31 AM:626;1763861311626;;
408;497;0.2514102;0.5442039;0.1902397;0.5201554;417.7;0.249467;False;11/23/2025 9:28:31 AM:649;1763861311649;;
407;497;0.2507099;0.5441866;0.191608;0.5335968;419.0;0.2601584;False;11/23/2025 9:28:31 AM:672;1763861311672;;
405;496;0.2498056;0.5437624;0.1881707;0.5130375;417.8;0.2478095;False;11/23/2025 9:28:31 AM:695;1763861311695;;
404;496;0.2490677;0.5434153;0.1881692;0.5130143;416.8;0.2478683;False;11/23/2025 9:28:31 AM:716;1763861311716;;
404;498;0.2487937;0.5456762;0.2011475;0.5929327;418.2;0.256353;False;11/23/2025 9:28:31 AM:740;1763861311740;;
403;499;0.2486031;0.5460199;0.1946262;0.563623;420.7;0.2503418;False;11/23/2025 9:28:31 AM:761;1763861311761;;
403;499;0.2481785;0.5460175;0.1915038;0.5455123;423.0;0.250575;False;11/23/2025 9:28:31 AM:785;1763861311785;;
402;499;0.2478153;0.5460336;0.1913433;0.5486069;424.9;0.2463836;False;11/23/2025 9:28:31 AM:808;1763861311808;;
401;498;0.2474129;0.5458423;0.1901098;0.5267835;426.8;0.2444552;False;11/23/2025 9:28:31 AM:830;1763861311830;;
400;497;0.2467539;0.5443044;0.1862103;0.4945254;428.5;0.2447761;False;11/23/2025 9:28:31 AM:852;1763861311852;;
399;501;0.2461525;0.5481821;0.2059818;0.6160249;429.6;0.2342646;False;11/23/2025 9:28:31 AM:873;1763861311873;;
398;503;0.2456885;0.5507885;0.204654;0.6092026;430.5;0.2344756;False;11/23/2025 9:28:31 AM:895;1763861311895;;
398;517;0.2455231;0.5659945;0.2426759;0.7055764;431.4;0.2364174;False;11/23/2025 9:28:31 AM:917;1763861311917;;
397;521;0.245045;0.57023;0.2140142;0.6466393;431.3;0.2382322;False;11/23/2025 9:28:31 AM:940;1763861311940;;
397;524;0.244637;0.5737208;0.214019;0.6466397;431.1;0.2382393;False;11/23/2025 9:28:31 AM:963;1763861311963;;
396;529;0.2441825;0.5789914;0.2207191;0.6713066;432.6;0.2326547;False;11/23/2025 9:28:31 AM:985;1763861311985;;
395;532;0.2437478;0.5830128;0.2229018;0.6653937;436.5;0.2118843;False;11/23/2025 9:28:32 AM:7;1763861312007;;
395;533;0.243566;0.584188;0.2134777;0.6372592;440.6;0.2226027;False;11/23/2025 9:28:32 AM:30;1763861312030;;
395;534;0.2434201;0.5851207;0.2134398;0.6371917;444.3;0.2225451;False;11/23/2025 9:28:32 AM:52;1763861312052;;
395;536;0.2432929;0.5867364;0.2131891;0.6498119;443.1;0.2153741;False;11/23/2025 9:28:32 AM:74;1763861312074;;
394;542;0.2429228;0.5933887;0.2270393;0.6988965;447.3;0.2256541;False;11/23/2025 9:28:32 AM:99;1763861312099;;
394;546;0.242656;0.5978603;0.2264427;0.6969767;451.0;0.2258129;False;11/23/2025 9:28:32 AM:120;1763861312120;;
403;555;0.2487417;0.6080005;0.3030728;0.7429386;451.4;0.2209014;False;11/23/2025 9:28:32 AM:142;1763861312142;;
403;555;0.2485711;0.6082017;0.2367579;0.6560001;452.9;0.2065054;False;11/23/2025 9:28:32 AM:164;1763861312164;;
403;557;0.248594;0.6103752;0.2494632;0.6920254;454.3;0.2062802;False;11/23/2025 9:28:32 AM:184;1763861312184;;
416;566;0.2567481;0.6199523;0.3248391;0.7556159;455.4;0.2358304;False;11/23/2025 9:28:32 AM:207;1763861312207;;
420;575;0.2589887;0.6300234;0.2916;0.7653745;457.9;0.2236239;False;11/23/2025 9:28:32 AM:231;1763861312231;;
423;583;0.2607557;0.6379174;0.2916457;0.765417;460.1;0.2236742;False;11/23/2025 9:28:32 AM:254;1763861312254;;
423;589;0.2606827;0.6454829;0.2490878;0.7657685;462.6;0.2286791;False;11/23/2025 9:28:32 AM:282;1763861312282;;
418;589;0.2575916;0.644677;0.209748;0.6313143;464.5;0.2358428;False;11/23/2025 9:28:32 AM:309;1763861312309;;
415;589;0.2557776;0.6449134;0.2142911;0.6527536;466.1;0.2353073;False;11/23/2025 9:28:32 AM:334;1763861312334;;
415;596;0.2558616;0.6526236;0.2591879;0.7678998;469.3;0.230975;False;11/23/2025 9:28:32 AM:360;1763861312360;;
459;610;0.2828436;0.6680449;0.3966931;0.8166174;470.0;0.2427207;False;11/23/2025 9:28:32 AM:389;1763861312389;;
454;610;0.280064;0.6684076;0.2280974;0.7024709;470.3;0.2384468;False;11/23/2025 9:28:32 AM:413;1763861312413;;
470;618;0.2894185;0.6764887;0.3602587;0.8002936;472.5;0.2218684;False;11/23/2025 9:28:32 AM:437;1763861312437;;
481;622;0.2962596;0.6809671;0.3608322;0.7865177;474.4;0.2209174;False;11/23/2025 9:28:32 AM:459;1763861312459;;
474;622;0.2924594;0.681309;0.2326657;0.7203576;472.3;0.23444;False;11/23/2025 9:28:32 AM:480;1763861312480;;
468;623;0.2886733;0.6817387;0.2282485;0.7052235;473.9;0.223392;False;11/23/2025 9:28:32 AM:502;1763861312502;;
463;623;0.285699;0.6820883;0.2282238;0.7051568;475.4;0.2229953;False;11/23/2025 9:28:32 AM:522;1763861312522;;
459;623;0.2831812;0.6823824;0.2301632;0.7117605;478.1;0.2263541;False;11/23/2025 9:28:32 AM:544;1763861312544;;
444;602;0.2739686;0.6590663;0.1856999;0.5126545;478.0;0.2480812;False;11/23/2025 9:28:32 AM:568;1763861312568;;
433;579;0.2671403;0.6337876;0.1845716;0.469096;486.7;0.2398539;False;11/23/2025 9:28:32 AM:589;1763861312589;;
425;558;0.2622444;0.6113253;0.1871751;0.4494796;494.5;0.237401;False;11/23/2025 9:28:32 AM:609;1763861312609;;
416;535;0.2564292;0.5857919;0.1810946;0.4287291;500.9;0.2413585;False;11/23/2025 9:28:32 AM:633;1763861312633;;
410;515;0.2527539;0.5641709;0.1870958;0.4141442;504.2;0.2224796;False;11/23/2025 9:28:32 AM:655;1763861312655;;
403;501;0.2484558;0.5487893;0.1746962;0.4138508;507.2;0.221837;False;11/23/2025 9:28:32 AM:674;1763861312674;;
399;487;0.2460139;0.5328928;0.1850582;0.393694;509.9;0.2206135;False;11/23/2025 9:28:32 AM:694;1763861312694;;
396;478;0.2441484;0.5233344;0.1894496;0.4211178;514.8;0.2869073;False;11/23/2025 9:28:32 AM:717;1763861312717;;
392;475;0.2415032;0.5201994;0.1802985;0.4627828;518.8;0.2618441;False;11/23/2025 9:28:32 AM:740;1763861312740;;
388;473;0.2394828;0.5178241;0.1802945;0.4627567;522.4;0.2616288;False;11/23/2025 9:28:32 AM:762;1763861312762;;
385;471;0.237182;0.5163779;0.1839276;0.4820329;528.2;0.1673526;True;11/23/2025 9:28:32 AM:800;1763861312800;;
382;470;0.235617;0.5151376;0.1790756;0.4715308;533.3;0.1749329;False;11/23/2025 9:28:32 AM:822;1763861312822;;
382;471;0.2352404;0.5164045;0.1921211;0.5530734;532.8;0.2233201;False;11/23/2025 9:28:32 AM:846;1763861312846;;
381;471;0.2347693;0.5164034;0.1889447;0.5135167;545.4;0.2475136;False;11/23/2025 9:28:32 AM:866;1763861312866;;
380;474;0.2344097;0.5193513;0.2221518;0.5837438;556.8;0.244725;False;11/23/2025 9:28:32 AM:887;1763861312887;;
379;473;0.2335257;0.5178127;0.1852909;0.4731535;561.5;0.2310427;False;11/23/2025 9:28:32 AM:909;1763861312909;;
378;488;0.2331444;0.5341024;0.2119839;0.6762716;561.9;0.2133374;False;11/23/2025 9:28:32 AM:932;1763861312932;;
378;501;0.2328459;0.5484699;0.2219786;0.6865047;562.2;0.2127142;False;11/23/2025 9:28:32 AM:954;1763861312954;;
377;486;0.2321762;0.5322547;0.1899869;0.3925833;559.2;0.2718726;False;11/23/2025 9:28:32 AM:977;1763861312977;;
418;520;0.257761;0.5691569;0.3780614;0.7855857;561.1;0.2432402;False;11/23/2025 9:28:32 AM:997;1763861312997;;
505;540;0.3114084;0.591278;0.4897059;0.7646229;562.8;0.2426079;False;11/23/2025 9:28:33 AM:18;1763861313018;;
491;526;0.3027271;0.5756794;0.1887004;0.4295455;572.1;0.247397;False;11/23/2025 9:28:33 AM:39;1763861313039;;
683;516;0.4205995;0.5650548;0.6419343;0.4469177;575.3;0.2483251;False;11/23/2025 9:28:33 AM:63;1763861313063;;
781;513;0.4813734;0.5621368;0.6382371;0.4885441;578.1;0.2480639;False;11/23/2025 9:28:33 AM:82;1763861313082;;
826;512;0.5087106;0.5602584;0.5936348;0.4995526;578.5;0.2542239;False;11/23/2025 9:28:33 AM:105;1763861313105;;
854;510;0.5263212;0.5587609;0.5934317;0.49952;578.9;0.2539875;False;11/23/2025 9:28:33 AM:125;1763861313125;;
733;502;0.4519502;0.5499163;0.180461;0.4318776;570.8;0.2074949;False;11/23/2025 9:28:33 AM:148;1763861313148;;
655;496;0.4038688;0.5431021;0.1817343;0.4305284;571.3;0.3054037;False;11/23/2025 9:28:33 AM:169;1763861313169;;
604;488;0.3722275;0.5339478;0.1868923;0.3998015;571.7;0.3033611;False;11/23/2025 9:28:33 AM:188;1763861313188;;
557;492;0.3433876;0.5391319;0.1786791;0.6092202;568.5;0.2659512;False;11/23/2025 9:28:33 AM:209;1763861313209;;
521;480;0.3213087;0.5256788;0.1898044;0.3881415;572.5;0.2490993;False;11/23/2025 9:28:33 AM:234;1763861313234;;
496;472;0.3059931;0.5166289;0.1897611;0.39303;576.2;0.2502284;False;11/23/2025 9:28:33 AM:258;1763861313258;;
503;472;0.3097673;0.5165996;0.3496393;0.5154638;569.0;0.2597004;False;11/23/2025 9:28:33 AM:282;1763861313282;;
658;472;0.4056933;0.5170649;0.6394011;0.5323169;567.3;0.255679;False;11/23/2025 9:28:33 AM:302;1763861313302;;
756;472;0.4656852;0.5170477;0.6338122;0.5159873;565.8;0.2542959;False;11/23/2025 9:28:33 AM:323;1763861313323;;
668;471;0.4117293;0.5162807;0.178112;0.4705134;561.8;0.2437632;False;11/23/2025 9:28:33 AM:345;1763861313345;;
606;470;0.3737638;0.5147688;0.1785239;0.454336;556.9;0.2454865;False;11/23/2025 9:28:33 AM:366;1763861313366;;
559;469;0.3447114;0.5134357;0.1785256;0.4542871;552.4;0.2453898;False;11/23/2025 9:28:33 AM:388;1763861313388;;
518;467;0.3194706;0.5114182;0.1811279;0.4460293;556.1;0.2253357;False;11/23/2025 9:28:33 AM:415;1763861313415;;
495;484;0.3052165;0.5303136;0.2038049;0.6478783;552.7;0.2416475;False;11/23/2025 9:28:33 AM:445;1763861313445;;
473;474;0.2913467;0.5192246;0.190721;0.40341;554.6;0.2159735;False;11/23/2025 9:28:33 AM:477;1763861313477;;
452;471;0.2788813;0.5162782;0.1838059;0.445922;552.0;0.2208627;False;11/23/2025 9:28:33 AM:509;1763861313509;;
440;464;0.2710843;0.5077302;0.1904416;0.3993624;553.8;0.2238136;False;11/23/2025 9:28:33 AM:540;1763861313540;;
431;458;0.265802;0.5020251;0.1906938;0.4008895;555.5;0.2226157;False;11/23/2025 9:28:33 AM:567;1763861313567;;
424;461;0.2614995;0.5050272;0.193403;0.5427566;548.6;0.2259927;False;11/23/2025 9:28:33 AM:598;1763861313598;;
469;480;0.2888155;0.526134;0.394557;0.6583838;544.4;0.2394876;False;11/23/2025 9:28:33 AM:626;1763861313626;;
464;495;0.2860185;0.5423055;0.2181262;0.6723776;538.1;0.2447309;False;11/23/2025 9:28:33 AM:649;1763861313649;;
454;493;0.2795902;0.5399536;0.189318;0.4723527;529.4;0.2114419;False;11/23/2025 9:28:33 AM:672;1763861313672;;
454;493;0.2795605;0.5396866;0.2386841;0.5040618;521.6;0.2110512;False;11/23/2025 9:28:33 AM:692;1763861313692;;
450;501;0.2772393;0.5483487;0.2105242;0.645271;516.4;0.2473486;False;11/23/2025 9:28:33 AM:713;1763861313713;;
549;565;0.3382895;0.6182714;0.5141146;0.892705;510.7;0.2353748;False;11/23/2025 9:28:33 AM:735;1763861313735;;
621;615;0.3828153;0.6729346;0.5141657;0.8927203;505.5;0.2354014;False;11/23/2025 9:28:33 AM:760;1763861313760;;
725;626;0.4469817;0.6859627;0.6156168;0.7937605;503.0;0.2414814;False;11/23/2025 9:28:33 AM:782;1763861313782;;
816;635;0.5025892;0.6948312;0.6544754;0.7862569;499.0;0.233032;False;11/23/2025 9:28:33 AM:802;1763861313802;;
869;644;0.5351337;0.705011;0.636364;0.8036489;496.8;0.2252992;False;11/23/2025 9:28:33 AM:824;1763861313824;;
903;651;0.5565118;0.712823;0.6363097;0.8036362;494.8;0.2252555;False;11/23/2025 9:28:33 AM:845;1763861313845;;
897;651;0.5529538;0.7127725;0.5197923;0.7094055;491.1;0.2314734;False;11/23/2025 9:28:33 AM:867;1763861313867;;
902;649;0.5560246;0.7111096;0.5747582;0.6515403;485.5;0.2169293;False;11/23/2025 9:28:33 AM:889;1763861313889;;
925;648;0.5697635;0.7099045;0.6372983;0.6532885;480.5;0.2168384;False;11/23/2025 9:28:33 AM:909;1763861313909;;
962;648;0.5924551;0.7098137;0.6859317;0.6885433;478.2;0.2171935;False;11/23/2025 9:28:33 AM:930;1763861313930;;
1000;649;0.6158489;0.7104737;0.7157419;0.7320294;476.2;0.2171126;False;11/23/2025 9:28:33 AM:949;1763861313949;;
1018;650;0.6273119;0.7116456;0.6863977;0.742902;472.1;0.2149043;False;11/23/2025 9:28:33 AM:972;1763861313972;;
1032;652;0.6357437;0.7139415;0.6895772;0.7662176;468.3;0.2148897;False;11/23/2025 9:28:33 AM:990;1763861313990;;
1034;661;0.6370544;0.7232816;0.6491359;0.8291838;464.6;0.2150769;False;11/23/2025 9:28:34 AM:12;1763861314012;;
1013;665;0.6241086;0.7281075;0.4921059;0.8066633;462.2;0.2237392;False;11/23/2025 9:28:34 AM:34;1763861314034;;
1011;668;0.6231036;0.7310045;0.5828885;0.7947854;460.1;0.2237196;False;11/23/2025 9:28:34 AM:55;1763861314055;;
985;671;0.607093;0.7350679;0.4729758;0.8102055;459.4;0.1994865;False;11/23/2025 9:28:34 AM:78;1763861314078;;
984;652;0.6064333;0.7137778;0.5445119;0.5528046;457.5;0.2041421;False;11/23/2025 9:28:34 AM:99;1763861314099;;
983;649;0.6056262;0.7107309;0.5747822;0.647938;455.8;0.2042091;False;11/23/2025 9:28:34 AM:120;1763861314120;;
982;649;0.6049007;0.7105806;0.5898423;0.6984327;456.6;0.1067534;True;11/23/2025 9:28:34 AM:144;1763861314144;;
965;650;0.5948093;0.7117764;0.4843842;0.7536801;453.6;0.08593577;True;11/23/2025 9:28:34 AM:167;1763861314167;;
965;651;0.5947086;0.7132298;0.5486814;0.76215;450.9;0.08600388;True;11/23/2025 9:28:34 AM:187;1763861314187;;
964;653;0.5941291;0.7144557;0.5686122;0.7605518;452.4;0.0872911;True;11/23/2025 9:28:34 AM:209;1763861314209;;
964;653;0.5938671;0.7144827;0.5883927;0.7188931;455.0;0.1017471;True;11/23/2025 9:28:34 AM:233;1763861314233;;
967;643;0.5955573;0.7037215;0.618845;0.5867791;456.4;0.128215;True;11/23/2025 9:28:34 AM:253;1763861314253;;
969;635;0.5969053;0.6956493;0.6176907;0.5937662;457.7;0.1283147;True;11/23/2025 9:28:34 AM:275;1763861314275;;
945;618;0.5821373;0.6769509;0.4660876;0.5210853;459.2;0.1428348;True;11/23/2025 9:28:34 AM:297;1763861314297;;
938;607;0.5779126;0.6645032;0.5098467;0.538548;459.1;0.150961;True;11/23/2025 9:28:34 AM:319;1763861314319;;
933;599;0.5747895;0.6555413;0.5098549;0.5385379;458.9;0.1509646;True;11/23/2025 9:28:34 AM:339;1763861314339;;
933;590;0.5746674;0.6459734;0.5511698;0.5319038;458.4;0.1644059;True;11/23/2025 9:28:34 AM:363;1763861314363;;
926;585;0.570755;0.6405563;0.4995944;0.5432984;458.0;0.1644592;True;11/23/2025 9:28:34 AM:382;1763861314382;;
926;580;0.5707062;0.6350575;0.5437887;0.5395759;457.6;0.1757457;False;11/23/2025 9:28:34 AM:405;1763861314405;;
926;576;0.5706593;0.6305726;0.5439426;0.5394719;457.3;0.1757674;False;11/23/2025 9:28:34 AM:427;1763861314427;;
910;569;0.5606416;0.6233643;0.4602551;0.5092012;457.0;0.1836702;False;11/23/2025 9:28:34 AM:448;1763861314448;;
904;563;0.5571502;0.6164913;0.4891581;0.5007712;458.6;0.1878198;False;11/23/2025 9:28:34 AM:469;1763861314469;;
899;558;0.5537195;0.6106589;0.4850123;0.4999932;460.1;0.1880883;False;11/23/2025 9:28:34 AM:489;1763861314489;;
879;550;0.541829;0.6020023;0.4355856;0.4760401;460.5;0.1870867;False;11/23/2025 9:28:34 AM:512;1763861314512;;
832;549;0.5124387;0.6007183;0.3593825;0.5329273;463.5;0.1678402;True;11/23/2025 9:28:34 AM:535;1763861314535;;
806;548;0.4969138;0.5996053;0.3824972;0.5323871;466.1;0.1680241;True;11/23/2025 9:28:34 AM:556;1763861314556;;
799;547;0.4925818;0.5993468;0.4263922;0.5638255;466.5;0.1799302;False;11/23/2025 9:28:34 AM:577;1763861314577;;
800;543;0.4926737;0.594973;0.4959149;0.4940847;466.1;0.1848326;False;11/23/2025 9:28:34 AM:600;1763861314600;;
795;541;0.4898159;0.5922425;0.4355223;0.5043057;467.0;0.1676257;True;11/23/2025 9:28:34 AM:623;1763861314623;;
791;539;0.4874553;0.5899502;0.4354925;0.5043245;467.8;0.1676067;True;11/23/2025 9:28:34 AM:646;1763861314646;;
791;538;0.487391;0.5886686;0.4694274;0.5143243;469.1;0.1661046;True;11/23/2025 9:28:34 AM:669;1763861314669;;
793;535;0.4886543;0.5854389;0.5111537;0.4880584;470.0;0.177588;False;11/23/2025 9:28:34 AM:692;1763861314692;;
793;532;0.4886902;0.5826876;0.4904493;0.4847718;470.7;0.1778412;False;11/23/2025 9:28:34 AM:712;1763861314712;;
799;532;0.4920802;0.5821459;0.5373551;0.545073;472.4;0.1794201;False;11/23/2025 9:28:34 AM:734;1763861314734;;
778;525;0.4791472;0.5754534;0.4121193;0.4807152;471.3;0.1561508;True;11/23/2025 9:28:34 AM:792;1763861314792;;
817;525;0.5035631;0.574832;0.6283642;0.5420412;470.4;0.1529405;True;11/23/2025 9:28:34 AM:813;1763861314813;;
818;524;0.5038831;0.5743979;0.5125756;0.5594308;474.5;0.1096614;True;11/23/2025 9:28:34 AM:834;1763861314834;;
818;524;0.5037878;0.5740003;0.4823329;0.5380297;478.2;0.1100153;True;11/23/2025 9:28:34 AM:856;1763861314856;;
777;527;0.4786484;0.5770348;0.4096197;0.5932139;479.5;0.2130705;False;11/23/2025 9:28:34 AM:996;1763861314996;;
781;526;0.481442;0.5760804;0.5175666;0.5266172;480.7;0.2161371;False;11/23/2025 9:28:35 AM:17;1763861315017;;
779;521;0.4802902;0.5709562;0.4363134;0.4758347;487.8;0.1646126;True;11/23/2025 9:28:35 AM:38;1763861315038;;
779;564;0.4799307;0.6176499;0.4694842;0.7727833;494.9;0.1408675;True;11/23/2025 9:28:35 AM:86;1763861315086;;
783;575;0.482162;0.6296746;0.5175794;0.7558472;501.3;0.1412409;True;11/23/2025 9:28:35 AM:104;1763861315104;;
814;574;0.5016113;0.6286478;0.6140082;0.580282;497.0;0.1167564;True;11/23/2025 9:28:35 AM:125;1763861315125;;
837;573;0.5159019;0.6277997;0.6140163;0.5803152;493.2;0.1167301;True;11/23/2025 9:28:35 AM:143;1763861315143;;
895;568;0.5516516;0.6219333;0.597473;0.5765471;501.4;0.1231728;True;11/23/2025 9:28:35 AM:615;1763861315615;;
897;568;0.552673;0.6217517;0.5940692;0.5945784;508.8;0.1240374;True;11/23/2025 9:28:35 AM:634;1763861315634;;
898;568;0.5535454;0.6215938;0.5940703;0.5945776;515.5;0.1240354;True;11/23/2025 9:28:35 AM:653;1763861315653;;
900;570;0.5543279;0.6238114;0.5866477;0.6503732;513.5;0.1269489;True;11/23/2025 9:28:35 AM:699;1763861315699;;
900;574;0.5544366;0.6286587;0.5733805;0.7050287;511.7;0.1278028;True;11/23/2025 9:28:35 AM:718;1763861315718;;
920;547;0.5666665;0.5991471;0.6100451;0.5277451;534.1;0.1337306;True;11/23/2025 9:28:36 AM:595;1763861316595;;
920;547;0.566762;0.5986203;0.6028851;0.5660377;554.2;0.1349375;True;11/23/2025 9:28:36 AM:615;1763861316615;;
932;537;0.5743635;0.5883645;0.6249394;0.5117494;557.3;0.1213321;True;11/23/2025 9:28:37 AM:28;1763861317028;;
932;537;0.5744;0.5878533;0.6187193;0.5364915;560.0;0.1230632;True;11/23/2025 9:28:37 AM:47;1763861317047;;
905;508;0.5577354;0.5559024;0.5172259;0.4192908;565.7;0.1422938;True;11/23/2025 9:28:37 AM:150;1763861317150;;
896;495;0.552021;0.5418369;0.4917296;0.3570854;570.8;0.1440105;True;11/23/2025 9:28:37 AM:170;1763861317170;;
902;482;0.5557266;0.5273608;0.5963006;0.4065013;579.9;0.1453588;True;11/23/2025 9:28:37 AM:250;1763861317250;;
900;476;0.5546744;0.5215517;0.5341192;0.3829048;588.2;0.1480912;True;11/23/2025 9:28:37 AM:271;1763861317271;;
901;473;0.5549311;0.5182816;0.5597172;0.4784149;612.2;0.1404383;True;11/23/2025 9:28:37 AM:365;1763861317365;;
897;466;0.5525481;0.510748;0.5125918;0.3672176;633.8;0.1423411;True;11/23/2025 9:28:37 AM:384;1763861317384;;
926;466;0.5707155;0.5101719;0.6322888;0.506205;632.9;0.1132783;True;11/23/2025 9:28:37 AM:496;1763861317496;;
1267;461;0.7803544;0.5050472;0.8572727;0.4605885;614.3;0.215957;False;11/23/2025 9:28:46 AM:842;1763861326842;;
1251;461;0.7706693;0.504734;0.7118747;0.4860103;591.7;0.214734;False;11/23/2025 9:28:46 AM:862;1763861326862;;
1240;461;0.7638562;0.504487;0.7120023;0.4859839;571.4;0.2148285;False;11/23/2025 9:28:46 AM:881;1763861326881;;
1241;460;0.7645595;0.5038859;0.8100295;0.4487354;554.4;0.2401388;False;11/23/2025 9:28:46 AM:899;1763861326899;;
1252;458;0.7710465;0.5020657;0.8763773;0.4265869;539.1;0.2404831;False;11/23/2025 9:28:46 AM:920;1763861326920;;
1285;458;0.7917811;0.5016666;0.9453747;0.4485151;523.4;0.2158698;False;11/23/2025 9:28:46 AM:940;1763861326940;;
1317;456;0.8110786;0.4997599;0.9594116;0.4201993;510.5;0.2344546;False;11/23/2025 9:28:46 AM:960;1763861326960;;
1351;455;0.8319436;0.4988164;0.9777244;0.4327523;498.8;0.2344269;False;11/23/2025 9:28:46 AM:980;1763861326980;;
1359;455;0.8369167;0.4980882;0.9187723;0.4350968;489.8;0.2251776;False;11/23/2025 9:28:47 AM:2;1763861327002;;
1374;461;0.8462822;0.5052329;0.9521564;0.5868983;480.9;0.2194298;False;11/23/2025 9:28:47 AM:21;1763861327021;;
1390;467;0.8564165;0.5117638;0.9617121;0.5886937;472.9;0.2194671;False;11/23/2025 9:28:47 AM:43;1763861327043;;
1409;466;0.8681924;0.5105653;0.9824091;0.4496122;465.1;0.2416898;False;11/23/2025 9:28:47 AM:63;1763861327063;;
1424;465;0.8769879;0.5096089;0.9824722;0.4495623;458.0;0.2416958;False;11/23/2025 9:28:47 AM:80;1763861327080;;
1427;464;0.8790186;0.5086967;0.9398392;0.4498117;454.0;0.2272914;False;11/23/2025 9:28:47 AM:100;1763861327100;;
1433;464;0.8823954;0.5079944;0.9556487;0.4513208;450.3;0.2273685;False;11/23/2025 9:28:47 AM:120;1763861327120;;
1433;465;0.8826044;0.5090799;0.9129336;0.5331293;449.9;0.2172812;False;11/23/2025 9:28:47 AM:143;1763861327143;;
1433;466;0.8827733;0.5099279;0.9129271;0.5331342;449.5;0.2172695;False;11/23/2025 9:28:47 AM:162;1763861327162;;
1438;466;0.8856602;0.5107315;0.9506991;0.5325705;448.0;0.2067928;False;11/23/2025 9:28:47 AM:187;1763861327187;;
1447;460;0.8913738;0.5037314;0.9776451;0.3937126;445.8;0.2177105;False;11/23/2025 9:28:47 AM:206;1763861327206;;
1457;455;0.8974448;0.4982258;0.9880788;0.3941764;443.9;0.21812;False;11/23/2025 9:28:47 AM:226;1763861327226;;
1463;453;0.9012843;0.4963335;0.9773843;0.4277535;441.3;0.2129794;False;11/23/2025 9:28:47 AM:247;1763861327247;;
1463;453;0.9013948;0.4962551;0.9038731;0.4683317;440.8;0.2151328;False;11/23/2025 9:28:47 AM:269;1763861327269;;
1464;453;0.9014806;0.4961917;0.9038668;0.468336;440.3;0.2151271;False;11/23/2025 9:28:47 AM:289;1763861327289;;
1477;453;0.9098217;0.4960921;1.005307;0.4711846;436.1;0.2205872;False;11/23/2025 9:28:47 AM:310;1763861327310;;
1479;453;0.9113029;0.4959438;0.9641049;0.480406;433.4;0.2170549;False;11/23/2025 9:28:47 AM:330;1763861327330;;
1482;453;0.912686;0.4958037;0.9641899;0.480328;431.0;0.217221;False;11/23/2025 9:28:47 AM:353;1763861327353;;
1489;453;0.9169616;0.4958059;0.9918427;0.4959218;429.9;0.2021713;False;11/23/2025 9:28:47 AM:374;1763861327374;;
1491;456;0.9183032;0.4993865;0.972538;0.5615466;425.2;0.2038885;False;11/23/2025 9:28:47 AM:395;1763861327395;;
1493;459;0.9195951;0.5030655;0.9739816;0.5686946;421.0;0.2041932;False;11/23/2025 9:28:47 AM:414;1763861327414;;
1496;459;0.9215699;0.5028342;0.9829988;0.4782147;419.8;0.2060851;False;11/23/2025 9:28:47 AM:436;1763861327436;;
1497;457;0.921976;0.5004986;0.9442301;0.4373954;420.2;0.2040747;False;11/23/2025 9:28:47 AM:458;1763861327458;;
1497;456;0.9223278;0.4999467;0.9345825;0.4632447;420.5;0.2040957;False;11/23/2025 9:28:47 AM:480;1763861327480;;
1498;456;0.9224859;0.4996189;0.9573618;0.4687954;421.1;0.210203;False;11/23/2025 9:28:47 AM:507;1763861327507;;
1498;456;0.9226103;0.4993635;0.9573649;0.4687957;421.6;0.2102095;False;11/23/2025 9:28:47 AM:531;1763861327531;;
1496;452;0.9214299;0.4955494;0.9052446;0.4183499;422.2;0.2118554;False;11/23/2025 9:28:47 AM:557;1763861327557;;
1477;453;0.9095275;0.4960304;0.8339826;0.5109748;421.9;0.1972071;False;11/23/2025 9:28:47 AM:583;1763861327583;;
1351;474;0.8319278;0.519012;0.6381827;0.6717272;423.9;0.1873548;False;11/23/2025 9:28:47 AM:606;1763861327606;;
1264;486;0.7788802;0.531867;0.6258084;0.6502745;425.7;0.1874842;False;11/23/2025 9:28:47 AM:629;1763861327629;;
1053;490;0.6485832;0.5371345;0.4806818;0.5967723;425.6;0.193089;False;11/23/2025 9:28:47 AM:670;1763861327670;;
961;491;0.5922985;0.5373905;0.4828243;0.5527892;428.8;0.1956254;False;11/23/2025 9:28:47 AM:702;1763861327702;;
933;493;0.5751217;0.5396677;0.5092428;0.597968;431.8;0.1932804;False;11/23/2025 9:28:47 AM:722;1763861327722;;
935;494;0.57617;0.5405861;0.5828301;0.5789049;433.4;0.1782618;False;11/23/2025 9:28:47 AM:745;1763861327745;;
941;493;0.5800287;0.5402572;0.6310534;0.5227454;437.2;0.1370365;True;11/23/2025 9:28:47 AM:766;1763861327766;;
946;493;0.5826319;0.5395904;0.6145568;0.5109037;440.7;0.1373331;True;11/23/2025 9:28:47 AM:787;1763861327787;;
924;494;0.5691512;0.5412247;0.504742;0.5904871;445.0;0.1283969;True;11/23/2025 9:28:47 AM:809;1763861327809;;
927;493;0.5713598;0.5402254;0.6146584;0.5059391;439.8;0.1089359;True;11/23/2025 9:28:47 AM:830;1763861327830;;
930;493;0.5731404;0.5394051;0.6146457;0.5059376;435.1;0.1089831;True;11/23/2025 9:28:47 AM:852;1763861327852;;
904;511;0.5568807;0.5591564;0.5263742;0.6385515;430.8;0.139542;True;11/23/2025 9:28:47 AM:973;1763861327973;;
904;530;0.5570607;0.5809374;0.5618584;0.7660527;426.9;0.137679;True;11/23/2025 9:28:47 AM:993;1763861327993;;
971;590;0.5979573;0.6460966;0.6823414;0.7734275;423.5;0.2250546;False;11/23/2025 9:28:48 AM:165;1763861328165;;
978;601;0.6023053;0.6576372;0.6852062;0.8105972;420.4;0.2247483;False;11/23/2025 9:28:48 AM:184;1763861328184;;
988;606;0.6087591;0.6637009;0.7014942;0.7807785;419.3;0.2344399;False;11/23/2025 9:28:48 AM:205;1763861328205;;
988;608;0.6088676;0.6655042;0.65029;0.682535;419.0;0.2507199;False;11/23/2025 9:28:48 AM:434;1763861328434;;
989;615;0.6090738;0.6733003;0.6456264;0.7938823;418.6;0.2483708;False;11/23/2025 9:28:48 AM:454;1763861328454;;
797;652;0.4910468;0.7141097;0.3943047;0.8334481;414.5;0.2618615;False;11/23/2025 9:28:48 AM:595;1763861328595;;
758;657;0.4671334;0.7189665;0.3481828;0.8337743;410.8;0.2625723;False;11/23/2025 9:28:48 AM:613;1763861328613;;
889;612;0.547555;0.6696633;0.6838279;0.5529668;408.4;0.2717173;False;11/23/2025 9:28:48 AM:693;1763861328693;;
915;617;0.5634773;0.6760688;0.678127;0.7833514;406.3;0.2703312;False;11/23/2025 9:28:48 AM:715;1763861328715;;
822;617;0.5064545;0.6758027;0.3672546;0.6696888;403.8;0.2604216;False;11/23/2025 9:28:48 AM:753;1763861328753;;
804;620;0.4952964;0.6793258;0.4160848;0.7665124;401.6;0.2607292;False;11/23/2025 9:28:48 AM:772;1763861328772;;
797;626;0.4909723;0.6849056;0.4471452;0.7882125;399.6;0.2607507;False;11/23/2025 9:28:48 AM:793;1763861328793;;
880;654;0.5422632;0.715755;0.634567;0.824276;396.9;0.2661416;False;11/23/2025 9:28:48 AM:933;1763861328933;;
878;656;0.5410891;0.7182989;0.5213856;0.8104901;394.5;0.2661095;False;11/23/2025 9:28:48 AM:954;1763861328954;;
840;656;0.517624;0.7188057;0.4018185;0.7435886;393.5;0.246648;False;11/23/2025 9:28:48 AM:976;1763861328976;;
578;649;0.3562658;0.7109648;0.2200746;0.6717194;391.1;0.2607871;False;11/23/2025 9:28:49 AM:64;1763861329064;;
562;649;0.3463229;0.7110859;0.2852516;0.7410492;389.0;0.2597401;False;11/23/2025 9:28:49 AM:82;1763861329082;;
463;640;0.2851448;0.7006274;0.2114047;0.6483708;390.0;0.2700356;False;11/23/2025 9:28:49 AM:188;1763861329188;;
450;639;0.2775296;0.7001592;0.2177943;0.6730082;390.9;0.2698747;False;11/23/2025 9:28:49 AM:207;1763861329207;;
433;631;0.2672271;0.6909336;0.20035;0.5808312;393.1;0.2665638;False;11/23/2025 9:28:49 AM:230;1763861329230;;
422;625;0.260326;0.6844472;0.2003479;0.5808209;395.0;0.2665523;False;11/23/2025 9:28:49 AM:249;1763861329249;;
401;624;0.2474114;0.6836763;0.2147598;0.6605857;391.9;0.2611511;False;11/23/2025 9:28:49 AM:397;1763861329397;;
397;621;0.2449718;0.6799603;0.2028312;0.5948784;389.1;0.2613173;False;11/23/2025 9:28:49 AM:416;1763861329416;;
389;617;0.2396779;0.675419;0.2042181;0.6165085;389.1;0.2563246;False;11/23/2025 9:28:49 AM:489;1763861329489;;
387;617;0.2387512;0.6753263;0.209287;0.6417323;389.1;0.2558503;False;11/23/2025 9:28:49 AM:509;1763861329509;;
385;617;0.2376254;0.6751197;0.2129835;0.6521536;390.1;0.2551019;False;11/23/2025 9:28:49 AM:554;1763861329554;;
385;617;0.2374793;0.6752404;0.2207721;0.6809536;391.0;0.2541435;False;11/23/2025 9:28:49 AM:573;1763861329573;;
385;617;0.2373706;0.6753895;0.2219971;0.6823193;392.2;0.2527269;False;11/23/2025 9:28:49 AM:594;1763861329594;;
384;617;0.236845;0.6753109;0.2184116;0.6730379;394.3;0.2483151;False;11/23/2025 9:28:49 AM:667;1763861329667;;
384;617;0.2367311;0.6753054;0.2188983;0.6747302;396.2;0.2477291;False;11/23/2025 9:28:49 AM:688;1763861329688;;
385;622;0.237336;0.6805525;0.254378;0.7613826;392.5;0.2440023;False;11/23/2025 9:28:49 AM:707;1763861329707;;
385;622;0.2373208;0.6807306;0.2261707;0.6937808;390.6;0.256349;False;11/23/2025 9:28:49 AM:728;1763861329728;;
385;622;0.2373046;0.6808768;0.2260027;0.6932374;388.9;0.2563181;False;11/23/2025 9:28:49 AM:748;1763861329748;;
385;622;0.2372783;0.6814629;0.2295119;0.707884;386.3;0.2361891;False;11/23/2025 9:28:49 AM:771;1763861329771;;
385;623;0.2372502;0.6818799;0.233432;0.7065374;385.4;0.2559943;False;11/23/2025 9:28:49 AM:792;1763861329792;;
385;623;0.2372306;0.6820079;0.2302542;0.6968272;384.6;0.2558363;False;11/23/2025 9:28:49 AM:813;1763861329813;;
428;642;0.2637877;0.7024782;0.3898028;0.861214;383.8;0.2327641;False;11/23/2025 9:28:49 AM:837;1763861329837;;
803;673;0.4949629;0.7367108;0.8290941;0.9486317;382.7;0.2432719;False;11/23/2025 9:28:49 AM:858;1763861329858;;
994;693;0.6123011;0.758763;0.8282108;0.9397826;381.7;0.2434597;False;11/23/2025 9:28:49 AM:876;1763861329876;;
1212;696;0.7464645;0.7616937;0.9474723;0.8266173;381.0;0.2643014;False;11/23/2025 9:28:49 AM:896;1763861329896;;
1289;701;0.7938141;0.7672957;0.8837452;0.858256;378.6;0.2653576;False;11/23/2025 9:28:49 AM:917;1763861329917;;
1333;705;0.8211382;0.7717144;0.8837355;0.8582458;376.4;0.2653503;False;11/23/2025 9:28:49 AM:937;1763861329937;;
1420;723;0.8749021;0.7912559;0.9808435;0.9636753;374.2;0.2623548;False;11/23/2025 9:28:49 AM:956;1763861329956;;
1476;734;0.9094061;0.8033692;0.9821749;0.9390765;372.1;0.2623434;False;11/23/2025 9:28:49 AM:977;1763861329977;;
1488;739;0.9166792;0.8088272;0.9356848;0.903129;373.8;0.2639356;False;11/23/2025 9:28:49 AM:999;1763861329999;;
1505;739;0.9267635;0.8088601;0.9538748;0.8112577;373.6;0.2823553;False;11/23/2025 9:28:50 AM:22;1763861330022;;
1514;739;0.9327741;0.8088847;0.9539686;0.81124;373.5;0.282501;False;11/23/2025 9:28:50 AM:41;1763861330041;;
1504;747;0.9266818;0.8177956;0.8970821;0.936054;374.2;0.2801245;False;11/23/2025 9:28:50 AM:63;1763861330063;;
1497;753;0.9222741;0.8249152;0.8970844;0.9360496;374.9;0.2801301;False;11/23/2025 9:28:50 AM:84;1763861330084;;
1535;706;0.9454277;0.772702;1.016216;0.5416707;373.9;0.2799063;False;11/23/2025 9:28:50 AM:107;1763861330107;;
1524;736;0.9387794;0.8063055;0.9175584;0.960174;373.0;0.2662916;False;11/23/2025 9:28:50 AM:161;1763861330161;;
1519;747;0.9355167;0.817588;0.8820726;0.9678743;372.2;0.2647734;False;11/23/2025 9:28:50 AM:181;1763861330181;;
1537;747;0.9466484;0.8175058;0.9705181;0.8165625;372.1;0.2838005;False;11/23/2025 9:28:50 AM:260;1763861330260;;
1538;747;0.9473502;0.8178849;0.9550256;0.8598759;371.9;0.2832933;False;11/23/2025 9:28:50 AM:281;1763861330281;;
1539;744;0.9481077;0.8141962;0.9540275;0.7707478;371.8;0.2606462;False;11/23/2025 9:28:50 AM:318;1763861330318;;
1538;745;0.9476435;0.8153864;0.9110623;0.8671274;371.6;0.2593491;False;11/23/2025 9:28:50 AM:340;1763861330340;;
1538;749;0.9471859;0.8197986;0.9352447;0.9117383;370.8;0.267171;False;11/23/2025 9:28:50 AM:360;1763861330360;;
1539;754;0.9482629;0.8259034;0.9630673;0.9289199;372.6;0.265267;False;11/23/2025 9:28:50 AM:383;1763861330383;;
1541;759;0.9490691;0.8305215;0.9630637;0.9289212;374.3;0.2652615;False;11/23/2025 9:28:50 AM:403;1763861330403;;
1538;763;0.9475398;0.8349144;0.8954704;0.9291452;371.9;0.2433483;False;11/23/2025 9:28:50 AM:425;1763861330425;;
1540;769;0.9486561;0.8416031;0.9677011;0.9609834;370.8;0.2649373;False;11/23/2025 9:28:50 AM:445;1763861330445;;
1541;775;0.9489571;0.8479759;0.9564439;0.9660611;369.8;0.2651985;False;11/23/2025 9:28:50 AM:465;1763861330465;;
1542;778;0.9498905;0.8518392;0.9693083;0.9534582;368.9;0.2651032;False;11/23/2025 9:28:50 AM:484;1763861330484;;
1545;778;0.9517958;0.8521488;0.982659;0.883116;368.5;0.2615762;False;11/23/2025 9:28:50 AM:504;1763861330504;;
1545;786;0.9519309;0.8610252;0.9569153;0.9907523;369.9;0.2640305;False;11/23/2025 9:28:50 AM:528;1763861330528;;
1546;792;0.952029;0.8673069;0.9568974;0.9907711;371.1;0.2639844;False;11/23/2025 9:28:50 AM:547;1763861330547;;
1526;788;0.9398314;0.8626615;0.8363876;0.8002962;372.5;0.26783;False;11/23/2025 9:28:50 AM:566;1763861330566;;
1510;784;0.9300517;0.8588202;0.834055;0.798608;373.8;0.2680283;False;11/23/2025 9:28:50 AM:585;1763861330585;;
1510;795;0.930016;0.8704218;0.9234343;1.012965;371.8;0.2782674;False;11/23/2025 9:28:50 AM:607;1763861330607;;
1517;795;0.9343727;0.8698948;0.9887637;0.8545708;372.3;0.2735001;False;11/23/2025 9:28:50 AM:626;1763861330626;;
1519;795;0.9359398;0.8700289;0.9702638;0.8809458;372.7;0.2737172;False;11/23/2025 9:28:50 AM:645;1763861330645;;
1530;795;0.942623;0.8705399;1.013734;0.9162862;372.8;0.2613817;False;11/23/2025 9:28:50 AM:666;1763861330666;;
1539;795;0.9481707;0.8706331;0.9899879;0.8991795;372.1;0.2725564;False;11/23/2025 9:28:50 AM:723;1763861330723;;
1543;797;0.9504924;0.8727767;0.9965321;0.9449757;371.5;0.2720614;False;11/23/2025 9:28:50 AM:744;1763861330744;;
1544;797;0.9511678;0.8721133;0.9791092;0.8533198;372.6;0.2585146;False;11/23/2025 9:28:50 AM:765;1763861330765;;
1535;796;0.9454916;0.8713085;0.8830988;0.8476875;374.0;0.2466888;False;11/23/2025 9:28:50 AM:786;1763861330786;;
1532;794;0.9439253;0.868865;0.9116286;0.8195984;375.3;0.2467327;False;11/23/2025 9:28:50 AM:807;1763861330807;;
1519;794;0.9354455;0.8688989;0.8560607;0.8810025;375.2;0.2542277;False;11/23/2025 9:28:50 AM:827;1763861330827;;
1519;793;0.9354464;0.8684694;0.9361078;0.8503566;373.8;0.2609191;False;11/23/2025 9:28:50 AM:849;1763861330849;;
1519;793;0.9354473;0.868127;0.9361178;0.8503557;372.5;0.2609318;False;11/23/2025 9:28:50 AM:868;1763861330868;;
1519;793;0.9354459;0.8681465;0.9352065;0.8696939;375.0;0.2565331;False;11/23/2025 9:28:50 AM:932;1763861330932;;
1516;795;0.9339126;0.8699179;0.8978285;0.9260109;377.3;0.2563277;False;11/23/2025 9:28:50 AM:951;1763861330951;;
1487;795;0.9156511;0.8699293;0.7972;0.8719628;377.4;0.2421769;False;11/23/2025 9:28:50 AM:972;1763861330972;;
1126;699;0.6937734;0.7653067;0.5809326;0.6352863;380.5;0.2629311;False;11/23/2025 9:28:51 AM:184;1763861331184;;
1108;700;0.6823592;0.7668816;0.6041694;0.8031747;383.3;0.2625885;False;11/23/2025 9:28:51 AM:205;1763861331205;;
1097;693;0.6756867;0.7590676;0.6156093;0.64419;382.3;0.2633713;False;11/23/2025 9:28:51 AM:226;1763861331226;;
802;635;0.4940311;0.6951588;0.3757229;0.5593346;383.1;0.2655508;False;11/23/2025 9:28:51 AM:363;1763861331363;;
782;635;0.4818667;0.6950798;0.4075493;0.6919228;383.8;0.2659186;False;11/23/2025 9:28:51 AM:385;1763861331385;;
836;639;0.5151147;0.6997011;0.6969195;0.767056;385.6;0.2655796;False;11/23/2025 9:28:51 AM:404;1763861331404;;
911;647;0.5613217;0.7087497;0.7475153;0.8037646;385.6;0.2887565;False;11/23/2025 9:28:51 AM:426;1763861331426;;
956;657;0.5887432;0.7193239;0.7420628;0.8362194;385.6;0.2886291;False;11/23/2025 9:28:51 AM:445;1763861331445;;
1011;655;0.6230776;0.716953;0.7776126;0.6499955;387.6;0.2799901;False;11/23/2025 9:28:51 AM:466;1763861331466;;
1040;648;0.6406338;0.7095594;0.7455229;0.6012424;388.9;0.2825295;False;11/23/2025 9:28:51 AM:490;1763861331490;;
1060;643;0.6529056;0.7040069;0.7455145;0.6012596;390.0;0.282515;False;11/23/2025 9:28:51 AM:510;1763861331510;;
1075;647;0.6619698;0.7087006;0.7437467;0.7800156;392.1;0.2569309;False;11/23/2025 9:28:51 AM:529;1763861331529;;
1080;651;0.6654832;0.7132689;0.7138165;0.7820528;393.0;0.2582258;False;11/23/2025 9:28:51 AM:550;1763861331550;;
1085;655;0.6683292;0.716987;0.7138301;0.7820584;393.7;0.2582439;False;11/23/2025 9:28:51 AM:572;1763861331572;;
1085;648;0.6682256;0.709651;0.6588507;0.6042022;394.1;0.2755801;False;11/23/2025 9:28:51 AM:593;1763861331593;;
1096;625;0.675293;0.6848724;0.7487611;0.4965943;394.8;0.2585409;False;11/23/2025 9:28:51 AM:614;1763861331614;;
1108;600;0.6826854;0.6569369;0.7598305;0.4566696;395.4;0.2585692;False;11/23/2025 9:28:51 AM:634;1763861331634;;
1108;594;0.6827959;0.6501683;0.693805;0.5503406;396.9;0.2565118;False;11/23/2025 9:28:51 AM:656;1763861331656;;
1111;578;0.684503;0.6332026;0.7240961;0.4730623;396.6;0.269797;False;11/23/2025 9:28:51 AM:676;1763861331676;;
1115;565;0.6868815;0.6182138;0.7364095;0.4592666;396.3;0.2698437;False;11/23/2025 9:28:51 AM:695;1763861331695;;
1115;549;0.686902;0.6014743;0.6971647;0.4440036;397.9;0.2664679;False;11/23/2025 9:28:51 AM:715;1763861331715;;
1115;538;0.6869179;0.5894494;0.6971544;0.444;399.4;0.2664646;False;11/23/2025 9:28:51 AM:734;1763861331734;;
1114;526;0.6864529;0.5756006;0.6704874;0.4254297;400.5;0.272758;False;11/23/2025 9:28:51 AM:754;1763861331754;;
1114;516;0.6860628;0.5649753;0.6701087;0.4254003;401.4;0.2726498;False;11/23/2025 9:28:51 AM:773;1763861331773;;
1114;514;0.6860676;0.5634449;0.6872642;0.5011631;401.7;0.2768211;False;11/23/2025 9:28:51 AM:792;1763861331792;;
1114;512;0.6861037;0.5605752;0.694293;0.4781986;402.0;0.2767764;False;11/23/2025 9:28:51 AM:811;1763861331811;;
1112;485;0.6852391;0.5312775;0.660021;0.3140838;401.2;0.2675149;False;11/23/2025 9:28:51 AM:831;1763861331831;;
1111;463;0.6844627;0.5073825;0.6598778;0.3140301;400.5;0.2674663;False;11/23/2025 9:28:51 AM:850;1763861331850;;
1124;451;0.6923952;0.4936178;0.7688469;0.347789;401.1;0.2857589;False;11/23/2025 9:28:51 AM:872;1763861331872;;
1111;440;0.684306;0.4824138;0.6068058;0.3457307;400.4;0.2802194;False;11/23/2025 9:28:51 AM:893;1763861331893;;
1103;428;0.6793578;0.4686125;0.6168021;0.3163765;399.8;0.2801974;False;11/23/2025 9:28:51 AM:914;1763861331914;;
1088;436;0.6701131;0.4772448;0.584098;0.5741057;399.3;0.2989962;False;11/23/2025 9:28:51 AM:935;1763861331935;;
1078;437;0.6638787;0.4782214;0.5940984;0.5051736;398.8;0.2818985;False;11/23/2025 9:28:51 AM:956;1763861331956;;
1064;438;0.6552617;0.479524;0.5700614;0.5153435;398.4;0.2819229;False;11/23/2025 9:28:51 AM:976;1763861331976;;
1102;432;0.6786925;0.4737182;0.8071821;0.3748033;398.1;0.2958014;False;11/23/2025 9:28:51 AM:997;1763861331997;;
1106;434;0.6814514;0.4749451;0.72301;0.5099753;397.6;0.2844677;False;11/23/2025 9:28:52 AM:16;1763861332016;;
1110;435;0.6836519;0.4759473;0.7230105;0.5099409;397.1;0.2844867;False;11/23/2025 9:28:52 AM:35;1763861332035;;
1082;432;0.6664538;0.4734242;0.5480852;0.4071345;397.3;0.2754595;False;11/23/2025 9:28:52 AM:55;1763861332055;;
1066;430;0.6568667;0.4710982;0.5662748;0.404183;397.4;0.2753527;False;11/23/2025 9:28:52 AM:74;1763861332074;;
1033;439;0.6363047;0.4803221;0.5110264;0.586928;397.4;0.2686571;False;11/23/2025 9:28:52 AM:95;1763861332095;;
1033;439;0.6362154;0.480308;0.6276627;0.4718044;396.3;0.2737225;False;11/23/2025 9:28:52 AM:115;1763861332115;;
1033;438;0.6363181;0.4799124;0.6455544;0.4490867;395.3;0.2736494;False;11/23/2025 9:28:52 AM:134;1763861332134;;
1006;438;0.6198739;0.4795995;0.5140887;0.4519001;395.1;0.2708887;False;11/23/2025 9:28:52 AM:157;1763861332157;;
987;438;0.608284;0.4793544;0.5141059;0.4519271;394.8;0.2708943;False;11/23/2025 9:28:52 AM:177;1763861332177;;
1042;434;0.6418744;0.4752406;0.7993668;0.3888281;394.2;0.2709374;False;11/23/2025 9:28:52 AM:197;1763861332197;;
1084;429;0.6676829;0.4694998;0.8047569;0.365228;393.6;0.2712845;False;11/23/2025 9:28:52 AM:215;1763861332215;;
1060;429;0.6527827;0.4695045;0.5377911;0.4698054;394.0;0.2740886;False;11/23/2025 9:28:52 AM:236;1763861332236;;
967;399;0.5954737;0.4375016;0.4672798;0.296681;393.6;0.2481104;False;11/23/2025 9:28:52 AM:292;1763861332292;;
914;408;0.5632298;0.4472778;0.4147178;0.5489442;393.2;0.248343;False;11/23/2025 9:28:52 AM:314;1763861332314;;
898;408;0.5534809;0.4472566;0.4726387;0.4457037;394.9;0.2402544;False;11/23/2025 9:28:52 AM:335;1763861332335;;
898;413;0.5534764;0.452192;0.552896;0.5255568;394.9;0.2738131;False;11/23/2025 9:28:52 AM:357;1763861332357;;
896;415;0.5520075;0.4548382;0.5192465;0.5119654;394.9;0.273789;False;11/23/2025 9:28:52 AM:377;1763861332377;;
895;416;0.5511368;0.4561641;0.5248995;0.497792;394.8;0.2632078;False;11/23/2025 9:28:52 AM:397;1763861332397;;
1025;383;0.6315123;0.4198382;0.7716628;0.2782528;395.9;0.2822729;False;11/23/2025 9:28:52 AM:452;1763861332452;;
1049;382;0.6464385;0.4186946;0.7405303;0.3723519;396.9;0.2816464;False;11/23/2025 9:28:52 AM:473;1763861332473;;
1032;383;0.635654;0.4196854;0.537077;0.4500084;398.5;0.2701358;False;11/23/2025 9:28:52 AM:496;1763861332496;;
1019;390;0.6274767;0.4267178;0.5383985;0.5188353;397.4;0.283026;False;11/23/2025 9:28:52 AM:517;1763861332517;;
1013;395;0.6243087;0.4323234;0.5602726;0.5206528;396.4;0.2828781;False;11/23/2025 9:28:52 AM:538;1763861332538;;
983;395;0.6057755;0.4322972;0.4771631;0.42726;396.3;0.2666742;False;11/23/2025 9:28:52 AM:560;1763861332560;;
986;395;0.6076919;0.4322926;0.6373469;0.4304232;398.3;0.2570649;False;11/23/2025 9:28:52 AM:580;1763861332580;;
995;394;0.6127042;0.4320854;0.6724373;0.4138637;400.1;0.2570805;False;11/23/2025 9:28:52 AM:598;1763861332598;;
1019;390;0.6275259;0.4274491;0.7312185;0.3420249;401.7;0.257085;False;11/23/2025 9:28:52 AM:616;1763861332616;;
1011;398;0.6227823;0.4363559;0.5537545;0.5456237;402.0;0.287172;False;11/23/2025 9:28:52 AM:637;1763861332637;;
1035;398;0.6373893;0.4362195;0.7351514;0.4218509;400.4;0.2606502;False;11/23/2025 9:28:52 AM:658;1763861332658;;
1053;396;0.648911;0.4340064;0.7355396;0.3760175;399.0;0.2606999;False;11/23/2025 9:28:52 AM:677;1763861332677;;
1006;396;0.6199213;0.4335332;0.5110483;0.4110656;398.2;0.2731497;False;11/23/2025 9:28:52 AM:721;1763861332721;;
989;398;0.609277;0.4354769;0.5120518;0.4849543;397.4;0.2735292;False;11/23/2025 9:28:52 AM:740;1763861332740;;
942;398;0.5803069;0.4357985;0.4398394;0.4543916;397.6;0.2883052;False;11/23/2025 9:28:52 AM:765;1763861332765;;
927;424;0.5709277;0.4646042;0.4838814;0.6594983;397.9;0.2696839;False;11/23/2025 9:28:52 AM:785;1763861332785;;
913;440;0.562611;0.4818578;0.4813262;0.6303178;398.1;0.26946;False;11/23/2025 9:28:52 AM:807;1763861332807;;
903;440;0.5561438;0.4822427;0.4811754;0.5054528;396.1;0.2937629;False;11/23/2025 9:28:52 AM:827;1763861332827;;
902;418;0.5558646;0.4579779;0.5358783;0.2816918;398.3;0.2586808;False;11/23/2025 9:28:52 AM:848;1763861332848;;
893;409;0.5499607;0.4483165;0.4812823;0.3399494;400.3;0.2586623;False;11/23/2025 9:28:52 AM:873;1763861332873;;
899;409;0.554106;0.4485759;0.6062283;0.4661155;400.1;0.2680189;False;11/23/2025 9:28:52 AM:892;1763861332892;;
888;409;0.5470885;0.4484086;0.4676806;0.4311614;397.2;0.2872779;False;11/23/2025 9:28:52 AM:913;1763861332913;;
882;409;0.5435048;0.4483233;0.4856169;0.4351552;394.6;0.2872477;False;11/23/2025 9:28:52 AM:934;1763861332934;;
883;411;0.5440251;0.4500372;0.5587046;0.4959584;395.2;0.2912406;False;11/23/2025 9:28:52 AM:956;1763861332956;;
897;404;0.5523761;0.4430846;0.6293543;0.3422628;394.5;0.2812459;False;11/23/2025 9:28:52 AM:976;1763861332976;;
923;397;0.5687771;0.4346977;0.6757946;0.323394;393.8;0.2814496;False;11/23/2025 9:28:52 AM:997;1763861332997;;
818;399;0.5037813;0.4367915;0.3788054;0.4671518;395.2;0.2650352;False;11/23/2025 9:28:53 AM:59;1763861333059;;
817;419;0.5035263;0.458838;0.4906071;0.6383472;396.4;0.2658387;False;11/23/2025 9:28:53 AM:78;1763861333078;;
810;426;0.4992261;0.4664888;0.4421974;0.5702916;395.6;0.2974809;False;11/23/2025 9:28:53 AM:99;1763861333099;;
810;426;0.4989047;0.4663788;0.4826407;0.455573;394.7;0.3048709;False;11/23/2025 9:28:53 AM:120;1763861333120;;
811;426;0.4995655;0.4661927;0.5223655;0.4508063;394.0;0.3048655;False;11/23/2025 9:28:53 AM:140;1763861333140;;
796;427;0.490289;0.4674373;0.408869;0.5092994;395.0;0.2666636;False;11/23/2025 9:28:53 AM:162;1763861333162;;
796;409;0.4903886;0.4481912;0.4987665;0.2930245;396.3;0.2815567;False;11/23/2025 9:28:53 AM:184;1763861333184;;
796;396;0.490472;0.4336487;0.4988193;0.2930346;397.5;0.2816029;False;11/23/2025 9:28:53 AM:204;1763861333204;;
709;385;0.4367769;0.4217196;0.2506728;0.2941608;397.7;0.2720983;False;11/23/2025 9:28:53 AM:225;1763861333225;;
611;385;0.3766212;0.4216153;0.1936344;0.4065092;398.4;0.2492424;False;11/23/2025 9:28:53 AM:246;1763861333246;;
550;385;0.339002;0.4215334;0.1936357;0.4064966;399.0;0.249231;False;11/23/2025 9:28:53 AM:266;1763861333266;;
495;386;0.3049403;0.4225177;0.1843733;0.4555362;397.1;0.2627859;False;11/23/2025 9:28:53 AM:289;1763861333289;;
462;385;0.2848242;0.4222851;0.1933988;0.4022835;396.7;0.2605008;False;11/23/2025 9:28:53 AM:309;1763861333309;;
440;385;0.2710936;0.4221002;0.1933953;0.402305;396.4;0.2605166;False;11/23/2025 9:28:53 AM:329;1763861333329;;
418;390;0.2577991;0.4271842;0.1877049;0.5065067;396.8;0.2721632;False;11/23/2025 9:28:53 AM:351;1763861333351;;
404;393;0.248844;0.4309258;0.1877048;0.5065058;397.2;0.272159;False;11/23/2025 9:28:53 AM:370;1763861333370;;
391;394;0.2408165;0.4321512;0.1841719;0.4770747;397.2;0.2608723;False;11/23/2025 9:28:53 AM:390;1763861333390;;
383;393;0.2360589;0.430482;0.1958938;0.3860953;396.0;0.2644618;False;11/23/2025 9:28:53 AM:413;1763861333413;;
377;392;0.2327218;0.4292405;0.1958938;0.3860949;394.8;0.2644607;False;11/23/2025 9:28:53 AM:431;1763861333431;;
371;392;0.2288943;0.4296728;0.1910063;0.4539148;395.1;0.2564327;False;11/23/2025 9:28:53 AM:453;1763861333453;;
366;393;0.2259468;0.430029;0.191006;0.4539213;395.3;0.2564384;False;11/23/2025 9:28:53 AM:474;1763861333474;;
364;388;0.2245732;0.4251627;0.2027396;0.3460751;393.8;0.2445565;False;11/23/2025 9:28:53 AM:496;1763861333496;;
361;388;0.2224473;0.4249564;0.1907324;0.4068034;396.0;0.2668542;False;11/23/2025 9:28:53 AM:517;1763861333517;;
358;388;0.2206033;0.4247686;0.1907359;0.4068321;397.9;0.2671353;False;11/23/2025 9:28:53 AM:539;1763861333539;;
355;387;0.219196;0.4237877;0.1943477;0.3865876;398.1;0.2587267;False;11/23/2025 9:28:53 AM:564;1763861333564;;
355;412;0.2189699;0.4511876;0.2093624;0.6376353;396.6;0.270848;False;11/23/2025 9:28:53 AM:584;1763861333584;;
355;431;0.2187951;0.4725555;0.2098429;0.640586;395.3;0.2708191;False;11/23/2025 9:28:53 AM:605;1763861333605;;
353;434;0.2175261;0.4755068;0.189721;0.5333687;395.8;0.271624;False;11/23/2025 9:28:53 AM:628;1763861333628;;
351;435;0.2164279;0.4765357;0.1876048;0.5141003;395.7;0.2574508;False;11/23/2025 9:28:53 AM:647;1763861333647;;
349;436;0.2155083;0.4777004;0.188415;0.5188732;395.7;0.2574149;False;11/23/2025 9:28:53 AM:668;1763861333668;;
349;440;0.2150887;0.4822591;0.1959343;0.5629224;393.8;0.2556931;False;11/23/2025 9:28:53 AM:690;1763861333690;;
347;440;0.2140443;0.4822497;0.182685;0.4808991;391.4;0.261368;False;11/23/2025 9:28:53 AM:711;1763861333711;;
346;440;0.2131841;0.4822418;0.1826862;0.4809018;389.2;0.2613981;False;11/23/2025 9:28:53 AM:729;1763861333729;;
346;445;0.2130735;0.48792;0.1988152;0.5822924;390.4;0.2576031;False;11/23/2025 9:28:53 AM:750;1763861333750;;
345;450;0.2129714;0.4929128;0.1988154;0.5822994;391.5;0.2575735;False;11/23/2025 9:28:53 AM:771;1763861333771;;
344;450;0.2124329;0.4930147;0.1864698;0.5159177;392.5;0.2570989;False;11/23/2025 9:28:53 AM:792;1763861333792;;
344;448;0.2119365;0.490828;0.1864337;0.44378;396.3;0.2556961;False;11/23/2025 9:28:53 AM:814;1763861333814;;
343;447;0.2115385;0.4891132;0.1864335;0.4437815;399.7;0.2556945;False;11/23/2025 9:28:53 AM:834;1763861333834;;
342;447;0.2110623;0.4891173;0.1841436;0.4945957;398.5;0.2629759;False;11/23/2025 9:28:53 AM:856;1763861333856;;
342;447;0.2106902;0.4891207;0.1841441;0.4945935;397.3;0.2630153;False;11/23/2025 9:28:53 AM:875;1763861333875;;
342;453;0.2106263;0.4965484;0.2004657;0.5992135;397.2;0.2696992;False;11/23/2025 9:28:53 AM:897;1763861333897;;
341;456;0.2105757;0.4995373;0.1937925;0.5689207;399.4;0.2587255;False;11/23/2025 9:28:53 AM:918;1763861333918;;
341;458;0.2105334;0.5019411;0.1937923;0.5689202;401.3;0.2587214;False;11/23/2025 9:28:53 AM:940;1763861333940;;
341;458;0.2101579;0.5018321;0.1835411;0.495489;401.1;0.2548837;False;11/23/2025 9:28:53 AM:960;1763861333960;;
341;460;0.2101425;0.5035301;0.1935648;0.5610198;400.9;0.2802536;False;11/23/2025 9:28:53 AM:983;1763861333983;;
341;461;0.2101303;0.5048264;0.1935649;0.5610201;400.8;0.2802545;False;11/23/2025 9:28:54 AM:0;1763861334000;;
341;461;0.2100664;0.5053055;0.1913255;0.5453254;400.8;0.2656701;False;11/23/2025 9:28:54 AM:22;1763861334022;;
341;462;0.2100117;0.5057113;0.1913269;0.5453381;400.8;0.2656501;False;11/23/2025 9:28:54 AM:43;1763861334043;;
340;463;0.209975;0.5071438;0.1954107;0.5662902;398.2;0.2494676;False;11/23/2025 9:28:54 AM:65;1763861334065;;
340;463;0.2097695;0.5073038;0.1899762;0.5316306;394.9;0.2515754;False;11/23/2025 9:28:54 AM:122;1763861334122;;
340;463;0.2095355;0.5071867;0.1849059;0.5019143;394.4;0.2547506;False;11/23/2025 9:28:54 AM:143;1763861334143;;
339;463;0.209339;0.5070896;0.1849021;0.5019145;394.0;0.254675;False;11/23/2025 9:28:54 AM:163;1763861334163;;
339;463;0.209126;0.5069218;0.1848538;0.4993933;394.5;0.2717158;False;11/23/2025 9:28:54 AM:188;1763861334188;;
339;462;0.2089046;0.5064822;0.1830303;0.4880036;396.6;0.2634434;False;11/23/2025 9:28:54 AM:209;1763861334209;;
338;462;0.2086925;0.5060753;0.1828805;0.4878963;398.6;0.2637565;False;11/23/2025 9:28:54 AM:230;1763861334230;;
338;462;0.2085276;0.5059397;0.1832611;0.4959367;402.4;0.2643973;False;11/23/2025 9:28:54 AM:252;1763861334252;;
338;464;0.2084088;0.5083507;0.1944157;0.5684709;400.8;0.2583715;False;11/23/2025 9:28:54 AM:276;1763861334276;;
338;466;0.2083179;0.5101492;0.1944159;0.5684708;399.4;0.2583765;False;11/23/2025 9:28:54 AM:295;1763861334295;;
338;466;0.2082786;0.5101578;0.1879955;0.510958;399.6;0.2503712;False;11/23/2025 9:28:54 AM:318;1763861334318;;
338;466;0.2082482;0.5101644;0.1879946;0.5109569;399.9;0.2503492;False;11/23/2025 9:28:54 AM:338;1763861334338;;
338;466;0.2081676;0.5100129;0.1860588;0.4998518;401.9;0.2585198;False;11/23/2025 9:28:54 AM:358;1763861334358;;
337;465;0.2080752;0.5097354;0.185461;0.4940313;403.7;0.2586203;False;11/23/2025 9:28:54 AM:380;1763861334380;;
337;469;0.207944;0.514088;0.1981999;0.5909988;407.5;0.2614183;False;11/23/2025 9:28:54 AM:404;1763861334404;;
339;492;0.2091786;0.5387572;0.2312682;0.7135897;406.5;0.2546361;False;11/23/2025 9:28:54 AM:428;1763861334428;;
339;496;0.2091463;0.543743;0.2072243;0.6276188;407.7;0.2591495;False;11/23/2025 9:28:54 AM:453;1763861334453;;
339;500;0.2091197;0.5476872;0.2072226;0.6276156;408.7;0.2590719;False;11/23/2025 9:28:54 AM:477;1763861334477;;
340;512;0.209599;0.5602351;0.2225302;0.686632;408.7;0.2371859;False;11/23/2025 9:28:54 AM:505;1763861334505;;
339;510;0.2092722;0.5581986;0.1903413;0.5216243;410.2;0.2528128;False;11/23/2025 9:28:54 AM:532;1763861334532;;
339;508;0.2089532;0.5559073;0.1892935;0.513517;410.9;0.2529145;False;11/23/2025 9:28:54 AM:559;1763861334559;;
340;524;0.2098628;0.5739879;0.225938;0.6961985;410.3;0.2391173;False;11/23/2025 9:28:54 AM:599;1763861334599;;
340;522;0.2095582;0.57213;0.1909472;0.5304677;409.1;0.2527098;False;11/23/2025 9:28:54 AM:621;1763861334621;;
340;522;0.2094626;0.5719827;0.1963918;0.562737;410.9;0.253353;False;11/23/2025 9:28:54 AM:642;1763861334642;;
340;522;0.2093803;0.571857;0.1963957;0.5627451;412.4;0.2534561;False;11/23/2025 9:28:54 AM:663;1763861334663;;
340;523;0.2093704;0.572597;0.2020689;0.6096023;412.2;0.2612987;False;11/23/2025 9:28:54 AM:685;1763861334685;;
339;521;0.2089869;0.570078;0.1866291;0.5150744;414.2;0.239324;False;11/23/2025 9:28:54 AM:705;1763861334705;;
338;519;0.2087193;0.5686891;0.1881479;0.5258536;415.9;0.239271;False;11/23/2025 9:28:54 AM:725;1763861334725;;
338;518;0.2084928;0.5675333;0.1881486;0.5258554;417.4;0.2392875;False;11/23/2025 9:28:54 AM:744;1763861334744;;
337;511;0.20807;0.5591848;0.1833975;0.452981;416.3;0.2405317;False;11/23/2025 9:28:54 AM:766;1763861334766;;
337;512;0.2080196;0.5605623;0.2020699;0.6004589;417.7;0.2331039;False;11/23/2025 9:28:54 AM:789;1763861334789;;
337;513;0.2079761;0.5621251;0.2032407;0.606242;418.9;0.2331329;False;11/23/2025 9:28:54 AM:813;1763861334813;;
337;514;0.2079449;0.5627548;0.2001431;0.5927017;418.2;0.2375761;False;11/23/2025 9:28:54 AM:836;1763861334836;;
337;512;0.2076425;0.561214;0.1902075;0.5301846;421.0;0.2430982;False;11/23/2025 9:28:54 AM:882;1763861334882;;
336;512;0.2074898;0.560638;0.1892286;0.5313551;423.5;0.2416682;False;11/23/2025 9:28:54 AM:905;1763861334905;;
336;506;0.2073296;0.5545641;0.1884437;0.4624803;422.4;0.2456281;False;11/23/2025 9:28:54 AM:926;1763861334926;;
336;507;0.2073001;0.5547461;0.1951478;0.5620711;420.3;0.2452178;False;11/23/2025 9:28:54 AM:979;1763861334979;;
336;507;0.2072815;0.554876;0.1958925;0.5666336;418.3;0.2451674;False;11/23/2025 9:28:54 AM:998;1763861334998;;
336;517;0.2074073;0.5666774;0.2098155;0.6374581;415.8;0.2350523;False;11/23/2025 9:28:55 AM:78;1763861335078;;
336;519;0.2074048;0.568307;0.2071315;0.6237566;413.5;0.2348845;False;11/23/2025 9:28:55 AM:99;1763861335099;;
336;514;0.2069116;0.5630495;0.1919018;0.5227896;411.7;0.2330042;False;11/23/2025 9:28:55 AM:190;1763861335190;;
335;513;0.2068485;0.5622824;0.1934557;0.5280413;410.1;0.2327488;False;11/23/2025 9:28:55 AM:211;1763861335211;;
335;511;0.2066765;0.5599887;0.188911;0.5006507;413.5;0.2363503;False;11/23/2025 9:28:55 AM:230;1763861335230;;
335;506;0.2062868;0.5538426;0.1879483;0.4878863;414.5;0.2327167;False;11/23/2025 9:28:55 AM:284;1763861335284;;
334;505;0.2062229;0.5533646;0.1905859;0.516136;415.4;0.2318578;False;11/23/2025 9:28:55 AM:306;1763861335306;;
334;506;0.2061356;0.5543727;0.1986844;0.5739003;416.5;0.255292;False;11/23/2025 9:28:55 AM:350;1763861335350;;
334;506;0.2061253;0.5543463;0.1940993;0.5397673;417.6;0.2551903;False;11/23/2025 9:28:55 AM:370;1763861335370;;
334;505;0.2060263;0.553531;0.1895255;0.5118546;419.5;0.2448518;False;11/23/2025 9:28:55 AM:390;1763861335390;;
349;505;0.2153543;0.5533785;0.2650538;0.5336999;421.1;0.2374984;False;11/23/2025 9:28:55 AM:446;1763861335446;;
349;508;0.2152818;0.5562087;0.2061816;0.6108384;422.4;0.233931;False;11/23/2025 9:28:55 AM:468;1763861335468;;
348;505;0.2143048;0.5535365;0.1906474;0.5006341;422.2;0.2269871;False;11/23/2025 9:28:55 AM:506;1763861335506;;
347;503;0.2138485;0.5506179;0.1904077;0.4759238;421.9;0.2264492;False;11/23/2025 9:28:55 AM:526;1763861335526;;
346;503;0.2133439;0.5512055;0.1958445;0.5625853;422.8;0.228095;False;11/23/2025 9:28:55 AM:588;1763861335588;;
346;503;0.21322;0.5513718;0.1965817;0.5625815;423.6;0.2283338;False;11/23/2025 9:28:55 AM:608;1763861335608;;
350;505;0.215984;0.5532885;0.2582663;0.6020737;425.2;0.2431332;False;11/23/2025 9:28:55 AM:629;1763861335629;;
350;497;0.2156544;0.5447785;0.1963284;0.4420531;422.4;0.2555632;False;11/23/2025 9:28:55 AM:653;1763861335653;;
349;492;0.2154074;0.5387062;0.1963278;0.4420463;419.8;0.2555331;False;11/23/2025 9:28:55 AM:675;1763861335675;;
348;491;0.2147222;0.5381629;0.1861412;0.5020614;418.6;0.2505894;False;11/23/2025 9:28:55 AM:696;1763861335696;;
348;486;0.2144852;0.5325305;0.1938837;0.4353178;418.3;0.2397682;False;11/23/2025 9:28:55 AM:718;1763861335718;;
348;481;0.2143322;0.5267371;0.1949918;0.4206033;418.0;0.2397926;False;11/23/2025 9:28:55 AM:736;1763861335736;;
345;480;0.2124778;0.5262324;0.1889209;0.5106412;417.9;0.2473873;False;11/23/2025 9:28:55 AM:975;1763861335975;;
344;480;0.2124238;0.5262371;0.1918567;0.526593;417.8;0.2474154;False;11/23/2025 9:28:55 AM:997;1763861335997;;
344;484;0.2123216;0.5298694;0.2021816;0.5943741;414.6;0.2613288;False;11/23/2025 9:28:56 AM:17;1763861336017;;
344;486;0.2122387;0.5327082;0.2021811;0.5943746;411.7;0.2612885;False;11/23/2025 9:28:56 AM:36;1763861336036;;
344;483;0.2122092;0.5289626;0.19711;0.451209;412.7;0.2291966;False;11/23/2025 9:28:56 AM:56;1763861336056;;
344;480;0.2122068;0.5254154;0.1956667;0.450046;414.7;0.2367789;False;11/23/2025 9:28:56 AM:77;1763861336077;;
344;477;0.2122046;0.5226326;0.1956657;0.4500434;416.6;0.2367508;False;11/23/2025 9:28:56 AM:97;1763861336097;;
344;481;0.212322;0.5270311;0.2164563;0.592156;418.7;0.243436;False;11/23/2025 9:28:56 AM:121;1763861336121;;
344;479;0.2121351;0.5247491;0.1912022;0.4624043;420.8;0.256067;False;11/23/2025 9:28:56 AM:143;1763861336143;;
344;477;0.2119327;0.5228654;0.1901921;0.4638872;422.7;0.2561838;False;11/23/2025 9:28:56 AM:164;1763861336164;;
343;476;0.2116188;0.5215315;0.1875761;0.4709464;424.3;0.2497828;False;11/23/2025 9:28:56 AM:190;1763861336190;;
343;476;0.2112393;0.521659;0.1902747;0.5242664;421.6;0.2512026;False;11/23/2025 9:28:56 AM:272;1763861336272;;
343;477;0.2112295;0.5220072;0.1940928;0.5396325;419.2;0.2515132;False;11/23/2025 9:28:56 AM:290;1763861336290;;
342;476;0.2111353;0.5217851;0.1900153;0.4973957;420.4;0.2663594;False;11/23/2025 9:28:56 AM:311;1763861336311;;
342;476;0.2110566;0.5216005;0.1900167;0.4973975;421.5;0.2664028;False;11/23/2025 9:28:56 AM:330;1763861336330;;
342;474;0.2108898;0.5195514;0.1889845;0.4694658;422.8;0.2516947;False;11/23/2025 9:28:56 AM:365;1763861336365;;
342;474;0.2107855;0.5188488;0.1880887;0.4750213;424.0;0.2509362;False;11/23/2025 9:28:56 AM:385;1763861336385;;
342;478;0.2106827;0.5238595;0.1991819;0.5984707;426.0;0.2530712;False;11/23/2025 9:28:56 AM:405;1763861336405;;
342;482;0.2105971;0.5278352;0.1991846;0.5984767;427.7;0.2531483;False;11/23/2025 9:28:56 AM:425;1763861336425;;
342;495;0.2108595;0.5420677;0.2195258;0.6793841;424.0;0.243637;False;11/23/2025 9:28:56 AM:446;1763861336446;;
342;505;0.2110851;0.5535747;0.2195263;0.6793842;420.7;0.2436707;False;11/23/2025 9:28:56 AM:466;1763861336466;;
342;513;0.2112016;0.5616721;0.2169249;0.6707726;417.3;0.2314415;False;11/23/2025 9:28:56 AM:486;1763861336486;;
343;519;0.2113152;0.5686646;0.2173404;0.6719372;414.1;0.231347;False;11/23/2025 9:28:56 AM:506;1763861336506;;
352;552;0.2171126;0.6041311;0.2803381;0.8226088;411.2;0.2358356;False;11/23/2025 9:28:56 AM:526;1763861336526;;
352;554;0.2171037;0.6061303;0.214347;0.6612157;410.8;0.2240703;False;11/23/2025 9:28:56 AM:547;1763861336547;;
352;555;0.2170961;0.6078147;0.2137287;0.6593826;410.5;0.2241098;False;11/23/2025 9:28:56 AM:570;1763861336570;;
352;557;0.217112;0.6104367;0.2190221;0.6768095;410.6;0.2217396;False;11/23/2025 9:28:56 AM:590;1763861336590;;
352;559;0.2171137;0.6121776;0.2174316;0.6694919;408.9;0.2373272;False;11/23/2025 9:28:56 AM:612;1763861336612;;
352;561;0.2171329;0.6142429;0.219639;0.6774269;407.4;0.2373436;False;11/23/2025 9:28:56 AM:634;1763861336634;;
352;561;0.2170892;0.6143665;0.2096692;0.6424588;407.3;0.2279384;False;11/23/2025 9:28:56 AM:656;1763861336656;;
352;563;0.217109;0.616228;0.2196264;0.6778781;406.1;0.2269366;False;11/23/2025 9:28:56 AM:680;1763861336680;;
352;564;0.2171202;0.6175467;0.2191482;0.6764154;405.0;0.2269745;False;11/23/2025 9:28:56 AM:699;1763861336699;;
352;566;0.2171676;0.6194648;0.2222799;0.6865045;405.0;0.2296663;False;11/23/2025 9:28:56 AM:722;1763861336722;;
353;572;0.2177904;0.6262277;0.2381248;0.7330136;407.1;0.2192704;False;11/23/2025 9:28:56 AM:747;1763861336747;;
353;572;0.2177728;0.6262413;0.2147026;0.6624907;406.2;0.2360757;False;11/23/2025 9:28:56 AM:771;1763861336771;;
353;572;0.2177414;0.6263696;0.2132931;0.6569729;405.4;0.2362916;False;11/23/2025 9:28:56 AM:795;1763861336795;;
353;573;0.2177469;0.6270295;0.2197127;0.6788391;404.8;0.2210702;False;11/23/2025 9:28:56 AM:818;1763861336818;;
353;573;0.2176965;0.6272762;0.2116888;0.6473734;403.6;0.2225139;False;11/23/2025 9:28:56 AM:842;1763861336842;;
353;573;0.2176602;0.6274535;0.2116911;0.6473787;402.4;0.2225649;False;11/23/2025 9:28:56 AM:862;1763861336862;;
353;575;0.217854;0.6300993;0.2301838;0.7108209;401.9;0.2323065;False;11/23/2025 9:28:56 AM:882;1763861336882;;
353;577;0.2179562;0.6317962;0.2272878;0.7020958;401.4;0.2323232;False;11/23/2025 9:28:56 AM:902;1763861336902;;
353;577;0.2179323;0.6320158;0.2141503;0.6580651;401.8;0.2309728;False;11/23/2025 9:28:56 AM:924;1763861336924;;
353;577;0.2179323;0.6322006;0.2179492;0.6746676;400.4;0.2302708;False;11/23/2025 9:28:56 AM:946;1763861336946;;
353;577;0.2179319;0.6323165;0.2175468;0.6736825;399.0;0.2303794;False;11/23/2025 9:28:56 AM:964;1763861336964;;
354;580;0.2182002;0.6350159;0.2336908;0.7198886;399.0;0.2425582;False;11/23/2025 9:28:56 AM:984;1763861336984;;
354;581;0.218527;0.6366683;0.2361103;0.7098997;399.8;0.2425421;False;11/23/2025 9:28:57 AM:4;1763861337004;;
355;583;0.2187987;0.6383129;0.2360802;0.7140901;400.6;0.2426924;False;11/23/2025 9:28:57 AM:23;1763861337023;;
356;585;0.2195249;0.6403384;0.2464388;0.7209921;401.4;0.2304019;False;11/23/2025 9:28:57 AM:43;1763861337043;;
357;586;0.2201494;0.6420777;0.2465147;0.7210729;402.2;0.2305249;False;11/23/2025 9:28:57 AM:64;1763861337064;;
395;589;0.2438371;0.6453647;0.3797984;0.7429283;403.1;0.2404533;False;11/23/2025 9:28:57 AM:84;1763861337084;;
656;597;0.404056;0.6532172;0.7073588;0.7875468;400.8;0.2484777;False;11/23/2025 9:28:57 AM:105;1763861337105;;
808;602;0.4976283;0.6595387;0.7073604;0.7875473;398.8;0.2484825;False;11/23/2025 9:28:57 AM:123;1763861337123;;
998;613;0.6146203;0.6717569;0.8177382;0.8294407;399.1;0.2461054;False;11/23/2025 9:28:57 AM:144;1763861337144;;
1113;604;0.6858564;0.6611846;0.8214862;0.5674279;399.9;0.2571606;False;11/23/2025 9:28:57 AM:166;1763861337166;;
1173;601;0.7224346;0.6580432;0.8133668;0.6081795;400.7;0.2575381;False;11/23/2025 9:28:57 AM:186;1763861337186;;
1202;612;0.7405948;0.6698552;0.792375;0.8197936;400.0;0.2492577;False;11/23/2025 9:28:57 AM:206;1763861337206;;
1223;620;0.7534961;0.6786203;0.7938734;0.8115612;399.3;0.2492642;False;11/23/2025 9:28:57 AM:227;1763861337227;;
1207;627;0.7436484;0.6864322;0.6669763;0.8171393;399.4;0.2426857;False;11/23/2025 9:28:57 AM:247;1763861337247;;
1197;633;0.7371325;0.6932966;0.688983;0.820685;399.4;0.2428393;False;11/23/2025 9:28:57 AM:266;1763861337266;;
1195;637;0.7362548;0.6971213;0.7318651;0.7957298;399.7;0.2386343;False;11/23/2025 9:28:57 AM:289;1763861337289;;
1217;638;0.7493995;0.6985311;0.8054338;0.7777669;400.6;0.2564996;False;11/23/2025 9:28:57 AM:309;1763861337309;;
1229;640;0.7567776;0.7010621;0.7947701;0.79542;401.4;0.2569429;False;11/23/2025 9:28:57 AM:330;1763861337330;;
1225;646;0.7546334;0.7071851;0.7346995;0.8329525;402.1;0.2453678;False;11/23/2025 9:28:57 AM:349;1763861337349;;
1222;651;0.752955;0.7123089;0.7365408;0.8302363;402.8;0.2454958;False;11/23/2025 9:28:57 AM:371;1763861337371;;
1235;650;0.7605096;0.7120023;0.8034461;0.7055926;401.5;0.2593885;False;11/23/2025 9:28:57 AM:392;1763861337392;;
1241;647;0.7645665;0.7083479;0.7925758;0.6601118;401.3;0.2548378;False;11/23/2025 9:28:57 AM:416;1763861337416;;
1262;647;0.7771928;0.7080929;0.8494024;0.7003452;399.1;0.2594757;False;11/23/2025 9:28:57 AM:436;1763861337436;;
1277;647;0.7865188;0.7078806;0.8495264;0.7002622;397.0;0.2596501;False;11/23/2025 9:28:57 AM:454;1763861337454;;
1305;653;0.8040872;0.7145524;0.8922474;0.8288702;394.0;0.2585655;False;11/23/2025 9:28:57 AM:474;1763861337474;;
1327;658;0.8176281;0.7203227;0.8922461;0.8288702;391.2;0.2585645;False;11/23/2025 9:28:57 AM:497;1763861337497;;
1401;656;0.8629439;0.7182913;1.018907;0.6793902;388.9;0.2805482;False;11/23/2025 9:28:57 AM:516;1763861337516;;
1423;660;0.8763526;0.7226568;0.9487065;0.8200167;387.5;0.2746836;False;11/23/2025 9:28:57 AM:537;1763861337537;;
1439;663;0.8866162;0.7264036;0.9486914;0.8200197;386.3;0.274665;False;11/23/2025 9:28:57 AM:557;1763861337557;;
1470;676;0.9053622;0.7400137;0.9966196;0.8962192;383.8;0.2512377;False;11/23/2025 9:28:57 AM:579;1763861337579;;
1490;679;0.9178588;0.7433605;0.9834592;0.8311328;381.8;0.2431978;False;11/23/2025 9:28:57 AM:604;1763861337604;;
1504;681;0.9261571;0.7458338;0.9834626;0.8311326;379.9;0.2431976;False;11/23/2025 9:28:57 AM:625;1763861337625;;
1534;662;0.9449863;0.7252751;1.040074;0.5831539;380.2;0.2631365;False;11/23/2025 9:28:57 AM:646;1763861337646;;
1543;665;0.9505579;0.7278471;0.9987643;0.8146383;378.5;0.2693621;False;11/23/2025 9:28:57 AM:667;1763861337667;;
1553;665;0.9568133;0.728071;1.013083;0.7631942;376.9;0.2693125;False;11/23/2025 9:28:57 AM:685;1763861337685;;
1563;665;0.9626746;0.728304;1.01306;0.763214;375.4;0.2693004;False;11/23/2025 9:28:57 AM:707;1763861337707;;
1571;665;0.9677956;0.7285824;1.018016;0.7564017;375.3;0.2720914;False;11/23/2025 9:28:57 AM:728;1763861337728;;
1571;668;0.9676863;0.7310434;0.9377714;0.8144231;374.2;0.2673661;False;11/23/2025 9:28:57 AM:748;1763861337748;;
1571;668;0.967517;0.7314699;0.936102;0.7860942;373.2;0.2674015;False;11/23/2025 9:28:57 AM:770;1763861337770;;
1579;658;0.9724315;0.7202661;1.022687;0.6154387;374.4;0.2503063;False;11/23/2025 9:28:57 AM:791;1763861337791;;
1572;674;0.9682982;0.7378781;0.9007635;0.9059683;374.6;0.2631336;False;11/23/2025 9:28:57 AM:812;1763861337812;;
1567;686;0.9650292;0.7513361;0.9007522;0.9059694;374.9;0.2631278;False;11/23/2025 9:28:57 AM:833;1763861337833;;
1569;680;0.9662083;0.7447739;0.9860278;0.6686254;375.5;0.2640346;False;11/23/2025 9:28:57 AM:856;1763861337856;;
1569;670;0.9661646;0.7334272;0.9460958;0.6223452;376.2;0.2533343;False;11/23/2025 9:28:57 AM:877;1763861337877;;
1568;661;0.9661223;0.7238006;0.9461636;0.6222774;376.9;0.2534726;False;11/23/2025 9:28:57 AM:899;1763861337899;;
1570;675;0.9672381;0.7396048;0.9889289;0.8960332;375.7;0.2599719;False;11/23/2025 9:28:57 AM:918;1763861337918;;
1575;668;0.9699053;0.7319196;1.007864;0.6384642;375.1;0.2681974;False;11/23/2025 9:28:57 AM:940;1763861337940;;
1578;663;0.9720252;0.7258705;1.007868;0.6384659;374.5;0.2682108;False;11/23/2025 9:28:57 AM:960;1763861337960;;
1581;633;0.9737505;0.6936469;1.006315;0.4944763;372.0;0.264598;False;11/23/2025 9:28:57 AM:982;1763861337982;;
1574;648;0.9697779;0.7097788;0.9112436;0.8616685;372.4;0.2576158;False;11/23/2025 9:28:58 AM:3;1763861338003;;
1569;659;0.966674;0.7219989;0.9112022;0.8616751;372.7;0.2576015;False;11/23/2025 9:28:58 AM:23;1763861338023;;
1558;682;0.959823;0.7466307;0.8820826;0.9336055;372.5;0.284862;False;11/23/2025 9:28:58 AM:44;1763861338044;;
1558;683;0.9598121;0.7477072;0.9590724;0.7950693;371.7;0.2680144;False;11/23/2025 9:28:58 AM:65;1763861338065;;
1558;684;0.9598035;0.7485566;0.95908;0.7950657;371.0;0.2680781;False;11/23/2025 9:28:58 AM:84;1763861338084;;
1558;693;0.9597714;0.7585322;0.9543341;0.8857501;370.7;0.2723332;False;11/23/2025 9:28:58 AM:105;1763861338105;;
1558;700;0.9597439;0.7665391;0.9542847;0.8857537;370.5;0.2723062;False;11/23/2025 9:28:58 AM:125;1763861338125;;
1558;705;0.959785;0.771501;0.9624967;0.8672574;370.4;0.257568;False;11/23/2025 9:28:58 AM:147;1763861338147;;
1558;708;0.9598151;0.7751264;0.9624475;0.8672667;370.3;0.2575416;False;11/23/2025 9:28:58 AM:167;1763861338167;;
1555;708;0.9579872;0.7751529;0.9173192;0.8104888;370.3;0.2721276;False;11/23/2025 9:28:58 AM:189;1763861338189;;
1541;709;0.9489582;0.7758254;0.8634736;0.8280253;372.5;0.2497704;False;11/23/2025 9:28:58 AM:210;1763861338210;;
1530;709;0.942208;0.77676;0.8630522;0.8363823;374.4;0.2497965;False;11/23/2025 9:28:58 AM:230;1763861338230;;
1469;710;0.9051241;0.7778295;0.7430207;0.8396136;375.6;0.257819;False;11/23/2025 9:28:58 AM:252;1763861338252;;
1427;711;0.8791185;0.7779974;0.7477679;0.8228264;380.2;0.2317508;False;11/23/2025 9:28:58 AM:274;1763861338274;;
1397;711;0.860778;0.7781326;0.7435726;0.8230275;384.3;0.2317984;False;11/23/2025 9:28:58 AM:293;1763861338293;;
1380;721;0.8499971;0.7894907;0.7683569;0.9313294;384.8;0.2489873;False;11/23/2025 9:28:58 AM:315;1763861338315;;
1358;722;0.8365452;0.7900499;0.7415751;0.8470774;384.6;0.2648505;False;11/23/2025 9:28:58 AM:337;1763861338337;;
1341;722;0.8260103;0.7905391;0.741567;0.8470815;384.5;0.2648457;False;11/23/2025 9:28:58 AM:357;1763861338357;;
1329;722;0.8186364;0.7908996;0.7476934;0.8454209;387.9;0.2472806;False;11/23/2025 9:28:58 AM:379;1763861338379;;
1325;723;0.8164929;0.7910637;0.7811498;0.8409092;389.2;0.2566014;False;11/23/2025 9:28:58 AM:405;1763861338405;;
1323;723;0.8149786;0.7911854;0.7811243;0.8409153;390.4;0.2565511;False;11/23/2025 9:28:58 AM:426;1763861338426;;
1300;723;0.8005794;0.7915308;0.6966811;0.8198985;388.2;0.2556353;False;11/23/2025 9:28:58 AM:447;1763861338447;;
1273;723;0.784135;0.7918439;0.6759459;0.8198224;390.8;0.2374952;False;11/23/2025 9:28:58 AM:469;1763861338469;;
1249;724;0.7694435;0.7921229;0.6637744;0.810221;393.2;0.2375036;False;11/23/2025 9:28:58 AM:488;1763861338488;;
1249;726;0.7691061;0.7946131;0.7541863;0.873747;393.3;0.254608;False;11/23/2025 9:28:58 AM:512;1763861338512;;
1249;727;0.7692885;0.7963179;0.7812853;0.8697549;393.6;0.2339028;False;11/23/2025 9:28:58 AM:535;1763861338535;;
1249;729;0.7694319;0.7976255;0.7813848;0.8697444;393.9;0.234051;False;11/23/2025 9:28:58 AM:554;1763861338554;;
1248;729;0.7690537;0.7981646;0.7527175;0.8571236;393.8;0.2515318;False;11/23/2025 9:28:58 AM:575;1763861338575;;
1248;729;0.768747;0.7986082;0.7527388;0.8571194;393.8;0.2515625;False;11/23/2025 9:28:58 AM:595;1763861338595;;
1245;731;0.7671282;0.8005919;0.7314172;0.8814799;395.4;0.2502002;False;11/23/2025 9:28:58 AM:617;1763861338617;;
1212;739;0.7465495;0.8094364;0.6257361;0.944664;396.9;0.2618241;False;11/23/2025 9:28:58 AM:639;1763861338639;;
1188;746;0.7318547;0.8162715;0.6257922;0.9446667;398.2;0.2618425;False;11/23/2025 9:28:58 AM:659;1763861338659;;
1106;746;0.6815513;0.8168139;0.5096619;0.8398486;398.8;0.2503082;False;11/23/2025 9:28:58 AM:683;1763861338683;;
1064;746;0.6553234;0.8170588;0.5270323;0.8586331;399.7;0.2441235;False;11/23/2025 9:28:58 AM:703;1763861338703;;
1052;747;0.6482744;0.8180804;0.5861737;0.8885955;400.5;0.2440911;False;11/23/2025 9:28:58 AM:723;1763861338723;;
1053;749;0.6485091;0.8197134;0.6789365;0.8972541;401.3;0.2536665;False;11/23/2025 9:28:58 AM:746;1763861338746;;
1053;713;0.6486524;0.7803195;0.6675168;0.5771145;401.9;0.2614034;False;11/23/2025 9:28:58 AM:768;1763861338768;;
1053;681;0.6487046;0.7457709;0.6507983;0.5526003;402.4;0.2620113;False;11/23/2025 9:28:58 AM:787;1763861338787;;
1025;683;0.631748;0.7482221;0.5307603;0.8451107;402.4;0.2592058;False;11/23/2025 9:28:58 AM:808;1763861338808;;
1020;685;0.6283749;0.7495978;0.586575;0.835824;403.5;0.238288;False;11/23/2025 9:28:58 AM:829;1763861338829;;
1015;686;0.625578;0.7508039;0.5865628;0.8358247;404.5;0.2382868;False;11/23/2025 9:28:58 AM:849;1763861338849;;
1012;687;0.6236812;0.7526832;0.5938135;0.843614;407.1;0.2551138;False;11/23/2025 9:28:58 AM:875;1763861338875;;
1043;693;0.6427059;0.7586303;0.7649608;0.8892902;406.7;0.2485055;False;11/23/2025 9:28:58 AM:896;1763861338896;;
1066;696;0.6567599;0.762051;0.7618989;0.8745594;406.3;0.2487485;False;11/23/2025 9:28:58 AM:916;1763861338916;;
1062;696;0.6541831;0.7621626;0.6116242;0.8319796;406.5;0.2591469;False;11/23/2025 9:28:58 AM:938;1763861338938;;
1059;696;0.652236;0.7622516;0.6116828;0.8319914;406.7;0.2591611;False;11/23/2025 9:28:58 AM:957;1763861338957;;
972;697;0.5985345;0.7635729;0.4185098;0.8537635;406.0;0.2430658;False;11/23/2025 9:28:58 AM:980;1763861338980;;
898;698;0.5532166;0.7640694;0.3883148;0.8452374;405.4;0.2430638;False;11/23/2025 9:28:59 AM:0;1763861339000;;
897;701;0.5528658;0.7679881;0.5468876;0.8855028;404.1;0.2566934;False;11/23/2025 9:28:59 AM:22;1763861339022;;
898;702;0.5532842;0.768457;0.5731133;0.8334885;406.5;0.2465905;False;11/23/2025 9:28:59 AM:45;1763861339045;;
899;702;0.5535865;0.7688;0.573179;0.8334963;408.7;0.2466127;False;11/23/2025 9:28:59 AM:66;1763861339066;;
902;703;0.5555921;0.7696426;0.6144153;0.8063704;410.2;0.2394188;False;11/23/2025 9:28:59 AM:86;1763861339086;;
907;703;0.5586577;0.7697064;0.6265013;0.8381107;410.6;0.2382969;False;11/23/2025 9:28:59 AM:107;1763861339107;;
911;703;0.561194;0.7697621;0.6265899;0.8381143;411.0;0.2383281;False;11/23/2025 9:28:59 AM:127;1763861339127;;
911;704;0.5615139;0.7702563;0.5865363;0.7838407;410.8;0.2628715;False;11/23/2025 9:28:59 AM:149;1763861339149;;
912;708;0.5618168;0.774687;0.5870082;0.8838995;412.5;0.2486658;False;11/23/2025 9:28:59 AM:173;1763861339173;;
912;711;0.5620431;0.7779216;0.586997;0.8839032;413.9;0.2486559;False;11/23/2025 9:28:59 AM:194;1763861339194;;
866;712;0.5333993;0.7799926;0.4055107;0.8754249;414.7;0.2518848;False;11/23/2025 9:28:59 AM:215;1763861339215;;
865;714;0.5328832;0.7818782;0.5240251;0.8760102;415.7;0.2431219;False;11/23/2025 9:28:59 AM:237;1763861339237;;
867;715;0.5341001;0.7830353;0.586683;0.8710964;416.7;0.2430749;False;11/23/2025 9:28:59 AM:257;1763861339257;;
866;716;0.5335553;0.7838665;0.5239868;0.824456;415.0;0.2407613;False;11/23/2025 9:28:59 AM:279;1763861339279;;
921;717;0.5671554;0.7851018;0.7233185;0.8685754;415.1;0.2535988;False;11/23/2025 9:28:59 AM:303;1763861339303;;
955;717;0.5881395;0.7852179;0.7216308;0.8490569;415.1;0.2535391;False;11/23/2025 9:28:59 AM:323;1763861339323;;
975;720;0.6008586;0.7880182;0.6998081;0.8895706;415.2;0.2683271;False;11/23/2025 9:28:59 AM:346;1763861339346;;
1008;727;0.6207571;0.7959753;0.7451797;0.9386619;414.1;0.2665864;False;11/23/2025 9:28:59 AM:367;1763861339367;;
1032;731;0.6358848;0.8001358;0.749667;0.9216293;413.1;0.2666315;False;11/23/2025 9:28:59 AM:386;1763861339386;;
1040;732;0.640404;0.8010086;0.7006077;0.8324717;412.0;0.2412988;False;11/23/2025 9:28:59 AM:408;1763861339408;;
1045;732;0.6438944;0.8017089;0.7005981;0.8324696;411.0;0.2412967;False;11/23/2025 9:28:59 AM:428;1763861339428;;
1011;744;0.6229607;0.8140275;0.5249643;0.9559845;409.3;0.2761903;False;11/23/2025 9:28:59 AM:460;1763861339460;;
997;745;0.6143756;0.8157414;0.5409113;0.904879;408.7;0.2545991;False;11/23/2025 9:28:59 AM:482;1763861339482;;
997;745;0.6142991;0.8160937;0.6093255;0.8249238;409.0;0.262027;False;11/23/2025 9:28:59 AM:504;1763861339504;;
997;746;0.6142382;0.8163696;0.6093351;0.824935;409.2;0.2620281;False;11/23/2025 9:28:59 AM:524;1763861339524;;
1005;746;0.6189552;0.8170021;0.6798281;0.8823177;408.9;0.252486;False;11/23/2025 9:28:59 AM:547;1763861339547;;
974;747;0.6000578;0.8173203;0.49092;0.8605686;410.4;0.2632103;False;11/23/2025 9:28:59 AM:570;1763861339570;;
952;747;0.5863582;0.8175836;0.4909496;0.8605564;411.7;0.2633314;False;11/23/2025 9:28:59 AM:591;1763861339591;;
952;753;0.5862933;0.8241773;0.5826501;0.9406563;410.3;0.2480018;False;11/23/2025 9:28:59 AM:616;1763861339616;;
970;756;0.5978729;0.8272067;0.695313;0.9250488;409.4;0.2578473;False;11/23/2025 9:28:59 AM:637;1763861339637;;
983;757;0.6056735;0.8284981;0.6901305;0.9093977;408.6;0.2578366;False;11/23/2025 9:28:59 AM:655;1763861339655;;
983;758;0.6056955;0.8300548;0.6109535;0.9136716;408.8;0.2489881;False;11/23/2025 9:28:59 AM:677;1763861339677;;
934;757;0.5753231;0.8286804;0.4328842;0.8043622;407.7;0.2671209;False;11/23/2025 9:28:59 AM:698;1763861339698;;
897;756;0.552832;0.8275304;0.4327626;0.8043572;406.8;0.267081;False;11/23/2025 9:28:59 AM:719;1763861339719;;
901;755;0.5548799;0.8263921;0.5954909;0.812196;405.2;0.2510751;False;11/23/2025 9:28:59 AM:768;1763861339768;;
854;748;0.5261602;0.8194365;0.4071396;0.7424765;405.9;0.2448872;False;11/23/2025 9:28:59 AM:793;1763861339793;;
824;744;0.507819;0.814521;0.4071262;0.7424764;406.6;0.244883;False;11/23/2025 9:28:59 AM:813;1763861339813;;
802;742;0.4939037;0.8124605;0.404268;0.7642391;407.3;0.2448051;False;11/23/2025 9:28:59 AM:835;1763861339835;;
833;751;0.5135033;0.8224566;0.6425866;0.9405596;407.3;0.2447905;False;11/23/2025 9:28:59 AM:857;1763861339857;;
831;754;0.5117471;0.8258312;0.4841928;0.9025548;406.8;0.2483427;False;11/23/2025 9:28:59 AM:878;1763861339878;;
830;757;0.5113524;0.8283848;0.5004712;0.8993463;406.3;0.2483816;False;11/23/2025 9:28:59 AM:899;1763861339899;;
840;766;0.517271;0.8386911;0.5864527;0.9567015;406.5;0.2455087;False;11/23/2025 9:28:59 AM:925;1763861339925;;
812;765;0.5003864;0.8378469;0.4021854;0.8149478;406.4;0.256646;False;11/23/2025 9:28:59 AM:948;1763861339948;;
772;765;0.4754863;0.8377549;0.3524731;0.8327521;406.7;0.2441731;False;11/23/2025 9:28:59 AM:970;1763861339970;;
741;765;0.4566274;0.8378066;0.3466024;0.8598782;407.0;0.2440905;False;11/23/2025 9:28:59 AM:989;1763861339989;;
720;765;0.443585;0.8378803;0.3678963;0.8492408;406.9;0.2438318;False;11/23/2025 9:29:00 AM:16;1763861340016;;
703;767;0.4333749;0.8392822;0.3556881;0.893837;406.1;0.2399344;False;11/23/2025 9:29:00 AM:37;1763861340037;;
694;771;0.4279142;0.8441324;0.369698;0.9400262;405.4;0.2398253;False;11/23/2025 9:29:00 AM:57;1763861340057;;
730;784;0.4498864;0.8578135;0.5839296;1.007437;403.8;0.2527977;False;11/23/2025 9:29:00 AM:78;1763861340078;;
713;784;0.4392809;0.8586213;0.3543668;0.9088131;402.6;0.2675082;False;11/23/2025 9:29:00 AM:98;1763861340098;;
699;785;0.4304599;0.8592548;0.3494845;0.9081702;401.5;0.2675502;False;11/23/2025 9:29:00 AM:118;1763861340118;;
703;785;0.4334131;0.8594145;0.4846171;0.8746417;403.0;0.2298657;False;11/23/2025 9:29:00 AM:139;1763861340139;;
711;785;0.4378513;0.8596524;0.4998579;0.8968589;405.8;0.2432337;False;11/23/2025 9:29:00 AM:162;1763861340162;;
716;785;0.441318;0.8598486;0.4998893;0.8968633;408.3;0.2432415;False;11/23/2025 9:29:00 AM:183;1763861340183;;
728;791;0.4486811;0.8657203;0.5273266;0.9680075;408.1;0.2592753;False;11/23/2025 9:29:00 AM:206;1763861340206;;
731;791;0.4504696;0.8657281;0.4971987;0.8660782;407.0;0.2452171;False;11/23/2025 9:29:00 AM:226;1763861340226;;
737;791;0.4540465;0.8658422;0.5157955;0.872965;406.0;0.2452423;False;11/23/2025 9:29:00 AM:248;1763861340248;;
734;792;0.4520434;0.8671543;0.4217151;0.9251086;406.0;0.240234;False;11/23/2025 9:29:00 AM:271;1763861340271;;
732;792;0.4511349;0.8674374;0.4300146;0.9079255;406.0;0.2401717;False;11/23/2025 9:29:00 AM:290;1763861340290;;
728;792;0.4488151;0.8675791;0.4114448;0.8884333;405.5;0.2371896;False;11/23/2025 9:29:00 AM:312;1763861340312;;
730;793;0.4498228;0.8680254;0.4817344;0.911211;406.0;0.2428384;False;11/23/2025 9:29:00 AM:335;1763861340335;;
731;793;0.4505841;0.8683699;0.4816788;0.9112087;406.6;0.2428218;False;11/23/2025 9:29:00 AM:355;1763861340355;;
876;795;0.5399005;0.870563;0.7763842;0.9441487;405.7;0.2499498;False;11/23/2025 9:29:00 AM:377;1763861340377;;
960;796;0.5913132;0.8714897;0.7556636;0.9288337;404.1;0.2572926;False;11/23/2025 9:29:00 AM:398;1763861340398;;
1014;797;0.6245249;0.8722309;0.7556593;0.9288328;402.6;0.2572927;False;11/23/2025 9:29:00 AM:418;1763861340418;;
1011;800;0.6231136;0.876026;0.5803549;0.9668355;402.6;0.2505553;False;11/23/2025 9:29:00 AM:442;1763861340442;;
1021;800;0.6289403;0.8760463;0.6688779;0.8767054;399.5;0.2488249;False;11/23/2025 9:29:00 AM:465;1763861340465;;
1027;800;0.6329349;0.8760614;0.6688293;0.8767037;396.8;0.2488154;False;11/23/2025 9:29:00 AM:486;1763861340486;;
1027;801;0.632596;0.8765719;0.5901865;0.9238943;398.0;0.2441655;False;11/23/2025 9:29:00 AM:507;1763861340507;;
1060;814;0.6528496;0.8907264;0.7542086;1.046916;398.6;0.2500466;False;11/23/2025 9:29:00 AM:528;1763861340528;;
1083;819;0.6668879;0.8963703;0.7521111;1.007213;399.1;0.2500479;False;11/23/2025 9:29:00 AM:547;1763861340547;;
1057;815;0.6508629;0.8917007;0.5214949;0.8291833;400.1;0.2388573;False;11/23/2025 9:29:00 AM:569;1763861340569;;
962;810;0.5925634;0.8872328;0.3936551;0.8264743;402.0;0.2380717;False;11/23/2025 9:29:00 AM:594;1763861340594;;
927;808;0.570814;0.8849235;0.4364178;0.8356732;403.6;0.2379791;False;11/23/2025 9:29:00 AM:614;1763861340614;;
933;811;0.5749251;0.8875971;0.6274582;0.9568844;403.5;0.263752;False;11/23/2025 9:29:00 AM:635;1763861340635;;
938;813;0.578096;0.8897141;0.627601;0.95689;403.4;0.2637889;False;11/23/2025 9:29:00 AM:655;1763861340655;;
919;813;0.566475;0.8902673;0.4768113;0.9315038;404.0;0.2474502;False;11/23/2025 9:29:00 AM:679;1763861340679;;
906;814;0.5582148;0.8906966;0.4768351;0.9315057;404.6;0.247459;False;11/23/2025 9:29:00 AM:699;1763861340699;;
881;801;0.5428296;0.8770826;0.44593;0.7668191;404.4;0.245946;False;11/23/2025 9:29:00 AM:725;1763861340725;;
801;799;0.493268;0.8748395;0.3213315;0.8295031;406.4;0.2438921;False;11/23/2025 9:29:00 AM:748;1763861340748;;
792;798;0.4879084;0.8737792;0.4419329;0.8464589;406.2;0.2390125;False;11/23/2025 9:29:00 AM:780;1763861340780;;
927;809;0.5708706;0.8856141;0.7749608;1.002346;404.7;0.241478;False;11/23/2025 9:29:00 AM:808;1763861340808;;
999;817;0.6155814;0.8940415;0.75767;0.9979206;403.4;0.2414617;False;11/23/2025 9:29:00 AM:833;1763861340833;;
999;805;0.615233;0.8814269;0.5760149;0.7749113;401.5;0.2596496;False;11/23/2025 9:29:00 AM:862;1763861340862;;
1031;808;0.6350414;0.8846617;0.7129093;0.9447573;401.9;0.2538602;False;11/23/2025 9:29:00 AM:895;1763861340895;;
1062;808;0.6540141;0.8850859;0.7511397;0.9186262;398.8;0.2602203;False;11/23/2025 9:29:00 AM:917;1763861340917;;
1062;809;0.6544215;0.8855139;0.6614106;0.9203101;397.4;0.2490711;False;11/23/2025 9:29:00 AM:941;1763861340941;;
1089;809;0.6707119;0.8860764;0.764846;0.9259409;395.9;0.2573044;False;11/23/2025 9:29:00 AM:961;1763861340961;;
1108;810;0.6826857;0.8865004;0.7626705;0.9241855;394.6;0.2574119;False;11/23/2025 9:29:00 AM:983;1763861340983;;
1172;823;0.7218425;0.9011121;0.8615956;1.044562;393.6;0.2794315;False;11/23/2025 9:29:01 AM:6;1763861341006;;
1192;823;0.7344675;0.9011251;0.8121378;0.9268125;391.6;0.2321229;False;11/23/2025 9:29:01 AM:28;1763861341028;;
1212;824;0.7465121;0.902252;0.818706;0.9550353;389.7;0.2320348;False;11/23/2025 9:29:01 AM:53;1763861341053;;
1213;828;0.7470966;0.9067785;0.7574776;1.000175;389.3;0.2432111;False;11/23/2025 9:29:01 AM:75;1763861341075;;
1213;831;0.747474;0.9095104;0.7557698;0.989861;389.0;0.2434394;False;11/23/2025 9:29:01 AM:96;1763861341096;;
1240;831;0.7641255;0.9097355;0.8589423;0.9248297;389.8;0.250035;False;11/23/2025 9:29:01 AM:118;1763861341118;;
1304;829;0.8030751;0.907135;0.950762;0.8615755;387.8;0.2501341;False;11/23/2025 9:29:01 AM:141;1763861341141;;
1347;827;0.8298076;0.905055;0.950828;0.8615565;385.9;0.2502438;False;11/23/2025 9:29:01 AM:161;1763861341161;;
1399;808;0.8618211;0.8848969;0.9884689;0.7345527;384.8;0.2340676;False;11/23/2025 9:29:01 AM:185;1763861341185;;
1424;807;0.8772938;0.8836751;0.9595251;0.8502574;383.0;0.2551173;False;11/23/2025 9:29:01 AM:207;1763861341207;;
1453;765;0.8952718;0.8372164;0.9832116;0.6156457;380.1;0.2699767;False;11/23/2025 9:29:01 AM:230;1763861341230;;
1473;737;0.9072318;0.8064264;0.9832496;0.6156;377.4;0.2700768;False;11/23/2025 9:29:01 AM:252;1763861341252;;
1485;733;0.9147647;0.8024369;0.9683152;0.7430655;374.5;0.2536587;False;11/23/2025 9:29:01 AM:277;1763861341277;;
1487;706;0.9162396;0.773336;0.936979;0.5896766;372.8;0.2636924;False;11/23/2025 9:29:01 AM:298;1763861341298;;
1493;682;0.9194878;0.7468541;0.9572644;0.5703992;371.3;0.2636888;False;11/23/2025 9:29:01 AM:320;1763861341320;;
1493;683;0.919631;0.7478638;0.9234547;0.7945018;370.4;0.2881859;False;11/23/2025 9:29:01 AM:342;1763861341342;;
1497;629;0.922078;0.6882868;0.9559399;0.4347826;369.4;0.260751;False;11/23/2025 9:29:01 AM:365;1763861341365;;
1500;588;0.9236771;0.6442066;0.950931;0.4354818;368.6;0.2608351;False;11/23/2025 9:29:01 AM:388;1763861341388;;
1513;559;0.9319285;0.6122529;1.002685;0.4367225;368.6;0.2580699;False;11/23/2025 9:29:01 AM:410;1763861341410;;
1513;559;0.9319938;0.6123851;0.9359912;0.6549361;369.1;0.2692656;False;11/23/2025 9:29:01 AM:432;1763861341432;;
1527;546;0.9408359;0.5983475;1.014705;0.4878509;368.6;0.295144;False;11/23/2025 9:29:01 AM:455;1763861341455;;
1537;541;0.9466061;0.5922719;1.00881;0.5196679;368.2;0.2949587;False;11/23/2025 9:29:01 AM:478;1763861341478;;
1541;518;0.9489315;0.5673401;0.989065;0.4087005;368.0;0.2748185;False;11/23/2025 9:29:01 AM:501;1763861341501;;
1543;501;0.950294;0.5492002;0.9836835;0.4083512;367.7;0.2749394;False;11/23/2025 9:29:01 AM:523;1763861341523;;
1542;499;0.9500257;0.5468456;0.9374852;0.5004684;368.1;0.2740273;False;11/23/2025 9:29:01 AM:545;1763861341545;;
1545;518;0.9515035;0.5674828;0.9859193;0.7349239;368.7;0.2925597;False;11/23/2025 9:29:01 AM:568;1763861341568;;
1546;525;0.9524924;0.5748128;0.9827927;0.6824117;369.2;0.2926496;False;11/23/2025 9:29:01 AM:590;1763861341590;;
1546;526;0.9521652;0.5760608;0.9396368;0.6291231;368.8;0.2638659;False;11/23/2025 9:29:01 AM:613;1763861341613;;
1513;526;0.9319973;0.576121;0.8170179;0.5970786;369.1;0.2906709;False;11/23/2025 9:29:01 AM:635;1763861341635;;
1490;526;0.9176141;0.5761697;0.8169049;0.5971277;369.3;0.2905835;False;11/23/2025 9:29:01 AM:656;1763861341656;;
1502;526;0.9250732;0.5764806;1.002221;0.6121312;367.9;0.2851413;False;11/23/2025 9:29:01 AM:677;1763861341677;;
1502;527;0.9253873;0.5766908;0.9467555;0.6100358;368.0;0.288614;False;11/23/2025 9:29:01 AM:700;1763861341700;;
1504;526;0.9267204;0.5760123;0.9649559;0.5555024;368.1;0.2886009;False;11/23/2025 9:29:01 AM:724;1763861341724;;
1513;540;0.9318014;0.5913163;0.9987419;0.7388014;368.6;0.299946;False;11/23/2025 9:29:01 AM:747;1763861341747;;
1518;535;0.9350731;0.5862786;0.9912559;0.5176254;367.8;0.2775438;False;11/23/2025 9:29:01 AM:770;1763861341770;;
1518;515;0.9351382;0.5645132;0.9501001;0.4061312;371.5;0.2755356;False;11/23/2025 9:29:01 AM:793;1763861341793;;
1518;499;0.9352676;0.5470163;0.957675;0.4027354;374.8;0.2752801;False;11/23/2025 9:29:01 AM:815;1763861341815;;
1521;507;0.9365765;0.5554627;0.9783095;0.6651749;374.9;0.2558293;False;11/23/2025 9:29:01 AM:837;1763861341837;;
1528;492;0.9415016;0.5387652;1.011816;0.4009871;374.0;0.2826068;False;11/23/2025 9:29:01 AM:859;1763861341859;;
1532;477;0.9434662;0.522508;0.9950484;0.3806633;373.2;0.2825694;False;11/23/2025 9:29:01 AM:881;1763861341881;;
1532;477;0.9435834;0.5226889;0.9628056;0.5419124;373.7;0.2795775;False;11/23/2025 9:29:01 AM:905;1763861341905;;
1532;515;0.9435584;0.5643559;0.942742;0.7890477;372.0;0.2818376;False;11/23/2025 9:29:01 AM:928;1763861341928;;
1532;549;0.9439444;0.601602;0.9741502;0.8173321;370.5;0.2817496;False;11/23/2025 9:29:01 AM:948;1763861341948;;
1536;551;0.9459354;0.6035284;0.9956588;0.6500329;369.4;0.3035806;False;11/23/2025 9:29:01 AM:972;1763861341972;;
1538;553;0.9475656;0.6050803;0.9958144;0.6498766;368.3;0.3040357;False;11/23/2025 9:29:01 AM:994;1763861341994;;
1545;517;0.9519498;0.5662993;1.020766;0.3560835;366.8;0.2889154;False;11/23/2025 9:29:02 AM:17;1763861342017;;
1559;517;0.9601817;0.5659831;1.049092;0.5492023;367.1;0.2836051;False;11/23/2025 9:29:02 AM:40;1763861342040;;
1556;562;0.9582263;0.6156289;0.9324169;0.847683;366.2;0.2946353;False;11/23/2025 9:29:02 AM:66;1763861342066;;
1553;592;0.9568372;0.6477346;0.9324129;0.8476829;365.4;0.2946384;False;11/23/2025 9:29:02 AM:87;1763861342087;;
1552;603;0.9562517;0.6607888;0.9421409;0.7837306;366.1;0.2870041;False;11/23/2025 9:29:02 AM:109;1763861342109;;
1482;592;0.9130137;0.6484944;0.7563606;0.5216141;370.2;0.267105;False;11/23/2025 9:29:02 AM:132;1763861342132;;
1445;584;0.8902948;0.6398125;0.7802538;0.5286447;373.8;0.267107;False;11/23/2025 9:29:02 AM:155;1763861342155;;
1430;555;0.8807608;0.6078961;0.8142691;0.4085524;374.3;0.3045986;False;11/23/2025 9:29:02 AM:179;1763861342179;;
1415;555;0.8718726;0.6078097;0.8066161;0.5903125;375.4;0.2843401;False;11/23/2025 9:29:02 AM:203;1763861342203;;
1394;517;0.8587775;0.5667131;0.7749537;0.3432007;378.5;0.2716129;False;11/23/2025 9:29:02 AM:226;1763861342226;;
1379;491;0.8494836;0.5381166;0.7749351;0.3431943;381.2;0.2717057;False;11/23/2025 9:29:02 AM:246;1763861342246;;
1126;488;0.6933751;0.5346387;0.4247242;0.4678869;384.7;0.277393;False;11/23/2025 9:29:02 AM:270;1763861342270;;
770;477;0.4743041;0.522958;0.1934146;0.3979541;385.8;0.2575133;False;11/23/2025 9:29:02 AM:293;1763861342293;;
585;475;0.3608177;0.5201024;0.1853915;0.4509407;386.8;0.2574674;False;11/23/2025 9:29:02 AM:313;1763861342313;;
479;467;0.2952166;0.5115638;0.1877799;0.3991551;387.7;0.2626584;False;11/23/2025 9:29:02 AM:336;1763861342336;;
419;463;0.2582045;0.5065787;0.1852438;0.4131675;388.4;0.2627577;False;11/23/2025 9:29:02 AM:356;1763861342356;;
381;463;0.2349584;0.5071793;0.1885042;0.5258673;388.9;0.2697634;False;11/23/2025 9:29:02 AM:381;1763861342381;;
355;463;0.219006;0.5070388;0.1811881;0.4815112;388.9;0.2578866;False;11/23/2025 9:29:02 AM:403;1763861342403;;
338;462;0.2086698;0.5061621;0.1786323;0.4597059;388.8;0.2579158;False;11/23/2025 9:29:02 AM:423;1763861342423;;
331;455;0.2042771;0.4981635;0.1904487;0.3861291;390.9;0.2743802;False;11/23/2025 9:29:02 AM:446;1763861342446;;
325;456;0.2003778;0.4990437;0.1866142;0.5229918;390.1;0.258756;False;11/23/2025 9:29:02 AM:470;1763861342470;;
320;456;0.1970546;0.4990231;0.1829584;0.4973995;389.4;0.2587736;False;11/23/2025 9:29:02 AM:490;1763861342490;;
316;453;0.1947764;0.4962993;0.1849864;0.4286038;390.5;0.2582909;False;11/23/2025 9:29:02 AM:515;1763861342515;;
315;454;0.1939709;0.4971888;0.1896885;0.5221442;389.1;0.2718344;False;11/23/2025 9:29:02 AM:538;1763861342538;;
312;454;0.1924419;0.4971367;0.183217;0.4890297;389.6;0.2477513;False;11/23/2025 9:29:02 AM:561;1763861342561;;
310;454;0.1913078;0.4971075;0.1832875;0.4843981;390.0;0.2477783;False;11/23/2025 9:29:02 AM:582;1763861342582;;
310;455;0.1909552;0.4983898;0.1882298;0.5320203;391.2;0.2598255;False;11/23/2025 9:29:02 AM:607;1763861342607;;
310;458;0.1913221;0.501538;0.1951055;0.5617947;389.6;0.2462925;False;11/23/2025 9:29:02 AM:629;1763861342629;;
311;460;0.1916075;0.5040742;0.195106;0.561789;388.1;0.2463536;False;11/23/2025 9:29:02 AM:650;1763861342650;;
311;455;0.1916447;0.4981315;0.1921021;0.4114801;389.5;0.2527129;False;11/23/2025 9:29:02 AM:674;1763861342674;;
311;459;0.1920172;0.5030499;0.1983111;0.5826403;390.8;0.2687029;False;11/23/2025 9:29:02 AM:696;1763861342696;;
310;459;0.1912221;0.5024646;0.1806439;0.4743294;391.1;0.2713251;False;11/23/2025 9:29:02 AM:718;1763861342718;;
309;458;0.1905927;0.5019801;0.1806448;0.4743294;391.3;0.2713581;False;11/23/2025 9:29:02 AM:739;1763861342739;;
310;463;0.1909104;0.5072138;0.1998656;0.5871766;389.3;0.2678382;False;11/23/2025 9:29:02 AM:761;1763861342761;;
310;467;0.1911773;0.5115024;0.1998668;0.587178;387.5;0.2678703;False;11/23/2025 9:29:02 AM:785;1763861342785;;
310;460;0.1909739;0.5036334;0.1862972;0.4053233;387.8;0.27174;False;11/23/2025 9:29:02 AM:807;1763861342807;;
309;456;0.1906101;0.4998418;0.1819899;0.4277934;388.1;0.2718632;False;11/23/2025 9:29:02 AM:829;1763861342829;;
309;458;0.1906478;0.5018554;0.1920699;0.5511557;388.0;0.2724824;False;11/23/2025 9:29:02 AM:852;1763861342852;;
309;458;0.1904649;0.5018655;0.1849258;0.5057259;387.6;0.2615547;False;11/23/2025 9:29:02 AM:876;1763861342876;;
309;459;0.1904189;0.5028785;0.1885514;0.5392127;387.4;0.2530547;False;11/23/2025 9:29:02 AM:900;1763861342900;;
309;460;0.1903814;0.5037002;0.1885491;0.5392075;387.3;0.2530003;False;11/23/2025 9:29:02 AM:923;1763861342923;;
308;458;0.1900935;0.5019946;0.1797546;0.4570805;391.8;0.279967;False;11/23/2025 9:29:02 AM:945;1763861342945;;
309;430;0.1904378;0.4713496;0.2116293;0.2853049;391.2;0.2773185;False;11/23/2025 9:29:02 AM:968;1763861342968;;
323;428;0.198944;0.4691409;0.2801114;0.4183194;390.4;0.2536218;False;11/23/2025 9:29:02 AM:993;1763861342993;;
324;426;0.2000507;0.4661342;0.2367061;0.4004757;389.7;0.2536507;False;11/23/2025 9:29:03 AM:13;1763861343013;;
743;413;0.4578407;0.4519379;0.8015519;0.3159078;390.4;0.2724648;False;11/23/2025 9:29:03 AM:36;1763861343036;;
1040;410;0.6405011;0.4489276;0.8759643;0.3821939;391.8;0.275041;False;11/23/2025 9:29:03 AM:59;1763861343059;;
1184;408;0.7296352;0.4466443;0.8759512;0.3822044;393.0;0.2749918;False;11/23/2025 9:29:03 AM:81;1763861343081;;
1284;407;0.7911037;0.4459458;0.8913833;0.4055435;391.2;0.2863724;False;11/23/2025 9:29:03 AM:103;1763861343103;;
1273;399;0.7844327;0.4374644;0.7665647;0.3246848;391.0;0.2825124;False;11/23/2025 9:29:03 AM:127;1763861343127;;
1289;399;0.7941834;0.4369037;0.8200022;0.3943472;389.6;0.2642527;False;11/23/2025 9:29:03 AM:150;1763861343150;;
1318;398;0.8118408;0.4361264;0.8595714;0.3874623;388.3;0.2642378;False;11/23/2025 9:29:03 AM:172;1763861343172;;
1364;394;0.8403364;0.4320017;0.9102437;0.343511;389.5;0.2977799;False;11/23/2025 9:29:03 AM:195;1763861343195;;
1393;391;0.8582622;0.4286438;0.9102727;0.3434928;390.5;0.2979097;False;11/23/2025 9:29:03 AM:217;1763861343217;;
1414;391;0.8711009;0.4285178;0.9132178;0.3986359;391.1;0.288593;False;11/23/2025 9:29:03 AM:239;1763861343239;;
1435;391;0.8839448;0.4283015;0.9278866;0.3864344;391.7;0.2888306;False;11/23/2025 9:29:03 AM:260;1763861343260;;
1452;396;0.8945079;0.4338109;0.9314862;0.4996547;389.9;0.2925255;False;11/23/2025 9:29:03 AM:286;1763861343286;;
1470;416;0.9056198;0.4555042;0.9489988;0.604489;388.2;0.2876475;False;11/23/2025 9:29:03 AM:309;1763861343309;;
1476;414;0.9091416;0.4535605;0.9284483;0.3888323;387.7;0.2834865;False;11/23/2025 9:29:03 AM:332;1763861343332;;
1480;413;0.9117234;0.4519689;0.9286196;0.388762;387.3;0.2838664;False;11/23/2025 9:29:03 AM:351;1763861343351;;
1486;404;0.9156021;0.4429097;0.9387418;0.3219665;387.4;0.2774875;False;11/23/2025 9:29:03 AM:375;1763861343375;;
1485;404;0.9149444;0.4430138;0.9084384;0.4469759;387.0;0.2796972;False;11/23/2025 9:29:03 AM:397;1763861343397;;
1486;404;0.9153851;0.442021;0.9198576;0.3876037;386.7;0.2798404;False;11/23/2025 9:29:03 AM:419;1763861343419;;
1492;398;0.9189879;0.43555;0.9466679;0.3290653;387.0;0.2967392;False;11/23/2025 9:29:03 AM:442;1763861343442;;
1491;398;0.9183125;0.4360591;0.9067447;0.450535;386.8;0.2924101;False;11/23/2025 9:29:03 AM:465;1763861343465;;
1491;409;0.9183309;0.4477848;0.9186018;0.5561537;385.2;0.2880116;False;11/23/2025 9:29:03 AM:487;1763861343487;;
1491;417;0.9183459;0.4570493;0.9186004;0.5561528;383.9;0.2880132;False;11/23/2025 9:29:03 AM:510;1763861343510;;
1497;434;0.9218362;0.475672;0.9557729;0.6176543;384.1;0.2931576;False;11/23/2025 9:29:03 AM:534;1763861343534;;
1502;434;0.9249364;0.4756526;0.9598755;0.4683421;383.9;0.2948267;False;11/23/2025 9:29:03 AM:556;1763861343556;;
1506;433;0.9275252;0.4745841;0.9590838;0.4317518;383.7;0.2948711;False;11/23/2025 9:29:03 AM:580;1763861343580;;
1508;434;0.9291828;0.4754469;0.9548633;0.5032828;382.8;0.2852021;False;11/23/2025 9:29:03 AM:602;1763861343602;;
1499;428;0.9233308;0.4686144;0.8505772;0.3716699;383.9;0.2774097;False;11/23/2025 9:29:03 AM:626;1763861343626;;
1491;423;0.9185383;0.462973;0.8505729;0.3716664;385.0;0.2774099;False;11/23/2025 9:29:03 AM:650;1763861343650;;
1486;426;0.9151219;0.4663002;0.8529316;0.5242586;385.7;0.2723543;False;11/23/2025 9:29:03 AM:672;1763861343672;;
1486;416;0.9155716;0.4553319;0.9255536;0.3322493;386.9;0.2929994;False;11/23/2025 9:29:03 AM:696;1763861343696;;
1487;407;0.9159539;0.4463617;0.9255676;0.3322452;387.9;0.2930397;False;11/23/2025 9:29:03 AM:718;1763861343718;;
1488;399;0.9166401;0.4369767;0.9326387;0.3166975;387.0;0.2746168;False;11/23/2025 9:29:03 AM:743;1763861343743;;
1476;394;0.9092789;0.4317244;0.8301017;0.3345755;387.2;0.279222;False;11/23/2025 9:29:03 AM:764;1763861343764;;
1467;390;0.9035137;0.4274564;0.8302865;0.3345502;387.5;0.2795769;False;11/23/2025 9:29:03 AM:787;1763861343787;;
1451;392;0.8937605;0.4290254;0.8042032;0.4604203;386.4;0.2816841;False;11/23/2025 9:29:03 AM:809;1763861343809;;
1448;390;0.8922352;0.4276744;0.8490434;0.3699136;388.3;0.3111519;False;11/23/2025 9:29:03 AM:833;1763861343833;;
1448;388;0.8919873;0.425286;0.8655332;0.3523782;387.9;0.2903475;False;11/23/2025 9:29:03 AM:855;1763861343855;;
1448;386;0.8917828;0.4233412;0.8655688;0.3523637;387.5;0.2904683;False;11/23/2025 9:29:03 AM:878;1763861343878;;
1448;384;0.8917363;0.4203832;0.8899283;0.339662;387.9;0.2656978;False;11/23/2025 9:29:03 AM:902;1763861343902;;
1431;406;0.8813088;0.4443875;0.7874911;0.5972522;388.3;0.2697282;False;11/23/2025 9:29:03 AM:925;1763861343925;;
1418;422;0.8733057;0.4622147;0.7876931;0.5970133;388.7;0.2700228;False;11/23/2025 9:29:03 AM:947;1763861343947;;
1329;413;0.8188327;0.4525276;0.6308897;0.3265082;388.5;0.236227;False;11/23/2025 9:29:03 AM:970;1763861343970;;
1302;396;0.8020426;0.4343029;0.6984192;0.2667739;389.0;0.2529856;False;11/23/2025 9:29:03 AM:993;1763861343993;;
1302;388;0.8023331;0.4245679;0.8212798;0.2945499;389.1;0.2442199;False;11/23/2025 9:29:04 AM:16;1763861344016;;
1303;381;0.8025628;0.4172152;0.8212779;0.2945367;389.2;0.2442309;False;11/23/2025 9:29:04 AM:35;1763861344035;;
1303;375;0.8027807;0.4105492;0.8212747;0.2945198;389.3;0.2442452;False;11/23/2025 9:29:04 AM:59;1763861344059;;
1300;370;0.8006963;0.4058876;0.7658544;0.3023975;390.4;0.2629775;False;11/23/2025 9:29:04 AM:80;1763861344080;;
1245;365;0.7669864;0.3997757;0.6258629;0.2856669;391.7;0.2670723;False;11/23/2025 9:29:04 AM:105;1763861344105;;
1241;365;0.7643653;0.3996927;0.7283902;0.3505931;391.4;0.2768516;False;11/23/2025 9:29:04 AM:128;1763861344128;;
1244;365;0.7662946;0.3993609;0.8121436;0.3618031;391.2;0.2768785;False;11/23/2025 9:29:04 AM:149;1763861344149;;
1248;362;0.7686353;0.3963603;0.8175582;0.3054169;390.5;0.2563737;False;11/23/2025 9:29:04 AM:172;1763861344172;;
1220;356;0.7512998;0.3897713;0.6491901;0.2676751;391.7;0.2451678;False;11/23/2025 9:29:04 AM:194;1763861344194;;
1184;351;0.7292169;0.3843046;0.616434;0.2694637;392.7;0.2451418;False;11/23/2025 9:29:04 AM:218;1763861344218;;
1180;351;0.727199;0.3849708;0.6965528;0.3983534;391.7;0.232605;False;11/23/2025 9:29:04 AM:239;1763861344239;;
1152;351;0.7099201;0.3846455;0.6080548;0.3479393;390.8;0.2230516;False;11/23/2025 9:29:04 AM:260;1763861344260;;
1131;351;0.6965712;0.3843584;0.6079847;0.3479372;390.0;0.2230352;False;11/23/2025 9:29:04 AM:284;1763861344284;;
1127;344;0.6942441;0.3766993;0.6604908;0.2549797;388.7;0.2456125;False;11/23/2025 9:29:04 AM:307;1763861344307;;
1133;340;0.6978344;0.3729321;0.7550617;0.2738924;390.5;0.2478652;False;11/23/2025 9:29:04 AM:329;1763861344329;;
1153;340;0.7104858;0.3724901;0.8114731;0.3109048;392.2;0.2601171;False;11/23/2025 9:29:04 AM:353;1763861344353;;
1170;340;0.7206655;0.3720951;0.8114887;0.3108804;393.7;0.2601537;False;11/23/2025 9:29:04 AM:376;1763861344376;;
1198;338;0.7381603;0.3699772;0.849024;0.2861857;393.5;0.2709665;False;11/23/2025 9:29:04 AM:400;1763861344400;;
1209;337;0.7446536;0.3694356;0.8192429;0.3430598;392.4;0.2676148;False;11/23/2025 9:29:04 AM:422;1763861344422;;
1220;336;0.7516804;0.3680713;0.8300285;0.2923932;391.4;0.2677861;False;11/23/2025 9:29:04 AM:445;1763861344445;;
1210;336;0.7450973;0.3676693;0.6857325;0.3062728;392.8;0.2752435;False;11/23/2025 9:29:04 AM:469;1763861344469;;
1206;335;0.743167;0.3672075;0.710013;0.3034357;394.1;0.2752097;False;11/23/2025 9:29:04 AM:491;1763861344491;;
1207;335;0.7436417;0.3666633;0.7665823;0.3382881;393.0;0.272658;False;11/23/2025 9:29:04 AM:514;1763861344514;;
1232;334;0.7588134;0.3665071;0.867049;0.3116762;392.3;0.2698493;False;11/23/2025 9:29:04 AM:536;1763861344536;;
1261;334;0.776976;0.3660049;0.8903826;0.3041657;392.6;0.2696337;False;11/23/2025 9:29:04 AM:560;1763861344560;;
1284;334;0.7908372;0.3655702;0.8903808;0.3041652;392.9;0.2696326;False;11/23/2025 9:29:04 AM:582;1763861344582;;
1299;333;0.7999035;0.365086;0.8815172;0.3021797;391.3;0.2663994;False;11/23/2025 9:29:04 AM:606;1763861344606;;
1300;333;0.8010595;0.3649079;0.8341162;0.3161333;390.7;0.2700031;False;11/23/2025 9:29:04 AM:628;1763861344628;;
1304;333;0.8033522;0.3645683;0.8505488;0.3240735;390.2;0.269929;False;11/23/2025 9:29:04 AM:650;1763861344650;;
1303;333;0.8028494;0.3645953;0.7889121;0.3652604;389.8;0.276288;False;11/23/2025 9:29:04 AM:674;1763861344674;;
1315;331;0.8100111;0.3632045;0.8854312;0.2930143;390.4;0.2717305;False;11/23/2025 9:29:04 AM:697;1763861344697;;
1316;331;0.8109574;0.3630011;0.8421162;0.3231386;390.1;0.268301;False;11/23/2025 9:29:04 AM:723;1763861344723;;
1318;331;0.8116543;0.3628479;0.8421151;0.3231382;389.8;0.2683016;False;11/23/2025 9:29:04 AM:745;1763861344745;;
1311;331;0.8078434;0.3625028;0.7617714;0.3442008;391.1;0.2674713;False;11/23/2025 9:29:04 AM:766;1763861344766;;
1313;332;0.8086017;0.3634413;0.8378994;0.3842434;392.1;0.2560534;False;11/23/2025 9:29:04 AM:790;1763861344790;;
1314;332;0.8092617;0.3642413;0.8379317;0.3842243;392.9;0.2561443;False;11/23/2025 9:29:04 AM:813;1763861344813;;
1314;350;0.8091276;0.3830842;0.803592;0.523459;392.9;0.2614146;False;11/23/2025 9:29:04 AM:836;1763861344836;;
1316;351;0.8107148;0.3841828;0.8501489;0.4120327;395.0;0.2284761;False;11/23/2025 9:29:04 AM:859;1763861344859;;
1317;412;0.8114439;0.4510057;0.8420879;0.7124189;393.4;0.2474268;False;11/23/2025 9:29:04 AM:883;1763861344883;;
1321;434;0.8137388;0.474963;0.8647813;0.6365294;391.9;0.2474443;False;11/23/2025 9:29:04 AM:903;1763861344903;;
1321;497;0.8138317;0.5442818;0.8226526;0.8056917;391.9;0.2194699;False;11/23/2025 9:29:04 AM:926;1763861344926;;
1321;537;0.8138885;0.5885403;0.8259981;0.7963101;391.9;0.2194581;False;11/23/2025 9:29:04 AM:948;1763861344948;;
1311;613;0.8076529;0.6710088;0.74782;0.9425409;388.3;0.2271512;False;11/23/2025 9:29:04 AM:970;1763861344970;;
1310;647;0.8072159;0.708814;0.7937121;0.8808104;388.2;0.2297689;False;11/23/2025 9:29:04 AM:994;1763861344994;;
1310;674;0.8068227;0.7376159;0.7936109;0.8808237;388.1;0.2297066;False;11/23/2025 9:29:05 AM:17;1763861345017;;
1305;705;0.8038204;0.7720943;0.760065;0.935766;388.0;0.2237796;False;11/23/2025 9:29:05 AM:40;1763861345040;;
1310;745;0.8070608;0.8151768;0.8576306;1.005413;387.1;0.2270952;False;11/23/2025 9:29:05 AM:62;1763861345062;;
1315;769;0.8098533;0.8415357;0.8602929;0.9915595;386.3;0.2270857;False;11/23/2025 9:29:05 AM:83;1763861345083;;
1306;779;0.8042054;0.8530566;0.7430207;0.941354;385.0;0.2300629;False;11/23/2025 9:29:05 AM:104;1763861345104;;
1282;782;0.7894275;0.8565549;0.6928329;0.8957886;383.8;0.2323755;False;11/23/2025 9:29:05 AM:127;1763861345127;;
1284;799;0.7909751;0.8743779;0.8269265;0.9939708;384.1;0.2251466;False;11/23/2025 9:29:05 AM:151;1763861345151;;
1290;812;0.7948667;0.888629;0.8511466;0.9966275;384.4;0.2250975;False;11/23/2025 9:29:05 AM:174;1763861345174;;
1296;812;0.7981024;0.8890876;0.8512519;0.8994825;389.4;0.2261247;False;11/23/2025 9:29:05 AM:198;1763861345198;;
1333;820;0.8211799;0.8976941;0.9467931;0.9818665;387.6;0.2139946;False;11/23/2025 9:29:05 AM:223;1763861345223;;
1361;826;0.8383823;0.9045265;0.9467798;0.9818664;385.9;0.213984;False;11/23/2025 9:29:05 AM:247;1763861345247;;
1361;838;0.8383594;0.9174964;0.8363026;1.031059;385.0;0.2393648;False;11/23/2025 9:29:05 AM:270;1763861345270;;
1361;843;0.8382787;0.9231606;0.8325321;1.001185;386.0;0.2379207;False;11/23/2025 9:29:05 AM:294;1763861345294;;
1361;842;0.8382831;0.9221936;0.8406574;0.8807791;384.5;0.2332012;False;11/23/2025 9:29:05 AM:316;1763861345316;;
1361;842;0.8383824;0.9218839;0.8491499;0.8936884;383.1;0.2331749;False;11/23/2025 9:29:05 AM:338;1763861345338;;
1360;844;0.837897;0.9235434;0.8209464;0.9635261;383.8;0.2532277;False;11/23/2025 9:29:05 AM:361;1763861345361;;
1360;844;0.8375216;0.9243037;0.8214591;0.9524773;384.4;0.2532557;False;11/23/2025 9:29:05 AM:384;1763861345384;;
1365;836;0.8405819;0.9149482;0.8884588;0.8020916;384.3;0.2434916;False;11/23/2025 9:29:05 AM:406;1763861345406;;
1359;836;0.8371826;0.9149407;0.7879667;0.9039573;383.0;0.2518314;False;11/23/2025 9:29:05 AM:428;1763861345428;;
1356;836;0.8352728;0.914852;0.7962433;0.897323;381.9;0.2518133;False;11/23/2025 9:29:05 AM:449;1763861345449;;
1353;833;0.8334848;0.9118685;0.7970408;0.8459117;384.4;0.2329909;False;11/23/2025 9:29:05 AM:475;1763861345475;;
1377;814;0.8482121;0.8908713;0.9428748;0.7271462;384.1;0.2490148;False;11/23/2025 9:29:05 AM:498;1763861345498;;
1380;813;0.8501377;0.8896973;0.8843592;0.841691;383.2;0.2418237;False;11/23/2025 9:29:05 AM:523;1763861345523;;
1382;812;0.851589;0.8887877;0.8843116;0.841691;382.3;0.2417673;False;11/23/2025 9:29:05 AM:544;1763861345544;;
1389;803;0.8558638;0.8786606;0.9114899;0.7548297;384.0;0.2515197;False;11/23/2025 9:29:05 AM:568;1763861345568;;
1396;802;0.8601564;0.8783991;0.9178882;0.8421061;383.6;0.2560944;False;11/23/2025 9:29:05 AM:591;1763861345591;;
1401;801;0.8629354;0.8769442;0.9126285;0.8163084;383.1;0.2560837;False;11/23/2025 9:29:05 AM:613;1763861345613;;
1405;799;0.865602;0.8749233;0.9148312;0.8061627;382.2;0.25587;False;11/23/2025 9:29:05 AM:636;1763861345636;;
1405;801;0.8656314;0.8763789;0.876075;0.9075578;381.3;0.257049;False;11/23/2025 9:29:05 AM:658;1763861345658;;
1399;800;0.8616666;0.8763223;0.8142384;0.8730956;381.3;0.247565;False;11/23/2025 9:29:05 AM:681;1763861345681;;
1396;801;0.8600686;0.876431;0.8282677;0.88185;381.3;0.2475615;False;11/23/2025 9:29:05 AM:703;1763861345703;;
1396;806;0.8599169;0.8818926;0.8512567;0.9569904;380.2;0.2683802;False;11/23/2025 9:29:05 AM:726;1763861345726;;
1396;810;0.8597869;0.8863558;0.8512567;0.9569853;379.1;0.268399;False;11/23/2025 9:29:05 AM:749;1763861345749;;
1399;810;0.8617431;0.886647;0.8999559;0.9030581;379.7;0.2531079;False;11/23/2025 9:29:05 AM:772;1763861345772;;
1398;764;0.8611381;0.8359945;0.8422152;0.5953603;378.5;0.2782706;False;11/23/2025 9:29:05 AM:796;1763861345796;;
1399;729;0.8615486;0.7985356;0.8808479;0.5878623;377.4;0.2782383;False;11/23/2025 9:29:05 AM:818;1763861345818;;
1416;717;0.8720709;0.7853664;0.9584869;0.6658418;378.2;0.2748211;False;11/23/2025 9:29:05 AM:840;1763861345840;;
1416;683;0.8724285;0.7473248;0.8919136;0.5395631;378.0;0.287204;False;11/23/2025 9:29:05 AM:863;1763861345863;;
1418;663;0.8735315;0.7256204;0.9071635;0.5626791;377.9;0.2872599;False;11/23/2025 9:29:05 AM:884;1763861345884;;
1432;595;0.8823026;0.651803;0.9646672;0.3750804;380.6;0.2596903;False;11/23/2025 9:29:05 AM:907;1763861345907;;
1440;529;0.886914;0.5796152;0.949358;0.3186229;380.4;0.3050098;False;11/23/2025 9:29:05 AM:930;1763861345930;;
1441;540;0.8878523;0.5918136;0.9217489;0.7520714;380.3;0.2852297;False;11/23/2025 9:29:05 AM:953;1763861345953;;
1449;541;0.8924498;0.5922804;0.9585513;0.6478043;380.1;0.2852362;False;11/23/2025 9:29:05 AM:975;1763861345975;;
1458;537;0.8978971;0.5875823;0.9696165;0.5343579;379.0;0.286234;False;11/23/2025 9:29:05 AM:998;1763861345998;;
1462;537;0.9005975;0.5877573;0.9556727;0.5926271;379.3;0.2942151;False;11/23/2025 9:29:06 AM:19;1763861346019;;
1470;536;0.9057733;0.5868221;0.9794179;0.5672292;379.7;0.2942456;False;11/23/2025 9:29:06 AM:42;1763861346042;;
1477;519;0.9096123;0.567975;0.9749191;0.4331094;379.7;0.2887726;False;11/23/2025 9:29:06 AM:64;1763861346064;;
1459;522;0.8989568;0.5717542;0.8238283;0.6619397;378.2;0.2926005;False;11/23/2025 9:29:06 AM:87;1763861346087;;
1469;504;0.9050457;0.5516881;0.9821936;0.4120109;380.2;0.2813319;False;11/23/2025 9:29:06 AM:110;1763861346110;;
1477;490;0.9097232;0.537018;0.9822235;0.412009;382.1;0.2814296;False;11/23/2025 9:29:06 AM:130;1763861346130;;
1477;489;0.9097363;0.5360941;0.9349641;0.5123652;382.1;0.2883743;False;11/23/2025 9:29:06 AM:154;1763861346154;;
1478;483;0.9103208;0.5287929;0.9477342;0.4384863;382.0;0.2883813;False;11/23/2025 9:29:06 AM:175;1763861346175;;
1464;477;0.901933;0.5220482;0.8359081;0.4356156;382.0;0.28055;False;11/23/2025 9:29:06 AM:197;1763861346197;;
1454;472;0.8955173;0.5166882;0.8358955;0.4356032;382.0;0.2805459;False;11/23/2025 9:29:06 AM:219;1763861346219;;
1446;454;0.8908502;0.4968899;0.8416935;0.345155;384.9;0.2562125;False;11/23/2025 9:29:06 AM:244;1763861346244;;
1446;431;0.8907997;0.4725675;0.8882778;0.2999884;384.1;0.2886375;False;11/23/2025 9:29:06 AM:266;1763861346266;;
1444;413;0.8892716;0.4526972;0.8613552;0.3003393;385.2;0.2783827;False;11/23/2025 9:29:06 AM:290;1763861346290;;
1443;399;0.8887642;0.4374151;0.8730041;0.3020985;386.2;0.2784669;False;11/23/2025 9:29:06 AM:314;1763861346314;;
1366;390;0.8414669;0.426912;0.6737829;0.3081549;386.9;0.2624561;False;11/23/2025 9:29:06 AM:337;1763861346337;;
1364;388;0.8405069;0.4254484;0.8225673;0.3741297;386.1;0.2774926;False;11/23/2025 9:29:06 AM:359;1763861346359;;
1364;387;0.8405123;0.4240869;0.8407332;0.3725738;385.4;0.2774126;False;11/23/2025 9:29:06 AM:381;1763861346381;;
1366;382;0.8411676;0.4187869;0.8740899;0.325118;386.4;0.2753366;False;11/23/2025 9:29:06 AM:404;1763861346404;;
1291;386;0.795154;0.4227803;0.6362066;0.4845046;386.2;0.2745397;False;11/23/2025 9:29:06 AM:427;1763861346427;;
1293;376;0.7964352;0.412258;0.8503578;0.2885391;388.6;0.2667016;False;11/23/2025 9:29:06 AM:449;1763861346449;;
1294;368;0.7972504;0.403698;0.8468133;0.2891344;390.7;0.2668006;False;11/23/2025 9:29:06 AM:472;1763861346472;;
1299;362;0.8000839;0.396596;0.8676415;0.2894625;388.3;0.2862321;False;11/23/2025 9:29:06 AM:496;1763861346496;;
1296;354;0.7980327;0.3881814;0.7733775;0.2681859;387.5;0.2568091;False;11/23/2025 9:29:06 AM:518;1763861346518;;
1293;348;0.7965158;0.38175;0.7738152;0.2682891;386.8;0.2570482;False;11/23/2025 9:29:06 AM:538;1763861346538;;
1270;340;0.7822056;0.3728188;0.6958278;0.2471666;387.2;0.2990983;False;11/23/2025 9:29:06 AM:560;1763861346560;;
1081;340;0.6659368;0.3723728;0.428059;0.321375;387.5;0.2736218;False;11/23/2025 9:29:06 AM:583;1763861346583;;
967;340;0.5958534;0.3719924;0.4279701;0.3213373;387.8;0.2735656;False;11/23/2025 9:29:06 AM:606;1763861346606;;
919;325;0.5660263;0.3561557;0.4721148;0.1946139;389.4;0.2542262;False;11/23/2025 9:29:06 AM:628;1763861346628;;
900;315;0.5543233;0.3447473;0.5029247;0.1995101;390.8;0.2542635;False;11/23/2025 9:29:06 AM:650;1763861346650;;
847;303;0.5215687;0.3324637;0.4263343;0.1916336;392.0;0.2636894;False;11/23/2025 9:29:06 AM:676;1763861346676;;
792;299;0.4879921;0.3273283;0.4140122;0.2364059;391.2;0.2764413;False;11/23/2025 9:29:06 AM:717;1763861346717;;
793;293;0.4887151;0.3206128;0.4945235;0.2001248;392.6;0.2541502;False;11/23/2025 9:29:06 AM:741;1763861346741;;
894;292;0.5506492;0.3205094;0.7738987;0.2630992;392.5;0.2608795;False;11/23/2025 9:29:06 AM:766;1763861346766;;
882;288;0.5434505;0.3154164;0.4946094;0.2046358;394.7;0.2646762;False;11/23/2025 9:29:06 AM:790;1763861346790;;
873;284;0.5379997;0.3112368;0.4946169;0.2046355;396.6;0.2646851;False;11/23/2025 9:29:06 AM:814;1763861346814;;
956;283;0.5890158;0.3105473;0.7737997;0.2735308;394.4;0.2599465;False;11/23/2025 9:29:06 AM:840;1763861346840;;
868;283;0.5349436;0.3101435;0.3778284;0.2631559;393.8;0.2717577;False;11/23/2025 9:29:06 AM:867;1763861346867;;
869;282;0.535387;0.3095255;0.5527168;0.2813965;393.7;0.26435;False;11/23/2025 9:29:06 AM:894;1763861346894;;
869;280;0.5356849;0.3063662;0.544445;0.216085;393.2;0.2646202;False;11/23/2025 9:29:06 AM:920;1763861346920;;
977;279;0.6020218;0.3058817;0.7886833;0.2659191;392.6;0.2669545;False;11/23/2025 9:29:06 AM:949;1763861346949;;
1057;278;0.6513156;0.3052327;0.7836316;0.2711449;392.0;0.2657968;False;11/23/2025 9:29:06 AM:988;1763861346988;;
1106;278;0.681464;0.3046691;0.7774682;0.2711593;390.7;0.2835734;False;11/23/2025 9:29:07 AM:33;1763861347033;;
1086;275;0.6688198;0.3017464;0.5669667;0.2136682;392.4;0.2675111;False;11/23/2025 9:29:07 AM:55;1763861347055;;
1077;273;0.6633324;0.2997489;0.5895192;0.217536;393.8;0.2677;False;11/23/2025 9:29:07 AM:75;1763861347075;;
1081;273;0.665872;0.2996108;0.6997825;0.2544259;394.8;0.2826246;False;11/23/2025 9:29:07 AM:100;1763861347100;;
1043;303;0.6427425;0.332477;0.5154169;0.5070605;397.5;0.2730305;False;11/23/2025 9:29:07 AM:124;1763861347124;;
1010;320;0.6220273;0.3511212;0.4986421;0.4858906;399.8;0.272658;False;11/23/2025 9:29:07 AM:146;1763861347146;;
1093;461;0.673081;0.5053211;0.8365799;0.8536089;401.7;0.2551354;False;11/23/2025 9:29:07 AM:172;1763861347172;;
1023;558;0.6304531;0.6114956;0.4655259;0.8830054;402.0;0.2490673;False;11/23/2025 9:29:07 AM:197;1763861347197;;
933;623;0.5749452;0.6817516;0.3913902;0.8986147;401.9;0.2550963;False;11/23/2025 9:29:07 AM:220;1763861347220;;
892;671;0.5495154;0.7348046;0.4259045;0.9230636;401.9;0.2549283;False;11/23/2025 9:29:07 AM:242;1763861347242;;
898;690;0.5532253;0.7559185;0.6170494;0.8484558;401.3;0.2625329;False;11/23/2025 9:29:07 AM:267;1763861347267;;
898;712;0.5535564;0.7797287;0.5879893;0.8846912;401.9;0.2559954;False;11/23/2025 9:29:07 AM:292;1763861347292;;
925;729;0.5698916;0.7976677;0.692456;0.8987637;399.4;0.2649938;False;11/23/2025 9:29:07 AM:313;1763861347313;;
952;741;0.5867324;0.8109498;0.7107787;0.8984049;397.1;0.2648832;False;11/23/2025 9:29:07 AM:334;1763861347334;;
959;747;0.5907812;0.8174902;0.6569272;0.8700766;397.0;0.266849;False;11/23/2025 9:29:07 AM:356;1763861347356;;
986;767;0.6073262;0.8392565;0.7231874;0.9601943;398.1;0.2466795;False;11/23/2025 9:29:07 AM:380;1763861347380;;
1015;782;0.6252568;0.8562796;0.7443718;0.9640838;399.1;0.2466752;False;11/23/2025 9:29:07 AM:403;1763861347403;;
1015;784;0.6253484;0.8581467;0.6378979;0.8814884;400.1;0.2395398;False;11/23/2025 9:29:07 AM:427;1763861347427;;
1017;786;0.626684;0.8608176;0.6693195;0.8982196;401.0;0.2394044;False;11/23/2025 9:29:07 AM:447;1763861347447;;
1023;786;0.6303365;0.8601914;0.691022;0.8346465;402.1;0.2393891;False;11/23/2025 9:29:07 AM:472;1763861347472;;
1064;792;0.6555243;0.867258;0.7921352;0.9391941;401.9;0.2467462;False;11/23/2025 9:29:07 AM:496;1763861347496;;
1094;797;0.6737254;0.8727052;0.7921203;0.939196;401.7;0.2467406;False;11/23/2025 9:29:07 AM:518;1763861347518;;
1081;799;0.6656494;0.8743721;0.597937;0.905801;401.4;0.2520457;False;11/23/2025 9:29:07 AM:542;1763861347542;;
1025;798;0.6317522;0.8738037;0.4930028;0.8299094;399.5;0.2435292;False;11/23/2025 9:29:07 AM:566;1763861347566;;
1049;802;0.6462242;0.8777053;0.7519649;0.9351438;398.2;0.2523715;False;11/23/2025 9:29:07 AM:590;1763861347590;;
1070;805;0.6592135;0.8814368;0.7519699;0.9351302;397.0;0.2523757;False;11/23/2025 9:29:07 AM:619;1763861347619;;
1041;800;0.6411474;0.8755249;0.5495855;0.7898405;398.1;0.2351164;False;11/23/2025 9:29:07 AM:648;1763861347648;;
1094;804;0.6742513;0.8806457;0.8241401;0.9523499;397.2;0.261191;False;11/23/2025 9:29:07 AM:671;1763861347671;;
1106;811;0.6811459;0.8880023;0.7506251;0.9763666;395.9;0.2292157;False;11/23/2025 9:29:07 AM:697;1763861347697;;
1116;812;0.6877036;0.8893231;0.7574396;0.9279112;397.1;0.2532321;False;11/23/2025 9:29:07 AM:720;1763861347720;;
1038;808;0.6394196;0.884074;0.4807146;0.8051571;398.3;0.2459346;False;11/23/2025 9:29:07 AM:746;1763861347746;;
986;804;0.6077583;0.879995;0.4807217;0.8051576;399.4;0.2459377;False;11/23/2025 9:29:07 AM:770;1763861347770;;
987;806;0.6080246;0.8821325;0.63653;0.9276257;400.5;0.2430044;False;11/23/2025 9:29:07 AM:795;1763861347795;;
1018;807;0.6273359;0.8838698;0.7466787;0.9248064;399.9;0.257174;False;11/23/2025 9:29:07 AM:824;1763861347824;;
1068;803;0.6580635;0.8787405;0.8106446;0.798112;399.7;0.2414946;False;11/23/2025 9:29:07 AM:847;1763861347847;;
1119;788;0.6891168;0.8631035;0.8426545;0.7173056;399.5;0.2413969;False;11/23/2025 9:29:07 AM:869;1763861347869;;
1128;740;0.694608;0.810403;0.7594531;0.5695245;397.2;0.2256644;False;11/23/2025 9:29:07 AM:894;1763861347894;;
1136;702;0.6995436;0.7680888;0.7594152;0.5695203;395.1;0.2258421;False;11/23/2025 9:29:07 AM:922;1763861347922;;
1144;702;0.7045411;0.7682038;0.7648623;0.7857462;391.9;0.2224859;False;11/23/2025 9:29:07 AM:951;1763861347951;;
1182;663;0.7283067;0.7255162;0.8556593;0.5180491;391.9;0.2551496;False;11/23/2025 9:29:07 AM:977;1763861347977;;
1202;632;0.7405621;0.6918244;0.8339948;0.5094734;390.2;0.243189;False;11/23/2025 9:29:08 AM:2;1763861348002;;
1226;598;0.7553259;0.6542735;0.8512496;0.4748277;387.7;0.2664551;False;11/23/2025 9:29:08 AM:32;1763861348032;;
1230;598;0.7577589;0.6543553;0.8064244;0.6667266;386.4;0.2600825;False;11/23/2025 9:29:08 AM:54;1763861348054;;
1238;593;0.7625909;0.6494995;0.8267348;0.5825821;385.2;0.2600742;False;11/23/2025 9:29:08 AM:79;1763861348079;;
1261;591;0.7767112;0.6474183;0.8775076;0.6035416;384.1;0.2620083;False;11/23/2025 9:29:08 AM:106;1763861348106;;
1260;566;0.7762027;0.6196237;0.7650991;0.4584955;383.2;0.2660892;False;11/23/2025 9:29:08 AM:134;1763861348134;;
1287;549;0.7930202;0.6013775;0.8973356;0.46494;383.6;0.2619406;False;11/23/2025 9:29:08 AM:163;1763861348163;;
1288;543;0.7935067;0.5941668;0.8190043;0.5015565;382.5;0.3023703;False;11/23/2025 9:29:08 AM:187;1763861348187;;
1313;540;0.8090731;0.5917527;0.9061803;0.5378524;382.0;0.2847551;False;11/23/2025 9:29:08 AM:217;1763861348217;;
1314;535;0.8091356;0.5853877;0.8138191;0.4934068;382.5;0.2744346;False;11/23/2025 9:29:08 AM:244;1763861348244;;
1316;529;0.8103601;0.5788168;0.8469754;0.4787297;383.0;0.2742532;False;11/23/2025 9:29:08 AM:267;1763861348267;;
1333;486;0.820989;0.5326758;0.9069233;0.3107383;383.4;0.288384;False;11/23/2025 9:29:08 AM:294;1763861348294;;
1346;465;0.8289393;0.5094811;0.9063174;0.3477;383.7;0.2883773;False;11/23/2025 9:29:08 AM:321;1763861348321;;
1342;465;0.82696;0.5095299;0.7991791;0.5127104;383.4;0.2713192;False;11/23/2025 9:29:08 AM:349;1763861348349;;
1359;460;0.8372541;0.503329;0.9260511;0.4098781;384.8;0.2613927;False;11/23/2025 9:29:08 AM:372;1763861348372;;
1360;459;0.8375744;0.5022802;0.8601633;0.4591357;385.4;0.2606566;False;11/23/2025 9:29:08 AM:403;1763861348403;;
1360;458;0.8376105;0.5021834;0.8541674;0.4926769;385.9;0.2704207;False;11/23/2025 9:29:08 AM:431;1763861348431;;
1366;459;0.841703;0.5023906;0.9035866;0.5120627;385.5;0.2788142;False;11/23/2025 9:29:08 AM:456;1763861348456;;
1375;459;0.846711;0.5023513;0.9107991;0.4984846;385.2;0.2787207;False;11/23/2025 9:29:08 AM:483;1763861348483;;
1375;459;0.8468626;0.502259;0.8557153;0.4830095;385.7;0.2731622;False;11/23/2025 9:29:08 AM:510;1763861348510;;
1374;452;0.8462186;0.4949553;0.8326916;0.3966162;385.0;0.2723266;False;11/23/2025 9:29:08 AM:536;1763861348536;;
1378;456;0.8489733;0.499875;0.8970335;0.5626936;385.3;0.2801903;False;11/23/2025 9:29:08 AM:565;1763861348565;;
1383;477;0.8519952;0.5224183;0.9067677;0.6774401;385.1;0.2726436;False;11/23/2025 9:29:08 AM:590;1763861348590;;
1378;475;0.8490826;0.5200394;0.8147059;0.463459;385.3;0.258801;False;11/23/2025 9:29:08 AM:618;1763861348618;;
1380;473;0.8498998;0.517768;0.8813565;0.4592322;386.5;0.2579388;False;11/23/2025 9:29:08 AM:644;1763861348644;;
1381;471;0.8505911;0.5158817;0.8814347;0.4592358;387.6;0.258004;False;11/23/2025 9:29:08 AM:671;1763861348671;;
1382;474;0.851263;0.5193175;0.8813197;0.567782;386.5;0.2847289;False;11/23/2025 9:29:08 AM:702;1763861348702;;
1386;477;0.8539737;0.5222716;0.9065138;0.5753624;385.2;0.2784175;False;11/23/2025 9:29:08 AM:728;1763861348728;;
1391;479;0.8565856;0.5245832;0.9110965;0.575658;384.0;0.278219;False;11/23/2025 9:29:08 AM:752;1763861348752;;
1391;480;0.8568024;0.5252388;0.8683453;0.5516753;383.9;0.2936276;False;11/23/2025 9:29:08 AM:780;1763861348780;;
1390;479;0.8560647;0.5249128;0.8416062;0.506071;386.9;0.2805811;False;11/23/2025 9:29:08 AM:806;1763861348806;;
1370;479;0.8439932;0.5241856;0.7709466;0.496426;388.4;0.2859311;False;11/23/2025 9:29:08 AM:836;1763861348836;;
1365;459;0.8406137;0.5026016;0.8006227;0.3510204;388.5;0.2664576;False;11/23/2025 9:29:08 AM:863;1763861348863;;
1366;456;0.8411876;0.4997138;0.8658404;0.4366109;389.6;0.2952814;False;11/23/2025 9:29:08 AM:888;1763861348888;;
1363;454;0.8397425;0.4970178;0.8138323;0.4356215;392.4;0.2659974;False;11/23/2025 9:29:08 AM:914;1763861348914;;
1360;453;0.8379747;0.4964941;0.8050993;0.4607243;394.9;0.2660077;False;11/23/2025 9:29:08 AM:938;1763861348938;;
1360;483;0.8379157;0.5294437;0.8331823;0.6922481;397.0;0.2732811;False;11/23/2025 9:29:08 AM:970;1763861348970;;
1354;484;0.8342305;0.5299199;0.786498;0.5468969;398.3;0.2896387;False;11/23/2025 9:29:08 AM:997;1763861348997;;
1355;484;0.8344187;0.5300219;0.84532;0.5373115;397.4;0.2856712;False;11/23/2025 9:29:09 AM:18;1763861349018;;
1357;479;0.8359507;0.5248767;0.8700585;0.4361421;398.5;0.2789657;False;11/23/2025 9:29:09 AM:40;1763861349040;;
1358;469;0.8367044;0.5141919;0.8617964;0.3888546;399.4;0.2789947;False;11/23/2025 9:29:09 AM:63;1763861349063;;
1344;470;0.8280905;0.5147461;0.754552;0.5336;401.5;0.2791167;False;11/23/2025 9:29:09 AM:86;1763861349086;;
1346;457;0.829175;0.5004699;0.8578202;0.3619997;401.1;0.2724012;False;11/23/2025 9:29:09 AM:110;1763861349110;;
1347;447;0.8299302;0.4898295;0.8560854;0.3629163;400.8;0.2723469;False;11/23/2025 9:29:09 AM:132;1763861349132;;
1351;450;0.8324381;0.4928747;0.8792137;0.5477501;399.9;0.2827511;False;11/23/2025 9:29:09 AM:155;1763861349155;;
1358;449;0.8364129;0.491946;0.8965279;0.4469221;399.2;0.2827567;False;11/23/2025 9:29:09 AM:175;1763861349175;;
1358;449;0.8362293;0.4917728;0.8285837;0.4650493;399.7;0.2877279;False;11/23/2025 9:29:09 AM:198;1763861349198;;
1361;452;0.8381659;0.4950959;0.8785341;0.5490466;400.1;0.2804552;False;11/23/2025 9:29:09 AM:224;1763861349224;;
1361;447;0.8381782;0.4891829;0.8390638;0.395298;398.1;0.290991;False;11/23/2025 9:29:09 AM:246;1763861349246;;
1362;442;0.8390293;0.4840927;0.8692486;0.396452;396.3;0.2908348;False;11/23/2025 9:29:09 AM:271;1763861349271;;
1362;428;0.8390723;0.4689808;0.8468958;0.3180009;397.1;0.2561652;False;11/23/2025 9:29:09 AM:293;1763861349293;;
1260;404;0.7758888;0.4421116;0.5952783;0.2569612;396.1;0.2746917;False;11/23/2025 9:29:09 AM:317;1763861349317;;
1191;384;0.7334307;0.4211949;0.5951354;0.2569145;395.3;0.2746418;False;11/23/2025 9:29:09 AM:343;1763861349343;;
1194;383;0.7354825;0.4198348;0.805728;0.3673115;395.9;0.2728809;False;11/23/2025 9:29:09 AM:370;1763861349370;;
1198;381;0.7381456;0.4175937;0.8164155;0.3477455;395.8;0.2913782;False;11/23/2025 9:29:09 AM:392;1763861349392;;
1206;381;0.7428347;0.4179272;0.8340708;0.4293859;396.4;0.2827097;False;11/23/2025 9:29:09 AM:414;1763861349414;;
1214;381;0.7476147;0.4178754;0.841206;0.3901064;396.8;0.2826295;False;11/23/2025 9:29:09 AM:435;1763861349435;;
1150;387;0.7083597;0.4244041;0.5884118;0.4969451;395.9;0.2750116;False;11/23/2025 9:29:09 AM:463;1763861349463;;
1149;384;0.7080588;0.421169;0.704655;0.3489017;398.1;0.2774661;False;11/23/2025 9:29:09 AM:487;1763861349487;;
1156;385;0.7119993;0.4216015;0.7984198;0.4379385;400.2;0.2911393;False;11/23/2025 9:29:09 AM:508;1763861349508;;
1166;383;0.7181345;0.4198124;0.8147169;0.362647;402.1;0.2913452;False;11/23/2025 9:29:09 AM:532;1763861349532;;
1147;382;0.7067685;0.4187012;0.6402964;0.3689562;403.4;0.2790483;False;11/23/2025 9:29:09 AM:555;1763861349555;;
1148;380;0.7074918;0.4164917;0.7330106;0.3488955;404.6;0.2789434;False;11/23/2025 9:29:09 AM:577;1763861349577;;
1163;376;0.7161568;0.4116081;0.8184742;0.3182229;403.2;0.2630012;False;11/23/2025 9:29:09 AM:600;1763861349600;;
1186;376;0.7306519;0.4115442;0.8531929;0.3784036;403.8;0.2751457;False;11/23/2025 9:29:09 AM:623;1763861349623;;
1206;376;0.7430835;0.4114977;0.8588831;0.3787316;404.3;0.275142;False;11/23/2025 9:29:09 AM:645;1763861349645;;
1195;376;0.7363119;0.4114794;0.6825328;0.3797148;403.0;0.2932761;False;11/23/2025 9:29:09 AM:667;1763861349667;;
1196;392;0.7370312;0.4293125;0.7827612;0.5607883;404.2;0.293115;False;11/23/2025 9:29:09 AM:692;1763861349692;;
1175;383;0.7237446;0.4197584;0.6435597;0.2966057;403.6;0.2692706;False;11/23/2025 9:29:09 AM:713;1763861349713;;
1160;377;0.7144188;0.4126377;0.6433036;0.2965188;403.0;0.2691865;False;11/23/2025 9:29:09 AM:734;1763861349734;;
1122;385;0.6915001;0.4215442;0.57903;0.5155333;401.3;0.2691554;False;11/23/2025 9:29:09 AM:757;1763861349757;;
1149;386;0.7078348;0.4232945;0.8312165;0.4617697;400.3;0.289086;False;11/23/2025 9:29:09 AM:778;1763861349778;;
1171;388;0.7216215;0.4248808;0.831315;0.4616912;399.5;0.2892264;False;11/23/2025 9:29:09 AM:802;1763861349802;;
1174;387;0.7231207;0.4236501;0.7719613;0.3765975;399.5;0.2754008;False;11/23/2025 9:29:09 AM:826;1763861349826;;
1173;384;0.7224444;0.4203883;0.7092596;0.3440461;399.7;0.292544;False;11/23/2025 9:29:09 AM:847;1763861349847;;
1173;380;0.7226183;0.4162943;0.7371464;0.3304837;399.8;0.2929456;False;11/23/2025 9:29:09 AM:868;1763861349868;;
1116;381;0.6875488;0.417268;0.5480199;0.4433433;397.8;0.2747507;False;11/23/2025 9:29:09 AM:891;1763861349891;;
1117;379;0.6878731;0.4154426;0.7010903;0.3544895;398.6;0.2669032;False;11/23/2025 9:29:09 AM:913;1763861349913;;
1117;379;0.6879758;0.4156986;0.7158267;0.4263874;400.5;0.2541853;False;11/23/2025 9:29:09 AM:935;1763861349935;;
1117;380;0.6880599;0.4159006;0.7157843;0.4263771;402.1;0.2541732;False;11/23/2025 9:29:09 AM:955;1763861349955;;
1105;370;0.6809223;0.4048567;0.620615;0.2754003;399.8;0.2657539;False;11/23/2025 9:29:09 AM:977;1763861349977;;
1104;361;0.6799293;0.3958574;0.6609739;0.2725979;397.8;0.2656665;False;11/23/2025 9:29:09 AM:997;1763861349997;;
1048;376;0.6454675;0.4115436;0.5146138;0.5339264;397.7;0.2551203;False;11/23/2025 9:29:10 AM:23;1763861350023;;
1012;386;0.6233435;0.4223774;0.5088508;0.5381655;397.6;0.2552008;False;11/23/2025 9:29:10 AM:43;1763861350043;;
1012;461;0.6234947;0.5044842;0.6271269;0.7831171;397.8;0.2809177;False;11/23/2025 9:29:10 AM:68;1763861350068;;
1010;460;0.6225089;0.5041361;0.6054935;0.4528173;398.3;0.261774;False;11/23/2025 9:29:10 AM:91;1763861350091;;
1015;441;0.6250823;0.4827102;0.6821031;0.2990975;399.4;0.2710886;False;11/23/2025 9:29:10 AM:113;1763861350113;;
1018;425;0.6273177;0.4651973;0.6821074;0.2991026;400.4;0.2710842;False;11/23/2025 9:29:10 AM:137;1763861350137;;
1015;423;0.6251321;0.4636585;0.5965644;0.3930639;401.4;0.2791215;False;11/23/2025 9:29:10 AM:160;1763861350160;;
940;427;0.5794168;0.4672363;0.4215897;0.517495;401.4;0.2588414;False;11/23/2025 9:29:10 AM:183;1763861350183;;
842;426;0.5187086;0.4671022;0.3414628;0.4605425;399.1;0.2650633;False;11/23/2025 9:29:10 AM:205;1763861350205;;
779;427;0.4801981;0.4672064;0.3448509;0.4714596;397.1;0.2650077;False;11/23/2025 9:29:10 AM:225;1763861350225;;
772;424;0.4755707;0.4646122;0.4433761;0.3899471;397.4;0.2556605;False;11/23/2025 9:29:10 AM:248;1763861350248;;
834;408;0.5137873;0.4468603;0.6996909;0.2852179;399.3;0.2622249;False;11/23/2025 9:29:10 AM:272;1763861350272;;
877;396;0.5404781;0.4335738;0.6996927;0.2852229;401.1;0.2622262;False;11/23/2025 9:29:10 AM:293;1763861350293;;
835;396;0.5145264;0.4334296;0.4018605;0.3935407;403.2;0.2780207;False;11/23/2025 9:29:10 AM:317;1763861350317;;
845;395;0.5205232;0.4327864;0.6073111;0.3818443;403.1;0.2891046;False;11/23/2025 9:29:10 AM:342;1763861350342;;
852;395;0.5251098;0.4322707;0.6072007;0.3818683;403.0;0.2890075;False;11/23/2025 9:29:10 AM:365;1763861350365;;
853;395;0.5253327;0.4327884;0.5295438;0.4462251;403.3;0.2744142;False;11/23/2025 9:29:10 AM:388;1763861350388;;
838;391;0.5163413;0.4278706;0.4574389;0.3346188;404.0;0.2655692;False;11/23/2025 9:29:10 AM:413;1763861350413;;
829;389;0.5109391;0.4263515;0.4590463;0.3573181;404.6;0.2654575;False;11/23/2025 9:29:10 AM:434;1763861350434;;
830;411;0.5111535;0.449892;0.5449187;0.6066408;404.4;0.2759643;False;11/23/2025 9:29:10 AM:455;1763861350455;;
830;410;0.5111498;0.4492961;0.5110496;0.3976376;403.0;0.2712998;False;11/23/2025 9:29:10 AM:478;1763861350478;;
830;410;0.5111453;0.4487655;0.5110096;0.3976453;401.8;0.2712839;False;11/23/2025 9:29:10 AM:500;1763861350500;;
831;419;0.5117962;0.4589254;0.5479129;0.5574045;401.6;0.2575247;False;11/23/2025 9:29:10 AM:523;1763861350523;;
887;419;0.5466512;0.4586151;0.7090037;0.417225;401.7;0.2657523;False;11/23/2025 9:29:10 AM:545;1763861350545;;
932;418;0.5741875;0.4583209;0.7090006;0.41722;401.8;0.2657512;False;11/23/2025 9:29:10 AM:569;1763861350569;;
947;415;0.5835639;0.4544042;0.6637093;0.3663663;402.4;0.2826224;False;11/23/2025 9:29:10 AM:593;1763861350593;;
955;414;0.5881487;0.4530033;0.6473893;0.3881509;403.7;0.2636243;False;11/23/2025 9:29:10 AM:616;1763861350616;;
979;413;0.6034093;0.4527937;0.71041;0.424174;403.5;0.3113414;False;11/23/2025 9:29:10 AM:638;1763861350638;;
998;413;0.6145828;0.4527103;0.7039587;0.4125158;403.4;0.3113351;False;11/23/2025 9:29:10 AM:662;1763861350662;;
991;405;0.6108272;0.4441009;0.5612721;0.3182165;403.9;0.277995;False;11/23/2025 9:29:10 AM:684;1763861350684;;
933;376;0.5749361;0.4119564;0.4203997;0.1891656;403.5;0.2608269;False;11/23/2025 9:29:10 AM:705;1763861350705;;
885;352;0.5454652;0.3851669;0.4141002;0.1875599;403.1;0.260641;False;11/23/2025 9:29:10 AM:727;1763861350727;;
836;353;0.5150735;0.3867054;0.3920474;0.4175852;402.9;0.2689121;False;11/23/2025 9:29:10 AM:753;1763861350753;;
860;352;0.5295912;0.3859068;0.6455079;0.3388627;403.8;0.2909606;False;11/23/2025 9:29:10 AM:776;1763861350776;;
884;351;0.5443558;0.3841387;0.6607836;0.3200986;404.6;0.2910818;False;11/23/2025 9:29:10 AM:797;1763861350797;;
854;362;0.5259464;0.3971073;0.430159;0.5071962;405.3;0.2688648;False;11/23/2025 9:29:10 AM:822;1763861350822;;
839;373;0.5168657;0.4083252;0.4458213;0.5210822;406.0;0.268755;False;11/23/2025 9:29:10 AM:843;1763861350843;;
801;374;0.4933131;0.4096884;0.3831328;0.4440306;405.1;0.2640918;False;11/23/2025 9:29:10 AM:868;1763861350868;;
810;386;0.4989731;0.4234096;0.5733237;0.5457811;404.9;0.2845296;False;11/23/2025 9:29:10 AM:893;1763861350893;;
839;390;0.5168793;0.4269097;0.6422819;0.4946119;404.2;0.3000476;False;11/23/2025 9:29:10 AM:914;1763861350914;;
884;391;0.5445467;0.4279146;0.6901726;0.4657052;403.6;0.3004121;False;11/23/2025 9:29:10 AM:936;1763861350936;;
925;385;0.5699751;0.4213451;0.7063373;0.3305176;403.6;0.2808018;False;11/23/2025 9:29:10 AM:958;1763861350958;;
925;385;0.569843;0.4219169;0.562413;0.4488847;403.4;0.274269;False;11/23/2025 9:29:10 AM:983;1763861350983;;
924;385;0.5690884;0.422274;0.5466363;0.4458826;403.2;0.2742314;False;11/23/2025 9:29:11 AM:4;1763861351004;;
917;382;0.5647377;0.418527;0.5110909;0.3524236;402.9;0.2748903;False;11/23/2025 9:29:11 AM:27;1763861351027;;
915;382;0.5636683;0.4184551;0.5366721;0.4084522;403.0;0.2644716;False;11/23/2025 9:29:11 AM:56;1763861351056;;
878;382;0.541209;0.4184772;0.4187907;0.422606;402.0;0.2623522;False;11/23/2025 9:29:11 AM:79;1763861351079;;
845;383;0.5207787;0.4197151;0.4109142;0.4572728;401.1;0.2623291;False;11/23/2025 9:29:11 AM:105;1763861351105;;
822;392;0.5063035;0.4296165;0.4094348;0.5414811;401.9;0.2749595;False;11/23/2025 9:29:11 AM:129;1763861351129;;
822;375;0.5062428;0.4113351;0.500261;0.2627881;402.8;0.2549656;False;11/23/2025 9:29:11 AM:150;1763861351150;;
837;376;0.5159549;0.4114078;0.5979828;0.4238732;402.6;0.25745;False;11/23/2025 9:29:11 AM:174;1763861351174;;
850;376;0.5238707;0.4114732;0.5979826;0.4238741;402.5;0.25745;False;11/23/2025 9:29:11 AM:198;1763861351198;;
832;382;0.5124547;0.4186488;0.4276209;0.5164497;403.1;0.2801101;False;11/23/2025 9:29:11 AM:222;1763861351222;;
845;388;0.5207781;0.4250353;0.5990856;0.521998;403.2;0.2705094;False;11/23/2025 9:29:11 AM:244;1763861351244;;
867;388;0.534388;0.4252471;0.6365223;0.453148;403.3;0.2704935;False;11/23/2025 9:29:11 AM:266;1763861351266;;
870;415;0.5358438;0.4548118;0.5710186;0.6491814;403.7;0.2789911;False;11/23/2025 9:29:11 AM:290;1763861351290;;
937;415;0.5769808;0.4548472;0.7384667;0.4592693;403.6;0.275052;False;11/23/2025 9:29:11 AM:313;1763861351313;;
983;415;0.6054143;0.4548769;0.7385417;0.4593019;403.4;0.2750754;False;11/23/2025 9:29:11 AM:336;1763861351336;;
1033;415;0.6363665;0.4545528;0.7708792;0.4388069;404.1;0.2738064;False;11/23/2025 9:29:11 AM:357;1763861351357;;
993;413;0.6114938;0.4519748;0.478167;0.4003554;403.6;0.2834077;False;11/23/2025 9:29:11 AM:383;1763861351383;;
983;400;0.6057162;0.4378837;0.5324376;0.3066799;405.9;0.2617182;False;11/23/2025 9:29:11 AM:406;1763861351406;;
972;389;0.5988382;0.4257225;0.5154038;0.2949159;407.9;0.2616104;False;11/23/2025 9:29:11 AM:426;1763861351426;;
984;389;0.6059796;0.4258769;0.6695464;0.4382558;408.4;0.2674865;False;11/23/2025 9:29:11 AM:447;1763861351447;;
981;379;0.6041167;0.414886;0.5576457;0.2949329;408.7;0.2621724;False;11/23/2025 9:29:11 AM:470;1763861351470;;
978;371;0.6025844;0.4062126;0.5576489;0.2949246;409.0;0.2621748;False;11/23/2025 9:29:11 AM:492;1763861351492;;
941;369;0.5797538;0.4045723;0.4446656;0.349941;409.4;0.2676794;False;11/23/2025 9:29:11 AM:515;1763861351515;;
941;375;0.580041;0.411179;0.5890654;0.4941795;410.0;0.2606949;False;11/23/2025 9:29:11 AM:538;1763861351538;;
942;380;0.580262;0.4160972;0.5890424;0.4941727;410.5;0.2606854;False;11/23/2025 9:29:11 AM:560;1763861351560;;
1012;378;0.6231707;0.4146456;0.7829517;0.3685705;409.2;0.2670587;False;11/23/2025 9:29:11 AM:582;1763861351582;;
975;376;0.6006079;0.4124665;0.4700816;0.3564999;408.3;0.2727413;False;11/23/2025 9:29:11 AM:606;1763861351606;;
948;375;0.5840475;0.4106906;0.4700718;0.3564744;407.5;0.2727359;False;11/23/2025 9:29:11 AM:630;1763861351630;;
891;381;0.549171;0.41685;0.3945709;0.4975752;407.5;0.265652;False;11/23/2025 9:29:11 AM:653;1763861351653;;
883;380;0.5439019;0.4166858;0.4809203;0.3970204;406.8;0.2658924;False;11/23/2025 9:29:11 AM:678;1763861351678;;
878;380;0.5406957;0.4166726;0.4882872;0.4086547;406.2;0.2658235;False;11/23/2025 9:29:11 AM:700;1763861351700;;
892;397;0.5494013;0.4350746;0.6243328;0.5847973;406.3;0.2286084;False;11/23/2025 9:29:11 AM:722;1763861351722;;
892;459;0.5493821;0.5028287;0.5395218;0.7841691;406.6;0.2479444;False;11/23/2025 9:29:11 AM:743;1763861351743;;
892;503;0.5493769;0.5509288;0.5488227;0.7836159;406.9;0.2478053;False;11/23/2025 9:29:11 AM:765;1763861351765;;
930;593;0.5729365;0.6496043;0.6904081;0.9454489;407.1;0.2320438;False;11/23/2025 9:29:11 AM:788;1763861351788;;
1000;650;0.6158921;0.7120762;0.7711313;0.9374461;406.3;0.2060401;False;11/23/2025 9:29:11 AM:812;1763861351812;;
1050;691;0.6468498;0.7570782;0.7711418;0.9374457;405.6;0.2060426;False;11/23/2025 9:29:11 AM:837;1763861351837;;
1059;716;0.6521139;0.7834046;0.7002633;0.9232399;405.2;0.2555785;False;11/23/2025 9:29:11 AM:859;1763861351859;;
1070;740;0.659044;0.8100877;0.718807;0.9558011;404.2;0.2205976;False;11/23/2025 9:29:11 AM:880;1763861351880;;
1077;770;0.6635074;0.8431451;0.708289;0.9986165;403.9;0.2282531;False;11/23/2025 9:29:11 AM:904;1763861351904;;
1079;793;0.6648824;0.8680031;0.6912873;1.01918;403.6;0.228299;False;11/23/2025 9:29:11 AM:924;1763861351924;;
1097;816;0.6757824;0.8938126;0.7570277;1.038833;402.7;0.233426;False;11/23/2025 9:29:11 AM:947;1763861351947;;
1096;823;0.675198;0.9004513;0.6467879;0.9638626;403.7;0.2232706;False;11/23/2025 9:29:11 AM:970;1763861351970;;
1096;827;0.6751928;0.9054298;0.6607319;0.9641055;404.6;0.2232445;False;11/23/2025 9:29:11 AM:989;1763861351989;;
1105;837;0.6804397;0.916819;0.7348835;1.012444;402.5;0.2391972;False;11/23/2025 9:29:12 AM:13;1763861352013;;
1071;836;0.6596648;0.9146775;0.5349192;0.8329735;399.8;0.2441918;False;11/23/2025 9:29:12 AM:35;1763861352035;;
1067;835;0.6571355;0.9145426;0.6088315;0.862357;397.5;0.2440283;False;11/23/2025 9:29:12 AM:55;1763861352055;;
1067;842;0.6571597;0.9214664;0.6590306;0.9959973;396.2;0.2335412;False;11/23/2025 9:29:12 AM:77;1763861352077;;
1068;842;0.6579092;0.921254;0.6770965;0.8900178;397.0;0.2310722;False;11/23/2025 9:29:12 AM:104;1763861352104;;
1069;841;0.6584678;0.9210904;0.6770402;0.8900229;397.7;0.2310562;False;11/23/2025 9:29:12 AM:127;1763861352127;;
1081;844;0.6660172;0.923711;0.7353449;0.9650152;397.8;0.2322741;False;11/23/2025 9:29:12 AM:152;1763861352152;;
1114;846;0.6862144;0.9259441;0.8041474;0.9687353;400.3;0.2442399;False;11/23/2025 9:29:12 AM:174;1763861352174;;
1137;847;0.7003647;0.9271439;0.8011222;0.9591786;402.6;0.2441089;False;11/23/2025 9:29:12 AM:195;1763861352195;;
1138;849;0.7013354;0.9292983;0.7277443;0.9762774;402.8;0.2418022;False;11/23/2025 9:29:12 AM:217;1763861352217;;
1147;860;0.7066999;0.9418971;0.7704211;1.065897;401.3;0.222628;False;11/23/2025 9:29:12 AM:239;1763861352239;;
1166;870;0.7180073;0.9522917;0.8125218;1.070296;400.1;0.2225815;False;11/23/2025 9:29:12 AM:259;1763861352259;;
1194;882;0.7352946;0.9655769;0.8392431;1.087871;401.5;0.2026789;False;11/23/2025 9:29:12 AM:285;1763861352285;;
1194;896;0.7354079;0.9803656;0.7463399;1.122479;400.1;0.2267821;False;11/23/2025 9:29:12 AM:306;1763861352306;;
1195;906;0.736272;0.9919233;0.7635813;1.1169;398.9;0.2266176;False;11/23/2025 9:29:12 AM:330;1763861352330;;
1191;908;0.733493;0.9939647;0.6901093;1.053641;398.5;0.2183937;False;11/23/2025 9:29:12 AM:352;1763861352352;;
1191;908;0.7333841;0.9937062;0.7250428;0.9809077;397.6;0.2065617;False;11/23/2025 9:29:12 AM:373;1763861352373;;
1191;908;0.7333817;0.9937363;0.7324247;0.9999035;396.7;0.2064918;False;11/23/2025 9:29:12 AM:394;1763861352394;;
1185;908;0.7299312;0.9940447;0.6804684;1.021386;397.6;0.2028168;False;11/23/2025 9:29:12 AM:417;1763861352417;;
1189;911;0.7326432;0.9969046;0.7768537;1.066681;396.9;0.22099;False;11/23/2025 9:29:12 AM:439;1763861352439;;
1194;913;0.735266;0.9999409;0.7784438;1.07122;396.3;0.2209668;False;11/23/2025 9:29:12 AM:463;1763861352463;;
1187;913;0.7313484;0.9991052;0.6812282;0.9756302;397.4;0.2025216;False;11/23/2025 9:29:12 AM:488;1763861352488;;
1199;916;0.7387004;1.002406;0.8091539;1.07568;397.2;0.2242083;False;11/23/2025 9:29:12 AM:512;1763861352512;Offscreen;
1210;918;0.7456607;1.005361;0.8178451;1.079692;397.0;0.2241797;False;11/23/2025 9:29:12 AM:534;1763861352534;Offscreen;
1210;919;0.7454802;1.006481;0.7359098;1.060983;396.2;0.2076976;False;11/23/2025 9:29:12 AM:555;1763861352555;Offscreen;
1238;922;0.7624829;1.008775;0.8707166;1.079166;394.5;0.2195011;False;11/23/2025 9:29:12 AM:579;1763861352579;Offscreen;
1257;923;0.7742034;1.010505;0.87072;1.079166;393.0;0.2195024;False;11/23/2025 9:29:12 AM:599;1763861352599;Offscreen;
1260;926;0.7758814;1.01407;0.813006;1.102228;393.1;0.2166906;False;11/23/2025 9:29:12 AM:621;1763861352621;Offscreen;
1259;927;0.7757061;1.014381;0.7664169;1.060869;394.8;0.2072578;False;11/23/2025 9:29:12 AM:644;1763861352644;Offscreen;
1259;928;0.7757633;1.01556;0.7846891;1.080108;396.3;0.207214;False;11/23/2025 9:29:12 AM:665;1763861352665;Offscreen;
1286;928;0.7924197;1.016065;0.8978333;1.068547;395.9;0.2153418;False;11/23/2025 9:29:12 AM:688;1763861352688;Offscreen;
1286;929;0.7924207;1.016423;0.795246;1.067782;396.6;0.2178415;False;11/23/2025 9:29:12 AM:710;1763861352710;Offscreen;
1287;929;0.7928662;1.017061;0.8132638;1.074771;397.2;0.2177659;False;11/23/2025 9:29:12 AM:731;1763861352731;Offscreen;
1287;929;0.7926837;1.016855;0.7828352;1.01101;397.5;0.2278247;False;11/23/2025 9:29:12 AM:753;1763861352753;Offscreen;
1274;929;0.7845448;1.016977;0.7128863;1.058259;395.0;0.2100808;False;11/23/2025 9:29:12 AM:778;1763861352778;Offscreen;
1282;929;0.7895141;1.016704;0.8487327;1.008726;394.9;0.2129009;False;11/23/2025 9:29:12 AM:801;1763861352801;Offscreen;
1288;929;0.7932632;1.01659;0.8498824;1.011913;394.9;0.2128275;False;11/23/2025 9:29:12 AM:822;1763861352822;Offscreen;
1305;931;0.8036161;1.019509;0.8926686;1.09793;395.0;0.2061593;False;11/23/2025 9:29:12 AM:844;1763861352844;Offscreen;
1302;932;0.802305;1.0206;0.7734154;1.078697;392.4;0.2164913;False;11/23/2025 9:29:12 AM:865;1763861352865;Offscreen;
1303;934;0.80256;1.022601;0.8193989;1.096514;390.1;0.2164056;False;11/23/2025 9:29:12 AM:885;1763861352885;Offscreen;
1312;934;0.8078844;1.022907;0.8731002;1.068682;391.1;0.2044528;False;11/23/2025 9:29:12 AM:907;1763861352907;Offscreen;
1320;936;0.8133981;1.024466;0.8766072;1.08989;390.5;0.2198423;False;11/23/2025 9:29:12 AM:933;1763861352933;Offscreen;
1324;937;0.815823;1.026031;0.8637076;1.095619;390.0;0.2198336;False;11/23/2025 9:29:12 AM:955;1763861352955;Offscreen;
1339;940;0.8250661;1.028587;0.9091015;1.109256;389.5;0.2192487;False;11/23/2025 9:29:12 AM:981;1763861352981;Offscreen;
1354;942;0.8339579;1.030842;0.9220253;1.113319;389.1;0.2192068;False;11/23/2025 9:29:13 AM:3;1763861353003;Offscreen;
1354;944;0.834159;1.033137;0.8569254;1.117747;393.5;0.2187498;False;11/23/2025 9:29:13 AM:24;1763861353024;Offscreen;
1377;944;0.8480799;1.033579;0.9539994;1.061629;398.1;0.2068458;False;11/23/2025 9:29:13 AM:47;1763861353047;Offscreen;
1385;944;0.8530547;1.033608;0.9217867;1.081392;399.5;0.2078994;False;11/23/2025 9:29:13 AM:69;1763861353069;Offscreen;
1390;945;0.8560196;1.034724;0.9125783;1.103665;400.7;0.2078351;False;11/23/2025 9:29:13 AM:92;1763861353092;Offscreen;
1390;946;0.8560678;1.035239;0.8737649;1.095232;398.8;0.2210139;False;11/23/2025 9:29:13 AM:114;1763861353114;Offscreen;
1390;944;0.8561257;1.033114;0.8774505;0.9998246;398.2;0.2230581;False;11/23/2025 9:29:13 AM:138;1763861353138;Offscreen;
1390;942;0.8561827;1.031191;0.8774809;0.9998229;397.6;0.2230742;False;11/23/2025 9:29:13 AM:165;1763861353165;Offscreen;
1372;942;0.8454162;1.031715;0.7700043;1.078041;395.9;0.221767;False;11/23/2025 9:29:13 AM:189;1763861353189;Offscreen;
1371;943;0.8447726;1.032773;0.830124;1.089316;398.6;0.2209829;False;11/23/2025 9:29:13 AM:213;1763861353213;Offscreen;
1360;944;0.8377807;1.033007;0.7740706;1.049351;397.9;0.2240165;False;11/23/2025 9:29:13 AM:237;1763861353237;Offscreen;
1358;944;0.8364105;1.033125;0.8098741;1.038621;397.3;0.2238658;False;11/23/2025 9:29:13 AM:262;1763861353262;Offscreen;
1359;944;0.8371607;1.033252;0.8624606;1.040305;397.1;0.2280664;False;11/23/2025 9:29:13 AM:289;1763861353289;Offscreen;
1364;944;0.8403255;1.033209;0.8909792;1.031211;395.6;0.2184037;False;11/23/2025 9:29:13 AM:313;1763861353313;Offscreen;
1371;944;0.8445343;1.033825;0.903713;1.075052;396.5;0.2193267;False;11/23/2025 9:29:13 AM:337;1763861353337;Offscreen;
1381;940;0.8507835;1.02931;0.8972796;0.9931393;394.4;0.2078727;False;11/23/2025 9:29:13 AM:417;1763861353417;Offscreen;
1381;941;0.850915;1.030071;0.8638813;1.064418;392.5;0.2082673;False;11/23/2025 9:29:13 AM:442;1763861353442;Offscreen;
1382;943;0.8511417;1.031954;0.8750955;1.078887;394.0;0.213589;False;11/23/2025 9:29:13 AM:477;1763861353477;Offscreen;
1381;944;0.8508332;1.032926;0.8423122;1.07768;396.8;0.2166645;False;11/23/2025 9:29:13 AM:499;1763861353499;Offscreen;
1396;945;0.8598405;1.033934;0.9478474;1.080813;401.4;0.211859;False;11/23/2025 9:29:13 AM:522;1763861353522;Offscreen;
1393;945;0.8580596;1.034199;0.8298288;1.065784;402.5;0.2319967;False;11/23/2025 9:29:13 AM:545;1763861353545;Offscreen;
1394;945;0.8587117;1.034203;0.8888028;1.05611;403.7;0.2069329;False;11/23/2025 9:29:13 AM:567;1763861353567;Offscreen;
1396;945;0.8600913;1.034441;0.9013761;1.066915;404.8;0.2068718;False;11/23/2025 9:29:13 AM:588;1763861353588;Offscreen;
1396;947;0.8597816;1.036675;0.8510016;1.101739;403.7;0.2313985;False;11/23/2025 9:29:13 AM:612;1763861353612;Offscreen;
1396;947;0.8598403;1.036805;0.8667082;1.049771;406.0;0.2348841;False;11/23/2025 9:29:13 AM:636;1763861353636;Offscreen;
1396;947;0.8598624;1.036834;0.8708571;1.03866;408.1;0.2347947;False;11/23/2025 9:29:13 AM:657;1763861353657;Offscreen;
1400;946;0.8622096;1.035573;0.9101585;1.003959;410.0;0.2083122;False;11/23/2025 9:29:13 AM:680;1763861353680;Offscreen;
1405;945;0.8653184;1.034249;0.9210063;0.9991416;411.0;0.2060956;False;11/23/2025 9:29:13 AM:703;1763861353703;Offscreen;
1409;944;0.8678178;1.033162;0.9208667;0.9991432;411.9;0.2060134;False;11/23/2025 9:29:13 AM:724;1763861353724;Offscreen;
1412;945;0.86975;1.033926;0.9170008;1.068511;411.9;0.2114224;False;11/23/2025 9:29:13 AM:748;1763861353748;Offscreen;
1411;942;0.868912;1.031454;0.8518233;0.9779879;412.7;0.2039004;False;11/23/2025 9:29:13 AM:771;1763861353771;Offscreen;
1247;929;0.7684334;1.017337;0.5423478;0.8869423;409.2;0.1540502;True;11/23/2025 9:29:13 AM:794;1763861353794;Offscreen;
1149;918;0.7078578;1.005054;0.5424886;0.877138;406.0;0.1540219;True;11/23/2025 9:29:13 AM:816;1763861353816;Offscreen;
1101;848;0.6779597;0.9286097;0.6383725;0.7867121;405.3;0.1723536;False;11/23/2025 9:29:13 AM:940;1763861353940;;
1060;846;0.6530347;0.926082;0.5452543;0.8552042;404.6;0.172929;False;11/23/2025 9:29:13 AM:962;1763861353962;;
1034;838;0.6369309;0.9173899;0.5562332;0.7993869;401.1;0.1796966;False;11/23/2025 9:29:13 AM:985;1763861353985;;
1039;836;0.6401821;0.9147065;0.7221578;0.8381025;402.4;0.2072628;False;11/23/2025 9:29:14 AM:7;1763861354007;;
1039;832;0.640087;0.9106593;0.6387615;0.8198559;403.4;0.1921736;False;11/23/2025 9:29:14 AM:30;1763861354030;;
1040;830;0.640652;0.9084832;0.6726661;0.8312901;404.3;0.1921576;False;11/23/2025 9:29:14 AM:52;1763861354052;;
1041;832;0.6412926;0.9103989;0.6948858;0.9446921;403.7;0.2054365;False;11/23/2025 9:29:14 AM:74;1763861354074;;
1053;832;0.6484351;0.9109024;0.7481899;0.926715;404.4;0.2055961;False;11/23/2025 9:29:14 AM:95;1763861354095;;
1066;832;0.6566889;0.9113013;0.7616044;0.9258172;405.0;0.2054922;False;11/23/2025 9:29:14 AM:115;1763861354115;;
1069;831;0.6582588;0.9095583;0.7225045;0.8467342;405.3;0.2078117;False;11/23/2025 9:29:14 AM:136;1763861354136;;
1068;834;0.6581812;0.9126205;0.6567783;0.9679505;401.4;0.2088951;False;11/23/2025 9:29:14 AM:157;1763861354157;;
1068;836;0.6581073;0.9153218;0.6566735;0.9679489;397.8;0.2088291;False;11/23/2025 9:29:14 AM:178;1763861354178;;
1069;839;0.6584795;0.9190203;0.6728015;0.9838995;396.1;0.2145009;False;11/23/2025 9:29:14 AM:200;1763861354200;;
1069;842;0.6587588;0.9221575;0.6777737;0.9887379;394.5;0.2143663;False;11/23/2025 9:29:14 AM:219;1763861354219;;
1069;843;0.6587511;0.9225128;0.658542;0.9446809;394.5;0.2057658;False;11/23/2025 9:29:14 AM:240;1763861354240;;
1070;843;0.6589031;0.9225854;0.6902529;0.9335104;394.4;0.2057112;False;11/23/2025 9:29:14 AM:260;1763861354260;;
1070;844;0.6589902;0.9236876;0.6839827;0.9628656;394.7;0.2166402;False;11/23/2025 9:29:14 AM:283;1763861354283;;
1080;843;0.6654122;0.9233728;0.7460842;0.9056963;397.0;0.2025108;False;11/23/2025 9:29:14 AM:307;1763861354307;;
1096;843;0.6750538;0.9225402;0.7769243;0.8884231;399.0;0.2023809;False;11/23/2025 9:29:14 AM:328;1763861354328;;
1111;846;0.6846567;0.9260499;0.781024;0.993774;399.6;0.2059629;False;11/23/2025 9:29:14 AM:350;1763861354350;;
1113;851;0.6859207;0.9318659;0.735105;1.025793;398.7;0.2085376;False;11/23/2025 9:29:14 AM:370;1763861354370;;
1120;858;0.6900842;0.9390125;0.7654926;1.047611;397.8;0.2084091;False;11/23/2025 9:29:14 AM:390;1763861354390;;
1148;858;0.7073974;0.9390219;0.8348026;0.9400769;397.7;0.2071981;False;11/23/2025 9:29:14 AM:411;1763861354411;;
1149;860;0.7076069;0.9416603;0.7223152;1.009715;399.8;0.2115459;False;11/23/2025 9:29:14 AM:432;1763861354432;;
1149;861;0.7077714;0.9430321;0.7237843;0.9979258;401.6;0.2114768;False;11/23/2025 9:29:14 AM:452;1763861354452;;
1152;863;0.7096544;0.9452353;0.7628208;1.013126;400.3;0.2142292;False;11/23/2025 9:29:14 AM:472;1763861354472;;
1162;864;0.7159875;0.9454584;0.7966772;0.9777859;398.7;0.2123341;False;11/23/2025 9:29:14 AM:494;1763861354494;;
1170;864;0.7205519;0.945628;0.7967501;0.9777867;397.2;0.2123852;False;11/23/2025 9:29:14 AM:513;1763861354513;;
1175;865;0.7239302;0.9471611;0.7912658;1.008121;394.7;0.2099983;False;11/23/2025 9:29:14 AM:535;1763861354535;;
1178;866;0.7256021;0.9481124;0.781544;1.00323;392.5;0.2099699;False;11/23/2025 9:29:14 AM:553;1763861354553;;
1190;871;0.7328588;0.9535153;0.8220097;1.054227;394.1;0.1975222;False;11/23/2025 9:29:14 AM:575;1763861354575;;
1190;875;0.7329317;0.9575641;0.7628195;1.049242;393.5;0.2051857;False;11/23/2025 9:29:14 AM:597;1763861354597;;
1190;878;0.7330964;0.9613293;0.7684516;1.056854;392.9;0.2051171;False;11/23/2025 9:29:14 AM:617;1763861354617;;
1205;877;0.7425583;0.9598486;0.8426485;0.9297618;393.9;0.1960656;False;11/23/2025 9:29:14 AM:639;1763861354639;;
1217;876;0.7495615;0.9587135;0.8426253;0.9297569;394.8;0.1960473;False;11/23/2025 9:29:14 AM:658;1763861354658;;
1223;888;0.7534851;0.9724223;0.8274188;1.124789;394.9;0.2048607;False;11/23/2025 9:29:14 AM:679;1763861354679;;
1228;898;0.7567024;0.9833479;0.8273742;1.12478;395.1;0.2048296;False;11/23/2025 9:29:14 AM:697;1763861354697;;
1229;899;0.7570605;0.9841955;0.7980752;1.037868;395.4;0.2069205;False;11/23/2025 9:29:14 AM:719;1763861354719;;
1228;899;0.7564377;0.9843691;0.745038;0.9966577;394.1;0.2009117;False;11/23/2025 9:29:14 AM:740;1763861354740;;
1227;899;0.7557759;0.9845176;0.7425352;0.9967454;393.0;0.2008616;False;11/23/2025 9:29:14 AM:760;1763861354760;;
1227;899;0.7560954;0.9846637;0.789422;0.9990259;392.9;0.2021941;False;11/23/2025 9:29:14 AM:782;1763861354782;;
1228;891;0.7562697;0.9756659;0.7631205;0.8812377;395.3;0.214379;False;11/23/2025 9:29:14 AM:805;1763861354805;;
1228;886;0.7564158;0.9696932;0.764748;0.884701;397.5;0.2143224;False;11/23/2025 9:29:14 AM:824;1763861354824;;
1230;886;0.7576424;0.9704248;0.8003759;1.008793;396.6;0.2038419;False;11/23/2025 9:29:14 AM:848;1763861354848;;
1237;891;0.7620793;0.9758565;0.8324634;1.069754;396.6;0.2089998;False;11/23/2025 9:29:14 AM:870;1763861354870;;
1245;894;0.7668056;0.9790094;0.8432362;1.059268;396.5;0.2089122;False;11/23/2025 9:29:14 AM:889;1763861354889;;
1246;894;0.7673066;0.9790603;0.8046992;0.9996617;396.4;0.210282;False;11/23/2025 9:29:14 AM:910;1763861354910;;
1261;895;0.7768265;0.9795473;0.8736876;1.019835;400.1;0.2052011;False;11/23/2025 9:29:14 AM:932;1763861354932;;
1271;895;0.7832168;0.979641;0.8697649;0.99603;403.3;0.205185;False;11/23/2025 9:29:14 AM:952;1763861354952;;
1270;895;0.7820348;0.9797409;0.7626015;0.9897535;403.5;0.2104044;False;11/23/2025 9:29:14 AM:973;1763861354973;;
1272;895;0.7835154;0.9797631;0.8311693;1.00081;401.7;0.2155355;False;11/23/2025 9:29:14 AM:995;1763861354995;;
1274;895;0.7850301;0.9797792;0.8359064;1.000957;400.1;0.2154817;False;11/23/2025 9:29:15 AM:14;1763861355014;;
1271;896;0.7830179;0.9808094;0.7534512;1.032194;397.1;0.2128987;False;11/23/2025 9:29:15 AM:35;1763861355035;;
1272;897;0.7837074;0.9814551;0.8202724;1.026151;395.2;0.2069079;False;11/23/2025 9:29:15 AM:57;1763861355057;;
1273;897;0.7842707;0.9819849;0.8202647;1.026147;393.4;0.2069007;False;11/23/2025 9:29:15 AM:77;1763861355077;;
1274;898;0.7848203;0.9825039;0.8202627;1.026146;391.8;0.2068988;False;11/23/2025 9:29:15 AM:99;1763861355099;;
1274;898;0.7850044;0.9825819;0.7971503;0.987277;395.4;0.2000105;False;11/23/2025 9:29:15 AM:121;1763861355121;;
1275;895;0.7857041;0.9798516;0.8239467;0.9283754;397.1;0.1953683;False;11/23/2025 9:29:15 AM:140;1763861355140;;
1278;893;0.7870136;0.9777464;0.833015;0.9328177;398.7;0.1952693;False;11/23/2025 9:29:15 AM:163;1763861355163;;
1272;892;0.7834171;0.9768077;0.7421284;0.9467628;397.2;0.1945251;False;11/23/2025 9:29:15 AM:185;1763861355185;;
1243;887;0.7654155;0.9713871;0.6624969;0.8902069;399.2;0.163657;True;11/23/2025 9:29:15 AM:207;1763861355207;;
1222;884;0.7530502;0.9673634;0.6624951;0.890196;401.0;0.1636529;True;11/23/2025 9:29:15 AM:226;1763861355226;;
1217;880;0.7498025;0.9630842;0.707726;0.8836654;400.8;0.1612385;True;11/23/2025 9:29:15 AM:246;1763861355246;;
1190;833;0.7333116;0.9121111;0.6300499;0.6552994;400.9;0.1651571;True;11/23/2025 9:29:15 AM:267;1763861355267;;
1170;799;0.7209165;0.874837;0.6301044;0.6552492;400.9;0.1651888;True;11/23/2025 9:29:15 AM:287;1763861355287;;
1161;791;0.7154371;0.8660991;0.6593203;0.7670364;403.6;0.1378984;True;11/23/2025 9:29:15 AM:309;1763861355309;;
1158;789;0.7131745;0.8640242;0.6789548;0.8179172;404.1;0.1619543;True;11/23/2025 9:29:15 AM:333;1763861355333;;
1155;788;0.7115172;0.8624805;0.6789521;0.8179185;404.6;0.161952;True;11/23/2025 9:29:15 AM:354;1763861355354;;
1151;785;0.7087737;0.8590547;0.6636032;0.7883579;403.0;0.1881386;False;11/23/2025 9:29:15 AM:375;1763861355375;;
1088;786;0.6704153;0.8599854;0.6023163;0.8751985;402.9;0.2102234;False;11/23/2025 9:29:15 AM:540;1763861355540;;
1081;782;0.666025;0.8560873;0.5975765;0.7815481;402.9;0.2015677;False;11/23/2025 9:29:15 AM:560;1763861355560;;
1080;781;0.6652207;0.8555614;0.6304474;0.8284239;405.4;0.164581;True;11/23/2025 9:29:15 AM:582;1763861355582;;
1015;789;0.6252358;0.8639458;0.5118098;0.9339783;409.5;0.1337464;True;11/23/2025 9:29:15 AM:637;1763861355637;;
1007;789;0.6201697;0.8639736;0.5533071;0.8763761;413.1;0.1334865;True;11/23/2025 9:29:15 AM:660;1763861355660;;
1019;789;0.6279564;0.86376;0.6997992;0.8499465;416.2;0.1451458;True;11/23/2025 9:29:15 AM:679;1763861355679;;
1017;786;0.6264882;0.8608149;0.5845322;0.7977701;418.3;0.1472636;True;11/23/2025 9:29:15 AM:699;1763861355699;;
1012;784;0.6232415;0.8579031;0.5626898;0.791449;420.2;0.1474084;True;11/23/2025 9:29:15 AM:718;1763861355718;;
1012;783;0.6232298;0.8575441;0.6062989;0.8329237;423.9;0.1547776;True;11/23/2025 9:29:15 AM:738;1763861355738;;
1010;778;0.6222125;0.8512897;0.5857123;0.7604084;426.4;0.1455516;True;11/23/2025 9:29:15 AM:761;1763861355761;;
1009;774;0.6214715;0.8468698;0.5857089;0.7604092;428.7;0.1455493;True;11/23/2025 9:29:15 AM:781;1763861355781;;
960;760;0.5916622;0.8319659;0.4359721;0.6805431;429.2;0.1404993;True;11/23/2025 9:29:15 AM:801;1763861355801;;
937;743;0.5770584;0.8134773;0.4668345;0.6443488;430.0;0.151949;True;11/23/2025 9:29:15 AM:822;1763861355822;;
914;734;0.5628409;0.8041209;0.4539597;0.6783279;430.8;0.1520691;True;11/23/2025 9:29:15 AM:840;1763861355840;;
907;717;0.5589443;0.7849828;0.5017481;0.6171337;432.5;0.1314097;True;11/23/2025 9:29:15 AM:863;1763861355863;;
895;700;0.5515879;0.7661501;0.4725125;0.5968136;434.1;0.131523;True;11/23/2025 9:29:15 AM:884;1763861355884;;
881;698;0.5429791;0.7638562;0.4569937;0.6943606;435.5;0.1277675;True;11/23/2025 9:29:15 AM:904;1763861355904;;
869;696;0.5351556;0.7623157;0.4494769;0.6991531;436.7;0.1278456;True;11/23/2025 9:29:15 AM:924;1763861355924;;
818;677;0.5039719;0.7414008;0.3472008;0.5564393;439.0;0.1393503;True;11/23/2025 9:29:15 AM:943;1763861355943;;
796;678;0.4902746;0.7418994;0.3865365;0.7592698;439.7;0.1320866;True;11/23/2025 9:29:15 AM:963;1763861355963;;
783;679;0.4825134;0.7431737;0.4022575;0.778176;440.3;0.1321009;True;11/23/2025 9:29:15 AM:983;1763861355983;;
785;679;0.4838748;0.7435653;0.514784;0.7592852;441.3;0.1378998;True;11/23/2025 9:29:16 AM:6;1763861356006;;
787;679;0.4848506;0.743847;0.5149105;0.7592614;442.1;0.1379457;True;11/23/2025 9:29:16 AM:26;1763861356026;;
822;679;0.5066698;0.7435015;0.6241528;0.7165667;443.3;0.130483;True;11/23/2025 9:29:16 AM:50;1763861356050;;
831;679;0.5120362;0.7434981;0.5764061;0.7306167;445.2;0.1381814;True;11/23/2025 9:29:16 AM:70;1763861356070;;
845;678;0.5208545;0.7425699;0.605364;0.6985042;446.9;0.1382733;True;11/23/2025 9:29:16 AM:90;1763861356090;;
860;672;0.5297909;0.7353344;0.612936;0.6287174;447.6;0.1362615;True;11/23/2025 9:29:16 AM:113;1763861356113;;
859;669;0.5294337;0.7320377;0.51485;0.6525794;447.7;0.1317435;True;11/23/2025 9:29:16 AM:134;1763861356134;;
859;664;0.5294358;0.7267474;0.5328381;0.6263998;447.9;0.1318591;True;11/23/2025 9:29:16 AM:153;1763861356153;;
861;665;0.5306709;0.7283412;0.5650567;0.7658744;448.2;0.1225561;True;11/23/2025 9:29:16 AM:173;1763861356173;;
865;659;0.5330729;0.7217113;0.5807825;0.6122019;449.3;0.1287715;True;11/23/2025 9:29:16 AM:193;1763861356193;;
868;654;0.535045;0.7163442;0.5809469;0.612122;450.3;0.1288206;True;11/23/2025 9:29:16 AM:212;1763861356212;;
868;651;0.5350828;0.7123849;0.5400698;0.6246991;448.9;0.1193305;True;11/23/2025 9:29:16 AM:235;1763861356235;;
860;650;0.5298977;0.7114937;0.4712609;0.6555647;446.9;0.1297726;True;11/23/2025 9:29:16 AM:256;1763861356256;;
846;650;0.5212629;0.7114985;0.4429296;0.7117015;445.0;0.1297995;True;11/23/2025 9:29:16 AM:277;1763861356277;;
814;650;0.5017608;0.7113692;0.388884;0.7035951;445.1;0.1188498;True;11/23/2025 9:29:16 AM:299;1763861356299;;
777;651;0.478959;0.7124988;0.358348;0.7403786;445.1;0.1247181;True;11/23/2025 9:29:16 AM:322;1763861356322;;
745;652;0.4590669;0.713475;0.3395066;0.7431269;445.1;0.1247444;True;11/23/2025 9:29:16 AM:341;1763861356341;;
726;653;0.4474596;0.7151887;0.3549238;0.7601416;445.1;0.1247936;True;11/23/2025 9:29:16 AM:359;1763861356359;;
723;649;0.4456866;0.7109741;0.4137471;0.6262865;443.7;0.138477;True;11/23/2025 9:29:16 AM:380;1763861356380;;
723;641;0.4457154;0.7015119;0.453521;0.5839669;444.3;0.1164669;True;11/23/2025 9:29:16 AM:403;1763861356403;;
723;635;0.4457354;0.6952038;0.4535677;0.5839272;444.9;0.1164847;True;11/23/2025 9:29:16 AM:422;1763861356422;;
724;635;0.4458392;0.6951364;0.4614952;0.6896996;443.6;0.133789;True;11/23/2025 9:29:16 AM:440;1763861356440;;
724;640;0.4458674;0.7009305;0.4528679;0.7827442;443.7;0.1464168;True;11/23/2025 9:29:16 AM:460;1763861356460;;
724;644;0.4458914;0.7055963;0.4528955;0.7827029;443.8;0.1464406;True;11/23/2025 9:29:16 AM:479;1763861356479;;
724;645;0.4458926;0.7063285;0.455593;0.7340522;443.6;0.1391764;True;11/23/2025 9:29:16 AM:501;1763861356501;;
724;646;0.4458938;0.7068914;0.4556002;0.7340463;443.4;0.1391801;True;11/23/2025 9:29:16 AM:519;1763861356519;;
723;646;0.4456006;0.7069004;0.4343081;0.709098;444.7;0.1437101;True;11/23/2025 9:29:16 AM:541;1763861356541;;
723;628;0.4456233;0.6880919;0.4550632;0.5244914;443.5;0.1483603;True;11/23/2025 9:29:16 AM:560;1763861356560;;
725;624;0.4466481;0.6836618;0.4806122;0.5993063;442.4;0.14835;True;11/23/2025 9:29:16 AM:580;1763861356580;;
723;625;0.445631;0.6839318;0.4203166;0.7005394;442.6;0.1454668;True;11/23/2025 9:29:16 AM:600;1763861356600;;
728;624;0.4488004;0.6833574;0.5028973;0.6507497;442.8;0.1528232;True;11/23/2025 9:29:16 AM:620;1763861356620;;
729;622;0.4493933;0.6809967;0.4777361;0.6147916;442.9;0.1528413;True;11/23/2025 9:29:16 AM:638;1763861356638;;
730;623;0.4499851;0.6821775;0.4782375;0.7185442;443.1;0.1453783;True;11/23/2025 9:29:16 AM:659;1763861356659;;
734;624;0.4520555;0.6830324;0.5015225;0.7165877;443.4;0.145412;True;11/23/2025 9:29:16 AM:677;1763861356677;;
721;609;0.4440342;0.6672842;0.3772426;0.5287963;443.7;0.1543145;True;11/23/2025 9:29:16 AM:701;1763861356701;;
727;602;0.4481445;0.6588442;0.5099629;0.5468541;444.2;0.1442502;True;11/23/2025 9:29:16 AM:722;1763861356722;;
725;597;0.446664;0.6541288;0.4182875;0.5669684;444.7;0.1444218;True;11/23/2025 9:29:16 AM:744;1763861356744;;
718;597;0.4422988;0.6538435;0.3904017;0.6233993;441.8;0.1412909;True;11/23/2025 9:29:16 AM:766;1763861356766;;
712;597;0.4389161;0.6536078;0.3904126;0.6233883;439.1;0.1412957;True;11/23/2025 9:29:16 AM:789;1763861356789;;
704;595;0.434007;0.6511945;0.3724469;0.580995;439.1;0.1626974;True;11/23/2025 9:29:16 AM:809;1763861356809;;
701;584;0.4318434;0.6391796;0.3890264;0.496733;438.7;0.1555695;True;11/23/2025 9:29:16 AM:828;1763861356828;;
700;574;0.4314238;0.6283714;0.4103057;0.4889582;438.3;0.1556099;True;11/23/2025 9:29:16 AM:848;1763861356848;;
698;564;0.4299419;0.6175776;0.3929196;0.4817823;437.1;0.1695193;True;11/23/2025 9:29:16 AM:869;1763861356869;;
697;559;0.4295341;0.6116807;0.4058619;0.4976848;436.0;0.1694195;True;11/23/2025 9:29:16 AM:888;1763861356888;;
683;556;0.4205976;0.6091987;0.3345961;0.5302617;433.6;0.1841686;False;11/23/2025 9:29:16 AM:909;1763861356909;;
670;551;0.4129534;0.6036689;0.3332184;0.4969084;432.9;0.172856;False;11/23/2025 9:29:16 AM:932;1763861356932;;
661;547;0.4071712;0.5993357;0.3332349;0.4968753;432.4;0.1728652;False;11/23/2025 9:29:16 AM:952;1763861356952;;
661;540;0.4071751;0.5914464;0.4073998;0.4651061;431.0;0.1744261;False;11/23/2025 9:29:16 AM:974;1763861356974;;
659;537;0.406322;0.5879114;0.3729604;0.4888624;430.2;0.1768841;False;11/23/2025 9:29:16 AM:994;1763861356994;;
659;534;0.4059943;0.5853168;0.3807521;0.4922619;429.4;0.1769365;False;11/23/2025 9:29:17 AM:13;1763861357013;;
661;534;0.4074486;0.5848688;0.4335753;0.5497144;429.9;0.1902876;False;11/23/2025 9:29:17 AM:36;1763861357036;;
657;531;0.4050071;0.5811189;0.3557149;0.4802275;430.0;0.1765332;False;11/23/2025 9:29:17 AM:57;1763861357057;;
651;530;0.4011879;0.5804113;0.3357322;0.5111104;430.0;0.1765447;False;11/23/2025 9:29:17 AM:75;1763861357075;;
655;530;0.403771;0.5799645;0.4434617;0.5492544;428.1;0.1974578;False;11/23/2025 9:29:17 AM:95;1763861357095;;
662;527;0.4081373;0.5767707;0.4613853;0.4800331;428.8;0.1918184;False;11/23/2025 9:29:17 AM:116;1763861357116;;
667;524;0.4113286;0.5743487;0.4613816;0.4800326;429.5;0.1918197;False;11/23/2025 9:29:17 AM:135;1763861357135;;
722;549;0.4451736;0.6014355;0.5918056;0.760875;428.1;0.121262;True;11/23/2025 9:29:17 AM:157;1763861357157;;
759;566;0.4676192;0.6201566;0.5918055;0.7608778;427.0;0.1212635;True;11/23/2025 9:29:17 AM:177;1763861357177;;
781;570;0.4813179;0.6237673;0.5740993;0.6764072;426.9;0.08250485;True;11/23/2025 9:29:17 AM:197;1763861357197;;
798;572;0.4919794;0.6267597;0.5741059;0.6763843;426.8;0.08250026;True;11/23/2025 9:29:17 AM:217;1763861357217;;
818;572;0.5039966;0.6265775;0.5894575;0.6089385;427.8;0.08954272;True;11/23/2025 9:29:17 AM:238;1763861357238;;
831;572;0.5120401;0.6264392;0.5887462;0.6116138;428.8;0.08954322;True;11/23/2025 9:29:17 AM:257;1763861357257;;
841;577;0.5183017;0.6314644;0.5789123;0.6996215;429.6;0.08869722;True;11/23/2025 9:29:17 AM:280;1763861357280;;
849;573;0.5227953;0.6276261;0.5762379;0.5443339;432.2;0.1106544;True;11/23/2025 9:29:17 AM:301;1763861357301;;
854;570;0.5264079;0.6243531;0.5773112;0.5420056;434.6;0.1106634;True;11/23/2025 9:29:17 AM:322;1763861357322;;
849;575;0.5231337;0.6297102;0.4742458;0.6980458;437.7;0.1416552;True;11/23/2025 9:29:17 AM:347;1763861357347;;
811;579;0.4995769;0.6340178;0.3680643;0.7022184;441.0;0.1638925;True;11/23/2025 9:29:17 AM:368;1763861357368;;
809;572;0.4986695;0.6260429;0.4729058;0.5194108;442.6;0.1551599;True;11/23/2025 9:29:17 AM:392;1763861357392;;
809;562;0.498606;0.6152927;0.4900971;0.4864932;444.0;0.1548647;True;11/23/2025 9:29:17 AM:413;1763861357413;;
802;560;0.4938863;0.6132722;0.431177;0.5466498;449.5;0.1670042;True;11/23/2025 9:29:17 AM:433;1763861357433;;
802;560;0.493948;0.6131504;0.4985219;0.5997738;453.2;0.1784384;False;11/23/2025 9:29:17 AM:457;1763861357457;;
802;560;0.494002;0.6132758;0.4987953;0.6194407;456.5;0.1783997;False;11/23/2025 9:29:17 AM:477;1763861357477;;
770;560;0.4745314;0.6133521;0.3624675;0.6173117;459.8;0.1623486;True;11/23/2025 9:29:17 AM:502;1763861357502;;
758;556;0.4670211;0.6089463;0.39092;0.5211922;466.2;0.1786819;False;11/23/2025 9:29:17 AM:523;1763861357523;;
748;552;0.4610418;0.603974;0.3906749;0.5079219;472.0;0.1790996;False;11/23/2025 9:29:17 AM:543;1763861357543;;
737;544;0.4541355;0.5953422;0.3804854;0.4756194;476.0;0.1794822;False;11/23/2025 9:29:17 AM:565;1763861357565;;
738;543;0.4546537;0.5942405;0.4719037;0.5364821;481.5;0.181773;False;11/23/2025 9:29:17 AM:586;1763861357586;;
738;542;0.454757;0.5933231;0.4621657;0.5356625;486.5;0.1820688;False;11/23/2025 9:29:17 AM:604;1763861357604;;
739;542;0.4554011;0.5930325;0.4767663;0.54922;491.0;0.1821254;False;11/23/2025 9:29:17 AM:624;1763861357624;;
755;539;0.4649332;0.5898331;0.5495493;0.5026851;495.1;0.1790482;False;11/23/2025 9:29:17 AM:645;1763861357645;;
756;534;0.4660632;0.5852842;0.4957024;0.4854706;499.0;0.2177971;False;11/23/2025 9:29:17 AM:667;1763861357667;;
758;531;0.4670304;0.5814711;0.495902;0.4855028;502.5;0.2180381;False;11/23/2025 9:29:17 AM:688;1763861357688;;
756;531;0.4657373;0.5811091;0.4376534;0.5282549;506.8;0.2256129;False;11/23/2025 9:29:17 AM:712;1763861357712;;
756;527;0.4658628;0.5775689;0.4764434;0.4825647;510.7;0.2222093;False;11/23/2025 9:29:17 AM:734;1763861357734;;
762;523;0.4693726;0.5731201;0.5249499;0.4641707;514.2;0.2239252;False;11/23/2025 9:29:17 AM:754;1763861357754;;
779;522;0.4800259;0.5711488;0.5724133;0.4870294;520.9;0.2139744;False;11/23/2025 9:29:17 AM:774;1763861357774;;
766;514;0.472271;0.5631753;0.3999308;0.4320208;525.2;0.2246945;False;11/23/2025 9:29:17 AM:796;1763861357796;;
757;509;0.46651;0.5570564;0.3998305;0.4320215;529.1;0.2245442;False;11/23/2025 9:29:17 AM:817;1763861357817;;
748;508;0.4608711;0.556596;0.393705;0.5169322;536.0;0.2059052;False;11/23/2025 9:29:17 AM:837;1763861357837;;
677;521;0.4173575;0.5702149;0.2474765;0.6809868;545.7;0.2099265;False;11/23/2025 9:29:17 AM:859;1763861357859;;
630;530;0.3884679;0.5801491;0.247555;0.6810246;554.5;0.2101583;False;11/23/2025 9:29:17 AM:878;1763861357878;;
629;529;0.3875627;0.5798402;0.3716697;0.5573766;562.5;0.2108012;False;11/23/2025 9:29:17 AM:902;1763861357902;;
625;548;0.3849202;0.6005714;0.3476757;0.7503164;565.7;0.2134423;False;11/23/2025 9:29:17 AM:923;1763861357923;;
620;569;0.3820405;0.6233726;0.3389859;0.7903655;568.6;0.2161781;False;11/23/2025 9:29:17 AM:942;1763861357942;;
620;593;0.3820031;0.6496436;0.3798218;0.8205513;576.1;0.2122001;False;11/23/2025 9:29:17 AM:962;1763861357962;;
621;604;0.3829123;0.6609513;0.4145599;0.7650932;580.1;0.2254832;False;11/23/2025 9:29:17 AM:986;1763861357986;;
627;618;0.3862208;0.6769208;0.4443513;0.813996;583.7;0.2263976;False;11/23/2025 9:29:18 AM:6;1763861358006;;
653;612;0.4022683;0.669898;0.5187574;0.55934;585.5;0.2117839;False;11/23/2025 9:29:18 AM:27;1763861358027;;
653;614;0.4021886;0.6726647;0.3979963;0.7254171;587.1;0.2134421;False;11/23/2025 9:29:18 AM:47;1763861358047;;
652;614;0.4017379;0.6726802;0.3870489;0.6738216;591.0;0.210622;False;11/23/2025 9:29:18 AM:68;1763861358068;;
651;614;0.4014002;0.672693;0.3880287;0.6737875;594.5;0.2115114;False;11/23/2025 9:29:18 AM:89;1763861358089;;
650;614;0.400508;0.6726339;0.3759005;0.6536431;596.7;0.1973359;False;11/23/2025 9:29:18 AM:109;1763861358109;;
635;629;0.3911503;0.6885725;0.3115692;0.822766;601.2;0.1968846;False;11/23/2025 9:29:18 AM:132;1763861358132;;
624;639;0.3845455;0.6997098;0.3112975;0.8225718;605.3;0.1964733;False;11/23/2025 9:29:18 AM:152;1763861358152;;
625;639;0.3850459;0.6996242;0.4047679;0.6852663;610.3;0.2186626;False;11/23/2025 9:29:18 AM:172;1763861358172;;
642;627;0.3954721;0.6861726;0.4836913;0.548825;614.6;0.1716225;False;11/23/2025 9:29:18 AM:194;1763861358194;;
658;617;0.405458;0.675863;0.4954913;0.5486161;618.6;0.1719455;False;11/23/2025 9:29:18 AM:213;1763861358213;;
649;620;0.3998571;0.6791986;0.3345674;0.7423568;620.6;0.1891682;False;11/23/2025 9:29:18 AM:234;1763861358234;;
616;621;0.379898;0.6804331;0.2571747;0.7198151;618.4;0.1744718;False;11/23/2025 9:29:18 AM:253;1763861358253;;
589;623;0.3630873;0.6820003;0.2559218;0.7269452;616.3;0.175041;False;11/23/2025 9:29:18 AM:275;1763861358275;;
576;623;0.3549931;0.6821632;0.281202;0.6974872;618.6;0.1467552;True;11/23/2025 9:29:18 AM:298;1763861358298;;
557;618;0.3431165;0.6764654;0.2496091;0.587611;619.0;0.165907;True;11/23/2025 9:29:18 AM:319;1763861358319;;
547;607;0.3373334;0.6644191;0.2715901;0.5349094;619.3;0.166935;True;11/23/2025 9:29:18 AM:339;1763861358339;;
529;598;0.3260541;0.654988;0.2328544;0.5362171;622.3;0.1668518;True;11/23/2025 9:29:18 AM:360;1763861358360;;
530;597;0.326688;0.653869;0.3480436;0.6088223;623.6;0.1760404;False;11/23/2025 9:29:18 AM:383;1763861358383;;
531;596;0.3271683;0.6529817;0.347553;0.6089216;624.7;0.1755417;False;11/23/2025 9:29:18 AM:403;1763861358403;;
607;585;0.3737929;0.6407269;0.5437337;0.5079438;623.1;0.171994;False;11/23/2025 9:29:18 AM:426;1763861358426;;
614;593;0.3782026;0.6489981;0.4305057;0.74851;619.2;0.1625784;True;11/23/2025 9:29:18 AM:447;1763861358447;;
614;601;0.3781807;0.6578446;0.3639083;0.7626001;615.7;0.1633774;True;11/23/2025 9:29:18 AM:466;1763861358466;;
620;606;0.3820437;0.6635743;0.4308778;0.7484941;612.6;0.1629245;True;11/23/2025 9:29:18 AM:488;1763861358488;;
677;604;0.4170639;0.661723;0.5575265;0.611753;609.1;0.1625389;True;11/23/2025 9:29:18 AM:513;1763861358513;;
700;604;0.4315331;0.6616995;0.5216272;0.6511049;601.7;0.1699357;True;11/23/2025 9:29:18 AM:535;1763861358535;;
699;604;0.4306517;0.6617457;0.393223;0.6668607;601.1;0.1863505;False;11/23/2025 9:29:18 AM:556;1763861358556;;
695;607;0.4283037;0.6642232;0.3729557;0.7223201;600.5;0.1871734;False;11/23/2025 9:29:18 AM:576;1763861358576;;
674;606;0.4152049;0.6640556;0.3048718;0.6474191;596.8;0.2001406;False;11/23/2025 9:29:18 AM:596;1763861358596;;
630;606;0.3885026;0.6640838;0.2412468;0.6690941;593.5;0.2010847;False;11/23/2025 9:29:18 AM:618;1763861358618;;
633;597;0.3903541;0.6535972;0.4229891;0.5347235;593.9;0.1857671;False;11/23/2025 9:29:18 AM:640;1763861358640;;
633;589;0.3902456;0.6446056;0.3762901;0.5308798;593.4;0.1876969;False;11/23/2025 9:29:18 AM:660;1763861358660;;
633;581;0.3902259;0.6360438;0.3870798;0.5203204;592.9;0.1885086;False;11/23/2025 9:29:18 AM:682;1763861358682;;
677;580;0.4169471;0.6346745;0.5395415;0.5848293;594.3;0.1809439;False;11/23/2025 9:29:18 AM:707;1763861358707;;
672;587;0.4139525;0.6428949;0.3593622;0.7386763;593.3;0.1933676;False;11/23/2025 9:29:18 AM:728;1763861358728;;
629;591;0.3873646;0.6474744;0.245014;0.720893;592.0;0.2335848;False;11/23/2025 9:29:18 AM:750;1763861358750;;
599;596;0.3691775;0.6521747;0.2477699;0.7325378;590.8;0.2344824;False;11/23/2025 9:29:18 AM:770;1763861358770;;
596;589;0.3672831;0.644487;0.3279032;0.5443603;588.1;0.1814858;False;11/23/2025 9:29:18 AM:792;1763861358792;;
548;582;0.3376952;0.6376051;0.1932937;0.537725;592.7;0.1933931;False;11/23/2025 9:29:18 AM:814;1763861358814;;
515;579;0.3174204;0.6341646;0.1959596;0.5570691;596.7;0.1940765;False;11/23/2025 9:29:18 AM:834;1763861358834;;
494;579;0.3045697;0.6341433;0.2102209;0.6199684;598.7;0.2171546;False;11/23/2025 9:29:18 AM:855;1763861358855;;
482;578;0.29723;0.633411;0.2262924;0.5923706;600.6;0.1963031;False;11/23/2025 9:29:18 AM:877;1763861358877;;
478;577;0.294584;0.6318946;0.2493116;0.574073;602.3;0.1969137;False;11/23/2025 9:29:18 AM:897;1763861358897;;
474;576;0.2922968;0.630551;0.2492142;0.5740652;603.8;0.196795;False;11/23/2025 9:29:18 AM:917;1763861358917;;
459;574;0.2831833;0.6285404;0.2054025;0.5655956;606.6;0.1964491;False;11/23/2025 9:29:18 AM:942;1763861358942;;
459;581;0.2831229;0.6362284;0.2735347;0.7250006;603.9;0.1527828;True;11/23/2025 9:29:18 AM:964;1763861358964;;
459;585;0.2826794;0.6401908;0.2605675;0.7071822;601.4;0.1530768;True;11/23/2025 9:29:18 AM:985;1763861358985;;
459;587;0.2826661;0.6423132;0.2783619;0.6902291;601.8;0.1671353;True;11/23/2025 9:29:19 AM:7;1763861359007;;
459;588;0.2827953;0.6438824;0.2899944;0.6854755;599.7;0.1709028;True;11/23/2025 9:29:19 AM:29;1763861359029;;
459;588;0.2830227;0.6439323;0.294396;0.6508513;597.9;0.171269;False;11/23/2025 9:29:19 AM:51;1763861359051;;
452;589;0.2785307;0.6448982;0.2205881;0.6795126;597.7;0.1796732;False;11/23/2025 9:29:19 AM:74;1763861359074;;
451;590;0.2781913;0.6456476;0.2587934;0.6782393;596.8;0.1708461;True;11/23/2025 9:29:19 AM:97;1763861359097;;
442;586;0.2725614;0.6418229;0.207662;0.5758113;595.1;0.1639346;True;11/23/2025 9:29:19 AM:122;1763861359122;;
435;583;0.268162;0.6387669;0.2075784;0.5757408;593.5;0.1638487;True;11/23/2025 9:29:19 AM:146;1763861359146;;
431;583;0.2656375;0.6381132;0.2145552;0.6041266;588.0;0.171096;True;11/23/2025 9:29:19 AM:166;1763861359166;;
430;575;0.2647789;0.6292711;0.2303773;0.5169676;590.5;0.1757982;False;11/23/2025 9:29:19 AM:189;1763861359189;;
428;568;0.2640943;0.6224273;0.2305344;0.5169756;592.7;0.1759398;False;11/23/2025 9:29:19 AM:210;1763861359210;;
430;567;0.2650032;0.6203746;0.2835793;0.5583851;590.7;0.1806799;False;11/23/2025 9:29:19 AM:233;1763861359233;;
430;566;0.2649691;0.620252;0.2528893;0.5916899;591.3;0.1814756;False;11/23/2025 9:29:19 AM:254;1763861359254;;
428;566;0.2639472;0.6201723;0.2274717;0.6124571;591.7;0.1820252;False;11/23/2025 9:29:19 AM:274;1763861359274;;
431;564;0.2657054;0.6180325;0.2965105;0.5510255;588.2;0.1750602;False;11/23/2025 9:29:19 AM:295;1763861359295;;
434;563;0.2672844;0.6161036;0.2968484;0.5510411;585.0;0.1752609;False;11/23/2025 9:29:19 AM:317;1763861359317;;
419;556;0.2584331;0.6088101;0.1760585;0.4981349;586.0;0.1747209;False;11/23/2025 9:29:19 AM:340;1763861359340;;
426;559;0.2625179;0.612662;0.3136444;0.6716331;586.4;0.1779999;False;11/23/2025 9:29:19 AM:362;1763861359362;;
432;564;0.2661909;0.6179978;0.3179097;0.6950796;586.9;0.1780196;False;11/23/2025 9:29:19 AM:383;1763861359383;;
430;571;0.2650752;0.6250326;0.2342189;0.7135799;587.1;0.1766926;False;11/23/2025 9:29:19 AM:404;1763861359404;;
427;571;0.2635238;0.6250117;0.2265699;0.6206921;588.8;0.1604939;True;11/23/2025 9:29:19 AM:427;1763861359427;;
425;571;0.2622968;0.6249946;0.2266021;0.6207059;590.4;0.1605419;True;11/23/2025 9:29:19 AM:448;1763861359448;;
429;580;0.2643957;0.6356055;0.2936966;0.7306487;592.0;0.1828096;False;11/23/2025 9:29:19 AM:480;1763861359480;;
431;586;0.2655567;0.6413315;0.2936905;0.7304991;593.0;0.1732712;False;11/23/2025 9:29:19 AM:501;1763861359501;;
429;587;0.2646543;0.6423877;0.2364395;0.6839366;587.6;0.1804659;False;11/23/2025 9:29:19 AM:522;1763861359522;;
429;587;0.2643517;0.6425244;0.2462957;0.6611775;582.8;0.1805162;False;11/23/2025 9:29:19 AM:544;1763861359544;;
469;586;0.2888416;0.6416552;0.4096753;0.612484;580.6;0.1710577;True;11/23/2025 9:29:19 AM:567;1763861359567;;
469;591;0.2890819;0.6474512;0.2981983;0.7353239;583.2;0.1752786;False;11/23/2025 9:29:19 AM:591;1763861359591;;
469;595;0.2892797;0.6517649;0.2986386;0.7353855;585.6;0.1755638;False;11/23/2025 9:29:19 AM:612;1763861359612;;
469;590;0.2892667;0.6456333;0.2856979;0.5633441;585.3;0.188788;False;11/23/2025 9:29:19 AM:635;1763861359635;;
469;582;0.2890119;0.6375903;0.271838;0.5400802;586.8;0.1781162;False;11/23/2025 9:29:19 AM:658;1763861359658;;
463;582;0.2853518;0.6375896;0.2282953;0.6372306;583.5;0.1846022;False;11/23/2025 9:29:19 AM:679;1763861359679;;
458;582;0.2824389;0.6375894;0.2285391;0.6374322;580.5;0.1849185;False;11/23/2025 9:29:19 AM:699;1763861359699;;
467;564;0.2878622;0.6172801;0.3441915;0.4614432;580.7;0.1945732;False;11/23/2025 9:29:19 AM:722;1763861359722;;
473;551;0.2917545;0.6030877;0.3442663;0.4614552;580.8;0.1946523;False;11/23/2025 9:29:19 AM:742;1763861359742;;
474;540;0.2922297;0.5913283;0.3092711;0.4656744;582.2;0.1815568;False;11/23/2025 9:29:19 AM:764;1763861359764;;
475;532;0.2926401;0.5820866;0.3096547;0.4656749;583.5;0.1819432;False;11/23/2025 9:29:19 AM:785;1763861359785;;
475;528;0.2927154;0.5779845;0.2998809;0.4991625;583.0;0.1743928;False;11/23/2025 9:29:19 AM:809;1763861359809;;
474;527;0.292363;0.5776666;0.2759469;0.5459612;580.8;0.1828716;False;11/23/2025 9:29:19 AM:832;1763861359832;;
474;527;0.2920768;0.5773981;0.2761884;0.5459792;578.9;0.1831142;False;11/23/2025 9:29:19 AM:853;1763861359853;;
458;527;0.2820542;0.5773798;0.1963872;0.5558658;581.2;0.197578;False;11/23/2025 9:29:19 AM:875;1763861359875;;
458;515;0.2820484;0.5643489;0.2803533;0.4246537;579.7;0.2020583;False;11/23/2025 9:29:19 AM:898;1763861359898;;
458;518;0.2821266;0.5676832;0.2881692;0.6237122;582.2;0.2017176;False;11/23/2025 9:29:19 AM:920;1763861359920;;
458;521;0.2821919;0.5702577;0.2883187;0.6237285;584.3;0.2018326;False;11/23/2025 9:29:19 AM:940;1763861359940;;
451;520;0.2779473;0.5699645;0.2214738;0.54379;584.1;0.1989791;False;11/23/2025 9:29:19 AM:964;1763861359964;;
454;520;0.2798367;0.5696371;0.3150785;0.5413266;587.2;0.2047542;False;11/23/2025 9:29:19 AM:986;1763861359986;;
455;519;0.2806731;0.5682471;0.3055256;0.5165916;590.1;0.2050561;False;11/23/2025 9:29:20 AM:8;1763861360008;;
435;516;0.2682788;0.5652987;0.1780004;0.4947677;588.1;0.1943596;False;11/23/2025 9:29:20 AM:31;1763861360031;;
438;525;0.2702853;0.575201;0.3084239;0.6765908;591.4;0.1957015;False;11/23/2025 9:29:20 AM:54;1763861360054;;
438;529;0.2698902;0.5790595;0.2536695;0.6446348;594.3;0.1962578;False;11/23/2025 9:29:20 AM:76;1763861360076;;
437;528;0.2696576;0.5780779;0.2568031;0.5372959;596.1;0.1883177;False;11/23/2025 9:29:20 AM:99;1763861360099;;
438;527;0.2699791;0.5774598;0.285003;0.5428693;596.5;0.199885;False;11/23/2025 9:29:20 AM:124;1763861360124;;
433;514;0.2669526;0.563203;0.2203348;0.4223599;593.7;0.2068933;False;11/23/2025 9:29:20 AM:146;1763861360146;;
428;504;0.2640499;0.5516542;0.2147708;0.4165532;591.2;0.2071602;False;11/23/2025 9:29:20 AM:167;1763861360167;;
424;494;0.2614166;0.54147;0.2146625;0.4165558;589.0;0.2070839;False;11/23/2025 9:29:20 AM:190;1763861360190;;
432;494;0.2661495;0.541387;0.3203868;0.5224935;586.2;0.1876757;False;11/23/2025 9:29:20 AM:213;1763861360213;;
432;484;0.2661539;0.5296702;0.2668063;0.4009699;584.3;0.1940581;False;11/23/2025 9:29:20 AM:238;1763861360238;;
427;483;0.26326;0.5295262;0.2157842;0.5156793;585.2;0.2117124;False;11/23/2025 9:29:20 AM:261;1763861360261;;
423;483;0.2608697;0.5294006;0.2160212;0.5156865;585.9;0.2119841;False;11/23/2025 9:29:20 AM:284;1763861360284;;
460;483;0.2836343;0.529241;0.4008115;0.4981574;586.8;0.1889271;False;11/23/2025 9:29:20 AM:308;1763861360308;;
462;484;0.284831;0.5297981;0.3087935;0.5472947;585.8;0.2152239;False;11/23/2025 9:29:20 AM:330;1763861360330;;
462;481;0.2847629;0.5269853;0.271749;0.4571805;584.8;0.2046252;False;11/23/2025 9:29:20 AM:355;1763861360355;;
462;479;0.2847217;0.5248824;0.2723377;0.4570783;584.0;0.2050245;False;11/23/2025 9:29:20 AM:377;1763861360377;;
469;479;0.288939;0.5247451;0.3395331;0.5096624;584.6;0.2211301;False;11/23/2025 9:29:20 AM:399;1763861360399;;
475;488;0.2930391;0.5345316;0.3445791;0.6342381;585.1;0.2075854;False;11/23/2025 9:29:20 AM:423;1763861360423;;
476;491;0.2931182;0.537715;0.3000771;0.5966269;585.6;0.2083152;False;11/23/2025 9:29:20 AM:444;1763861360444;;
472;494;0.290937;0.5412298;0.2506156;0.6025946;586.1;0.2029414;False;11/23/2025 9:29:20 AM:466;1763861360466;;
469;476;0.2889995;0.5213342;0.2504815;0.3690412;586.1;0.2136018;False;11/23/2025 9:29:20 AM:492;1763861360492;;
444;467;0.2739931;0.5119813;0.1668198;0.3956099;586.2;0.2081984;False;11/23/2025 9:29:20 AM:513;1763861360513;;
425;460;0.2618116;0.5038917;0.167485;0.395551;586.3;0.2086467;False;11/23/2025 9:29:20 AM:536;1763861360536;;
423;453;0.260565;0.4962662;0.2266334;0.3881048;587.2;0.2200305;False;11/23/2025 9:29:20 AM:560;1763861360560;;
423;457;0.2607167;0.5002786;0.267951;0.5628071;587.9;0.2090555;False;11/23/2025 9:29:20 AM:582;1763861360582;;
423;460;0.2608597;0.5036667;0.2683151;0.5628281;588.6;0.2093331;False;11/23/2025 9:29:20 AM:605;1763861360605;;
457;467;0.2815112;0.5112533;0.3958381;0.6054627;589.3;0.2131736;False;11/23/2025 9:29:20 AM:628;1763861360628;;
482;472;0.2969926;0.5173019;0.3968245;0.6054741;589.9;0.2139782;False;11/23/2025 9:29:20 AM:650;1763861360650;;
463;472;0.2853673;0.5169504;0.1938411;0.4970885;588.3;0.2211681;False;11/23/2025 9:29:20 AM:674;1763861360674;;
470;475;0.2896527;0.5198748;0.3412758;0.5824966;587.9;0.2187991;False;11/23/2025 9:29:20 AM:697;1763861360697;;
469;475;0.289282;0.5200227;0.2690294;0.5375513;584.5;0.2267113;False;11/23/2025 9:29:20 AM:718;1763861360718;;
469;475;0.289158;0.5200613;0.2748362;0.5317256;581.5;0.2269992;False;11/23/2025 9:29:20 AM:739;1763861360739;;
458;475;0.2822725;0.520085;0.2086425;0.5303558;582.1;0.2159157;False;11/23/2025 9:29:20 AM:762;1763861360762;;
456;475;0.2812333;0.5200616;0.247357;0.5169673;581.8;0.2164624;False;11/23/2025 9:29:20 AM:783;1763861360783;;
456;474;0.281116;0.5193447;0.2636723;0.4898952;581.5;0.2170476;False;11/23/2025 9:29:20 AM:804;1763861360804;;
434;473;0.2674165;0.518479;0.1635121;0.4853593;578.3;0.2133816;False;11/23/2025 9:29:20 AM:827;1763861360827;;
435;470;0.267964;0.5152667;0.2831674;0.4504822;577.1;0.2113753;False;11/23/2025 9:29:20 AM:850;1763861360850;;
437;470;0.2692341;0.5149969;0.2975018;0.4917109;576.1;0.2112308;False;11/23/2025 9:29:20 AM:870;1763861360870;;
424;470;0.2613205;0.5145539;0.1856568;0.486414;573.9;0.2043146;False;11/23/2025 9:29:20 AM:895;1763861360895;;
423;449;0.2605118;0.4920045;0.2318309;0.3226817;576.5;0.2074277;False;11/23/2025 9:29:20 AM:917;1763861360917;;
422;434;0.2598638;0.4751438;0.2319805;0.3226788;578.9;0.207551;False;11/23/2025 9:29:20 AM:939;1763861360939;;
425;443;0.2621343;0.4849654;0.2979845;0.5909891;581.2;0.204142;False;11/23/2025 9:29:20 AM:962;1763861360962;;
531;447;0.3272133;0.4895097;0.5064005;0.5587648;572.3;0.2123893;False;11/23/2025 9:29:20 AM:989;1763861360989;;
569;448;0.3508575;0.4905892;0.4668778;0.5307432;564.3;0.2132591;False;11/23/2025 9:29:21 AM:9;1763861361009;;
615;448;0.3788058;0.491029;0.4994552;0.5178129;556.8;0.2128978;False;11/23/2025 9:29:21 AM:31;1763861361031;;
647;447;0.3984161;0.4891398;0.4981038;0.4398803;550.0;0.2130531;False;11/23/2025 9:29:21 AM:51;1763861361051;;
665;426;0.4099732;0.4669775;0.4810715;0.3015028;544.2;0.2302637;False;11/23/2025 9:29:21 AM:73;1763861361073;;
686;439;0.4229201;0.4806604;0.5002415;0.6125543;538.7;0.2192893;False;11/23/2025 9:29:21 AM:97;1763861361097;;
722;440;0.4448603;0.4817783;0.5489488;0.5227494;534.9;0.2128487;False;11/23/2025 9:29:21 AM:119;1763861361119;;
748;441;0.4606462;0.4827054;0.5489603;0.5227495;531.4;0.212857;False;11/23/2025 9:29:21 AM:141;1763861361141;;
747;447;0.4602065;0.4894984;0.4375164;0.5885695;526.7;0.2145342;False;11/23/2025 9:29:21 AM:164;1763861361164;;
748;456;0.4606686;0.4990145;0.4681828;0.6121726;522.4;0.2212984;False;11/23/2025 9:29:21 AM:189;1763861361189;;
748;461;0.4609726;0.5052598;0.4681053;0.6121745;518.6;0.221215;False;11/23/2025 9:29:21 AM:209;1763861361209;;
758;466;0.4668713;0.5099838;0.5208549;0.6022239;514.0;0.2216101;False;11/23/2025 9:29:21 AM:232;1763861361232;;
760;467;0.4680046;0.5115439;0.4872339;0.5719382;511.6;0.2176457;False;11/23/2025 9:29:21 AM:257;1763861361257;;
779;461;0.4799305;0.5047393;0.5593997;0.4288677;509.1;0.2066362;False;11/23/2025 9:29:21 AM:281;1763861361281;;
788;461;0.4857576;0.504514;0.5444634;0.4950076;506.8;0.206459;False;11/23/2025 9:29:21 AM:304;1763861361304;;
788;467;0.4857405;0.5112506;0.4767221;0.6114306;502.9;0.224712;False;11/23/2025 9:29:21 AM:329;1763861361329;;
788;487;0.4853396;0.5328245;0.4620746;0.7085251;501.1;0.2157551;False;11/23/2025 9:29:21 AM:351;1763861361351;;
773;486;0.4765491;0.5326556;0.3937371;0.5255286;500.7;0.2055816;False;11/23/2025 9:29:21 AM:375;1763861361375;;
763;486;0.4703097;0.5325278;0.3938161;0.525526;500.4;0.2056631;False;11/23/2025 9:29:21 AM:396;1763861361396;;
826;487;0.5092204;0.5333592;0.6541529;0.5756137;499.0;0.2181684;False;11/23/2025 9:29:21 AM:421;1763861361421;;
867;488;0.5342986;0.533998;0.6541593;0.5756131;497.8;0.2181723;False;11/23/2025 9:29:21 AM:442;1763861361442;;
867;480;0.5339699;0.5261813;0.5196283;0.4374666;498.3;0.2164008;False;11/23/2025 9:29:21 AM:465;1763861361465;;
836;485;0.5150588;0.5306858;0.3966841;0.6093038;496.5;0.2235457;False;11/23/2025 9:29:21 AM:492;1763861361492;;
810;487;0.4993649;0.5333962;0.3833632;0.6038362;494.9;0.2232553;False;11/23/2025 9:29:21 AM:516;1763861361516;;
814;486;0.5015547;0.5320967;0.5312554;0.5011556;496.3;0.2242354;False;11/23/2025 9:29:21 AM:539;1763861361539;;
813;486;0.5008989;0.532114;0.4689959;0.5489624;493.4;0.2157146;False;11/23/2025 9:29:21 AM:565;1763861361565;;
797;505;0.491082;0.5534162;0.4051272;0.7101522;492.0;0.2108626;False;11/23/2025 9:29:21 AM:593;1763861361593;;
798;494;0.4918439;0.5412871;0.5082038;0.4229163;492.1;0.2063697;False;11/23/2025 9:29:21 AM:615;1763861361615;;
798;473;0.4917547;0.5178584;0.4854704;0.3540334;492.3;0.207666;False;11/23/2025 9:29:21 AM:636;1763861361636;;
798;476;0.4918068;0.5212447;0.4939424;0.5934038;489.9;0.2002432;False;11/23/2025 9:29:21 AM:660;1763861361660;;
798;480;0.491836;0.5258346;0.4933014;0.6118197;490.1;0.2046437;False;11/23/2025 9:29:21 AM:684;1763861361684;;
795;480;0.4896564;0.5259143;0.4430959;0.5409822;490.3;0.2052181;False;11/23/2025 9:29:21 AM:707;1763861361707;;
795;482;0.4899391;0.5282673;0.499234;0.5958161;486.7;0.2146076;False;11/23/2025 9:29:21 AM:729;1763861361729;;
795;482;0.4896575;0.5282786;0.4683875;0.5529351;486.0;0.2026285;False;11/23/2025 9:29:21 AM:752;1763861361752;;
794;483;0.4889165;0.5284606;0.4589267;0.5605556;487.8;0.2162819;False;11/23/2025 9:29:21 AM:777;1763861361777;;
793;483;0.4883114;0.5286087;0.4587179;0.5605481;489.3;0.2161184;False;11/23/2025 9:29:21 AM:799;1763861361799;;
792;480;0.4880062;0.5257933;0.4630696;0.4757116;487.5;0.2041952;False;11/23/2025 9:29:21 AM:821;1763861361821;;
788;480;0.485682;0.5258643;0.4365465;0.5372568;486.9;0.2175138;False;11/23/2025 9:29:21 AM:846;1763861361846;;
786;480;0.4840041;0.525917;0.4364135;0.5372506;486.3;0.2174012;False;11/23/2025 9:29:21 AM:866;1763861361866;;
789;481;0.486082;0.5262892;0.5164431;0.5589466;488.1;0.206078;False;11/23/2025 9:29:21 AM:889;1763861361889;;
791;481;0.4876686;0.5265884;0.5163362;0.5589421;489.7;0.2060032;False;11/23/2025 9:29:21 AM:910;1763861361910;;
774;485;0.4769709;0.5308995;0.3852149;0.6163392;487.9;0.2084357;False;11/23/2025 9:29:21 AM:933;1763861361933;;
766;485;0.4720098;0.5313903;0.4061868;0.5720615;488.3;0.210652;False;11/23/2025 9:29:21 AM:957;1763861361957;;
762;485;0.4694666;0.5314521;0.4162686;0.5538484;488.7;0.2109455;False;11/23/2025 9:29:21 AM:978;1763861361978;;
762;485;0.4693801;0.5315683;0.4584099;0.5455326;488.6;0.1977311;False;11/23/2025 9:29:21 AM:999;1763861361999;;
761;486;0.4688119;0.5317712;0.4380993;0.5645767;488.5;0.2234674;False;11/23/2025 9:29:22 AM:20;1763861362020;;
760;486;0.4683687;0.5319386;0.4384766;0.5645885;488.5;0.2237842;False;11/23/2025 9:29:22 AM:42;1763861362042;;
760;486;0.4682591;0.532785;0.4556656;0.580139;487.5;0.1955442;False;11/23/2025 9:29:22 AM:68;1763861362068;;
773;488;0.4765753;0.5346306;0.5415347;0.5977483;489.3;0.1939899;False;11/23/2025 9:29:22 AM:92;1763861362092;;
781;488;0.4813195;0.5347354;0.533121;0.5607094;486.4;0.2071918;False;11/23/2025 9:29:22 AM:116;1763861362116;;
789;488;0.4859427;0.5349193;0.536707;0.551464;483.9;0.2075026;False;11/23/2025 9:29:22 AM:142;1763861362142;;
791;501;0.4876165;0.5482933;0.5180626;0.6829796;484.2;0.1726135;False;11/23/2025 9:29:22 AM:168;1763861362168;;
788;528;0.4855863;0.5786873;0.449999;0.7650784;482.8;0.1231797;True;11/23/2025 9:29:22 AM:197;1763861362197;;
799;542;0.4922473;0.5938054;0.5548269;0.7384489;483.2;0.1464308;True;11/23/2025 9:29:22 AM:223;1763861362223;;
834;543;0.5138844;0.5941423;0.6182751;0.6358294;478.6;0.1373774;True;11/23/2025 9:29:22 AM:254;1763861362254;;
834;557;0.5138692;0.6100618;0.5092758;0.7566423;482.6;0.1416014;True;11/23/2025 9:29:22 AM:280;1763861362280;;
834;564;0.5138307;0.6180775;0.5070353;0.7358261;486.2;0.1418386;True;11/23/2025 9:29:22 AM:305;1763861362305;;
834;561;0.5137207;0.6147742;0.5047283;0.5793706;487.8;0.1988605;False;11/23/2025 9:29:22 AM:346;1763861362346;;
848;561;0.5225816;0.6146337;0.5976967;0.6091529;488.7;0.1826968;False;11/23/2025 9:29:22 AM:370;1763861362370;;
851;549;0.5246123;0.600992;0.5623894;0.4816487;488.3;0.1837486;False;11/23/2025 9:29:22 AM:393;1763861362393;;
855;547;0.5266814;0.5987833;0.5663326;0.5529118;487.5;0.2044303;False;11/23/2025 9:29:22 AM:416;1763861362416;;
858;545;0.5284284;0.5969527;0.5667506;0.552916;486.8;0.2048694;False;11/23/2025 9:29:22 AM:439;1763861362439;;
854;547;0.5261999;0.5987466;0.4896175;0.6500892;486.1;0.1903824;False;11/23/2025 9:29:22 AM:463;1763861362463;;
862;546;0.5312734;0.5975268;0.5916014;0.5630909;487.1;0.1956687;False;11/23/2025 9:29:22 AM:487;1763861362487;;
865;545;0.5330915;0.5973563;0.5741579;0.5843024;488.0;0.1964088;False;11/23/2025 9:29:22 AM:508;1763861362508;;
849;540;0.5230889;0.5909244;0.4439231;0.5014825;488.0;0.2051542;False;11/23/2025 9:29:22 AM:532;1763861362532;;
809;539;0.4987102;0.5904442;0.3808481;0.5646881;489.7;0.19302;False;11/23/2025 9:29:22 AM:556;1763861362556;;
798;540;0.4919356;0.5909925;0.429261;0.6150842;489.0;0.193268;False;11/23/2025 9:29:22 AM:580;1763861362580;;
779;540;0.4797497;0.5908516;0.3882973;0.5756152;488.4;0.1938218;False;11/23/2025 9:29:22 AM:602;1763861362602;;
790;540;0.486536;0.5908496;0.5535866;0.5898806;485.2;0.2069811;False;11/23/2025 9:29:22 AM:629;1763861362629;;
803;540;0.4944888;0.5908477;0.572651;0.589525;485.5;0.2017785;False;11/23/2025 9:29:22 AM:653;1763861362653;;
805;536;0.4958662;0.5869717;0.5329382;0.5166897;485.8;0.2079197;False;11/23/2025 9:29:22 AM:677;1763861362677;;
807;533;0.4969328;0.5840676;0.5332239;0.5166827;486.1;0.2082228;False;11/23/2025 9:29:22 AM:700;1763861362700;;
802;534;0.4941121;0.5844226;0.4566078;0.6003192;485.1;0.1915833;False;11/23/2025 9:29:22 AM:724;1763861362724;;
799;534;0.492012;0.5846995;0.4567232;0.6003181;484.3;0.1916978;False;11/23/2025 9:29:22 AM:745;1763861362745;;
798;534;0.491917;0.5846937;0.48651;0.5771587;483.6;0.1829855;False;11/23/2025 9:29:22 AM:770;1763861362770;;
739;549;0.4556358;0.6008754;0.3069667;0.7395846;484.2;0.1877147;False;11/23/2025 9:29:22 AM:793;1763861362793;;
712;560;0.4387226;0.6137546;0.3403448;0.7393217;486.4;0.1619232;True;11/23/2025 9:29:22 AM:816;1763861362816;;
691;570;0.4258631;0.6241066;0.3404105;0.7393292;488.4;0.1619681;True;11/23/2025 9:29:22 AM:839;1763861362839;;
657;570;0.4051485;0.6245883;0.2992548;0.6532177;489.1;0.1829301;False;11/23/2025 9:29:22 AM:864;1763861362864;;
640;583;0.3945766;0.6385282;0.3192027;0.7718136;489.3;0.1864798;False;11/23/2025 9:29:22 AM:888;1763861362888;;
612;588;0.3772773;0.6433988;0.2755169;0.7305768;487.6;0.1946658;False;11/23/2025 9:29:22 AM:910;1763861362910;;
577;589;0.3555144;0.6454381;0.2417529;0.7079157;486.0;0.1948893;False;11/23/2025 9:29:22 AM:933;1763861362933;;
576;596;0.3551583;0.6531577;0.3456264;0.7626318;485.7;0.1764076;False;11/23/2025 9:29:22 AM:957;1763861362957;;
561;599;0.3456314;0.655567;0.2719608;0.726169;486.7;0.1959156;False;11/23/2025 9:29:22 AM:980;1763861362980;;
549;601;0.3381862;0.6576109;0.2720407;0.7262274;487.6;0.1960172;False;11/23/2025 9:29:23 AM:4;1763861363004;;
534;601;0.3290609;0.6582508;0.2549034;0.7081398;488.5;0.1881054;False;11/23/2025 9:29:23 AM:28;1763861363028;;
516;601;0.3181282;0.657778;0.2355119;0.6449119;488.6;0.1786129;False;11/23/2025 9:29:23 AM:52;1763861363052;;
505;601;0.3110242;0.6586349;0.2442197;0.7089897;488.0;0.1631311;True;11/23/2025 9:29:23 AM:77;1763861363077;;
498;603;0.3072278;0.6606702;0.2548276;0.7303134;487.5;0.1630366;True;11/23/2025 9:29:23 AM:100;1763861363100;;
493;604;0.3041611;0.661145;0.2576715;0.7077359;488.8;0.1995803;False;11/23/2025 9:29:23 AM:125;1763861363125;;
493;606;0.3036633;0.6633467;0.2802215;0.7390899;490.1;0.1990419;False;11/23/2025 9:29:23 AM:147;1763861363147;;
489;606;0.3015377;0.6633523;0.2589053;0.6635402;490.8;0.1803266;False;11/23/2025 9:29:23 AM:172;1763861363172;;
488;606;0.3005872;0.6633776;0.2683424;0.6960106;488.4;0.1743776;False;11/23/2025 9:29:23 AM:195;1763861363195;;
477;606;0.2942866;0.6633455;0.2218547;0.6621046;489.4;0.1922304;False;11/23/2025 9:29:23 AM:218;1763861363218;;
469;605;0.2889896;0.6627341;0.2183142;0.6443582;490.4;0.1926254;False;11/23/2025 9:29:23 AM:240;1763861363240;;
468;595;0.2886637;0.6513599;0.2624931;0.5437019;492.5;0.2063829;False;11/23/2025 9:29:23 AM:264;1763861363264;;
467;599;0.2875752;0.6554343;0.2516884;0.7294632;492.7;0.1926502;False;11/23/2025 9:29:23 AM:293;1763861363293;;
468;599;0.2883647;0.655539;0.3038667;0.6824093;492.4;0.1838667;False;11/23/2025 9:29:23 AM:319;1763861363319;;
466;584;0.2873993;0.639602;0.251489;0.5080103;492.2;0.1855923;False;11/23/2025 9:29:23 AM:342;1763861363342;;
466;593;0.287558;0.6492726;0.2929072;0.7685637;493.6;0.1860531;False;11/23/2025 9:29:23 AM:364;1763861363364;;
457;592;0.2818969;0.648426;0.2128129;0.6247824;492.7;0.2029027;False;11/23/2025 9:29:23 AM:389;1763861363389;;
455;592;0.2802687;0.6484527;0.2365115;0.6628134;495.7;0.1843581;False;11/23/2025 9:29:23 AM:412;1763861363412;;
453;592;0.2793237;0.6484959;0.2410624;0.6590936;498.4;0.1845564;False;11/23/2025 9:29:23 AM:433;1763861363433;;
453;591;0.279307;0.6473577;0.2594364;0.6152588;498.3;0.1857318;False;11/23/2025 9:29:23 AM:456;1763861363456;;
453;587;0.2790588;0.6432164;0.2516052;0.572392;496.7;0.1686917;True;11/23/2025 9:29:23 AM:478;1763861363478;;
451;586;0.2782982;0.6420943;0.2405364;0.6031517;495.3;0.1692972;True;11/23/2025 9:29:23 AM:498;1763861363498;;
449;587;0.2770537;0.6422576;0.2342136;0.6572938;495.6;0.1793807;False;11/23/2025 9:29:23 AM:522;1763861363522;;
461;583;0.2844644;0.6387492;0.3472162;0.5713194;496.6;0.2024738;False;11/23/2025 9:29:23 AM:544;1763861363544;;
463;582;0.2852314;0.6373811;0.3022522;0.5916476;497.6;0.2030939;False;11/23/2025 9:29:23 AM:565;1763861363565;;
500;575;0.3084674;0.629688;0.4215505;0.5295076;496.7;0.200405;False;11/23/2025 9:29:23 AM:590;1763861363590;;
526;570;0.3239654;0.6241376;0.422232;0.5295032;496.0;0.2011379;False;11/23/2025 9:29:23 AM:610;1763861363610;;
573;555;0.3528949;0.60829;0.482296;0.4581749;498.1;0.2113398;False;11/23/2025 9:29:23 AM:633;1763861363633;;
592;552;0.365032;0.6042148;0.442023;0.5233005;498.0;0.2039023;False;11/23/2025 9:29:23 AM:657;1763861363657;;
592;549;0.3647282;0.6007891;0.3344912;0.5210109;498.0;0.1978873;False;11/23/2025 9:29:23 AM:681;1763861363681;;
591;546;0.3644914;0.5980396;0.334805;0.5210063;498.0;0.1982251;False;11/23/2025 9:29:23 AM:702;1763861363702;;
593;544;0.3657623;0.5952191;0.3863007;0.5181147;498.8;0.2133406;False;11/23/2025 9:29:23 AM:727;1763861363727;;
623;556;0.3842026;0.6083947;0.4872098;0.7219267;497.4;0.1982239;False;11/23/2025 9:29:23 AM:749;1763861363749;;
633;560;0.3898639;0.6136946;0.4447911;0.6844057;496.2;0.1991936;False;11/23/2025 9:29:23 AM:772;1763861363772;;
642;559;0.3954622;0.6121159;0.4511187;0.555375;498.2;0.2029822;False;11/23/2025 9:29:23 AM:795;1763861363795;;
642;557;0.3954484;0.6097013;0.3944796;0.5413828;496.2;0.1965994;False;11/23/2025 9:29:23 AM:819;1763861363819;;
640;556;0.3942799;0.6092792;0.3595192;0.5682611;495.7;0.1898093;False;11/23/2025 9:29:23 AM:843;1763861363843;;
638;556;0.3933797;0.6089417;0.3597808;0.568271;495.2;0.1900036;False;11/23/2025 9:29:23 AM:863;1763861363863;;
645;545;0.3974748;0.5963286;0.4464806;0.4532402;495.0;0.2108153;False;11/23/2025 9:29:23 AM:885;1763861363885;;
645;546;0.3977799;0.5978627;0.40908;0.6304188;494.8;0.2083708;False;11/23/2025 9:29:23 AM:908;1763861363908;;
646;547;0.3980358;0.5990866;0.4093229;0.6304244;494.5;0.2086634;False;11/23/2025 9:29:23 AM:928;1763861363928;;
653;544;0.4024029;0.5957024;0.4571168;0.5168674;494.4;0.2033763;False;11/23/2025 9:29:23 AM:950;1763861363950;;
651;544;0.4012369;0.5956348;0.3702114;0.5757986;491.1;0.1899039;False;11/23/2025 9:29:23 AM:973;1763861363973;;
644;544;0.3967222;0.5955887;0.3335165;0.5750374;488.0;0.190191;False;11/23/2025 9:29:23 AM:993;1763861363993;;
646;543;0.3981176;0.5947733;0.4258781;0.5492343;486.9;0.1963405;False;11/23/2025 9:29:24 AM:17;1763861364017;;
675;543;0.4158871;0.5947181;0.5261657;0.5723808;485.9;0.1956736;False;11/23/2025 9:29:24 AM:39;1763861364039;;
675;540;0.4162011;0.5914146;0.4295063;0.510278;485.1;0.2184148;False;11/23/2025 9:29:24 AM:60;1763861364060;;
692;540;0.4263054;0.5913396;0.5096677;0.5664185;486.0;0.2242599;False;11/23/2025 9:29:24 AM:83;1763861364083;;
704;540;0.4338577;0.591278;0.5098628;0.5664194;486.7;0.2245105;False;11/23/2025 9:29:24 AM:103;1763861364103;;
719;535;0.443326;0.5861358;0.5243237;0.4900229;484.8;0.1962102;False;11/23/2025 9:29:24 AM:127;1763861364127;;
719;542;0.4430096;0.593917;0.4282172;0.6820492;485.2;0.2068404;False;11/23/2025 9:29:24 AM:147;1763861364147;;
717;544;0.4418406;0.5960526;0.4107892;0.6416692;485.5;0.2078204;False;11/23/2025 9:29:24 AM:167;1763861364167;;
717;541;0.441831;0.5928095;0.4379147;0.51572;486.1;0.1993001;False;11/23/2025 9:29:24 AM:189;1763861364189;;
718;540;0.4426807;0.5918639;0.4670278;0.5431308;487.2;0.2030625;False;11/23/2025 9:29:24 AM:212;1763861364212;;
722;540;0.4447646;0.5912414;0.4819055;0.5488418;488.3;0.2029438;False;11/23/2025 9:29:24 AM:238;1763861364238;;
830;539;0.5114984;0.590544;0.7053759;0.5443968;488.8;0.2025123;False;11/23/2025 9:29:24 AM:262;1763861364262;;
851;539;0.5242552;0.590384;0.6016909;0.5776559;488.5;0.2135674;False;11/23/2025 9:29:24 AM:287;1763861364287;;
851;516;0.5242651;0.5649302;0.5245399;0.3832766;487.1;0.2269039;False;11/23/2025 9:29:24 AM:311;1763861364311;;
853;504;0.5256186;0.5523049;0.5493953;0.4088262;485.7;0.2265895;False;11/23/2025 9:29:24 AM:332;1763861364332;;
857;506;0.528179;0.5537715;0.5622471;0.5849622;485.7;0.2123671;False;11/23/2025 9:29:24 AM:358;1763861364358;;
858;515;0.5287393;0.5638933;0.5429682;0.6627535;484.0;0.2110647;False;11/23/2025 9:29:24 AM:382;1763861364382;;
859;522;0.5291733;0.5712622;0.5431049;0.6627547;482.5;0.2111452;False;11/23/2025 9:29:24 AM:405;1763861364405;;
859;518;0.5294956;0.5670742;0.5423049;0.4873636;482.7;0.2072151;False;11/23/2025 9:29:24 AM:427;1763861364427;;
857;516;0.527994;0.5649612;0.4915342;0.505233;484.3;0.1955725;False;11/23/2025 9:29:24 AM:449;1763861364449;;
855;514;0.5268114;0.5632773;0.4916503;0.5052323;485.7;0.1956946;False;11/23/2025 9:29:24 AM:470;1763861364470;;
860;514;0.529961;0.5631322;0.5710207;0.5370153;485.4;0.2108232;False;11/23/2025 9:29:24 AM:496;1763861364496;;
876;514;0.5399235;0.5630611;0.6229035;0.5525467;483.8;0.2104194;False;11/23/2025 9:29:24 AM:517;1763861364517;;
886;515;0.5459241;0.5634902;0.612157;0.5808176;482.4;0.2122138;False;11/23/2025 9:29:24 AM:538;1763861364538;;
872;519;0.5375316;0.568381;0.4632387;0.6382251;480.9;0.2014992;False;11/23/2025 9:29:24 AM:564;1763861364564;;
866;519;0.5333226;0.568122;0.4770413;0.5453068;479.4;0.2041622;False;11/23/2025 9:29:24 AM:586;1763861364586;;
860;519;0.529759;0.5679905;0.4741506;0.5487587;478.3;0.2054135;False;11/23/2025 9:29:24 AM:607;1763861364607;;
854;518;0.5261385;0.5673889;0.4696441;0.5329531;477.4;0.205738;False;11/23/2025 9:29:24 AM:630;1763861364630;;
846;517;0.5212721;0.5666547;0.4552927;0.5277635;476.7;0.1909754;False;11/23/2025 9:29:24 AM:653;1763861364653;;
858;517;0.528743;0.5666142;0.5926611;0.5617393;478.0;0.1946376;False;11/23/2025 9:29:24 AM:677;1763861364677;;
866;517;0.5338123;0.5665851;0.5933976;0.5617698;479.1;0.1951939;False;11/23/2025 9:29:24 AM:697;1763861364697;;
864;518;0.5323237;0.5671054;0.4949331;0.5882352;481.1;0.2252788;False;11/23/2025 9:29:24 AM:719;1763861364719;;
830;498;0.5111819;0.5454581;0.3881986;0.3780537;481.7;0.2084;False;11/23/2025 9:29:24 AM:742;1763861364742;;
805;484;0.4962085;0.5295458;0.3886388;0.3781022;482.3;0.2087559;False;11/23/2025 9:29:24 AM:763;1763861364763;;
845;483;0.5206866;0.5293203;0.6373688;0.505552;479.4;0.2108043;False;11/23/2025 9:29:24 AM:789;1763861364789;;
847;488;0.5217747;0.534838;0.5461212;0.611227;479.5;0.1944176;False;11/23/2025 9:29:24 AM:814;1763861364814;;
846;491;0.5215167;0.5373214;0.5045289;0.5935592;479.6;0.1950247;False;11/23/2025 9:29:24 AM:835;1763861364835;;
829;490;0.510963;0.5367862;0.4225415;0.5090364;480.2;0.2059302;False;11/23/2025 9:29:24 AM:857;1763861364857;;
829;492;0.5106587;0.5391941;0.4912932;0.5948254;479.1;0.1903272;False;11/23/2025 9:29:24 AM:879;1763861364879;;
817;494;0.5034056;0.5407099;0.4253929;0.5874425;478.1;0.1906074;False;11/23/2025 9:29:24 AM:900;1763861364900;;
816;493;0.5030016;0.5401585;0.4800871;0.5154649;477.1;0.2114132;False;11/23/2025 9:29:24 AM:924;1763861364924;;
816;495;0.5027649;0.5422603;0.4821619;0.5977058;478.4;0.1964554;False;11/23/2025 9:29:24 AM:945;1763861364945;;
816;497;0.5025994;0.5439695;0.4831492;0.5977427;479.7;0.1972172;False;11/23/2025 9:29:24 AM:965;1763861364965;;
816;497;0.502579;0.5439208;0.488667;0.53919;478.8;0.1987935;False;11/23/2025 9:29:24 AM:987;1763861364987;;
811;500;0.4997497;0.5479286;0.4468867;0.6253091;477.0;0.2043491;False;11/23/2025 9:29:25 AM:9;1763861365009;;
807;503;0.4975284;0.5511226;0.4471837;0.6253222;475.4;0.2045813;False;11/23/2025 9:29:25 AM:30;1763861365030;;
803;503;0.4944614;0.5511696;0.4391891;0.5635703;477.4;0.2019495;False;11/23/2025 9:29:25 AM:55;1763861365055;;
801;502;0.4935766;0.5497522;0.4554981;0.5122679;479.1;0.1940018;False;11/23/2025 9:29:25 AM:75;1763861365075;;
793;502;0.488517;0.5497737;0.4138412;0.5562131;480.6;0.1950942;False;11/23/2025 9:29:25 AM:97;1763861365097;;
793;496;0.4886202;0.5434791;0.4917916;0.4569176;478.4;0.202789;False;11/23/2025 9:29:25 AM:118;1763861365118;;
800;496;0.4931382;0.5432888;0.542526;0.5290368;478.2;0.1842204;False;11/23/2025 9:29:25 AM:140;1763861365140;;
800;496;0.4930826;0.5432931;0.4884754;0.5471848;478.1;0.1845994;False;11/23/2025 9:29:25 AM:159;1763861365159;;
796;495;0.4903543;0.5418172;0.4371232;0.4975036;476.1;0.1868727;False;11/23/2025 9:29:25 AM:182;1763861365182;;
795;494;0.4901142;0.5414142;0.4660996;0.5168276;473.3;0.2099257;False;11/23/2025 9:29:25 AM:204;1763861365204;;
795;494;0.4899018;0.5410452;0.4663268;0.5168335;470.7;0.2101042;False;11/23/2025 9:29:25 AM:227;1763861365227;;
795;507;0.4898028;0.5549166;0.4819087;0.6839607;471.4;0.1940446;False;11/23/2025 9:29:25 AM:250;1763861365250;;
790;515;0.4867355;0.5637134;0.4292327;0.6724386;472.1;0.1950429;False;11/23/2025 9:29:25 AM:272;1763861365272;;
793;515;0.4887485;0.5637597;0.5205318;0.5738783;471.8;0.2099133;False;11/23/2025 9:29:25 AM:293;1763861365293;;
802;517;0.4941669;0.565674;0.5520263;0.6199507;470.2;0.2011616;False;11/23/2025 9:29:25 AM:314;1763861365314;;
804;519;0.495632;0.5683329;0.5247261;0.633489;468.8;0.201546;False;11/23/2025 9:29:25 AM:335;1763861365335;;
805;519;0.4962968;0.5683382;0.5154103;0.5689155;470.6;0.2024293;False;11/23/2025 9:29:25 AM:358;1763861365358;;
806;519;0.4963509;0.5682563;0.5009782;0.5618981;468.4;0.1886915;False;11/23/2025 9:29:25 AM:380;1763861365380;;
806;519;0.4964059;0.5678877;0.5017408;0.548595;466.4;0.1890872;False;11/23/2025 9:29:25 AM:401;1763861365401;;
794;519;0.4889595;0.5678938;0.417734;0.5694802;469.1;0.2049883;False;11/23/2025 9:29:25 AM:426;1763861365426;;
795;517;0.4900572;0.5661844;0.517445;0.5192439;470.2;0.1943937;False;11/23/2025 9:29:25 AM:448;1763861365448;;
794;515;0.4892419;0.5641618;0.462188;0.5105365;471.2;0.1955681;False;11/23/2025 9:29:25 AM:468;1763861365468;;
797;510;0.4913343;0.5580655;0.5279121;0.4689575;474.4;0.2011281;False;11/23/2025 9:29:25 AM:492;1763861365492;;
797;509;0.4913306;0.5579755;0.4891255;0.5414718;474.5;0.1966387;False;11/23/2025 9:29:25 AM:514;1763861365514;;
811;509;0.4999686;0.5573743;0.5769386;0.5236223;477.3;0.2018057;False;11/23/2025 9:29:25 AM:538;1763861365538;;
824;508;0.507421;0.5565515;0.586156;0.5140876;479.9;0.2021939;False;11/23/2025 9:29:25 AM:557;1763861365557;;
823;508;0.5069734;0.5568537;0.4905302;0.5704082;480.1;0.1788798;False;11/23/2025 9:29:25 AM:581;1763861365581;;
823;509;0.5069838;0.5574958;0.510173;0.5816752;479.5;0.2104291;False;11/23/2025 9:29:25 AM:604;1763861365604;;
822;509;0.5067518;0.557618;0.4941011;0.5671862;479.0;0.2112332;False;11/23/2025 9:29:25 AM:628;1763861365628;;
822;509;0.506627;0.5570943;0.4971004;0.5288914;478.9;0.1993136;False;11/23/2025 9:29:25 AM:653;1763861365653;;
824;509;0.5074735;0.5571037;0.5320045;0.5584543;477.8;0.2036909;False;11/23/2025 9:29:25 AM:676;1763861365676;;
824;508;0.50757;0.5558856;0.5170106;0.5100198;476.8;0.2043992;False;11/23/2025 9:29:25 AM:696;1763861365696;;
824;508;0.5075645;0.5559095;0.5062602;0.5584211;474.5;0.203773;False;11/23/2025 9:29:25 AM:720;1763861365720;;
825;507;0.5085018;0.5551431;0.5359121;0.5182094;475.0;0.1989988;False;11/23/2025 9:29:25 AM:743;1763861365743;;
827;506;0.5092544;0.5545436;0.5364011;0.5182008;475.5;0.1994727;False;11/23/2025 9:29:25 AM:762;1763861365762;;
827;506;0.5092623;0.5542229;0.5107489;0.5248795;474.6;0.1879209;False;11/23/2025 9:29:25 AM:784;1763861365784;;
806;510;0.4967214;0.5580904;0.4051115;0.6231487;474.3;0.1995047;False;11/23/2025 9:29:25 AM:806;1763861365806;;
780;523;0.480307;0.5731158;0.37486;0.7087564;473.9;0.1998275;False;11/23/2025 9:29:25 AM:828;1763861365828;;
783;523;0.4824248;0.5727267;0.5258512;0.5467553;472.6;0.1960938;False;11/23/2025 9:29:25 AM:849;1763861365849;;
783;518;0.4824347;0.5668112;0.4896773;0.4750566;472.2;0.1995057;False;11/23/2025 9:29:25 AM:872;1763861365872;;
783;513;0.4825744;0.5622074;0.4978308;0.4770522;471.9;0.1996361;False;11/23/2025 9:29:25 AM:894;1763861365894;;
782;513;0.4818966;0.56219;0.4629034;0.5466511;474.1;0.2031224;False;11/23/2025 9:29:25 AM:915;1763861365915;;
845;513;0.520713;0.561571;0.678781;0.5232863;476.0;0.1914167;False;11/23/2025 9:29:25 AM:938;1763861365938;;
890;512;0.5481303;0.5610498;0.6790335;0.5232708;477.6;0.1915913;False;11/23/2025 9:29:25 AM:962;1763861365962;;
886;512;0.5458278;0.560967;0.4973202;0.5503847;477.1;0.1907296;False;11/23/2025 9:29:25 AM:984;1763861365984;;
882;512;0.5433084;0.5610649;0.4890321;0.5668024;478.7;0.1994209;False;11/23/2025 9:29:26 AM:6;1763861366006;;
876;512;0.5395121;0.56081;0.4725769;0.531078;480.2;0.2004173;False;11/23/2025 9:29:26 AM:26;1763861366026;;
828;517;0.5103664;0.5661395;0.3611908;0.6424246;482.6;0.185552;False;11/23/2025 9:29:26 AM:48;1763861366048;;
840;516;0.5172842;0.5655804;0.5837986;0.5315043;481.3;0.2021297;False;11/23/2025 9:29:26 AM:70;1763861366070;;
848;516;0.522734;0.565118;0.5846626;0.531486;480.1;0.2025944;False;11/23/2025 9:29:26 AM:90;1763861366090;;
848;514;0.5227267;0.5626537;0.5212609;0.4972651;478.3;0.2159498;False;11/23/2025 9:29:26 AM:112;1763861366112;;
847;511;0.5216908;0.5595943;0.4908672;0.484885;476.7;0.2162101;False;11/23/2025 9:29:26 AM:134;1763861366134;;
863;511;0.5315807;0.559558;0.6121948;0.5386177;477.3;0.1906338;False;11/23/2025 9:29:26 AM:157;1763861366157;;
838;511;0.5164279;0.5600404;0.4105542;0.5771382;478.8;0.2104475;False;11/23/2025 9:29:26 AM:178;1763861366178;;
812;513;0.500168;0.5619431;0.3969289;0.6025465;480.3;0.2110228;False;11/23/2025 9:29:26 AM:203;1763861366203;;
851;513;0.5242588;0.5619241;0.6491814;0.5591945;482.1;0.2115631;False;11/23/2025 9:29:26 AM:226;1763861366226;;
866;513;0.5337229;0.5618476;0.6147267;0.5444403;482.2;0.2028699;False;11/23/2025 9:29:26 AM:246;1763861366246;;
879;513;0.5414935;0.5617788;0.6155929;0.5443898;482.4;0.2034865;False;11/23/2025 9:29:26 AM:268;1763861366268;;
847;513;0.521651;0.5619048;0.4089737;0.569856;481.9;0.1941115;False;11/23/2025 9:29:26 AM:292;1763861366292;;
834;532;0.513554;0.5830625;0.439529;0.7352196;483.7;0.2154812;False;11/23/2025 9:29:26 AM:316;1763861366316;;
834;532;0.513684;0.582294;0.5222456;0.545759;484.4;0.1860888;False;11/23/2025 9:29:26 AM:337;1763861366337;;
834;531;0.5137745;0.5810695;0.521184;0.5346123;485.0;0.1865845;False;11/23/2025 9:29:26 AM:360;1763861366360;;
834;528;0.5136318;0.5786067;0.5024109;0.5140156;484.3;0.201164;False;11/23/2025 9:29:26 AM:381;1763861366381;;
833;528;0.5130254;0.5785202;0.4903433;0.5562954;484.2;0.195098;False;11/23/2025 9:29:26 AM:404;1763861366404;;
832;528;0.5125751;0.5784497;0.4910468;0.5562897;484.1;0.1958696;False;11/23/2025 9:29:26 AM:426;1763861366426;;
828;523;0.5100539;0.5722858;0.4646855;0.4751995;485.2;0.1906863;False;11/23/2025 9:29:26 AM:449;1763861366449;;
838;520;0.5161663;0.5690225;0.5804383;0.4890325;485.6;0.190805;False;11/23/2025 9:29:26 AM:470;1763861366470;;
839;519;0.5167472;0.5684285;0.5356745;0.5232074;486.0;0.1915906;False;11/23/2025 9:29:26 AM:492;1763861366492;;
843;519;0.5194942;0.5680606;0.5636452;0.5272408;485.4;0.200166;False;11/23/2025 9:29:26 AM:514;1763861366514;;
847;518;0.5219089;0.5677283;0.5641385;0.5272391;484.9;0.2006902;False;11/23/2025 9:29:26 AM:536;1763861366536;;
840;518;0.5178142;0.5677644;0.463412;0.5693821;487.4;0.2031565;False;11/23/2025 9:29:26 AM:558;1763861366558;;
837;517;0.515403;0.5663195;0.4759463;0.5098587;485.9;0.2064506;False;11/23/2025 9:29:26 AM:585;1763861366585;;
882;517;0.5434857;0.5662834;0.6803586;0.5349741;485.4;0.2070704;False;11/23/2025 9:29:26 AM:606;1763861366606;;
892;517;0.5496365;0.566134;0.6132839;0.5525367;485.0;0.2082682;False;11/23/2025 9:29:26 AM:627;1763861366627;;
880;526;0.5422682;0.5756328;0.463065;0.6775634;485.4;0.2121767;False;11/23/2025 9:29:26 AM:648;1763861366648;;
880;526;0.5422568;0.5757391;0.5332302;0.5815306;485.7;0.1788224;False;11/23/2025 9:29:26 AM:669;1763861366669;;
875;527;0.5391907;0.5771105;0.4848288;0.6136754;485.9;0.1791137;False;11/23/2025 9:29:26 AM:690;1763861366690;;
872;542;0.5372496;0.5933364;0.4915957;0.7342055;484.7;0.2001195;False;11/23/2025 9:29:26 AM:711;1763861366711;;
872;542;0.5372052;0.5940566;0.5259577;0.6222952;483.6;0.2008514;False;11/23/2025 9:29:26 AM:732;1763861366732;;
871;531;0.5365614;0.5816929;0.5068744;0.4565163;482.6;0.2110267;False;11/23/2025 9:29:26 AM:755;1763861366755;;
872;531;0.5371532;0.5819094;0.5524201;0.5950197;481.0;0.186801;False;11/23/2025 9:29:26 AM:777;1763861366777;;
872;525;0.537102;0.5747668;0.5291446;0.4804674;483.2;0.206093;False;11/23/2025 9:29:26 AM:803;1763861366803;;
872;521;0.5370972;0.570781;0.5251436;0.4868292;485.3;0.2055062;False;11/23/2025 9:29:26 AM:824;1763861366824;;
861;517;0.5304282;0.5663831;0.4534974;0.4788571;481.6;0.1928724;False;11/23/2025 9:29:26 AM:845;1763861366845;;
854;515;0.5259081;0.5636237;0.4615742;0.4910053;480.6;0.1948153;False;11/23/2025 9:29:26 AM:868;1763861366868;;
847;512;0.5218284;0.5610572;0.461581;0.4910053;479.7;0.194822;False;11/23/2025 9:29:26 AM:893;1763861366893;;
856;522;0.5274671;0.5717375;0.5796962;0.6690112;479.4;0.1938592;False;11/23/2025 9:29:26 AM:918;1763861366918;;
853;522;0.5255675;0.571514;0.4828799;0.5412215;479.9;0.1955946;False;11/23/2025 9:29:26 AM:944;1763861366944;;
852;521;0.5246795;0.5700901;0.4885525;0.511786;480.5;0.1960699;False;11/23/2025 9:29:26 AM:965;1763861366965;;
853;520;0.5256509;0.569217;0.5464919;0.5188695;480.0;0.2046834;False;11/23/2025 9:29:26 AM:986;1763861366986;;
849;520;0.5232133;0.5691562;0.4735868;0.5391178;480.6;0.2133405;False;11/23/2025 9:29:27 AM:8;1763861367008;;
845;520;0.5205519;0.5690783;0.466788;0.5461006;481.2;0.2131755;False;11/23/2025 9:29:27 AM:30;1763861367030;;
813;519;0.5010956;0.5678429;0.378372;0.5116439;478.7;0.187963;False;11/23/2025 9:29:27 AM:53;1763861367053;;
814;518;0.5012432;0.5672689;0.5065507;0.5220784;480.8;0.1904758;False;11/23/2025 9:29:27 AM:77;1763861367077;;
813;518;0.5012199;0.567179;0.4992945;0.5323402;482.7;0.1911593;False;11/23/2025 9:29:27 AM:99;1763861367099;;
813;519;0.5010175;0.5679449;0.4818489;0.5889664;483.6;0.199627;False;11/23/2025 9:29:27 AM:121;1763861367121;;
811;519;0.4994724;0.5679734;0.460238;0.5693328;484.0;0.1925571;False;11/23/2025 9:29:27 AM:144;1763861367144;;
808;522;0.4979471;0.5718368;0.4569393;0.6326523;487.5;0.2003168;False;11/23/2025 9:29:27 AM:167;1763861367167;;
806;525;0.4967801;0.5748234;0.4574192;0.6326715;490.5;0.2006748;False;11/23/2025 9:29:27 AM:188;1763861367188;;
816;525;0.5028141;0.5748134;0.5605059;0.5730253;490.3;0.2045847;False;11/23/2025 9:29:27 AM:212;1763861367212;;
833;525;0.51317;0.5747177;0.5948057;0.5581114;492.3;0.2055711;False;11/23/2025 9:29:27 AM:233;1763861367233;;
836;525;0.5147815;0.5746521;0.5464267;0.5590657;494.1;0.2063933;False;11/23/2025 9:29:27 AM:253;1763861367253;;
834;525;0.5136089;0.5746079;0.4808851;0.5608192;492.8;0.2132474;False;11/23/2025 9:29:27 AM:278;1763861367278;;
842;525;0.5188098;0.5746253;0.572841;0.5764197;494.0;0.2053623;False;11/23/2025 9:29:27 AM:303;1763861367303;;
840;524;0.517449;0.5739686;0.4809318;0.5382023;495.1;0.2062599;False;11/23/2025 9:29:27 AM:323;1763861367323;;
840;523;0.5174475;0.5731366;0.5090241;0.5340261;490.4;0.2122977;False;11/23/2025 9:29:27 AM:347;1763861367347;;
837;523;0.5158517;0.5731255;0.4767671;0.5600016;490.6;0.1893154;False;11/23/2025 9:29:27 AM:369;1763861367369;;
835;523;0.5145162;0.5731155;0.4771112;0.5599951;490.7;0.1896699;False;11/23/2025 9:29:27 AM:391;1763861367391;;
834;523;0.5138614;0.5731086;0.4844542;0.5587776;491.5;0.2041873;False;11/23/2025 9:29:27 AM:415;1763861367415;;
833;522;0.5134975;0.5712825;0.4872531;0.5115069;492.3;0.2053899;False;11/23/2025 9:29:27 AM:435;1763861367435;;
835;520;0.514502;0.5691652;0.5351155;0.5075032;493.3;0.1998074;False;11/23/2025 9:29:27 AM:458;1763861367458;;
811;522;0.4994493;0.5717213;0.3924594;0.6206261;492.9;0.2034575;False;11/23/2025 9:29:27 AM:480;1763861367480;;
793;519;0.4886254;0.5683417;0.3976563;0.4946042;490.6;0.2051531;False;11/23/2025 9:29:27 AM:504;1763861367504;;
781;517;0.4810619;0.5658373;0.3979089;0.4946026;488.4;0.2054373;False;11/23/2025 9:29:27 AM:524;1763861367524;;
766;517;0.4720536;0.5664823;0.385605;0.5870713;487.7;0.1940984;False;11/23/2025 9:29:27 AM:546;1763861367546;;
756;518;0.465919;0.5667459;0.3936066;0.5785286;487.1;0.2131529;False;11/23/2025 9:29:27 AM:570;1763861367570;;
746;518;0.4596928;0.5672501;0.3801176;0.5889555;486.6;0.2139106;False;11/23/2025 9:29:27 AM:589;1763861367589;;
746;517;0.459611;0.566215;0.4480122;0.522113;484.4;0.2112131;False;11/23/2025 9:29:27 AM:612;1763861367612;;
746;517;0.4593934;0.5662121;0.4357547;0.5523185;484.6;0.2075837;False;11/23/2025 9:29:27 AM:633;1763861367633;;
746;516;0.4593682;0.5651144;0.4432414;0.5187141;484.8;0.2076009;False;11/23/2025 9:29:27 AM:656;1763861367656;;
761;515;0.4689875;0.5641252;0.5451574;0.5175444;483.4;0.2160743;False;11/23/2025 9:29:27 AM:677;1763861367677;;
761;517;0.4689325;0.5662916;0.4590798;0.6125911;481.8;0.1963789;False;11/23/2025 9:29:27 AM:699;1763861367699;;
761;519;0.4688838;0.5680404;0.459519;0.6125882;480.4;0.1968431;False;11/23/2025 9:29:27 AM:719;1763861367719;;
766;514;0.4720668;0.5631322;0.5153584;0.4770976;479.4;0.2113112;False;11/23/2025 9:29:27 AM:741;1763861367741;;
759;514;0.4679429;0.5631004;0.4077367;0.5468685;479.1;0.2022085;False;11/23/2025 9:29:27 AM:763;1763861367763;;
753;514;0.4638911;0.5629904;0.4015687;0.5416579;478.9;0.2024295;False;11/23/2025 9:29:27 AM:784;1763861367784;;
753;514;0.4638371;0.5627136;0.4594442;0.5345718;481.2;0.2074135;False;11/23/2025 9:29:27 AM:806;1763861367806;;
754;514;0.4644185;0.5624633;0.4805222;0.533974;483.2;0.2078185;False;11/23/2025 9:29:27 AM:828;1763861367828;;
771;511;0.4751789;0.5600394;0.5598646;0.4924163;483.2;0.2083518;False;11/23/2025 9:29:27 AM:848;1763861367848;;
772;516;0.4757339;0.5647002;0.4927145;0.6337369;483.7;0.2239134;False;11/23/2025 9:29:27 AM:872;1763861367872;;
773;519;0.4761971;0.5684879;0.4926889;0.6337363;484.2;0.2238916;False;11/23/2025 9:29:27 AM:894;1763861367894;;
766;518;0.4722306;0.5677552;0.4165986;0.5320584;482.6;0.2087626;False;11/23/2025 9:29:27 AM:917;1763861367917;;
761;518;0.4691153;0.5672789;0.4163464;0.535174;483.1;0.199512;False;11/23/2025 9:29:27 AM:938;1763861367938;;
757;518;0.4664755;0.5669136;0.4163075;0.5367991;483.6;0.2002799;False;11/23/2025 9:29:27 AM:959;1763861367959;;
749;518;0.4615906;0.5676588;0.3946455;0.5939699;485.9;0.1939139;False;11/23/2025 9:29:27 AM:979;1763861367979;;
806;517;0.4966368;0.565647;0.6320543;0.5110058;485.1;0.2036529;False;11/23/2025 9:29:28 AM:5;1763861368005;;
839;515;0.5171513;0.5642855;0.6315871;0.5110394;484.3;0.2033432;False;11/23/2025 9:29:28 AM:25;1763861368025;;
833;512;0.5131434;0.5602002;0.4448039;0.4777125;483.4;0.2088768;False;11/23/2025 9:29:28 AM:48;1763861368048;;
847;508;0.5218317;0.5558306;0.5866029;0.4697729;486.5;0.1971812;False;11/23/2025 9:29:28 AM:72;1763861368072;;
845;507;0.5207673;0.5556794;0.4784155;0.5229074;485.6;0.204865;False;11/23/2025 9:29:28 AM:94;1763861368094;;
835;506;0.5143862;0.5545432;0.431154;0.4983208;484.8;0.2054319;False;11/23/2025 9:29:28 AM:115;1763861368115;;
834;506;0.5136253;0.5544091;0.4725778;0.5438846;484.7;0.2000778;False;11/23/2025 9:29:28 AM:135;1763861368135;;
835;506;0.5147579;0.5543945;0.5343565;0.5277081;484.5;0.2098845;False;11/23/2025 9:29:28 AM:157;1763861368157;;
835;506;0.5145729;0.5543646;0.4864683;0.5287544;484.4;0.2101385;False;11/23/2025 9:29:28 AM:178;1763861368178;;
843;505;0.5192505;0.5532084;0.5692089;0.4970813;482.6;0.2106683;False;11/23/2025 9:29:28 AM:198;1763861368198;;
843;504;0.5194166;0.5518236;0.5250733;0.4903889;480.9;0.2113408;False;11/23/2025 9:29:28 AM:219;1763861368219;;
834;504;0.514141;0.5518042;0.4428533;0.5205928;482.0;0.1978035;False;11/23/2025 9:29:28 AM:241;1763861368241;;
818;504;0.5037116;0.5516478;0.4032285;0.5334589;483.0;0.1984038;False;11/23/2025 9:29:28 AM:261;1763861368261;;
808;512;0.4980112;0.5608981;0.4269185;0.6530101;483.5;0.222707;False;11/23/2025 9:29:28 AM:285;1763861368285;;
810;519;0.4992106;0.5687087;0.5217675;0.6615573;485.7;0.2054585;False;11/23/2025 9:29:28 AM:307;1763861368307;;
810;521;0.4988202;0.5706782;0.4711436;0.6180066;487.7;0.2064458;False;11/23/2025 9:29:28 AM:327;1763861368327;;
809;517;0.4985557;0.5660309;0.473609;0.4820723;490.0;0.1912489;False;11/23/2025 9:29:28 AM:348;1763861368348;;
809;517;0.4985845;0.5657784;0.4997663;0.5385513;490.5;0.2028786;False;11/23/2025 9:29:28 AM:371;1763861368371;;
809;515;0.4985644;0.5639212;0.4843736;0.5048409;490.8;0.2030958;False;11/23/2025 9:29:28 AM:394;1763861368394;;
810;518;0.4990585;0.5672597;0.5128605;0.6264614;492.1;0.1981915;False;11/23/2025 9:29:28 AM:415;1763861368415;;
806;518;0.4967924;0.5670418;0.4486132;0.5416299;491.9;0.1839498;False;11/23/2025 9:29:28 AM:437;1763861368437;;
798;517;0.4915443;0.5665937;0.4181735;0.5319542;491.8;0.18406;False;11/23/2025 9:29:28 AM:456;1763861368456;;
801;515;0.4935196;0.5635365;0.525368;0.4903932;492.1;0.2010912;False;11/23/2025 9:29:28 AM:478;1763861368478;;
799;514;0.4920138;0.5633005;0.4508169;0.5319044;490.5;0.2029064;False;11/23/2025 9:29:28 AM:500;1763861368500;;
799;514;0.4919966;0.563234;0.4908029;0.5489035;489.1;0.2033346;False;11/23/2025 9:29:28 AM:519;1763861368519;;
794;519;0.4889655;0.5689187;0.4338449;0.6480061;487.1;0.1967241;False;11/23/2025 9:29:28 AM:541;1763861368541;;
794;519;0.4892744;0.5688852;0.498986;0.5635103;485.9;0.2032102;False;11/23/2025 9:29:28 AM:563;1763861368563;;
794;519;0.4895156;0.5688584;0.4989896;0.5635102;484.8;0.2032141;False;11/23/2025 9:29:28 AM:583;1763861368583;;
796;519;0.4906653;0.568855;0.516425;0.557065;483.3;0.1946445;False;11/23/2025 9:29:28 AM:604;1763861368604;;
791;522;0.4872274;0.5720274;0.4334949;0.6314633;482.7;0.1934298;False;11/23/2025 9:29:28 AM:626;1763861368626;;
786;525;0.484589;0.5744867;0.43355;0.6314525;482.1;0.1934824;False;11/23/2025 9:29:28 AM:647;1763861368647;;
788;520;0.4857633;0.5697142;0.5109821;0.4879457;481.0;0.1870659;False;11/23/2025 9:29:28 AM:669;1763861368669;;
790;517;0.4867251;0.5659396;0.5113403;0.4880035;480.0;0.1874117;False;11/23/2025 9:29:28 AM:689;1763861368689;;
790;518;0.4866627;0.5673468;0.4761707;0.6066527;480.9;0.1808382;False;11/23/2025 9:29:28 AM:710;1763861368710;;
790;519;0.4866108;0.5685529;0.4763524;0.6066471;481.6;0.1810086;False;11/23/2025 9:29:28 AM:732;1763861368732;;
753;519;0.4640379;0.5681271;0.3450798;0.5443584;481.3;0.193098;False;11/23/2025 9:29:28 AM:758;1763861368758;;
750;525;0.4620423;0.5746488;0.4231114;0.662249;483.8;0.204841;False;11/23/2025 9:29:28 AM:782;1763861368782;;
760;521;0.4680064;0.5708746;0.5315756;0.5003647;484.7;0.2073857;False;11/23/2025 9:29:28 AM:804;1763861368804;;
767;518;0.4727868;0.5678316;0.5324882;0.5003371;485.4;0.2080758;False;11/23/2025 9:29:28 AM:825;1763861368825;;
770;519;0.4744408;0.5683203;0.511102;0.5912083;486.0;0.1873864;False;11/23/2025 9:29:28 AM:846;1763861368846;;
770;525;0.4744169;0.5753427;0.4714371;0.6689157;487.8;0.2036302;False;11/23/2025 9:29:28 AM:869;1763861368869;;
770;530;0.4743999;0.5806999;0.4716685;0.6689224;489.4;0.2037967;False;11/23/2025 9:29:28 AM:889;1763861368889;;
777;530;0.4789409;0.5802984;0.5381562;0.5594073;488.4;0.1931782;False;11/23/2025 9:29:28 AM:911;1763861368911;;
777;528;0.4789965;0.5784719;0.4884583;0.5298002;487.7;0.1884864;False;11/23/2025 9:29:28 AM:932;1763861368932;;
777;527;0.4790444;0.5769728;0.4885127;0.5297989;487.1;0.1885375;False;11/23/2025 9:29:28 AM:954;1763861368954;;
779;518;0.4800648;0.5673352;0.5114642;0.4508335;489.5;0.1944281;False;11/23/2025 9:29:28 AM:975;1763861368975;;
726;521;0.4474981;0.5700377;0.3004588;0.627582;488.8;0.1931579;False;11/23/2025 9:29:28 AM:997;1763861368997;;
691;521;0.4260979;0.5701417;0.3138804;0.580012;488.1;0.1934882;False;11/23/2025 9:29:29 AM:18;1763861369018;;
691;519;0.4261025;0.5681248;0.4476205;0.5158369;488.8;0.1885325;False;11/23/2025 9:29:29 AM:43;1763861369043;;
694;515;0.4277026;0.5643773;0.4727468;0.4937076;489.7;0.2042474;False;11/23/2025 9:29:29 AM:68;1763861369068;;
694;508;0.4278474;0.5559945;0.4555605;0.439802;490.5;0.2046392;False;11/23/2025 9:29:29 AM:89;1763861369089;;
694;506;0.4279117;0.5540439;0.4495824;0.4956872;490.6;0.1961992;False;11/23/2025 9:29:29 AM:113;1763861369113;;
702;501;0.4326192;0.5481814;0.5049789;0.4475189;489.9;0.1918915;False;11/23/2025 9:29:29 AM:134;1763861369134;;
709;495;0.4369645;0.5426375;0.5089138;0.4407459;489.4;0.1923195;False;11/23/2025 9:29:29 AM:155;1763861369155;;
701;503;0.4317442;0.5508424;0.3813872;0.641197;488.1;0.2141026;False;11/23/2025 9:29:29 AM:177;1763861369177;;
702;504;0.4323208;0.5514921;0.4672451;0.5733103;488.3;0.1993752;False;11/23/2025 9:29:29 AM:199;1763861369199;;
700;505;0.4312489;0.5532033;0.4103411;0.5960548;488.5;0.1999216;False;11/23/2025 9:29:29 AM:219;1763861369219;;
689;505;0.424301;0.5525381;0.3623497;0.5159892;489.1;0.1924492;False;11/23/2025 9:29:29 AM:241;1763861369241;;
690;505;0.4248893;0.5532583;0.4545483;0.578141;490.6;0.1952709;False;11/23/2025 9:29:29 AM:265;1763861369265;;
700;505;0.4315053;0.5532392;0.5092;0.5475982;492.0;0.1954701;False;11/23/2025 9:29:29 AM:286;1763861369286;;
771;507;0.4751286;0.5549426;0.6463968;0.5978941;490.8;0.1891782;False;11/23/2025 9:29:29 AM:310;1763861369310;;
792;507;0.4881171;0.5549413;0.583575;0.554499;490.3;0.193916;False;11/23/2025 9:29:29 AM:332;1763861369332;;
796;507;0.4907605;0.5556836;0.5376434;0.5875419;489.9;0.1944282;False;11/23/2025 9:29:29 AM:352;1763861369352;;
798;503;0.4914132;0.5510889;0.5151949;0.4718878;490.4;0.192935;False;11/23/2025 9:29:29 AM:373;1763861369373;;
798;503;0.4913882;0.5512723;0.4885465;0.5648142;491.8;0.1978885;False;11/23/2025 9:29:29 AM:395;1763861369395;;
797;503;0.4912054;0.5512643;0.4804099;0.5453396;493.1;0.1982587;False;11/23/2025 9:29:29 AM:415;1763861369415;;
797;502;0.4908242;0.5496902;0.4743315;0.5003647;492.7;0.1974534;False;11/23/2025 9:29:29 AM:437;1763861369437;;
792;502;0.4878013;0.5498188;0.4400398;0.5597886;493.9;0.1917202;False;11/23/2025 9:29:29 AM:458;1763861369458;;
787;502;0.4848053;0.5499533;0.4400586;0.559788;494.9;0.1917392;False;11/23/2025 9:29:29 AM:485;1763861369485;;
785;503;0.4834089;0.5509914;0.4469109;0.5874895;492.4;0.2115377;False;11/23/2025 9:29:29 AM:507;1763861369507;;
783;503;0.4822719;0.5509334;0.4462436;0.541413;490.2;0.2134428;False;11/23/2025 9:29:29 AM:526;1763861369526;;
771;504;0.475274;0.5519081;0.3975838;0.5885686;489.8;0.1983776;False;11/23/2025 9:29:29 AM:548;1763861369548;;
758;504;0.4673013;0.5514792;0.38397;0.5279982;487.8;0.1829565;False;11/23/2025 9:29:29 AM:570;1763861369570;;
746;504;0.4594702;0.5515146;0.3732968;0.5587938;486.0;0.1832358;False;11/23/2025 9:29:29 AM:589;1763861369589;;
761;505;0.4688597;0.5528451;0.5437191;0.595711;485.2;0.2032255;False;11/23/2025 9:29:29 AM:612;1763861369612;;
758;501;0.4670089;0.5485088;0.422774;0.4738268;485.1;0.1996922;False;11/23/2025 9:29:29 AM:633;1763861369633;;
758;496;0.4669732;0.5430952;0.4646664;0.4583708;485.1;0.1999795;False;11/23/2025 9:29:29 AM:656;1763861369656;;
757;505;0.4667215;0.5528052;0.4451467;0.6607655;485.1;0.1868448;False;11/23/2025 9:29:29 AM:679;1763861369679;;
755;505;0.4651656;0.55286;0.4230469;0.5612592;485.8;0.1974739;False;11/23/2025 9:29:29 AM:700;1763861369700;;
754;505;0.4642905;0.5527469;0.428913;0.5401123;486.4;0.1979339;False;11/23/2025 9:29:29 AM:722;1763861369722;;
755;505;0.4651628;0.5527074;0.4838227;0.544804;487.5;0.1938909;False;11/23/2025 9:29:29 AM:745;1763861369745;;
752;504;0.463278;0.551897;0.4180178;0.5173223;486.9;0.1987728;False;11/23/2025 9:29:29 AM:766;1763861369766;;
749;503;0.4617375;0.5512206;0.4181199;0.5173202;486.2;0.1988766;False;11/23/2025 9:29:29 AM:787;1763861369787;;
752;503;0.4635897;0.5511216;0.4923794;0.5351615;483.9;0.2044518;False;11/23/2025 9:29:29 AM:812;1763861369812;;
743;502;0.4576993;0.5495173;0.3841288;0.4972438;484.9;0.198766;False;11/23/2025 9:29:29 AM:833;1763861369833;;
750;499;0.4619292;0.5462754;0.5111426;0.4736382;484.1;0.1983964;False;11/23/2025 9:29:29 AM:855;1763861369855;;
755;497;0.4649857;0.5438678;0.5112289;0.4736337;483.3;0.1984849;False;11/23/2025 9:29:29 AM:874;1763861369874;;
735;497;0.4528057;0.5438144;0.3553059;0.5389527;483.3;0.2096184;False;11/23/2025 9:29:29 AM:895;1763861369895;;
723;497;0.4454331;0.5437829;0.3634627;0.5281392;483.2;0.2099815;False;11/23/2025 9:29:29 AM:915;1763861369915;;
736;497;0.4535812;0.5438787;0.5245188;0.5493071;485.5;0.2176809;False;11/23/2025 9:29:29 AM:938;1763861369938;;
746;497;0.459778;0.5439579;0.5243006;0.5493123;487.5;0.2174457;False;11/23/2025 9:29:29 AM:961;1763861369961;;
758;497;0.4670497;0.5447454;0.5359763;0.5709108;488.5;0.2016793;False;11/23/2025 9:29:29 AM:985;1763861369985;;
767;501;0.4723004;0.5487782;0.5363247;0.6203859;490.2;0.2146981;False;11/23/2025 9:29:30 AM:5;1763861370005;;
767;502;0.4728412;0.5497716;0.4953289;0.5862692;491.8;0.2159863;False;11/23/2025 9:29:30 AM:27;1763861370027;;
740;502;0.4557623;0.5502778;0.3461185;0.5779736;490.9;0.1981825;False;11/23/2025 9:29:30 AM:48;1763861370048;;
741;500;0.4568372;0.5480992;0.4886102;0.4961446;491.5;0.1999003;False;11/23/2025 9:29:30 AM:70;1763861370070;;
743;499;0.4576341;0.5464676;0.4883904;0.4961401;492.0;0.1997352;False;11/23/2025 9:29:30 AM:90;1763861370090;;
738;499;0.4549629;0.5466132;0.4150564;0.5583444;490.9;0.1946307;False;11/23/2025 9:29:30 AM:112;1763861370112;;
739;506;0.455213;0.5541596;0.4716653;0.6430178;491.6;0.2020813;False;11/23/2025 9:29:30 AM:140;1763861370140;;
740;503;0.4558767;0.5507621;0.4831838;0.4836185;491.0;0.1988459;False;11/23/2025 9:29:30 AM:161;1763861370161;;
739;493;0.4555195;0.5399007;0.4422646;0.4151027;490.5;0.2006267;False;11/23/2025 9:29:30 AM:182;1763861370182;;
724;496;0.4459762;0.5429435;0.3668085;0.6042013;490.5;0.2022467;False;11/23/2025 9:29:30 AM:205;1763861370205;;
722;502;0.4450985;0.5502965;0.4210581;0.6503026;488.9;0.1900731;False;11/23/2025 9:29:30 AM:226;1763861370226;;
721;502;0.4444299;0.5503141;0.4215734;0.5585506;487.4;0.1905562;False;11/23/2025 9:29:30 AM:245;1763861370245;;
704;502;0.4335062;0.5503194;0.3459429;0.5566882;488.0;0.2093409;False;11/23/2025 9:29:30 AM:267;1763861370267;;
712;506;0.4386965;0.5536209;0.4962282;0.6190756;488.7;0.1947546;False;11/23/2025 9:29:30 AM:293;1763861370293;;
712;512;0.4387114;0.5603358;0.4437007;0.6626756;489.3;0.195106;False;11/23/2025 9:29:30 AM:314;1763861370314;;
735;510;0.4527421;0.5582068;0.5500638;0.5130669;491.1;0.195709;False;11/23/2025 9:29:30 AM:338;1763861370338;;
750;508;0.4622316;0.5566784;0.5504495;0.5130746;492.7;0.1959949;False;11/23/2025 9:29:30 AM:357;1763861370357;;
750;491;0.4622788;0.5374988;0.4704392;0.3895596;489.7;0.2082037;False;11/23/2025 9:29:30 AM:382;1763861370382;;
755;490;0.4653275;0.5371643;0.5168955;0.515771;490.8;0.2162428;False;11/23/2025 9:29:30 AM:402;1763861370402;;
758;490;0.4667495;0.5369443;0.504842;0.5183898;491.7;0.2175497;False;11/23/2025 9:29:30 AM:422;1763861370422;;
744;495;0.4585587;0.5420789;0.389075;0.6204186;491.0;0.1965981;False;11/23/2025 9:29:30 AM:447;1763861370447;;
753;495;0.4637735;0.5420178;0.5270501;0.5347244;491.6;0.2162412;False;11/23/2025 9:29:30 AM:471;1763861370471;;
754;494;0.4645923;0.5412893;0.4951166;0.5099452;492.1;0.2166404;False;11/23/2025 9:29:30 AM:492;1763861370492;;
764;491;0.470586;0.5373092;0.5414599;0.4644988;492.3;0.2068342;False;11/23/2025 9:29:30 AM:514;1763861370514;;
763;490;0.4703918;0.5362087;0.4627457;0.4933643;491.3;0.2082924;False;11/23/2025 9:29:30 AM:536;1763861370536;;
759;492;0.4678359;0.5392075;0.4285018;0.5988021;489.9;0.1982718;False;11/23/2025 9:29:30 AM:557;1763861370557;;
756;495;0.4657094;0.5417392;0.4285525;0.598801;488.6;0.1983271;False;11/23/2025 9:29:30 AM:580;1763861370580;;
761;495;0.4687639;0.5417324;0.5194089;0.5391436;488.8;0.1994221;False;11/23/2025 9:29:30 AM:600;1763861370600;;
760;495;0.4684031;0.5423707;0.4541207;0.5730606;488.4;0.1948417;False;11/23/2025 9:29:30 AM:623;1763861370623;;
760;495;0.4684698;0.5420932;0.478238;0.5237162;488.1;0.1952766;False;11/23/2025 9:29:30 AM:644;1763861370644;;
756;492;0.4655907;0.5390751;0.4244089;0.4800037;486.7;0.2031185;False;11/23/2025 9:29:30 AM:668;1763861370668;;
756;491;0.4660453;0.5372072;0.4853547;0.4841811;487.6;0.2009125;False;11/23/2025 9:29:30 AM:691;1763861370691;;
756;488;0.4660451;0.5347148;0.4659858;0.4700175;488.4;0.2020067;False;11/23/2025 9:29:30 AM:711;1763861370711;;
797;489;0.4908587;0.5359804;0.6161617;0.5703701;488.7;0.1906475;False;11/23/2025 9:29:30 AM:735;1763861370735;;
771;490;0.4751324;0.5368961;0.3695817;0.5686423;485.8;0.1823896;False;11/23/2025 9:29:30 AM:758;1763861370758;;
753;497;0.4638453;0.54475;0.3702954;0.6481724;483.1;0.1829419;False;11/23/2025 9:29:30 AM:779;1763861370779;;
752;495;0.4634489;0.5416973;0.4444596;0.4774649;482.0;0.2030691;False;11/23/2025 9:29:30 AM:801;1763861370801;;
752;491;0.463328;0.5377882;0.450922;0.4598729;481.0;0.2034944;False;11/23/2025 9:29:30 AM:820;1763861370820;;
752;491;0.4634211;0.5377831;0.4700436;0.5367968;481.1;0.1975155;False;11/23/2025 9:29:30 AM:842;1763861370842;;
748;491;0.4606315;0.537223;0.4131458;0.5054786;481.0;0.2037371;False;11/23/2025 9:29:30 AM:864;1763861370864;;
744;490;0.4582757;0.5367355;0.413022;0.5054806;480.9;0.2036092;False;11/23/2025 9:29:30 AM:886;1763861370886;;
723;491;0.4454212;0.5378103;0.3486175;0.5696626;482.2;0.1919826;False;11/23/2025 9:29:30 AM:910;1763861370910;;
748;490;0.4607722;0.5366823;0.555288;0.495106;482.2;0.2008978;False;11/23/2025 9:29:30 AM:934;1763861370934;;
765;489;0.4711057;0.5358372;0.5549167;0.4950497;482.3;0.2006107;False;11/23/2025 9:29:30 AM:956;1763861370956;;
760;488;0.468142;0.5340765;0.4164558;0.4768659;481.6;0.1948378;False;11/23/2025 9:29:30 AM:977;1763861370977;;
763;488;0.4699763;0.5340722;0.5014941;0.5337418;482.0;0.1919387;False;11/23/2025 9:29:31 AM:2;1763861371002;;
763;487;0.4701934;0.5328889;0.4801123;0.4859946;480.9;0.1898333;False;11/23/2025 9:29:31 AM:25;1763861371025;;
761;484;0.4691264;0.530224;0.4375193;0.4585382;479.9;0.1905176;False;11/23/2025 9:29:31 AM:47;1763861371047;;
760;484;0.4685761;0.530371;0.4454906;0.5369749;483.4;0.1870031;False;11/23/2025 9:29:31 AM:71;1763861371071;;
760;484;0.4685081;0.5303957;0.4563115;0.5320885;483.4;0.1935381;False;11/23/2025 9:29:31 AM:94;1763861371094;;
760;484;0.4684441;0.5303915;0.455735;0.5299654;483.3;0.1945436;False;11/23/2025 9:29:31 AM:114;1763861371114;;
761;485;0.4687398;0.531709;0.480186;0.5679687;483.2;0.2049206;False;11/23/2025 9:29:31 AM:136;1763861371136;;
762;485;0.4696893;0.5316677;0.4932004;0.5184666;482.0;0.1871611;False;11/23/2025 9:29:31 AM:159;1763861371159;;
764;485;0.4704588;0.5316335;0.4933615;0.5184694;480.9;0.187272;False;11/23/2025 9:29:31 AM:180;1763861371180;;
763;485;0.4700849;0.5313205;0.4526194;0.5051658;478.5;0.1995976;False;11/23/2025 9:29:31 AM:203;1763861371203;;
763;482;0.4700813;0.5283152;0.4664661;0.4567198;476.4;0.2000559;False;11/23/2025 9:29:31 AM:224;1763861371224;;
757;483;0.466441;0.5291983;0.4142275;0.5562149;478.6;0.1930601;False;11/23/2025 9:29:31 AM:247;1763861371247;;
747;483;0.460262;0.5292575;0.3942626;0.5338644;478.1;0.191984;False;11/23/2025 9:29:31 AM:274;1763861371274;;
708;504;0.4359616;0.5522162;0.3132828;0.7054089;475.2;0.1975182;False;11/23/2025 9:29:31 AM:299;1763861371299;;
682;518;0.4199975;0.5677617;0.3131567;0.7054109;472.5;0.1974213;False;11/23/2025 9:29:31 AM:322;1763861371322;;
682;521;0.4200054;0.5707229;0.4213375;0.6304403;474.7;0.1947681;False;11/23/2025 9:29:31 AM:347;1763861371347;;
681;514;0.4199274;0.5625522;0.4109552;0.4616855;477.4;0.1868244;False;11/23/2025 9:29:31 AM:369;1763861371369;;
695;514;0.4282;0.562434;0.5000803;0.5491417;480.1;0.1977559;False;11/23/2025 9:29:31 AM:394;1763861371394;;
705;513;0.4343013;0.5618685;0.502294;0.5315846;482.5;0.198323;False;11/23/2025 9:29:31 AM:415;1763861371415;;
718;513;0.442639;0.5618671;0.5221267;0.5557761;482.1;0.2022022;False;11/23/2025 9:29:31 AM:437;1763861371437;;
715;513;0.4404735;0.5620938;0.4023486;0.5769239;483.5;0.1678046;True;11/23/2025 9:29:31 AM:460;1763861371460;;
713;512;0.4392993;0.5612514;0.4106019;0.5261135;484.8;0.167977;True;11/23/2025 9:29:31 AM:483;1763861371483;;
713;510;0.4395979;0.5582938;0.4533939;0.4941257;482.6;0.1947353;False;11/23/2025 9:29:31 AM:508;1763861371508;;
680;510;0.4189167;0.5582777;0.30574;0.5562402;480.0;0.193664;False;11/23/2025 9:29:31 AM:532;1763861371532;;
678;505;0.4178725;0.5533115;0.3909208;0.4664308;479.4;0.1965067;False;11/23/2025 9:29:31 AM:555;1763861371555;;
679;503;0.4181198;0.5505841;0.4321828;0.4811233;478.9;0.197306;False;11/23/2025 9:29:31 AM:576;1763861371576;;
686;495;0.4226193;0.5421674;0.4801547;0.4288201;479.5;0.1806137;False;11/23/2025 9:29:31 AM:599;1763861371599;;
701;487;0.4319565;0.5335742;0.5156624;0.4155378;479.9;0.1811777;False;11/23/2025 9:29:31 AM:622;1763861371622;;
714;490;0.4401844;0.5364215;0.5199387;0.5859447;479.1;0.1998034;False;11/23/2025 9:29:31 AM:644;1763861371644;;
715;490;0.4407322;0.5362084;0.4652594;0.5058873;480.4;0.1911661;False;11/23/2025 9:29:31 AM:668;1763861371668;;
716;489;0.4411969;0.5360254;0.465287;0.5058856;481.6;0.1911833;False;11/23/2025 9:29:31 AM:691;1763861371691;;
716;485;0.4410661;0.5315775;0.4353598;0.4448292;483.5;0.1912356;False;11/23/2025 9:29:31 AM:714;1763861371714;;
716;488;0.4413084;0.5344014;0.4600751;0.5832202;481.7;0.203384;False;11/23/2025 9:29:31 AM:738;1763861371738;;
707;489;0.4355027;0.5358728;0.3749142;0.5719188;480.4;0.2046017;False;11/23/2025 9:29:31 AM:760;1763861371760;;
697;491;0.4294154;0.5373244;0.3637935;0.5765532;479.2;0.2047198;False;11/23/2025 9:29:31 AM:780;1763861371780;;
702;491;0.4324685;0.5373098;0.4825309;0.5341899;480.2;0.1954588;False;11/23/2025 9:29:31 AM:803;1763861371803;;
701;491;0.4318744;0.5376216;0.414381;0.5535281;481.5;0.1926875;False;11/23/2025 9:29:31 AM:828;1763861371828;;
701;491;0.4317685;0.5379187;0.4238192;0.5567393;482.7;0.1929036;False;11/23/2025 9:29:31 AM:848;1763861371848;;
706;491;0.4350494;0.5374495;0.4851646;0.5105775;481.7;0.1982094;False;11/23/2025 9:29:31 AM:870;1763861371870;;
707;491;0.435365;0.5373781;0.453916;0.5241905;483.2;0.1947761;False;11/23/2025 9:29:31 AM:893;1763861371893;;
707;491;0.4356415;0.5373141;0.4538511;0.5241898;484.5;0.1947075;False;11/23/2025 9:29:31 AM:916;1763861371916;;
706;491;0.4352753;0.5373626;0.4220346;0.5426031;487.7;0.1938623;False;11/23/2025 9:29:31 AM:939;1763861371939;;
706;491;0.4353151;0.5378365;0.4445307;0.5605963;487.2;0.208206;False;11/23/2025 9:29:31 AM:962;1763861371962;;
707;492;0.4355119;0.5389308;0.4514907;0.57662;488.5;0.1842389;False;11/23/2025 9:29:31 AM:983;1763861371983;;
707;493;0.4356739;0.5398082;0.4515623;0.5766191;489.7;0.1843025;False;11/23/2025 9:29:32 AM:3;1763861372003;;
701;511;0.4317264;0.5599433;0.3821378;0.7187178;491.3;0.1927582;False;11/23/2025 9:29:32 AM:26;1763861372026;;
695;517;0.4279638;0.5658641;0.3766874;0.6582118;492.7;0.1929707;False;11/23/2025 9:29:32 AM:48;1763861372048;;
726;513;0.4475373;0.561919;0.5607325;0.4961371;492.6;0.1942813;False;11/23/2025 9:29:32 AM:71;1763861372071;;
731;509;0.450675;0.5578337;0.4984465;0.4859248;492.5;0.194649;False;11/23/2025 9:29:32 AM:94;1763861372094;;
773;509;0.4765463;0.5575715;0.60189;0.5390005;491.8;0.210909;False;11/23/2025 9:29:32 AM:119;1763861372119;;
773;509;0.4764377;0.5579438;0.4648265;0.5795166;490.4;0.2158583;False;11/23/2025 9:29:32 AM:141;1763861372141;;
781;508;0.4810591;0.5559325;0.5377355;0.5029073;488.4;0.1909545;False;11/23/2025 9:29:32 AM:162;1763861372162;;
786;506;0.4845738;0.554364;0.5380051;0.5028951;486.7;0.191221;False;11/23/2025 9:29:32 AM:182;1763861372182;;
809;504;0.4984615;0.5519485;0.599825;0.4890745;487.0;0.1947911;False;11/23/2025 9:29:32 AM:203;1763861372203;;
715;505;0.4406548;0.5532748;0.2522105;0.5902246;488.1;0.1884428;False;11/23/2025 9:29:32 AM:225;1763861372225;;
648;505;0.3994878;0.5532656;0.2446515;0.5508888;489.2;0.188538;False;11/23/2025 9:29:32 AM:246;1763861372246;;
653;504;0.4021595;0.5516256;0.4735081;0.5001491;489.0;0.1773933;False;11/23/2025 9:29:32 AM:268;1763861372268;;
664;507;0.4092364;0.5552622;0.5059059;0.6203649;489.4;0.2016977;False;11/23/2025 9:29:32 AM:290;1763861372290;;
664;507;0.4092485;0.5553892;0.4539057;0.5670867;489.7;0.2022803;False;11/23/2025 9:29:32 AM:309;1763861372309;;
665;517;0.4096918;0.566155;0.443485;0.6837791;489.4;0.2027964;False;11/23/2025 9:29:32 AM:331;1763861372331;;
677;515;0.417228;0.5637564;0.5129945;0.5086991;490.7;0.2136903;False;11/23/2025 9:29:32 AM:354;1763861372354;;
686;513;0.4225924;0.5620224;0.5133395;0.5086979;491.9;0.2140653;False;11/23/2025 9:29:32 AM:374;1763861372374;;
685;512;0.4218944;0.5606338;0.4117812;0.5134909;493.0;0.210353;False;11/23/2025 9:29:32 AM:397;1763861372397;;
685;511;0.4223068;0.5600418;0.4400817;0.524717;494.5;0.1880033;False;11/23/2025 9:29:32 AM:418;1763861372418;;
683;511;0.4210034;0.5595516;0.4011396;0.5251703;495.8;0.1885858;False;11/23/2025 9:29:32 AM:438;1763861372438;;
678;520;0.4176477;0.5694035;0.3783542;0.6793181;495.9;0.1908043;False;11/23/2025 9:29:32 AM:459;1763861372459;;
671;538;0.4137108;0.5896926;0.3671548;0.7545594;496.0;0.191233;False;11/23/2025 9:29:32 AM:478;1763861372478;;
652;543;0.4019434;0.5948163;0.316436;0.676472;494.6;0.1973658;False;11/23/2025 9:29:32 AM:499;1763861372499;;
639;546;0.3937415;0.5974771;0.3271684;0.6546978;493.3;0.1976489;False;11/23/2025 9:29:32 AM:522;1763861372522;;
646;538;0.3979767;0.5894824;0.4585403;0.4939831;493.4;0.2159427;False;11/23/2025 9:29:32 AM:548;1763861372548;;
655;534;0.4034485;0.5847098;0.4742406;0.5048921;494.9;0.2109297;False;11/23/2025 9:29:32 AM:571;1763861372571;;
669;534;0.4119571;0.5852035;0.5007316;0.6072868;494.5;0.1906707;False;11/23/2025 9:29:32 AM:593;1763861372593;;
671;534;0.4133101;0.5850769;0.4578887;0.5681183;494.2;0.1909925;False;11/23/2025 9:29:32 AM:614;1763861372614;;
711;535;0.4383954;0.5857749;0.5781655;0.6133907;496.1;0.207823;False;11/23/2025 9:29:32 AM:636;1763861372636;;
715;523;0.4408401;0.5722336;0.4922885;0.4358923;495.7;0.2062867;False;11/23/2025 9:29:32 AM:658;1763861372658;;
718;509;0.4425226;0.5578404;0.4887892;0.4130671;495.3;0.2071521;False;11/23/2025 9:29:32 AM:678;1763861372678;;
717;507;0.4417315;0.5547762;0.4241577;0.4842409;493.9;0.1929845;False;11/23/2025 9:29:32 AM:700;1763861372700;;
717;504;0.4417935;0.5523703;0.4592991;0.4893343;494.7;0.2081671;False;11/23/2025 9:29:32 AM:724;1763861372724;;
719;501;0.4432554;0.548374;0.4868606;0.4611206;495.5;0.209275;False;11/23/2025 9:29:32 AM:743;1763861372743;;
712;501;0.4386277;0.5484096;0.3862951;0.5505183;494.4;0.2019584;False;11/23/2025 9:29:32 AM:765;1763861372765;;
685;502;0.4219081;0.5494906;0.320788;0.5793042;494.5;0.20128;False;11/23/2025 9:29:32 AM:787;1763861372787;;
666;502;0.4105197;0.5502987;0.3208228;0.579303;494.6;0.2013181;False;11/23/2025 9:29:32 AM:807;1763861372807;;
665;503;0.4097542;0.5503454;0.390593;0.5547442;493.9;0.1973539;False;11/23/2025 9:29:32 AM:828;1763861372828;;
664;506;0.4093626;0.5541998;0.3955143;0.6238626;490.9;0.2050423;False;11/23/2025 9:29:32 AM:849;1763861372849;;
664;508;0.4093776;0.556533;0.4125239;0.6127815;488.1;0.2055735;False;11/23/2025 9:29:32 AM:870;1763861372870;;
665;509;0.409485;0.5579053;0.4229205;0.6043929;485.6;0.205263;False;11/23/2025 9:29:32 AM:890;1763861372890;;
673;508;0.4148568;0.5565109;0.481622;0.5151387;486.1;0.2017021;False;11/23/2025 9:29:32 AM:912;1763861372912;;
680;506;0.419141;0.5545481;0.4810722;0.5026829;487.7;0.1995478;False;11/23/2025 9:29:32 AM:933;1763861372933;;
686;505;0.4224333;0.5528013;0.4801967;0.5003264;489.0;0.2001975;False;11/23/2025 9:29:32 AM:954;1763861372954;;
690;500;0.4252935;0.5478702;0.4783076;0.4645251;487.3;0.1860112;False;11/23/2025 9:29:32 AM:977;1763861372977;;
686;502;0.4229716;0.550211;0.3876362;0.6017852;488.3;0.1947465;False;11/23/2025 9:29:32 AM:998;1763861372998;;
683;504;0.4208299;0.5524665;0.3881422;0.6017801;489.2;0.1952719;False;11/23/2025 9:29:33 AM:23;1763861373023;;
681;507;0.4193814;0.5550544;0.3911315;0.6114687;488.2;0.1812262;False;11/23/2025 9:29:33 AM:48;1763861373048;;
680;505;0.4190332;0.553198;0.4044553;0.5033439;488.2;0.2005151;False;11/23/2025 9:29:33 AM:68;1763861373068;;
680;504;0.4189323;0.5517133;0.4112048;0.5050055;485.9;0.1980028;False;11/23/2025 9:29:33 AM:89;1763861373089;;
679;501;0.4186529;0.5481636;0.4039065;0.4723108;483.8;0.1983579;False;11/23/2025 9:29:33 AM:109;1763861373109;;
681;500;0.419621;0.5479662;0.4479045;0.5254843;484.1;0.1981946;False;11/23/2025 9:29:33 AM:129;1763861373129;;
681;502;0.4195181;0.5502395;0.4118045;0.6005741;485.4;0.2069412;False;11/23/2025 9:29:33 AM:152;1763861373152;;
681;504;0.4197217;0.5516151;0.4332462;0.5931014;486.5;0.2066014;False;11/23/2025 9:29:33 AM:174;1763861373174;;
677;508;0.4169621;0.556171;0.3734044;0.6325983;485.2;0.1920477;False;11/23/2025 9:29:33 AM:196;1763861373196;;
700;507;0.4312729;0.5554578;0.5331089;0.5257151;484.6;0.1998555;False;11/23/2025 9:29:33 AM:217;1763861373217;;
720;506;0.4437661;0.5544769;0.5389135;0.517689;484.0;0.2008176;False;11/23/2025 9:29:33 AM:239;1763861373239;;
718;511;0.4426481;0.5593441;0.4141109;0.6355872;481.9;0.2040057;False;11/23/2025 9:29:33 AM:263;1763861373263;;
712;509;0.4388286;0.5574823;0.388124;0.5130551;479.4;0.2002995;False;11/23/2025 9:29:33 AM:290;1763861373290;;
690;509;0.4253428;0.5574769;0.3265795;0.5540568;477.2;0.200946;False;11/23/2025 9:29:33 AM:314;1763861373314;;
714;507;0.4401791;0.5555884;0.5322574;0.5070452;475.6;0.1961894;False;11/23/2025 9:29:33 AM:339;1763861373339;;
727;507;0.4478421;0.5555757;0.5156527;0.5472723;474.1;0.2059663;False;11/23/2025 9:29:33 AM:364;1763861373364;;
736;507;0.4537396;0.5555649;0.5162524;0.5472645;472.7;0.2066167;False;11/23/2025 9:29:33 AM:388;1763861373388;;
754;505;0.4643739;0.5535399;0.5416383;0.5033165;473.8;0.200243;False;11/23/2025 9:29:33 AM:417;1763861373417;;
762;503;0.4694273;0.5511516;0.5289592;0.4909568;474.7;0.2008302;False;11/23/2025 9:29:33 AM:442;1763861373442;;
755;502;0.4649796;0.5496274;0.4118087;0.4960073;477.0;0.1955431;False;11/23/2025 9:29:33 AM:465;1763861373465;;
755;500;0.4650806;0.5472837;0.475216;0.4825175;475.6;0.2066925;False;11/23/2025 9:29:33 AM:490;1763861373490;;
755;499;0.4650888;0.5459942;0.4701364;0.4903151;474.3;0.2074202;False;11/23/2025 9:29:33 AM:512;1763861373512;;
758;498;0.4668958;0.5459433;0.5045118;0.5221218;474.6;0.2036653;False;11/23/2025 9:29:33 AM:535;1763861373535;;
761;499;0.4688652;0.5466792;0.5091445;0.5668085;475.0;0.2055517;False;11/23/2025 9:29:33 AM:561;1763861373561;;
767;500;0.4723368;0.5472833;0.5264975;0.566942;475.3;0.2051216;False;11/23/2025 9:29:33 AM:585;1763861373585;;
809;500;0.4987208;0.5475851;0.6062499;0.5576665;476.2;0.1978027;False;11/23/2025 9:29:33 AM:624;1763861373624;;
819;501;0.5043375;0.5481449;0.5749381;0.5716779;474.6;0.1918045;False;11/23/2025 9:29:33 AM:645;1763861373645;;
805;499;0.4956957;0.5467945;0.4178033;0.4975581;473.3;0.1954657;False;11/23/2025 9:29:33 AM:664;1763861373664;;
804;499;0.495265;0.5462556;0.4812607;0.5131315;473.0;0.1892717;False;11/23/2025 9:29:33 AM:686;1763861373686;;
803;498;0.494883;0.5457712;0.4812606;0.5131314;472.7;0.1892713;False;11/23/2025 9:29:33 AM:710;1763861373710;;
803;496;0.4950659;0.5432915;0.5098648;0.4771812;474.8;0.185918;False;11/23/2025 9:29:33 AM:732;1763861373732;;
804;494;0.4952372;0.541221;0.5103806;0.4772391;476.7;0.186413;False;11/23/2025 9:29:33 AM:753;1763861373753;;
797;494;0.49096;0.5414898;0.436826;0.552958;477.2;0.1987743;False;11/23/2025 9:29:33 AM:775;1763861373775;;
801;494;0.493436;0.5414976;0.5393542;0.5420789;479.1;0.1977177;False;11/23/2025 9:29:33 AM:796;1763861373796;;
801;494;0.4937456;0.5414586;0.5135593;0.5301325;480.7;0.1981352;False;11/23/2025 9:29:33 AM:816;1763861373816;;
802;493;0.494204;0.5399393;0.5174375;0.4852372;478.6;0.2144513;False;11/23/2025 9:29:33 AM:837;1763861373837;;
763;490;0.4703325;0.5367286;0.3508573;0.4623365;478.8;0.1818003;False;11/23/2025 9:29:33 AM:860;1763861373860;;
731;486;0.450511;0.5318692;0.3366707;0.4367066;479.0;0.1821398;False;11/23/2025 9:29:33 AM:882;1763861373882;;
729;486;0.4493439;0.5317496;0.4264626;0.5131691;480.1;0.1778117;False;11/23/2025 9:29:33 AM:904;1763861373904;;
791;486;0.4870928;0.5319118;0.6443901;0.538509;479.0;0.1938172;False;11/23/2025 9:29:33 AM:928;1763861373928;;
792;486;0.4881388;0.5319613;0.5161576;0.5348411;479.6;0.195708;False;11/23/2025 9:29:33 AM:949;1763861373949;;
797;486;0.491215;0.5319257;0.5428746;0.5283059;480.2;0.1961117;False;11/23/2025 9:29:33 AM:969;1763861373969;;
785;488;0.4836678;0.5339517;0.4095683;0.579807;478.8;0.2063919;False;11/23/2025 9:29:33 AM:989;1763861373989;;
775;489;0.4774365;0.5357075;0.4095496;0.5798072;477.6;0.2063711;False;11/23/2025 9:29:34 AM:10;1763861374010;;
772;492;0.4757279;0.5387164;0.4393676;0.5983115;480.3;0.1981755;False;11/23/2025 9:29:34 AM:35;1763861374035;;
769;492;0.4736899;0.5388834;0.432997;0.5532491;479.3;0.2031832;False;11/23/2025 9:29:34 AM:58;1763861374058;;
769;490;0.4737687;0.5368706;0.4783802;0.487669;481.2;0.1980222;False;11/23/2025 9:29:34 AM:82;1763861374082;;
769;489;0.4737451;0.5354185;0.4656577;0.4885356;482.9;0.1979297;False;11/23/2025 9:29:34 AM:104;1763861374104;;
769;484;0.4741375;0.5298502;0.4891513;0.4381034;480.9;0.2160733;False;11/23/2025 9:29:34 AM:126;1763861374126;;
770;491;0.4745182;0.5382463;0.4890051;0.631658;483.1;0.2048132;False;11/23/2025 9:29:34 AM:151;1763861374151;;
771;497;0.4748083;0.5443331;0.4890206;0.631658;485.1;0.2048302;False;11/23/2025 9:29:34 AM:174;1763861374174;;
792;497;0.4878287;0.5441853;0.5802482;0.5303592;483.8;0.2017664;False;11/23/2025 9:29:34 AM:197;1763861374197;;
805;497;0.4959697;0.544035;0.5752187;0.5283603;482.7;0.2023144;False;11/23/2025 9:29:34 AM:218;1763861374218;;
804;497;0.4952576;0.5447497;0.4730896;0.574599;481.4;0.2011054;False;11/23/2025 9:29:34 AM:240;1763861374240;;
782;522;0.481966;0.5718986;0.3849052;0.7562529;482.8;0.199081;False;11/23/2025 9:29:34 AM:262;1763861374262;;
765;542;0.4715119;0.5931154;0.3849901;0.7562571;484.0;0.1991767;False;11/23/2025 9:29:34 AM:285;1763861374285;;
770;541;0.4744536;0.5922413;0.5195462;0.5585498;484.8;0.1875529;False;11/23/2025 9:29:34 AM:309;1763861374309;;
770;523;0.4745649;0.5731491;0.4844725;0.4252733;483.7;0.1918012;False;11/23/2025 9:29:34 AM:334;1763861374334;;
772;521;0.47584;0.5706822;0.5081185;0.5103355;482.2;0.1984072;False;11/23/2025 9:29:34 AM:356;1763861374356;;
772;520;0.4757335;0.5694171;0.4687745;0.5207373;480.9;0.1991991;False;11/23/2025 9:29:34 AM:377;1763861374377;;
781;510;0.4809198;0.5589025;0.5416434;0.4407114;478.1;0.1971588;False;11/23/2025 9:29:34 AM:403;1763861374403;;
782;510;0.4818956;0.5587415;0.5107665;0.5323014;479.5;0.1931271;False;11/23/2025 9:29:34 AM:430;1763861374430;;
803;509;0.4945456;0.5571543;0.5905699;0.5008357;481.2;0.2074925;False;11/23/2025 9:29:34 AM:454;1763861374454;;
801;507;0.493459;0.55498;0.4703126;0.4900389;482.7;0.209046;False;11/23/2025 9:29:34 AM:478;1763861374478;;
800;512;0.4928225;0.5601792;0.4738116;0.6305031;482.5;0.205411;False;11/23/2025 9:29:34 AM:501;1763861374501;;
800;512;0.492972;0.560279;0.5058109;0.5657688;483.0;0.2103726;False;11/23/2025 9:29:34 AM:523;1763861374523;;
831;511;0.5119568;0.5598906;0.6255842;0.5274802;484.6;0.2080538;False;11/23/2025 9:29:34 AM:546;1763861374546;;
853;511;0.5257743;0.5595704;0.625363;0.5274923;486.1;0.2078949;False;11/23/2025 9:29:34 AM:569;1763861374569;;
816;510;0.5027965;0.5581458;0.3804613;0.503583;484.6;0.1846645;False;11/23/2025 9:29:34 AM:592;1763861374592;;
791;509;0.4871539;0.5574882;0.3849479;0.5137422;483.3;0.1852569;False;11/23/2025 9:29:34 AM:613;1763861374613;;
754;509;0.4647052;0.5576262;0.3466477;0.5637281;485.4;0.1896165;False;11/23/2025 9:29:34 AM:637;1763861374637;;
764;509;0.4705921;0.5577928;0.5422263;0.5659171;486.8;0.2043099;False;11/23/2025 9:29:34 AM:659;1763861374659;;
773;509;0.4764875;0.5579321;0.5511516;0.5660334;488.0;0.2047105;False;11/23/2025 9:29:34 AM:679;1763861374679;;
760;508;0.4684818;0.556528;0.3980293;0.5041021;486.7;0.1968897;False;11/23/2025 9:29:34 AM:700;1763861374700;;
742;505;0.4571469;0.5535051;0.3736843;0.4806606;486.1;0.1880576;False;11/23/2025 9:29:34 AM:723;1763861374723;;
728;503;0.4486912;0.5510795;0.3736693;0.4806608;485.4;0.1880428;False;11/23/2025 9:29:34 AM:744;1763861374744;;
728;503;0.4484639;0.5512995;0.4384883;0.5600079;483.8;0.1921434;False;11/23/2025 9:29:34 AM:768;1763861374768;;
728;503;0.448383;0.5511667;0.4428194;0.5233523;483.0;0.1915668;False;11/23/2025 9:29:34 AM:790;1763861374790;;
727;503;0.4481075;0.551156;0.4350186;0.5294027;482.3;0.1923399;False;11/23/2025 9:29:34 AM:812;1763861374812;;
729;503;0.449497;0.5511467;0.4833698;0.529345;482.6;0.1811497;False;11/23/2025 9:29:34 AM:834;1763861374834;;
736;502;0.453318;0.5499988;0.5093105;0.4977317;482.2;0.1913218;False;11/23/2025 9:29:34 AM:856;1763861374856;;
742;502;0.4571064;0.5498948;0.5148839;0.5356488;483.1;0.1954935;False;11/23/2025 9:29:34 AM:877;1763861374877;;
742;502;0.4571361;0.5498466;0.4610392;0.5461298;484.0;0.1959825;False;11/23/2025 9:29:34 AM:898;1763861374898;;
758;501;0.4668098;0.5486609;0.5570469;0.4954675;484.2;0.1970205;False;11/23/2025 9:29:34 AM:919;1763861374919;;
771;500;0.4747967;0.5477902;0.5600297;0.4976902;484.4;0.1975408;False;11/23/2025 9:29:34 AM:939;1763861374939;;
771;500;0.4752947;0.5478984;0.5019842;0.5530249;485.3;0.1987005;False;11/23/2025 9:29:34 AM:960;1763861374960;;
771;502;0.4750225;0.5502233;0.4656603;0.5959025;484.4;0.1984161;False;11/23/2025 9:29:34 AM:983;1763861374983;;
771;504;0.4747598;0.5522079;0.4649819;0.5958766;483.6;0.1979049;False;11/23/2025 9:29:35 AM:6;1763861375006;;
770;505;0.4744849;0.5528743;0.4628475;0.5796078;482.1;0.2047081;False;11/23/2025 9:29:35 AM:26;1763861375026;;
756;507;0.4658986;0.5555022;0.3879686;0.6137264;480.8;0.2057892;False;11/23/2025 9:29:35 AM:48;1763861375048;;
774;508;0.4767776;0.5562745;0.5621296;0.5867769;479.9;0.2099939;False;11/23/2025 9:29:35 AM:73;1763861375073;;
772;511;0.4755911;0.5594771;0.4483528;0.6255943;481.2;0.194968;False;11/23/2025 9:29:35 AM:95;1763861375095;;
774;514;0.4766535;0.5631931;0.5061262;0.637072;481.5;0.1879535;False;11/23/2025 9:29:35 AM:118;1763861375118;;
775;517;0.4775445;0.5663654;0.5057172;0.6370722;481.8;0.1875213;False;11/23/2025 9:29:35 AM:141;1763861375141;;
783;517;0.4825657;0.5664058;0.5461408;0.5706682;482.3;0.155262;True;11/23/2025 9:29:35 AM:164;1763861375164;;
809;520;0.4983078;0.5698948;0.6095978;0.6478432;480.4;0.1345849;True;11/23/2025 9:29:35 AM:185;1763861375185;;
827;523;0.50959;0.5731634;0.6083926;0.6540011;478.7;0.1348079;True;11/23/2025 9:29:35 AM:205;1763861375205;;
828;522;0.5100713;0.5717313;0.5341383;0.5362422;481.4;0.159694;True;11/23/2025 9:29:35 AM:226;1763861375226;;
834;521;0.514143;0.5703121;0.5744001;0.5336864;481.0;0.143585;True;11/23/2025 9:29:35 AM:248;1763861375248;;
840;520;0.5178456;0.568984;0.5743474;0.5336868;480.6;0.1435427;True;11/23/2025 9:29:35 AM:272;1763861375272;;
838;517;0.5165887;0.5661995;0.4913456;0.5074065;483.5;0.1576027;True;11/23/2025 9:29:35 AM:293;1763861375293;;
836;517;0.5150706;0.5663103;0.4851578;0.5800663;484.5;0.175525;False;11/23/2025 9:29:35 AM:314;1763861375314;;
830;521;0.5114549;0.5700238;0.4607885;0.6453318;485.4;0.1759777;False;11/23/2025 9:29:35 AM:335;1763861375335;;
834;517;0.5137497;0.5661575;0.5565066;0.499465;483.6;0.1805035;False;11/23/2025 9:29:35 AM:358;1763861375358;;
837;522;0.5154193;0.5712526;0.5552788;0.6562286;484.8;0.1941929;False;11/23/2025 9:29:35 AM:380;1763861375380;;
836;540;0.5153728;0.5915417;0.5121376;0.7638936;485.8;0.1951179;False;11/23/2025 9:29:35 AM:399;1763861375399;;
835;540;0.5144555;0.5914068;0.4922803;0.581329;487.4;0.1857689;False;11/23/2025 9:29:35 AM:422;1763861375422;;
833;540;0.5132074;0.5913356;0.4843518;0.5836422;488.9;0.185487;False;11/23/2025 9:29:35 AM:444;1763861375444;;
826;541;0.5087206;0.5928856;0.4507055;0.6418961;489.6;0.205211;False;11/23/2025 9:29:35 AM:466;1763861375466;;
826;536;0.50872;0.5873453;0.5073425;0.5065606;490.5;0.2181884;False;11/23/2025 9:29:35 AM:488;1763861375488;;
826;529;0.5092209;0.5790969;0.5291615;0.471302;491.3;0.2185823;False;11/23/2025 9:29:35 AM:509;1763861375509;;
826;529;0.5086657;0.5789311;0.4890982;0.5624434;491.3;0.1900075;False;11/23/2025 9:29:35 AM:533;1763861375533;;
812;517;0.5002627;0.5664258;0.4242485;0.4409018;491.0;0.2144838;False;11/23/2025 9:29:35 AM:558;1763861375558;;
802;509;0.4944566;0.557649;0.4245902;0.4409598;490.7;0.2148931;False;11/23/2025 9:29:35 AM:578;1763861375578;;
789;509;0.4861215;0.5575494;0.4056799;0.5367464;489.6;0.2062891;False;11/23/2025 9:29:35 AM:600;1763861375600;;
785;509;0.4839332;0.5575105;0.4389443;0.5512592;486.7;0.2006414;False;11/23/2025 9:29:35 AM:622;1763861375622;;
782;509;0.4820364;0.5574977;0.4374923;0.5425079;484.1;0.201131;False;11/23/2025 9:29:35 AM:643;1763861375643;;
765;516;0.4713693;0.5647917;0.3810014;0.6530907;484.0;0.2013334;False;11/23/2025 9:29:35 AM:667;1763861375667;;
759;520;0.467869;0.5695094;0.4083333;0.6477339;483.9;0.2218693;False;11/23/2025 9:29:35 AM:688;1763861375688;;
749;521;0.4612819;0.5704114;0.3822739;0.6058948;480.3;0.2448796;False;11/23/2025 9:29:35 AM:709;1763861375709;;
740;522;0.4560921;0.5711582;0.3824134;0.605864;477.0;0.2450703;False;11/23/2025 9:29:35 AM:729;1763861375729;;
774;508;0.4770573;0.556586;0.5910317;0.4189031;474.2;0.2502739;False;11/23/2025 9:29:35 AM:750;1763861375750;;
778;498;0.4793429;0.5457312;0.5135431;0.4215857;471.6;0.2507966;False;11/23/2025 9:29:35 AM:771;1763861375771;;
781;525;0.4813831;0.5745229;0.5133095;0.7632377;467.8;0.2336973;False;11/23/2025 9:29:35 AM:792;1763861375792;;
776;526;0.4783247;0.5762658;0.4228815;0.6230436;465.5;0.2412319;False;11/23/2025 9:29:35 AM:814;1763861375814;;
772;528;0.4756562;0.5778276;0.4231928;0.6229802;463.4;0.2414843;False;11/23/2025 9:29:35 AM:837;1763861375837;;
787;528;0.4852094;0.5781974;0.5608029;0.6031877;460.9;0.242572;False;11/23/2025 9:29:35 AM:858;1763861375858;;
794;528;0.4890445;0.5780576;0.5384265;0.5661218;458.6;0.2431183;False;11/23/2025 9:29:35 AM:878;1763861375878;;
806;530;0.4965404;0.5802056;0.5629491;0.6350498;457.6;0.2358241;False;11/23/2025 9:29:35 AM:902;1763861375902;;
811;550;0.4998083;0.6025239;0.5429019;0.7649994;456.7;0.2374789;False;11/23/2025 9:29:35 AM:927;1763861375927;;
814;558;0.5014324;0.611202;0.5350897;0.7243265;455.9;0.2376367;False;11/23/2025 9:29:35 AM:949;1763861375949;;
814;563;0.5016434;0.6165273;0.5134223;0.7046349;456.5;0.2522871;False;11/23/2025 9:29:35 AM:973;1763861375973;;
815;572;0.5019024;0.6263499;0.5156866;0.7440686;453.8;0.2425237;False;11/23/2025 9:29:35 AM:998;1763861375998;;
814;566;0.501753;0.6192935;0.4918364;0.5330189;452.0;0.2428741;False;11/23/2025 9:29:36 AM:20;1763861376020;;
814;574;0.5018142;0.6286547;0.5094891;0.7541611;450.4;0.2435723;False;11/23/2025 9:29:36 AM:40;1763861376040;;
813;572;0.5008992;0.6265597;0.4756454;0.5837077;448.3;0.2469084;False;11/23/2025 9:29:36 AM:62;1763861376062;;
813;575;0.5008989;0.6300863;0.4998868;0.7088556;447.0;0.2473958;False;11/23/2025 9:29:36 AM:84;1763861376084;;
812;578;0.500596;0.6326736;0.4837207;0.7058571;445.9;0.2482832;False;11/23/2025 9:29:36 AM:103;1763861376103;;
766;578;0.4717024;0.632557;0.3310186;0.6267436;445.1;0.2553001;False;11/23/2025 9:29:36 AM:125;1763861376125;;
766;579;0.4720215;0.6334906;0.4903347;0.6784065;444.1;0.2634815;False;11/23/2025 9:29:36 AM:150;1763861376150;;
761;588;0.4689617;0.6436131;0.4234056;0.7725086;443.3;0.2629814;False;11/23/2025 9:29:36 AM:171;1763861376171;;
765;587;0.471292;0.6428989;0.5145984;0.622159;441.9;0.2473729;False;11/23/2025 9:29:36 AM:194;1763861376194;;
767;573;0.4725993;0.6277593;0.508634;0.4943874;441.6;0.2499748;False;11/23/2025 9:29:36 AM:215;1763861376215;;
815;571;0.5022906;0.625347;0.6455701;0.5756397;442.8;0.257396;False;11/23/2025 9:29:36 AM:238;1763861376238;;
837;569;0.5157669;0.6229995;0.6138545;0.5706002;444.0;0.2571536;False;11/23/2025 9:29:36 AM:259;1763861376259;;
869;567;0.535166;0.6212035;0.6458144;0.5755965;445.0;0.2575993;False;11/23/2025 9:29:36 AM:284;1763861376284;;
856;579;0.527442;0.6338316;0.4520668;0.7603006;444.5;0.2474882;False;11/23/2025 9:29:36 AM:306;1763861376306;;
855;594;0.526599;0.6507367;0.4992016;0.7963329;442.8;0.2605153;False;11/23/2025 9:29:36 AM:329;1763861376329;;
855;589;0.5265846;0.6451511;0.5235958;0.5612937;442.4;0.2532502;False;11/23/2025 9:29:36 AM:352;1763861376352;;
856;585;0.5275698;0.6409531;0.5527822;0.5648063;442.1;0.2541789;False;11/23/2025 9:29:36 AM:372;1763861376372;;
860;599;0.5297564;0.6555818;0.5695946;0.7935686;441.8;0.2575617;False;11/23/2025 9:29:36 AM:393;1763861376393;;
856;600;0.5272351;0.6565937;0.4825995;0.6945488;442.9;0.2481416;False;11/23/2025 9:29:36 AM:415;1763861376415;;
855;598;0.527089;0.655192;0.5145552;0.6127864;443.9;0.2485122;False;11/23/2025 9:29:36 AM:437;1763861376437;;
862;621;0.5308683;0.6799564;0.5811144;0.8524625;443.8;0.2481311;False;11/23/2025 9:29:36 AM:459;1763861376459;;
892;635;0.5498502;0.6950909;0.657469;0.8267308;443.7;0.2576947;False;11/23/2025 9:29:36 AM:485;1763861376485;;
913;644;0.5623216;0.7055022;0.6572075;0.8267303;443.7;0.2574694;False;11/23/2025 9:29:36 AM:506;1763861376506;;
910;652;0.5609573;0.7141138;0.5268628;0.8271983;444.5;0.2692396;False;11/23/2025 9:29:36 AM:527;1763861376527;;
910;660;0.5608393;0.7224945;0.5489253;0.8311578;443.8;0.2596047;False;11/23/2025 9:29:36 AM:550;1763861376550;;
910;671;0.5605364;0.7346978;0.5417876;0.8732557;443.1;0.2594069;False;11/23/2025 9:29:36 AM:571;1763861376571;;
909;671;0.5598288;0.7349766;0.534336;0.7668957;444.0;0.2580163;False;11/23/2025 9:29:36 AM:597;1763861376597;;
909;672;0.5598069;0.7361044;0.5536823;0.7871911;445.5;0.2582074;False;11/23/2025 9:29:36 AM:621;1763861376621;;
927;660;0.5711598;0.7224649;0.6579869;0.6000941;447.3;0.260138;False;11/23/2025 9:29:36 AM:642;1763861376642;;
957;653;0.5895981;0.7146828;0.7036505;0.6183671;448.9;0.2606129;False;11/23/2025 9:29:36 AM:662;1763861376662;;
969;641;0.5966771;0.7014217;0.6656229;0.5739673;449.1;0.261494;False;11/23/2025 9:29:36 AM:684;1763861376684;;
977;631;0.6020775;0.6914221;0.6660766;0.5738654;449.3;0.2618677;False;11/23/2025 9:29:36 AM:703;1763861376703;;
977;635;0.6019578;0.6957291;0.5900455;0.775457;450.6;0.265332;False;11/23/2025 9:29:36 AM:724;1763861376724;;
977;640;0.6019515;0.7005564;0.599192;0.7872837;451.7;0.2656988;False;11/23/2025 9:29:36 AM:745;1763861376745;;
976;639;0.6014552;0.699604;0.5791216;0.6686568;451.3;0.2615497;False;11/23/2025 9:29:36 AM:766;1763861376766;;
975;647;0.6005826;0.7081689;0.5712981;0.8197061;452.0;0.2543118;False;11/23/2025 9:29:36 AM:789;1763861376789;;
974;653;0.5998062;0.715502;0.5713375;0.8197061;452.6;0.2543449;False;11/23/2025 9:29:36 AM:811;1763861376811;;
946;654;0.5825945;0.7163367;0.4690245;0.7608415;450.1;0.2427339;False;11/23/2025 9:29:36 AM:834;1763861376834;;
946;663;0.5830966;0.7259088;0.599278;0.8473862;448.5;0.2568454;False;11/23/2025 9:29:36 AM:856;1763861376856;;
943;655;0.581127;0.7170697;0.5394863;0.6196835;447.4;0.2480983;False;11/23/2025 9:29:36 AM:878;1763861376878;;
943;649;0.5807466;0.7109603;0.5589719;0.6273974;446.3;0.2484628;False;11/23/2025 9:29:36 AM:900;1763861376900;;
942;651;0.5806508;0.7123051;0.5663942;0.7618488;445.2;0.2496574;False;11/23/2025 9:29:36 AM:921;1763861376921;;
937;652;0.5774739;0.7139577;0.5238877;0.769551;443.4;0.2575624;False;11/23/2025 9:29:36 AM:944;1763861376944;;
935;654;0.5762483;0.7163828;0.5386699;0.784451;441.7;0.2576567;False;11/23/2025 9:29:36 AM:965;1763861376965;;
927;654;0.5709901;0.7162244;0.5002232;0.708544;441.5;0.2427037;False;11/23/2025 9:29:36 AM:986;1763861376986;;
895;651;0.5511156;0.7131507;0.4276754;0.6576986;441.6;0.2519636;False;11/23/2025 9:29:37 AM:8;1763861377008;;
871;649;0.5368431;0.7107578;0.4277488;0.6576853;441.7;0.2520191;False;11/23/2025 9:29:37 AM:29;1763861377029;;
871;657;0.5368987;0.7192067;0.5402035;0.830382;439.5;0.2497338;False;11/23/2025 9:29:37 AM:50;1763861377050;;
869;660;0.5357003;0.7223736;0.5013693;0.7923267;439.2;0.23672;False;11/23/2025 9:29:37 AM:74;1763861377074;;
868;662;0.5346847;0.7249722;0.5010336;0.7923285;438.9;0.2364794;False;11/23/2025 9:29:37 AM:97;1763861377097;;
868;663;0.5346616;0.7261245;0.5331179;0.7768949;438.6;0.251337;False;11/23/2025 9:29:37 AM:119;1763861377119;;
868;664;0.5345139;0.7266273;0.5162262;0.767889;438.3;0.25218;False;11/23/2025 9:29:37 AM:140;1763861377140;;
871;665;0.5366479;0.7281749;0.5720987;0.7890148;439.1;0.2555179;False;11/23/2025 9:29:37 AM:161;1763861377161;;
871;665;0.5367587;0.7281754;0.5429909;0.7282051;437.3;0.2457047;False;11/23/2025 9:29:37 AM:182;1763861377182;;
874;666;0.5386751;0.7293519;0.574649;0.7845718;435.7;0.2461153;False;11/23/2025 9:29:37 AM:204;1763861377204;;
872;668;0.5375146;0.7310088;0.5062063;0.7932775;437.4;0.2505661;False;11/23/2025 9:29:37 AM:226;1763861377226;;
886;669;0.5458033;0.7321019;0.621319;0.7889595;436.5;0.2389241;False;11/23/2025 9:29:37 AM:248;1763861377248;;
916;673;0.5644578;0.7372755;0.6731294;0.8356306;435.7;0.2393795;False;11/23/2025 9:29:37 AM:271;1763861377271;;
918;674;0.5653673;0.7374691;0.589758;0.7489184;434.8;0.2531088;False;11/23/2025 9:29:37 AM:293;1763861377293;;
918;676;0.5653664;0.7397948;0.5651018;0.8157619;434.6;0.2516354;False;11/23/2025 9:29:37 AM:313;1763861377313;;
918;678;0.5653649;0.7423546;0.5636155;0.8245786;434.5;0.2519628;False;11/23/2025 9:29:37 AM:334;1763861377334;;
926;678;0.5706177;0.7426126;0.6304148;0.7568696;436.5;0.2544798;False;11/23/2025 9:29:37 AM:357;1763861377357;;
926;678;0.5705147;0.7428125;0.5622325;0.7675097;435.3;0.233702;False;11/23/2025 9:29:37 AM:380;1763861377380;;
928;679;0.5719526;0.7429123;0.6049202;0.7722887;434.3;0.2339534;False;11/23/2025 9:29:37 AM:402;1763861377402;;
915;678;0.563672;0.7420598;0.4918973;0.7220755;436.7;0.2462131;False;11/23/2025 9:29:37 AM:428;1763861377428;;
915;681;0.5635166;0.7458847;0.5527241;0.8294405;438.0;0.2404564;False;11/23/2025 9:29:37 AM:452;1763861377452;;
910;682;0.5608685;0.7463077;0.5175779;0.7893571;439.6;0.2455264;False;11/23/2025 9:29:37 AM:477;1763861377477;;
900;680;0.5545337;0.7445292;0.4824186;0.707386;441.1;0.2450929;False;11/23/2025 9:29:37 AM:498;1763861377498;;
900;682;0.5545281;0.7463209;0.5479838;0.8107466;441.3;0.2518381;False;11/23/2025 9:29:37 AM:519;1763861377519;;
900;681;0.5545312;0.7454161;0.5548792;0.7206092;440.4;0.2568536;False;11/23/2025 9:29:37 AM:540;1763861377540;;
900;679;0.554556;0.7437638;0.5570947;0.7031643;439.6;0.25732;False;11/23/2025 9:29:37 AM:560;1763861377560;;
854;681;0.5264156;0.7459275;0.3902015;0.8086677;439.8;0.2444563;False;11/23/2025 9:29:37 AM:583;1763861377583;;
824;683;0.5075924;0.7475615;0.3901131;0.8086649;440.0;0.2443254;False;11/23/2025 9:29:37 AM:603;1763861377603;;
841;683;0.5181212;0.7476985;0.6061962;0.7782634;441.6;0.2571953;False;11/23/2025 9:29:37 AM:626;1763861377626;;
839;684;0.5172173;0.7485614;0.4941317;0.7976;444.0;0.2444841;False;11/23/2025 9:29:37 AM:648;1763861377648;;
839;684;0.5170696;0.7490649;0.5084024;0.7917554;446.1;0.2444332;False;11/23/2025 9:29:37 AM:672;1763861377672;;
839;680;0.5170693;0.7444865;0.5170107;0.6797107;445.4;0.2687649;False;11/23/2025 9:29:37 AM:694;1763861377694;;
839;681;0.5169654;0.7455776;0.508737;0.7971924;444.3;0.2522084;False;11/23/2025 9:29:37 AM:716;1763861377716;;
859;683;0.5290278;0.7480811;0.6249878;0.821136;443.4;0.2527505;False;11/23/2025 9:29:37 AM:737;1763861377737;;
836;683;0.5149531;0.7481445;0.4182722;0.7781093;442.5;0.2424705;False;11/23/2025 9:29:37 AM:759;1763861377759;;
823;683;0.5068887;0.7482507;0.4291645;0.7563117;442.1;0.2558727;False;11/23/2025 9:29:37 AM:781;1763861377781;;
799;683;0.4921491;0.7483575;0.3872578;0.7612396;441.6;0.2565281;False;11/23/2025 9:29:37 AM:802;1763861377802;;
807;686;0.49698;0.7515637;0.5574206;0.8307231;438.9;0.2393612;False;11/23/2025 9:29:37 AM:823;1763861377823;;
810;687;0.4992132;0.7517051;0.5421746;0.785028;438.3;0.2572432;False;11/23/2025 9:29:37 AM:845;1763861377845;;
813;687;0.501031;0.7518232;0.5424936;0.7850268;437.7;0.257524;False;11/23/2025 9:29:37 AM:865;1763861377865;;
817;687;0.5036678;0.7519661;0.5526332;0.7670037;439.7;0.2475912;False;11/23/2025 9:29:37 AM:888;1763861377888;;
812;690;0.5001543;0.7554684;0.4552513;0.8367583;439.2;0.2414373;False;11/23/2025 9:29:37 AM:912;1763861377912;;
808;692;0.49776;0.7579622;0.4557189;0.8367557;438.7;0.2417882;False;11/23/2025 9:29:37 AM:930;1763861377930;;
842;692;0.5187917;0.7579915;0.640835;0.7906477;437.0;0.2497751;False;11/23/2025 9:29:37 AM:953;1763861377953;;
868;692;0.5350109;0.7580183;0.640533;0.7906468;435.5;0.2495192;False;11/23/2025 9:29:37 AM:975;1763861377975;;
869;693;0.5355162;0.7582076;0.5547707;0.7730238;435.7;0.2623294;False;11/23/2025 9:29:37 AM:996;1763861377996;;
869;694;0.5354717;0.7600491;0.5297438;0.8278145;437.7;0.2471597;False;11/23/2025 9:29:38 AM:19;1763861378019;;
870;696;0.5358958;0.7622738;0.554906;0.8394621;439.5;0.2474359;False;11/23/2025 9:29:38 AM:38;1763861378038;;
870;694;0.5357937;0.7600515;0.5277507;0.7214493;437.5;0.2405118;False;11/23/2025 9:29:38 AM:61;1763861378061;;
871;695;0.5366552;0.7605829;0.562281;0.8053238;435.7;0.2488988;False;11/23/2025 9:29:38 AM:85;1763861378085;;
866;695;0.5336373;0.7606558;0.4847346;0.7868475;434.1;0.2499678;False;11/23/2025 9:29:38 AM:105;1763861378105;;
867;697;0.5343363;0.7632207;0.5574221;0.8386891;435.9;0.254329;False;11/23/2025 9:29:38 AM:126;1763861378126;;
867;700;0.5342153;0.7659823;0.5254318;0.845367;437.3;0.2412903;False;11/23/2025 9:29:38 AM:149;1763861378149;;
857;705;0.5281583;0.7723263;0.4596859;0.8864447;438.5;0.2418293;False;11/23/2025 9:29:38 AM:170;1763861378170;;
857;699;0.5282478;0.7658634;0.5356824;0.6910361;437.4;0.2469107;False;11/23/2025 9:29:38 AM:192;1763861378192;;
896;700;0.5522046;0.7660426;0.6740814;0.7843736;438.2;0.2515326;False;11/23/2025 9:29:38 AM:216;1763861378216;;
854;700;0.5260432;0.7664886;0.3899586;0.8100973;438.7;0.2557174;False;11/23/2025 9:29:38 AM:238;1763861378238;;
833;702;0.5131936;0.7685587;0.4152884;0.8407632;439.1;0.2565563;False;11/23/2025 9:29:38 AM:258;1763861378258;;
830;702;0.511251;0.7683814;0.4748851;0.7624416;440.4;0.2412385;False;11/23/2025 9:29:38 AM:283;1763861378283;;
854;702;0.5262166;0.7684952;0.6290266;0.801802;437.6;0.2400229;False;11/23/2025 9:29:38 AM:304;1763861378304;;
876;702;0.5395828;0.7688376;0.6371256;0.8096951;435.2;0.2408355;False;11/23/2025 9:29:38 AM:326;1763861378326;;
952;700;0.5862907;0.7664025;0.7610016;0.7204534;434.6;0.2420118;False;11/23/2025 9:29:38 AM:346;1763861378346;;
917;700;0.5647559;0.7662148;0.4386936;0.7584759;437.2;0.2436291;False;11/23/2025 9:29:38 AM:371;1763861378371;;
883;700;0.543934;0.7662174;0.4105141;0.7664281;439.4;0.2431989;False;11/23/2025 9:29:38 AM:392;1763861378392;;
876;700;0.5399002;0.7668344;0.4787323;0.8058617;441.5;0.2441178;False;11/23/2025 9:29:38 AM:414;1763861378414;;
893;704;0.5502471;0.7706652;0.6267396;0.8502699;443.1;0.2477037;False;11/23/2025 9:29:38 AM:438;1763861378438;;
911;706;0.5614797;0.7729488;0.6436474;0.840584;441.3;0.2445213;False;11/23/2025 9:29:38 AM:461;1763861378461;;
913;706;0.5627155;0.7730839;0.5887281;0.7883859;438.3;0.2444599;False;11/23/2025 9:29:38 AM:484;1763861378484;;
915;706;0.5636963;0.7731948;0.5887197;0.7883858;435.7;0.2444531;False;11/23/2025 9:29:38 AM:504;1763861378504;;
903;707;0.55613;0.7742352;0.4813466;0.8255827;435.0;0.2451726;False;11/23/2025 9:29:38 AM:528;1763861378528;;
904;707;0.5572201;0.7742671;0.5834103;0.776054;436.6;0.238152;False;11/23/2025 9:29:38 AM:549;1763861378549;;
912;707;0.5619957;0.7743701;0.6224813;0.8033254;438.0;0.2394872;False;11/23/2025 9:29:38 AM:571;1763861378571;;
912;708;0.5620032;0.7750075;0.5644906;0.8190432;436.9;0.2411943;False;11/23/2025 9:29:38 AM:593;1763861378593;;
908;697;0.5591831;0.7632451;0.5161633;0.6591857;438.9;0.2335342;False;11/23/2025 9:29:38 AM:618;1763861378618;;
894;697;0.5507161;0.7628049;0.4694438;0.7450458;439.8;0.2509604;False;11/23/2025 9:29:38 AM:639;1763861378639;;
838;697;0.5161462;0.7628344;0.3548545;0.7726434;440.6;0.2524241;False;11/23/2025 9:29:38 AM:658;1763861378658;;
817;697;0.5034936;0.7628529;0.413407;0.7650508;441.7;0.2561408;False;11/23/2025 9:29:38 AM:681;1763861378681;;
805;697;0.4962535;0.7627155;0.4275326;0.7537771;440.3;0.2521374;False;11/23/2025 9:29:38 AM:704;1763861378704;;
794;697;0.4892486;0.7627319;0.4164762;0.7675333;438.9;0.2526997;False;11/23/2025 9:29:38 AM:723;1763861378723;;
783;683;0.4822241;0.7474992;0.4120141;0.6127295;438.2;0.2518797;False;11/23/2025 9:29:38 AM:746;1763861378746;;
785;683;0.4836824;0.7477221;0.517346;0.7682079;437.4;0.2592234;False;11/23/2025 9:29:38 AM:768;1763861378768;;
783;683;0.482491;0.7481024;0.4528298;0.7748692;436.7;0.2598611;False;11/23/2025 9:29:38 AM:789;1763861378789;;
762;685;0.4694166;0.7494682;0.3713336;0.7980173;434.7;0.2518567;False;11/23/2025 9:29:38 AM:810;1763861378810;;
754;685;0.4644398;0.7499582;0.4025381;0.783097;433.0;0.2526114;False;11/23/2025 9:29:38 AM:831;1763861378831;;
766;674;0.4717406;0.7375382;0.5421993;0.6186447;434.7;0.245701;False;11/23/2025 9:29:38 AM:855;1763861378855;;
772;667;0.4754143;0.7307338;0.5308049;0.6337622;436.2;0.2462859;False;11/23/2025 9:29:38 AM:874;1763861378874;;
751;667;0.4626786;0.7308068;0.3679873;0.7425737;436.1;0.2570846;False;11/23/2025 9:29:38 AM:895;1763861378895;;
747;670;0.460457;0.7336823;0.4191778;0.7997929;436.7;0.2478732;False;11/23/2025 9:29:38 AM:916;1763861378916;;
742;674;0.4574839;0.7381699;0.4074479;0.823608;437.3;0.2489023;False;11/23/2025 9:29:38 AM:936;1763861378936;;
746;674;0.4598388;0.7381042;0.5007192;0.7329712;436.9;0.2416629;False;11/23/2025 9:29:38 AM:959;1763861378959;;
742;674;0.4570904;0.7384812;0.4129882;0.7666858;437.2;0.2433542;False;11/23/2025 9:29:38 AM:983;1763861378983;;
724;675;0.4463605;0.738713;0.3542741;0.764794;437.5;0.2436939;False;11/23/2025 9:29:39 AM:3;1763861379003;;
726;676;0.447617;0.7398657;0.4772391;0.7885166;437.6;0.2501737;False;11/23/2025 9:29:39 AM:24;1763861379024;;
760;677;0.4680127;0.7411205;0.5830659;0.7914231;437.8;0.2494283;False;11/23/2025 9:29:39 AM:47;1763861379047;;
787;677;0.4850484;0.741213;0.5913797;0.7665545;438.0;0.2500341;False;11/23/2025 9:29:39 AM:68;1763861379068;;
784;677;0.4833526;0.7412331;0.4452234;0.7631962;438.5;0.2469065;False;11/23/2025 9:29:39 AM:93;1763861379093;;
786;677;0.4843724;0.7411461;0.5069777;0.7367837;437.8;0.2430584;False;11/23/2025 9:29:39 AM:117;1763861379117;;
790;677;0.4868577;0.7412155;0.5283589;0.7632946;436.4;0.2503223;False;11/23/2025 9:29:39 AM:139;1763861379139;;
788;678;0.4852364;0.742126;0.447367;0.7891774;435.1;0.2513765;False;11/23/2025 9:29:39 AM:159;1763861379159;;
788;679;0.4853287;0.7432528;0.4919892;0.7950888;434.8;0.2675029;False;11/23/2025 9:29:39 AM:180;1763861379180;;
788;679;0.4856696;0.74294;0.4997755;0.7311994;436.0;0.2316823;False;11/23/2025 9:29:39 AM:204;1763861379204;;
788;678;0.4855038;0.742299;0.4736645;0.7212424;437.2;0.2307083;False;11/23/2025 9:29:39 AM:227;1763861379227;;
791;678;0.4875093;0.7423532;0.522382;0.7601358;437.4;0.2310898;False;11/23/2025 9:29:39 AM:254;1763861379254;;
790;678;0.4868145;0.7425683;0.4637731;0.7688333;437.6;0.2314423;False;11/23/2025 9:29:39 AM:275;1763861379275;;
739;678;0.455512;0.7425262;0.3086248;0.7393231;439.7;0.2498339;False;11/23/2025 9:29:39 AM:297;1763861379297;;
741;668;0.4564706;0.7309521;0.488345;0.6152534;440.2;0.2406632;False;11/23/2025 9:29:39 AM:319;1763861379319;;
740;668;0.4560496;0.7319084;0.4426107;0.7722571;443.3;0.2537481;False;11/23/2025 9:29:39 AM:342;1763861379342;;
740;669;0.4556834;0.7327328;0.4424784;0.7722584;446.1;0.2536413;False;11/23/2025 9:29:39 AM:364;1763861379364;;
754;673;0.4646816;0.7365915;0.5493852;0.8168894;444.8;0.2506448;False;11/23/2025 9:29:39 AM:385;1763861379385;;
730;670;0.449942;0.7337299;0.3520619;0.6798217;446.6;0.2335607;False;11/23/2025 9:29:39 AM:407;1763861379407;;
723;664;0.4454242;0.7273694;0.3901541;0.6396814;448.2;0.2333561;False;11/23/2025 9:29:39 AM:429;1763861379429;;
725;665;0.4467248;0.7279941;0.4800587;0.7601219;446.1;0.2722707;False;11/23/2025 9:29:39 AM:451;1763861379451;;
750;666;0.4621019;0.7289833;0.5672995;0.7698436;445.7;0.2525913;False;11/23/2025 9:29:39 AM:474;1763861379474;;
760;666;0.4684982;0.7289006;0.5333407;0.7232938;445.3;0.2530289;False;11/23/2025 9:29:39 AM:501;1763861379501;;
806;666;0.4965994;0.7286888;0.6329715;0.7159469;445.4;0.2572735;False;11/23/2025 9:29:39 AM:526;1763861379526;;
809;667;0.4985985;0.7302137;0.5382596;0.7796353;448.5;0.2448425;False;11/23/2025 9:29:39 AM:547;1763861379547;;
809;668;0.4986036;0.7311634;0.500238;0.7703862;448.2;0.2488603;False;11/23/2025 9:29:39 AM:573;1763861379573;;
809;668;0.498607;0.7318249;0.500688;0.7703874;447.9;0.2492395;False;11/23/2025 9:29:39 AM:594;1763861379594;;
822;669;0.5064824;0.7320823;0.5808209;0.7598249;446.9;0.2471207;False;11/23/2025 9:29:39 AM:618;1763861379618;;
819;669;0.5044528;0.7324064;0.4688253;0.7633286;445.9;0.24893;False;11/23/2025 9:29:39 AM:642;1763861379642;;
815;670;0.5021147;0.7334701;0.4614797;0.7817238;445.1;0.2491933;False;11/23/2025 9:29:39 AM:665;1763861379665;;
818;670;0.5038719;0.7334763;0.5397756;0.7338889;444.0;0.2389222;False;11/23/2025 9:29:39 AM:687;1763861379687;;
816;670;0.5024849;0.7333201;0.4706381;0.7251199;443.0;0.2395737;False;11/23/2025 9:29:39 AM:709;1763861379709;;
814;670;0.5016413;0.7331784;0.4760343;0.7250752;439.9;0.2408773;False;11/23/2025 9:29:39 AM:732;1763861379732;;
833;668;0.5134372;0.7314436;0.6023519;0.6890882;439.5;0.2469312;False;11/23/2025 9:29:39 AM:754;1763861379754;;
826;667;0.5087922;0.7306298;0.4494255;0.700753;441.2;0.2401532;False;11/23/2025 9:29:39 AM:777;1763861379777;;
820;667;0.5052252;0.7299719;0.4496564;0.7007086;442.8;0.2403413;False;11/23/2025 9:29:39 AM:797;1763861379797;;
818;666;0.5042078;0.7293199;0.4729949;0.7003949;444.4;0.268928;False;11/23/2025 9:29:39 AM:822;1763861379822;;
821;634;0.5058888;0.6943728;0.5373099;0.4859335;445.1;0.2518957;False;11/23/2025 9:29:39 AM:844;1763861379844;;
821;612;0.5059177;0.6703545;0.5086055;0.4917431;445.7;0.2523241;False;11/23/2025 9:29:39 AM:865;1763861379865;;
811;622;0.4996347;0.6806736;0.4305323;0.7960632;445.6;0.2475977;False;11/23/2025 9:29:39 AM:886;1763861379886;;
810;627;0.49923;0.6860586;0.4778221;0.771419;444.7;0.2608273;False;11/23/2025 9:29:39 AM:912;1763861379912;;
810;630;0.4989287;0.6899264;0.4777992;0.7714193;443.8;0.2608068;False;11/23/2025 9:29:39 AM:933;1763861379933;;
806;632;0.4964528;0.6916409;0.4495631;0.7481233;444.7;0.2630996;False;11/23/2025 9:29:39 AM:957;1763861379957;;
800;633;0.4927148;0.6929148;0.4316789;0.7481745;443.3;0.2531257;False;11/23/2025 9:29:39 AM:978;1763861379978;;
717;618;0.4416265;0.6770837;0.2662795;0.553356;443.4;0.2464251;False;11/23/2025 9:29:40 AM:3;1763861380003;;
702;617;0.4326435;0.6754639;0.3507301;0.6338835;443.5;0.2459124;False;11/23/2025 9:29:40 AM:23;1763861380023;;
659;617;0.4062;0.6753224;0.2843821;0.6671714;443.3;0.2330746;False;11/23/2025 9:29:40 AM:48;1763861380048;;
655;617;0.4035163;0.6753276;0.3626034;0.6852345;444.5;0.2550835;False;11/23/2025 9:29:40 AM:69;1763861380069;;
634;615;0.390764;0.6732932;0.2925929;0.6220201;445.6;0.25669;False;11/23/2025 9:29:40 AM:88;1763861380088;;
634;603;0.3907439;0.6604655;0.3888592;0.5322335;444.0;0.2327469;False;11/23/2025 9:29:40 AM:110;1763861380110;;
634;594;0.3907295;0.6506513;0.3890578;0.5321928;442.5;0.232887;False;11/23/2025 9:29:40 AM:130;1763861380130;;
641;601;0.3952629;0.6578715;0.4519501;0.7476271;444.1;0.2349765;False;11/23/2025 9:29:40 AM:155;1763861380155;;
639;598;0.3940269;0.6552289;0.3670116;0.5968678;444.2;0.2426844;False;11/23/2025 9:29:40 AM:178;1763861380178;;
639;597;0.3938785;0.6540273;0.3850476;0.6113853;444.2;0.2437205;False;11/23/2025 9:29:40 AM:199;1763861380199;;
643;611;0.3963549;0.6685541;0.4417725;0.8037993;444.7;0.2358929;False;11/23/2025 9:29:40 AM:221;1763861380221;;
634;614;0.390765;0.6721535;0.3288363;0.7419273;445.4;0.2330347;False;11/23/2025 9:29:40 AM:243;1763861380243;;
634;615;0.3907741;0.6738569;0.3955002;0.726828;446.1;0.2336526;False;11/23/2025 9:29:40 AM:262;1763861380262;;
640;609;0.394394;0.6667068;0.4468092;0.5753255;446.2;0.2396534;False;11/23/2025 9:29:40 AM:286;1763861380286;;
648;603;0.3992648;0.6604086;0.4611152;0.5715365;443.9;0.238224;False;11/23/2025 9:29:40 AM:309;1763861380309;;
655;598;0.4033814;0.6550932;0.4613956;0.5714742;441.8;0.2383902;False;11/23/2025 9:29:40 AM:333;1763861380333;;
656;605;0.4042437;0.6623997;0.4361979;0.7539134;443.1;0.2480538;False;11/23/2025 9:29:40 AM:356;1763861380356;;
664;596;0.4093868;0.6529119;0.4778248;0.5398803;442.8;0.235555;False;11/23/2025 9:29:40 AM:379;1763861380379;;
682;596;0.4202845;0.653118;0.5172537;0.6663256;442.1;0.2379328;False;11/23/2025 9:29:40 AM:400;1763861380400;;
696;594;0.4287388;0.6507623;0.519207;0.5877913;441.4;0.2385371;False;11/23/2025 9:29:40 AM:420;1763861380420;;
705;602;0.4341968;0.6596241;0.5072247;0.7642108;440.9;0.2427281;False;11/23/2025 9:29:40 AM:441;1763861380441;;
692;604;0.4264468;0.6608929;0.3595001;0.7005267;441.6;0.2425792;False;11/23/2025 9:29:40 AM:464;1763861380464;;
682;605;0.4203758;0.6619591;0.3595932;0.7005134;442.3;0.2426628;False;11/23/2025 9:29:40 AM:484;1763861380484;;
667;607;0.4112661;0.6648265;0.337367;0.7273824;443.5;0.2393931;False;11/23/2025 9:29:40 AM:508;1763861380508;;
655;609;0.40385;0.6673167;0.3373346;0.7273865;444.6;0.2393497;False;11/23/2025 9:29:40 AM:533;1763861380533;;
657;614;0.4046709;0.6720747;0.4328099;0.7597336;444.4;0.2506074;False;11/23/2025 9:29:40 AM:553;1763861380553;;
667;614;0.4107294;0.6718784;0.4824295;0.6615571;442.0;0.2341413;False;11/23/2025 9:29:40 AM:574;1763861380574;;
670;614;0.4128319;0.6721763;0.4566829;0.7005481;439.8;0.2343993;False;11/23/2025 9:29:40 AM:598;1763861380598;;
673;614;0.4148361;0.6722227;0.4586999;0.6783549;438.9;0.2458969;False;11/23/2025 9:29:40 AM:622;1763861380622;;
672;622;0.414325;0.6811283;0.4000287;0.7975783;438.6;0.2468943;False;11/23/2025 9:29:40 AM:644;1763861380644;;
668;626;0.4115811;0.6852293;0.3702144;0.7710465;438.3;0.247321;False;11/23/2025 9:29:40 AM:665;1763861380665;;
657;609;0.4049274;0.66682;0.3402804;0.5279949;438.2;0.2304337;False;11/23/2025 9:29:40 AM:688;1763861380688;;
657;610;0.4046732;0.6675626;0.3928906;0.7091443;438.5;0.2508425;False;11/23/2025 9:29:40 AM:712;1763861380712;;
645;612;0.397442;0.6696537;0.3262136;0.7341767;437.9;0.236854;False;11/23/2025 9:29:40 AM:734;1763861380734;;
636;615;0.3922043;0.6729881;0.3261801;0.7570028;437.3;0.2373318;False;11/23/2025 9:29:40 AM:754;1763861380754;;
655;618;0.4036094;0.6764598;0.4933384;0.7608024;439.4;0.2518045;False;11/23/2025 9:29:40 AM:776;1763861380776;;
656;617;0.4043078;0.6753918;0.4262573;0.6501189;442.2;0.2337994;False;11/23/2025 9:29:40 AM:798;1763861380798;;
657;616;0.4048695;0.6745493;0.4263922;0.6500944;444.7;0.2339079;False;11/23/2025 9:29:40 AM:819;1763861380819;;
774;580;0.4766121;0.6355249;0.6749368;0.4368179;444.2;0.2410711;False;11/23/2025 9:29:40 AM:844;1763861380844;;
861;581;0.530736;0.6358081;0.6899456;0.6709215;443.9;0.221436;False;11/23/2025 9:29:40 AM:868;1763861380868;;
939;580;0.5785714;0.6353497;0.7335374;0.6194693;443.6;0.2219869;False;11/23/2025 9:29:40 AM:890;1763861380890;;
936;571;0.5769602;0.6255034;0.5459401;0.5245976;441.8;0.2193101;False;11/23/2025 9:29:40 AM:913;1763861380913;;
930;572;0.5728173;0.6261745;0.4766791;0.6648282;441.4;0.2676018;False;11/23/2025 9:29:40 AM:935;1763861380935;;
927;578;0.5711399;0.6332123;0.4894219;0.74248;441.0;0.26835;False;11/23/2025 9:29:40 AM:955;1763861380955;;
926;567;0.5703039;0.6207433;0.5182204;0.5017909;437.9;0.2425922;False;11/23/2025 9:29:40 AM:977;1763861380977;;
924;558;0.5695654;0.6108369;0.518747;0.5016934;435.1;0.2430524;False;11/23/2025 9:29:40 AM:998;1763861380998;;
906;554;0.558055;0.6067274;0.4326334;0.5357347;434.8;0.2458579;False;11/23/2025 9:29:41 AM:19;1763861381019;;
904;575;0.5570608;0.6295814;0.523361;0.8029892;436.8;0.2417996;False;11/23/2025 9:29:41 AM:41;1763861381041;;
894;585;0.5509508;0.6408545;0.4497574;0.7688023;438.5;0.242237;False;11/23/2025 9:29:41 AM:62;1763861381062;;
894;597;0.5505762;0.6531901;0.5025487;0.7861691;439.1;0.2277502;False;11/23/2025 9:29:41 AM:83;1763861381083;;
898;596;0.5535129;0.6521407;0.5795438;0.620948;438.5;0.2537528;False;11/23/2025 9:29:41 AM:107;1763861381107;;
898;597;0.5530837;0.653293;0.5432491;0.696789;438.0;0.2534795;False;11/23/2025 9:29:41 AM:129;1763861381129;;
870;599;0.5359865;0.6554198;0.4039638;0.7156528;438.4;0.2413932;False;11/23/2025 9:29:41 AM:150;1763861381150;;
861;599;0.5307643;0.6555119;0.4498079;0.675586;439.3;0.2590047;False;11/23/2025 9:29:41 AM:174;1763861381174;;
861;599;0.5304533;0.6554603;0.5020132;0.6515142;440.0;0.2588994;False;11/23/2025 9:29:41 AM:195;1763861381195;;
861;585;0.5301886;0.6401426;0.5232387;0.5093435;438.6;0.2552998;False;11/23/2025 9:29:41 AM:219;1763861381219;;
888;583;0.5471237;0.6386221;0.6372457;0.5982331;440.2;0.2552848;False;11/23/2025 9:29:41 AM:243;1763861381243;;
883;583;0.5442259;0.6386843;0.4804749;0.6492227;441.6;0.2563501;False;11/23/2025 9:29:41 AM:266;1763861381266;;
883;585;0.5439327;0.6401823;0.5240232;0.6880079;442.8;0.2569636;False;11/23/2025 9:29:41 AM:287;1763861381287;;
887;579;0.5467664;0.6337438;0.5805978;0.5445893;441.4;0.245297;False;11/23/2025 9:29:41 AM:308;1763861381308;;
862;579;0.5309928;0.6339137;0.415096;0.6497383;439.3;0.2338817;False;11/23/2025 9:29:41 AM:332;1763861381332;;
842;579;0.5189304;0.6340575;0.4151441;0.6497265;437.5;0.2339336;False;11/23/2025 9:29:41 AM:354;1763861381354;;
843;589;0.5193582;0.6447947;0.529532;0.7634953;437.8;0.2383227;False;11/23/2025 9:29:41 AM:376;1763861381376;;
843;597;0.5191607;0.6535354;0.4946656;0.7649414;438.1;0.2387777;False;11/23/2025 9:29:41 AM:399;1763861381399;;
813;599;0.5009642;0.6559752;0.3819557;0.7199963;439.9;0.2386118;False;11/23/2025 9:29:41 AM:421;1763861381421;;
813;598;0.5006344;0.6552348;0.4749042;0.6307914;439.3;0.2364855;False;11/23/2025 9:29:41 AM:443;1763861381443;;
812;598;0.5001881;0.6552524;0.4714331;0.6672139;438.7;0.2369115;False;11/23/2025 9:29:41 AM:466;1763861381466;;
802;587;0.4942948;0.6428082;0.4219248;0.5269445;439.5;0.2327592;False;11/23/2025 9:29:41 AM:489;1763861381489;;
808;597;0.4975734;0.6533003;0.538618;0.774102;438.9;0.2505806;False;11/23/2025 9:29:41 AM:512;1763861381512;;
810;592;0.4992333;0.6481072;0.5263194;0.5748609;439.7;0.2160018;False;11/23/2025 9:29:41 AM:537;1763861381537;;
812;588;0.5004101;0.644343;0.525813;0.574958;440.4;0.2156486;False;11/23/2025 9:29:41 AM:558;1763861381558;;
788;593;0.4854062;0.6498722;0.3810966;0.7341002;441.6;0.2481724;False;11/23/2025 9:29:41 AM:581;1763861381581;;
774;599;0.4767502;0.6555707;0.3953743;0.7443364;441.5;0.2394461;False;11/23/2025 9:29:41 AM:604;1763861381604;;
736;601;0.453703;0.6575504;0.3204048;0.7167953;441.5;0.2401463;False;11/23/2025 9:29:41 AM:624;1763861381624;;
716;599;0.4411438;0.6563786;0.3489342;0.6238835;442.7;0.2281078;False;11/23/2025 9:29:41 AM:648;1763861381648;;
722;606;0.4451671;0.6635758;0.4964941;0.762252;441.6;0.2341689;False;11/23/2025 9:29:41 AM:672;1763861381672;;
742;599;0.4569884;0.6557178;0.5480366;0.5615865;441.7;0.251778;False;11/23/2025 9:29:41 AM:695;1763861381695;;
756;585;0.4659714;0.6409053;0.5490443;0.5034559;441.7;0.2521198;False;11/23/2025 9:29:41 AM:717;1763861381717;;
792;588;0.4879242;0.6441075;0.6129249;0.7128142;443.4;0.2238068;False;11/23/2025 9:29:41 AM:738;1763861381738;;
786;571;0.4845931;0.6249415;0.43645;0.4818038;444.4;0.2259998;False;11/23/2025 9:29:41 AM:762;1763861381762;;
778;557;0.4792385;0.6104577;0.415763;0.4804007;445.3;0.2255228;False;11/23/2025 9:29:41 AM:786;1763861381786;;
753;559;0.4642794;0.6126321;0.359769;0.6663818;446.3;0.241148;False;11/23/2025 9:29:41 AM:810;1763861381810;;
730;563;0.4496895;0.6160306;0.3403174;0.6894829;447.2;0.2416213;False;11/23/2025 9:29:41 AM:830;1763861381830;;
690;562;0.4250019;0.6153725;0.2976209;0.5903916;448.0;0.2272652;False;11/23/2025 9:29:41 AM:853;1763861381853;;
689;578;0.4243684;0.6330153;0.4025748;0.7835473;448.2;0.2555812;False;11/23/2025 9:29:41 AM:876;1763861381876;;
681;588;0.419862;0.6443494;0.3591036;0.7739472;448.3;0.2568268;False;11/23/2025 9:29:41 AM:897;1763861381897;;
698;588;0.4303279;0.6439779;0.5103321;0.6275485;448.4;0.2415782;False;11/23/2025 9:29:41 AM:922;1763861381922;;
698;590;0.4302986;0.6465051;0.4241138;0.7102663;447.6;0.2393773;False;11/23/2025 9:29:41 AM:943;1763861381943;;
693;595;0.4269941;0.6514812;0.3735049;0.7434773;446.9;0.2402238;False;11/23/2025 9:29:41 AM:963;1763861381963;;
677;600;0.4170812;0.6570031;0.3295577;0.752345;443.9;0.2438625;False;11/23/2025 9:29:41 AM:984;1763861381984;;
675;604;0.4161348;0.6614991;0.3847405;0.7531292;444.5;0.2382427;False;11/23/2025 9:29:42 AM:5;1763861382005;;
673;608;0.4149513;0.6662887;0.3787346;0.7639915;445.0;0.2389306;False;11/23/2025 9:29:42 AM:26;1763861382026;;
676;612;0.4164262;0.6702462;0.4451481;0.7591667;445.5;0.2356044;False;11/23/2025 9:29:42 AM:48;1763861382048;;
731;612;0.4503158;0.6696243;0.5980737;0.6520907;447.2;0.23916;False;11/23/2025 9:29:42 AM:70;1763861382070;;
772;611;0.4753898;0.6690866;0.5985152;0.652006;448.8;0.2395335;False;11/23/2025 9:29:42 AM:90;1763861382090;;
788;616;0.4852724;0.6744673;0.5560172;0.7682723;447.9;0.2523281;False;11/23/2025 9:29:42 AM:115;1763861382115;;
789;609;0.4864358;0.6669255;0.5085753;0.5779544;450.8;0.2548293;False;11/23/2025 9:29:42 AM:137;1763861382137;;
756;611;0.4656571;0.668897;0.3386647;0.7319841;449.6;0.2418578;False;11/23/2025 9:29:42 AM:158;1763861382158;;
741;612;0.456304;0.6702781;0.3693096;0.7269609;448.5;0.2417574;False;11/23/2025 9:29:42 AM:180;1763861382180;;
725;614;0.4464743;0.6721535;0.3573792;0.7371302;447.8;0.2481385;False;11/23/2025 9:29:42 AM:204;1763861382204;;
714;614;0.4398129;0.6722451;0.3607995;0.696514;447.1;0.2486921;False;11/23/2025 9:29:42 AM:223;1763861382223;;
746;612;0.4596465;0.6705473;0.5659198;0.6358519;448.0;0.2430851;False;11/23/2025 9:29:42 AM:247;1763861382247;;
761;607;0.468771;0.6644883;0.5404279;0.5869277;448.7;0.2336601;False;11/23/2025 9:29:42 AM:271;1763861382271;;
763;603;0.4699514;0.6604989;0.495108;0.5920429;449.3;0.233861;False;11/23/2025 9:29:42 AM:292;1763861382292;;
763;603;0.4699207;0.660762;0.463585;0.6838772;450.4;0.2349303;False;11/23/2025 9:29:42 AM:317;1763861382317;;
765;600;0.4712631;0.6570497;0.4988982;0.5916551;449.6;0.2304334;False;11/23/2025 9:29:42 AM:339;1763861382339;;
734;598;0.4525801;0.6544559;0.3381749;0.5979555;448.9;0.2308555;False;11/23/2025 9:29:42 AM:361;1763861382361;;
735;598;0.4526414;0.6550356;0.4582617;0.6832882;449.9;0.2482087;False;11/23/2025 9:29:42 AM:384;1763861382384;;
791;584;0.4874014;0.6393057;0.6380664;0.4971312;450.3;0.2449002;False;11/23/2025 9:29:42 AM:405;1763861382405;;
832;575;0.5127822;0.6291693;0.6397334;0.5108514;450.7;0.245102;False;11/23/2025 9:29:42 AM:426;1763861382426;;
867;573;0.5342617;0.6275502;0.6456529;0.5774062;452.2;0.2497109;False;11/23/2025 9:29:42 AM:448;1763861382448;;
861;590;0.5303503;0.6458198;0.4632895;0.7959948;451.5;0.2401822;False;11/23/2025 9:29:42 AM:470;1763861382470;;
856;602;0.5272974;0.6595632;0.4636121;0.795994;450.9;0.2404681;False;11/23/2025 9:29:42 AM:490;1763861382490;;
788;606;0.4853545;0.6635221;0.3135411;0.7332329;452.4;0.2433214;False;11/23/2025 9:29:42 AM:513;1763861382513;;
788;610;0.4853029;0.667879;0.4736757;0.7461835;452.0;0.2374127;False;11/23/2025 9:29:42 AM:535;1763861382535;;
787;609;0.48504;0.666597;0.4651709;0.6259843;451.6;0.2386005;False;11/23/2025 9:29:42 AM:555;1763861382555;;
781;602;0.481106;0.6588875;0.4211293;0.5577095;451.2;0.2428293;False;11/23/2025 9:29:42 AM:576;1763861382576;;
798;611;0.4919932;0.6694002;0.570681;0.7803064;451.7;0.2392773;False;11/23/2025 9:29:42 AM:600;1763861382600;;
816;622;0.5028207;0.6805435;0.587894;0.8048533;452.1;0.2385777;False;11/23/2025 9:29:42 AM:622;1763861382622;;
819;611;0.5044998;0.6693348;0.5363016;0.5538653;450.0;0.2317963;False;11/23/2025 9:29:42 AM:645;1763861382645;;
815;597;0.5020456;0.6532823;0.45534;0.5061058;448.0;0.2323673;False;11/23/2025 9:29:42 AM:665;1763861382665;;
820;578;0.505484;0.6330063;0.5517354;0.4768936;448.8;0.2492065;False;11/23/2025 9:29:42 AM:689;1763861382689;;
817;580;0.5031828;0.6347346;0.4591165;0.6829634;446.9;0.2247169;False;11/23/2025 9:29:42 AM:710;1763861382710;;
816;580;0.5026951;0.6351441;0.4792326;0.6609299;445.2;0.2255795;False;11/23/2025 9:29:42 AM:730;1763861382730;;
792;585;0.4882659;0.640246;0.3843017;0.7248168;444.4;0.237489;False;11/23/2025 9:29:42 AM:753;1763861382753;;
788;561;0.4855112;0.6138195;0.4358927;0.4341053;445.1;0.2420312;False;11/23/2025 9:29:42 AM:773;1763861382773;;
788;551;0.4852737;0.6031645;0.4659944;0.4873039;445.6;0.2426854;False;11/23/2025 9:29:42 AM:794;1763861382794;;
779;560;0.4798314;0.6130037;0.4098788;0.7316015;446.7;0.2433676;False;11/23/2025 9:29:42 AM:815;1763861382815;;
758;575;0.466873;0.629122;0.3678425;0.7734969;449.3;0.240193;False;11/23/2025 9:29:42 AM:840;1763861382840;;
742;579;0.4571146;0.633518;0.369392;0.715171;451.6;0.2421472;False;11/23/2025 9:29:42 AM:862;1763861382862;;
731;581;0.4503541;0.6366895;0.3693801;0.7151743;453.6;0.242134;False;11/23/2025 9:29:42 AM:882;1763861382882;;
726;584;0.4474442;0.6393743;0.3940478;0.7098471;453.5;0.236443;False;11/23/2025 9:29:42 AM:906;1763861382906;;
752;572;0.4630957;0.6258437;0.5581504;0.5073695;453.1;0.2378937;False;11/23/2025 9:29:42 AM:928;1763861382928;;
779;566;0.4799841;0.620134;0.5798783;0.5422876;452.7;0.2392655;False;11/23/2025 9:29:42 AM:952;1763861382952;;
777;566;0.4786344;0.6202533;0.4380605;0.6401517;450.1;0.2470271;False;11/23/2025 9:29:42 AM:975;1763861382975;;
777;578;0.4787637;0.632427;0.4829108;0.7601666;452.6;0.2430657;False;11/23/2025 9:29:42 AM:999;1763861382999;;
781;588;0.4814372;0.6439344;0.5202311;0.7776637;454.9;0.2432824;False;11/23/2025 9:29:43 AM:20;1763861383020;;
810;590;0.4990642;0.6462047;0.6007594;0.7115345;452.8;0.2386435;False;11/23/2025 9:29:43 AM:44;1763861383044;;
838;594;0.5164973;0.6508297;0.6224934;0.7438797;450.8;0.2381917;False;11/23/2025 9:29:43 AM:66;1763861383066;;
813;596;0.5006515;0.6526238;0.3911357;0.7173287;450.8;0.2480495;False;11/23/2025 9:29:43 AM:88;1763861383088;;
788;601;0.4857962;0.6586255;0.3749171;0.7673169;452.5;0.2494124;False;11/23/2025 9:29:43 AM:109;1763861383109;;
738;604;0.4545627;0.6617463;0.3015054;0.7483239;454.0;0.2506252;False;11/23/2025 9:29:43 AM:130;1763861383130;;
732;596;0.4507943;0.65258;0.3985724;0.5607977;454.9;0.2307992;False;11/23/2025 9:29:43 AM:152;1763861383152;;
735;595;0.4528635;0.6517227;0.4920355;0.6284861;455.0;0.2427859;False;11/23/2025 9:29:43 AM:173;1763861383173;;
712;595;0.4388971;0.6517622;0.3364304;0.6785071;455.0;0.2439032;False;11/23/2025 9:29:43 AM:194;1763861383194;;
682;600;0.4204939;0.6566622;0.3152721;0.7460257;454.3;0.2565659;False;11/23/2025 9:29:43 AM:219;1763861383219;;
683;600;0.420813;0.6565375;0.43793;0.6513889;452.1;0.2245829;False;11/23/2025 9:29:43 AM:242;1763861383242;;
683;597;0.4208177;0.6535472;0.4232319;0.6008132;451.5;0.2300643;False;11/23/2025 9:29:43 AM:264;1763861383264;;
683;594;0.4208221;0.650825;0.4232851;0.6008031;450.9;0.2301046;False;11/23/2025 9:29:43 AM:287;1763861383287;;
672;594;0.4143623;0.6506747;0.3497811;0.641404;452.7;0.2372956;False;11/23/2025 9:29:43 AM:312;1763861383312;;
620;595;0.3821189;0.6517131;0.2355902;0.6946714;454.0;0.248635;False;11/23/2025 9:29:43 AM:333;1763861383333;;
589;597;0.3631081;0.6532965;0.2515886;0.7072203;455.2;0.2484179;False;11/23/2025 9:29:43 AM:355;1763861383355;;
571;591;0.3519501;0.6473485;0.268575;0.5654259;455.0;0.2320892;False;11/23/2025 9:29:43 AM:376;1763861383376;;
549;579;0.3384537;0.6335814;0.2482747;0.5075586;454.7;0.2308343;False;11/23/2025 9:29:43 AM:400;1763861383400;;
553;586;0.3406503;0.6421896;0.3850567;0.7462036;454.6;0.2333307;False;11/23/2025 9:29:43 AM:424;1763861383424;;
560;593;0.3453436;0.6490167;0.4122593;0.7513953;454.5;0.2325399;False;11/23/2025 9:29:43 AM:445;1763861383445;;
560;596;0.3453845;0.652932;0.3479722;0.7322219;454.5;0.2324466;False;11/23/2025 9:29:43 AM:468;1763861383468;;
560;599;0.3454236;0.6563033;0.3482412;0.7321901;454.6;0.2326897;False;11/23/2025 9:29:43 AM:492;1763861383492;;
648;606;0.3993434;0.6633863;0.5848665;0.7711179;453.7;0.2245212;False;11/23/2025 9:29:43 AM:514;1763861383514;;
690;591;0.4254099;0.6471677;0.5553232;0.5116806;454.6;0.2267598;False;11/23/2025 9:29:43 AM:535;1763861383535;;
708;580;0.4362316;0.6353295;0.5201072;0.5150871;455.3;0.2271868;False;11/23/2025 9:29:43 AM:554;1763861383554;;
717;578;0.4420512;0.6326729;0.4988385;0.5811946;454.2;0.248193;False;11/23/2025 9:29:43 AM:577;1763861383577;;
719;578;0.4427992;0.6330715;0.4613501;0.6634269;454.2;0.2338866;False;11/23/2025 9:29:43 AM:598;1763861383598;;
720;578;0.4434144;0.6333901;0.4618392;0.6633243;454.2;0.2342868;False;11/23/2025 9:29:43 AM:619;1763861383619;;
726;584;0.4476339;0.6393979;0.5010992;0.7383068;452.7;0.2282853;False;11/23/2025 9:29:43 AM:640;1763861383640;;
679;590;0.4183008;0.645577;0.2812482;0.743571;453.2;0.2258163;False;11/23/2025 9:29:43 AM:664;1763861383664;;
654;593;0.4029883;0.6489173;0.2984363;0.7309274;453.6;0.2254669;False;11/23/2025 9:29:43 AM:684;1763861383684;;
633;594;0.3903183;0.6501411;0.2989899;0.7068977;453.3;0.2373393;False;11/23/2025 9:29:43 AM:707;1763861383707;;
657;593;0.4049449;0.6495023;0.5006911;0.6329896;453.3;0.2259589;False;11/23/2025 9:29:43 AM:733;1763861383733;;
677;593;0.4173213;0.6495962;0.5160744;0.6787397;453.3;0.2254793;False;11/23/2025 9:29:43 AM:754;1763861383754;;
667;591;0.4108075;0.6467773;0.3428016;0.5951067;451.8;0.2290674;False;11/23/2025 9:29:43 AM:774;1763861383774;;
665;596;0.4099214;0.6531544;0.3857346;0.7496254;449.6;0.250463;False;11/23/2025 9:29:43 AM:801;1763861383801;;
668;597;0.4115941;0.6532232;0.4485759;0.6803944;447.7;0.2497525;False;11/23/2025 9:29:43 AM:819;1763861383819;;
664;592;0.4090424;0.6477995;0.3656867;0.5732655;448.0;0.230518;False;11/23/2025 9:29:43 AM:842;1763861383842;;
668;597;0.4114423;0.6541116;0.4509852;0.7494089;448.8;0.2332932;False;11/23/2025 9:29:43 AM:867;1763861383867;;
692;596;0.4264358;0.6531147;0.527513;0.6258678;450.5;0.2336765;False;11/23/2025 9:29:43 AM:890;1763861383890;;
692;596;0.4264362;0.6526458;0.4270602;0.632973;452.0;0.2345337;False;11/23/2025 9:29:43 AM:910;1763861383910;;
692;596;0.4264367;0.6522433;0.4277297;0.6328647;453.3;0.2350775;False;11/23/2025 9:29:43 AM:929;1763861383929;;
753;593;0.4639376;0.6496476;0.6118587;0.597575;452.9;0.235459;False;11/23/2025 9:29:43 AM:955;1763861383955;;
752;578;0.4635149;0.63282;0.4387644;0.4877045;452.3;0.2445897;False;11/23/2025 9:29:43 AM:976;1763861383976;;
725;579;0.4468806;0.6345035;0.333059;0.6827487;452.9;0.2220825;False;11/23/2025 9:29:43 AM:999;1763861383999;;
705;581;0.4341931;0.6359081;0.333106;0.6827424;453.4;0.2221405;False;11/23/2025 9:29:44 AM:20;1763861384020;;
687;589;0.4232916;0.6447605;0.3359175;0.7499169;454.2;0.2238442;False;11/23/2025 9:29:44 AM:46;1763861384046;;
687;596;0.4232529;0.6527322;0.4165939;0.763637;455.7;0.2374814;False;11/23/2025 9:29:44 AM:67;1763861384067;;
687;605;0.4234873;0.6625106;0.4331135;0.7885664;457.0;0.2388931;False;11/23/2025 9:29:44 AM:87;1763861384087;;
668;605;0.4118329;0.6620333;0.3217947;0.6462828;455.4;0.2476656;False;11/23/2025 9:29:44 AM:113;1763861384113;;
697;595;0.4294723;0.6518492;0.5360726;0.5439612;456.0;0.2294946;False;11/23/2025 9:29:44 AM:135;1763861384135;;
706;588;0.4353422;0.6440634;0.4959474;0.5479466;456.5;0.2304659;False;11/23/2025 9:29:44 AM:157;1763861384157;;
714;592;0.4396596;0.6479973;0.4908517;0.720767;457.3;0.2346248;False;11/23/2025 9:29:44 AM:180;1763861384180;;
707;592;0.4354378;0.648734;0.3772128;0.6864992;458.4;0.2334628;False;11/23/2025 9:29:44 AM:203;1763861384203;;
707;600;0.4355755;0.6567553;0.4434052;0.767603;457.8;0.2276922;False;11/23/2025 9:29:44 AM:225;1763861384225;;
693;607;0.4267808;0.6649514;0.3423448;0.7809249;457.3;0.2282414;False;11/23/2025 9:29:44 AM:245;1763861384245;;
686;608;0.4227268;0.6660356;0.365463;0.7163568;456.0;0.2165293;False;11/23/2025 9:29:44 AM:268;1763861384268;;
671;610;0.4134952;0.6680123;0.3342177;0.7293422;456.0;0.240604;False;11/23/2025 9:29:44 AM:294;1763861384294;;
671;611;0.413458;0.6690767;0.4059667;0.7230674;456.0;0.2405069;False;11/23/2025 9:29:44 AM:317;1763861384317;;
865;606;0.5330438;0.6632049;0.7701863;0.5923289;452.4;0.230519;False;11/23/2025 9:29:44 AM:343;1763861384343;;
957;604;0.5898439;0.6613249;0.7370067;0.6221941;449.1;0.2306398;False;11/23/2025 9:29:44 AM:367;1763861384367;;
1039;600;0.6402056;0.6564996;0.7656109;0.5892875;446.7;0.220031;False;11/23/2025 9:29:44 AM:393;1763861384393;;
1114;609;0.6864123;0.6670182;0.8078043;0.7825043;447.5;0.2349961;False;11/23/2025 9:29:44 AM:418;1763861384418;;
1173;622;0.7225229;0.6805835;0.825305;0.8134905;445.2;0.2383874;False;11/23/2025 9:29:44 AM:443;1763861384443;;
1223;643;0.7533005;0.7035996;0.8482695;0.8773278;444.1;0.2111281;False;11/23/2025 9:29:44 AM:466;1763861384466;;
1269;661;0.7814669;0.7240317;0.8706034;0.8877146;443.1;0.2116469;False;11/23/2025 9:29:44 AM:490;1763861384490;;
1281;665;0.7893803;0.7281575;0.8243564;0.8077914;446.6;0.2154208;False;11/23/2025 9:29:44 AM:515;1763861384515;;
1284;667;0.7907331;0.7306277;0.7989376;0.7968612;446.9;0.2334143;False;11/23/2025 9:29:44 AM:542;1763861384542;;
1280;670;0.788493;0.73317;0.7249604;0.8013023;446.7;0.2369016;False;11/23/2025 9:29:44 AM:570;1763861384570;;
1287;670;0.792856;0.7338248;0.8191241;0.7811372;446.0;0.2164419;False;11/23/2025 9:29:44 AM:596;1763861384596;;
1292;671;0.7958251;0.7343056;0.8193704;0.7808928;445.4;0.216962;False;11/23/2025 9:29:44 AM:619;1763861384619;;
1327;676;0.8172616;0.7400475;0.8870357;0.8269487;443.8;0.2278831;False;11/23/2025 9:29:44 AM:658;1763861384658;;
1327;674;0.8173078;0.7381716;0.8179246;0.7058712;443.2;0.2155785;False;11/23/2025 9:29:44 AM:683;1763861384683;;
1330;683;0.8190439;0.7481758;0.8375802;0.8716899;444.0;0.2771375;False;11/23/2025 9:29:44 AM:708;1763861384708;;
1335;684;0.8221846;0.7490868;0.8538972;0.8052611;443.5;0.2277847;False;11/23/2025 9:29:44 AM:732;1763861384732;;
1336;685;0.8230438;0.7504982;0.8375697;0.8169537;443.0;0.2286128;False;11/23/2025 9:29:44 AM:755;1763861384755;;
1342;693;0.826556;0.7588834;0.864156;0.8801296;443.4;0.2263308;False;11/23/2025 9:29:44 AM:779;1763861384779;;
1342;694;0.8265648;0.76034;0.8268781;0.83095;442.3;0.2415849;False;11/23/2025 9:29:44 AM:803;1763861384803;;
1342;696;0.8265769;0.7615597;0.8270776;0.8308933;441.3;0.2422375;False;11/23/2025 9:29:44 AM:825;1763861384825;;
1342;699;0.8266981;0.7653472;0.8310242;0.8612549;441.5;0.2434232;False;11/23/2025 9:29:44 AM:849;1763861384849;;
1353;699;0.8331521;0.7653988;0.8938584;0.8148217;442.0;0.2342388;False;11/23/2025 9:29:44 AM:872;1763861384872;;
1353;700;0.8332439;0.7658697;0.837956;0.7909446;441.6;0.2268295;False;11/23/2025 9:29:44 AM:896;1763861384896;;
1353;700;0.8333211;0.7662508;0.8380913;0.7909029;441.3;0.2272187;False;11/23/2025 9:29:44 AM:919;1763861384919;;
1355;701;0.8344274;0.7675718;0.8595814;0.8355445;441.4;0.242022;False;11/23/2025 9:29:44 AM:942;1763861384942;;
1355;701;0.8343851;0.7675195;0.8271763;0.7661533;442.4;0.2312195;False;11/23/2025 9:29:44 AM:968;1763861384968;;
1244;682;0.7661174;0.7465717;0.6266237;0.648553;443.3;0.2277719;False;11/23/2025 9:29:45 AM:18;1763861385018;;
1267;687;0.7806979;0.752511;0.8780095;0.8433425;440.9;0.2550032;False;11/23/2025 9:29:45 AM:45;1763861385045;;
1273;686;0.7841169;0.7508019;0.8381292;0.7191229;438.7;0.2254602;False;11/23/2025 9:29:45 AM:75;1763861385075;;
1274;687;0.7847463;0.7527135;0.8164476;0.8101647;438.6;0.238323;False;11/23/2025 9:29:45 AM:102;1763861385102;;
1274;692;0.7845678;0.7572311;0.7796225;0.8437302;439.0;0.2522896;False;11/23/2025 9:29:45 AM:128;1763861385128;;
1275;696;0.7851099;0.7616928;0.8141272;0.8472585;439.4;0.2528338;False;11/23/2025 9:29:45 AM:156;1763861385156;;
1274;694;0.7850608;0.7603409;0.7835676;0.7356467;438.7;0.2320727;False;11/23/2025 9:29:45 AM:186;1763861385186;;
1288;695;0.793629;0.7608693;0.8735078;0.8014543;439.1;0.2261142;False;11/23/2025 9:29:45 AM:212;1763861385212;;
1288;695;0.7936397;0.7606527;0.8106701;0.7526519;438.5;0.2189114;False;11/23/2025 9:29:45 AM:237;1763861385237;;
1289;693;0.7937924;0.7587445;0.8148928;0.7259703;437.9;0.2171343;False;11/23/2025 9:29:45 AM:271;1763861385271;;
1289;674;0.7938174;0.7385002;0.7949483;0.5895652;438.7;0.2235188;False;11/23/2025 9:29:45 AM:294;1763861385294;;
1289;676;0.7937415;0.7401913;0.7909166;0.7908292;438.5;0.2306108;False;11/23/2025 9:29:45 AM:320;1763861385320;;
1288;666;0.7936562;0.7291206;0.7901655;0.6251868;437.5;0.2385513;False;11/23/2025 9:29:45 AM:346;1763861385346;;
1288;666;0.793685;0.7290656;0.7965912;0.7233177;439.3;0.2174646;False;11/23/2025 9:29:45 AM:368;1763861385368;;
1246;667;0.7674337;0.7307795;0.6436172;0.7809496;437.0;0.2362014;False;11/23/2025 9:29:45 AM:392;1763861385392;;
1217;669;0.7494384;0.7321234;0.6438588;0.7809496;435.0;0.2364047;False;11/23/2025 9:29:45 AM:414;1763861385414;;
1220;673;0.7512994;0.7366413;0.7974378;0.8204641;434.3;0.2304866;False;11/23/2025 9:29:45 AM:437;1763861385437;;
1220;673;0.7514068;0.7367077;0.7574006;0.7438977;435.8;0.2315587;False;11/23/2025 9:29:45 AM:462;1763861385462;;
1220;673;0.7514914;0.73676;0.7574733;0.7438263;437.2;0.2317455;False;11/23/2025 9:29:45 AM:485;1763861385485;;
1221;676;0.751892;0.7396708;0.7780732;0.8079939;438.6;0.2253558;False;11/23/2025 9:29:45 AM:509;1763861385509;;
953;676;0.5868579;0.7396942;0.3048293;0.7414652;443.5;0.2316529;False;11/23/2025 9:29:45 AM:533;1763861385533;;
766;650;0.4718136;0.7118732;0.2677092;0.5363072;445.5;0.2278318;False;11/23/2025 9:29:45 AM:554;1763861385554;;
617;628;0.3802709;0.6873894;0.2023152;0.5117902;447.3;0.2287652;False;11/23/2025 9:29:45 AM:575;1763861385575;;
541;628;0.3334991;0.6875854;0.2377235;0.7151383;450.2;0.2361643;False;11/23/2025 9:29:45 AM:598;1763861385598;;
496;628;0.3055061;0.6877443;0.2375223;0.7149137;452.8;0.2354942;False;11/23/2025 9:29:45 AM:621;1763861385621;;
443;618;0.2733425;0.6763517;0.1981273;0.5683247;455.5;0.2248637;False;11/23/2025 9:29:45 AM:645;1763861385645;;
421;618;0.2597122;0.676259;0.2178846;0.6697791;455.2;0.2346553;False;11/23/2025 9:29:45 AM:667;1763861385667;;
395;607;0.2437887;0.66439;0.1936571;0.5465769;454.9;0.2356849;False;11/23/2025 9:29:45 AM:691;1763861385691;;
378;599;0.23309;0.6553694;0.195081;0.5511417;452.2;0.2304166;False;11/23/2025 9:29:45 AM:714;1763861385714;;
367;594;0.2262685;0.650151;0.1974325;0.5667534;454.8;0.2355051;False;11/23/2025 9:29:45 AM:736;1763861385736;;
361;593;0.2223269;0.6488413;0.2023903;0.603038;455.9;0.2205709;False;11/23/2025 9:29:45 AM:758;1763861385758;;
355;591;0.2191541;0.6476162;0.2023791;0.6029574;456.8;0.2210761;False;11/23/2025 9:29:45 AM:783;1763861385783;;
359;586;0.221668;0.6421689;0.2473455;0.5511752;457.4;0.2297394;False;11/23/2025 9:29:45 AM:806;1763861385806;;
355;585;0.2190278;0.6408567;0.2007667;0.5887534;460.1;0.236767;False;11/23/2025 9:29:45 AM:828;1763861385828;;
352;585;0.2173189;0.6404043;0.2029342;0.6022764;462.6;0.2371922;False;11/23/2025 9:29:45 AM:850;1763861385850;;
346;568;0.2134629;0.6222348;0.1867407;0.4689733;460.5;0.2304007;False;11/23/2025 9:29:45 AM:875;1763861385875;;
348;568;0.2146884;0.622157;0.2472896;0.6174089;458.8;0.2261117;False;11/23/2025 9:29:45 AM:901;1763861385901;;
345;558;0.2126492;0.6105431;0.1935733;0.4829936;459.8;0.2296382;False;11/23/2025 9:29:45 AM:925;1763861385925;;
342;541;0.2109261;0.5919538;0.1918877;0.4299451;460.7;0.2302995;False;11/23/2025 9:29:45 AM:949;1763861385949;;
341;541;0.2105816;0.5929285;0.2052196;0.6164318;462.1;0.237541;False;11/23/2025 9:29:45 AM:974;1763861385974;;
339;540;0.2090533;0.5912175;0.1883111;0.5317243;462.4;0.2459521;False;11/23/2025 9:29:45 AM:997;1763861385997;;
338;517;0.2081398;0.5657157;0.1932961;0.3847498;464.2;0.259372;False;11/23/2025 9:29:46 AM:22;1763861386022;;
336;498;0.207348;0.5449797;0.1933201;0.3846775;465.8;0.2599117;False;11/23/2025 9:29:46 AM:48;1763861386048;;
335;480;0.2067381;0.5262308;0.1950886;0.3815907;467.4;0.2546823;False;11/23/2025 9:29:46 AM:81;1763861386081;;
334;474;0.2057964;0.5188665;0.1871267;0.4130014;469.5;0.250204;False;11/23/2025 9:29:46 AM:108;1763861386108;;
333;460;0.2054927;0.5036169;0.1948846;0.3513439;471.5;0.2636287;False;11/23/2025 9:29:46 AM:132;1763861386132;;
333;435;0.2055059;0.4769827;0.2070882;0.2807926;473.3;0.2643777;False;11/23/2025 9:29:46 AM:155;1763861386155;;
334;384;0.2062237;0.4209475;0.2314616;0.1742321;473.7;0.2715725;False;11/23/2025 9:29:46 AM:182;1763861386182;;
334;379;0.2060724;0.4149801;0.2007247;0.3348835;474.4;0.2653596;False;11/23/2025 9:29:46 AM:219;1763861386219;;
334;365;0.2060963;0.3994195;0.2144235;0.2593375;474.9;0.2731096;False;11/23/2025 9:29:46 AM:245;1763861386245;;
334;364;0.2057694;0.3993228;0.1945556;0.3759383;473.3;0.2676975;False;11/23/2025 9:29:46 AM:275;1763861386275;;
333;365;0.2052406;0.4000352;0.189792;0.4168306;473.9;0.2682317;False;11/23/2025 9:29:46 AM:307;1763861386307;;
333;364;0.2051335;0.3990369;0.1974344;0.3534704;477.6;0.2964587;False;11/23/2025 9:29:46 AM:334;1763861386334;;
331;368;0.204219;0.4036037;0.1812199;0.4613204;476.9;0.2693668;False;11/23/2025 9:29:46 AM:364;1763861386364;;
331;368;0.204023;0.4035867;0.1915733;0.3884296;476.3;0.2812552;False;11/23/2025 9:29:46 AM:393;1763861386393;;
330;371;0.203414;0.4062434;0.1809774;0.4559476;475.7;0.2817265;False;11/23/2025 9:29:46 AM:419;1763861386419;;
330;371;0.2032564;0.4062024;0.1900178;0.3948316;473.7;0.2753373;False;11/23/2025 9:29:46 AM:448;1763861386448;;
329;371;0.2031276;0.4066317;0.1897509;0.4253989;471.5;0.2789489;False;11/23/2025 9:29:46 AM:476;1763861386476;;
329;374;0.2029852;0.4098517;0.1883907;0.4698426;472.9;0.2793752;False;11/23/2025 9:29:46 AM:501;1763861386501;;
329;372;0.2031178;0.4078809;0.2093656;0.3596061;474.2;0.2817042;False;11/23/2025 9:29:46 AM:526;1763861386526;;
329;378;0.2031093;0.4142649;0.1956779;0.4982554;473.7;0.2764032;False;11/23/2025 9:29:46 AM:553;1763861386553;;
385;345;0.2371424;0.3784828;0.3732121;0.1850006;473.8;0.2710128;False;11/23/2025 9:29:46 AM:577;1763861386577;;
385;345;0.2376145;0.3779582;0.248683;0.3566703;472.4;0.3060969;False;11/23/2025 9:29:46 AM:605;1763861386605;;
390;359;0.2404755;0.3927967;0.2770295;0.5195472;471.4;0.2888726;False;11/23/2025 9:29:46 AM:633;1763861386633;;
390;371;0.2404527;0.4065438;0.2308558;0.5412102;470.5;0.2921761;False;11/23/2025 9:29:46 AM:656;1763861386656;;
390;371;0.2404315;0.405944;0.2383608;0.3865034;470.3;0.2947608;False;11/23/2025 9:29:46 AM:687;1763861386687;;
405;396;0.2499938;0.4333964;0.3179471;0.5951201;470.8;0.2821182;False;11/23/2025 9:29:46 AM:718;1763861386718;;
901;395;0.5553125;0.4326105;0.8748829;0.4072673;468.5;0.2859172;False;11/23/2025 9:29:46 AM:746;1763861386746;;
1133;400;0.6977917;0.4377343;0.8730151;0.5149218;464.3;0.2948695;False;11/23/2025 9:29:46 AM:774;1763861386774;;
1198;432;0.7377678;0.4727472;0.8064425;0.6644747;460.8;0.2841671;False;11/23/2025 9:29:46 AM:802;1763861386802;;
1236;469;0.7610947;0.5132034;0.8077499;0.7156524;458.1;0.3050177;False;11/23/2025 9:29:46 AM:829;1763861386829;;
1255;482;0.7731501;0.5284372;0.8045349;0.6622663;455.7;0.2920171;False;11/23/2025 9:29:46 AM:854;1763861386854;;
1312;483;0.8081306;0.5285103;0.8828697;0.5420796;453.5;0.2936599;False;11/23/2025 9:29:46 AM:881;1763861386881;;
1328;492;0.8179154;0.5383865;0.8485759;0.6520191;451.5;0.2933326;False;11/23/2025 9:29:46 AM:905;1763861386905;;
1353;529;0.8336259;0.5792861;0.8736877;0.7735231;448.7;0.3106514;False;11/23/2025 9:29:46 AM:936;1763861386936;;
1356;541;0.8350011;0.5924655;0.8408089;0.7166764;447.9;0.2931204;False;11/23/2025 9:29:46 AM:963;1763861386963;;
1357;545;0.836033;0.5971511;0.8418522;0.6828828;447.2;0.2940868;False;11/23/2025 9:29:46 AM:986;1763861386986;;
1360;547;0.8378897;0.5994369;0.8473645;0.6598421;446.2;0.2894686;False;11/23/2025 9:29:47 AM:15;1763861387015;;
1355;573;0.8346646;0.6274933;0.7959214;0.8094244;443.4;0.3030555;False;11/23/2025 9:29:47 AM:41;1763861387041;;
1351;580;0.8319144;0.6350743;0.7970247;0.7347305;442.4;0.2891293;False;11/23/2025 9:29:47 AM:70;1763861387070;;
1348;581;0.8302658;0.6359435;0.812075;0.6832718;441.9;0.2977433;False;11/23/2025 9:29:47 AM:99;1763861387099;;
1354;579;0.8338372;0.6338108;0.8574818;0.5989572;443.4;0.3072737;False;11/23/2025 9:29:47 AM:130;1763861387130;;
1356;591;0.8349912;0.6476792;0.8470004;0.7838845;440.7;0.2873787;False;11/23/2025 9:29:47 AM:155;1763861387155;;
1364;589;0.8402948;0.6453971;0.8787438;0.605909;438.4;0.2893572;False;11/23/2025 9:29:47 AM:182;1763861387182;;
1372;581;0.8449243;0.6364089;0.8792442;0.5530618;437.6;0.2951562;False;11/23/2025 9:29:47 AM:215;1763861387215;;
1368;585;0.8429592;0.6403818;0.7931328;0.7049215;437.0;0.2825558;False;11/23/2025 9:29:47 AM:250;1763861387250;;
1368;585;0.84254;0.6405135;0.8254884;0.6614881;435.7;0.2956811;False;11/23/2025 9:29:47 AM:282;1763861387282;;
1365;582;0.8409957;0.6375064;0.7934009;0.5885339;435.7;0.2722069;False;11/23/2025 9:29:47 AM:311;1763861387311;;
1366;530;0.8414121;0.5806368;0.8495584;0.3322488;434.9;0.2837883;False;11/23/2025 9:29:47 AM:334;1763861387334;;
1366;497;0.8414524;0.5439028;0.8425971;0.3472053;434.3;0.2854162;False;11/23/2025 9:29:47 AM:357;1763861387357;;
938;452;0.5776261;0.4945604;0.2469581;0.2802032;438.3;0.2896293;False;11/23/2025 9:29:47 AM:381;1763861387381;;
691;433;0.4258246;0.474228;0.2031067;0.3324038;441.6;0.2669554;False;11/23/2025 9:29:47 AM:405;1763861387405;;
552;416;0.3404845;0.4558339;0.2013338;0.3212512;446.4;0.2588949;False;11/23/2025 9:29:47 AM:428;1763861387428;;
473;403;0.2918287;0.4414213;0.2013472;0.3212063;450.6;0.2591839;False;11/23/2025 9:29:47 AM:451;1763861387451;;
428;389;0.2635817;0.4257838;0.2050031;0.3002674;451.9;0.2721573;False;11/23/2025 9:29:47 AM:476;1763861387476;;
393;383;0.2424264;0.4191623;0.1956513;0.3389183;453.8;0.2751158;False;11/23/2025 9:29:47 AM:502;1763861387502;;
369;382;0.2273732;0.419037;0.1871337;0.4097112;454.0;0.2712083;False;11/23/2025 9:29:47 AM:525;1763861387525;;
353;382;0.2179108;0.4188717;0.186364;0.4062614;454.0;0.2736532;False;11/23/2025 9:29:47 AM:547;1763861387547;;
341;382;0.2100487;0.4188731;0.1848091;0.4231607;454.7;0.2810748;False;11/23/2025 9:29:47 AM:573;1763861387573;;
331;383;0.2041972;0.4193779;0.1818363;0.4467363;457.2;0.2676165;False;11/23/2025 9:29:47 AM:597;1763861387597;;
333;368;0.2053435;0.4028207;0.211861;0.2635798;457.0;0.2783284;False;11/23/2025 9:29:47 AM:620;1763861387620;;
337;341;0.2077955;0.3732558;0.2261765;0.1864724;456.9;0.2792736;False;11/23/2025 9:29:47 AM:643;1763861387643;;
335;339;0.2068454;0.3717695;0.2006576;0.3300971;458.9;0.2790152;False;11/23/2025 9:29:47 AM:667;1763861387667;;
329;345;0.2029623;0.3777873;0.1800546;0.4624608;459.2;0.2668003;False;11/23/2025 9:29:47 AM:692;1763861387692;;
327;345;0.2017872;0.3777619;0.1915991;0.3741454;460.1;0.2814418;False;11/23/2025 9:29:47 AM:714;1763861387714;;
326;345;0.2008167;0.3777375;0.1916309;0.3740213;460.9;0.281981;False;11/23/2025 9:29:47 AM:737;1763861387737;;
327;330;0.2019161;0.3615392;0.2224114;0.2223321;463.2;0.2593324;False;11/23/2025 9:29:47 AM:760;1763861387760;;
329;315;0.2028567;0.345193;0.2252931;0.2013628;465.3;0.2598111;False;11/23/2025 9:29:47 AM:783;1763861387783;;
327;317;0.201431;0.347855;0.1855089;0.4051773;464.5;0.2715494;False;11/23/2025 9:29:47 AM:805;1763861387805;;
325;321;0.2002317;0.3514196;0.184815;0.4209723;465.4;0.2684159;False;11/23/2025 9:29:47 AM:828;1763861387828;;
323;323;0.199251;0.3543992;0.1848129;0.4209791;466.2;0.2683713;False;11/23/2025 9:29:47 AM:851;1763861387851;;
324;319;0.1995414;0.3495858;0.2099599;0.2764352;466.7;0.260644;False;11/23/2025 9:29:47 AM:874;1763861387874;;
324;310;0.1998004;0.3392174;0.2176248;0.2281158;466.9;0.2579567;False;11/23/2025 9:29:47 AM:897;1763861387897;;
324;310;0.1997809;0.3392158;0.1992599;0.3376963;466.4;0.2704082;False;11/23/2025 9:29:47 AM:922;1763861387922;;
324;310;0.1997055;0.3394029;0.1975263;0.3548263;465.9;0.2700662;False;11/23/2025 9:29:47 AM:945;1763861387945;;
324;336;0.1995282;0.3676968;0.1943136;0.5507554;466.4;0.2608772;False;11/23/2025 9:29:47 AM:968;1763861387968;;
344;340;0.2119014;0.3728957;0.3126942;0.4551904;467.4;0.2621669;False;11/23/2025 9:29:47 AM:991;1763861387991;;
362;346;0.2231269;0.3790323;0.3237926;0.4751259;468.3;0.2630864;False;11/23/2025 9:29:48 AM:12;1763861388012;;
363;412;0.2236286;0.4510275;0.2527705;0.7332685;467.6;0.2588933;False;11/23/2025 9:29:48 AM:36;1763861388036;;
481;431;0.2963453;0.4718576;0.5085237;0.6238108;466.1;0.2650037;False;11/23/2025 9:29:48 AM:58;1763861388058;;
506;434;0.3118019;0.4758937;0.4049332;0.5423319;465.8;0.2590834;False;11/23/2025 9:29:48 AM:82;1763861388082;;
528;440;0.3253448;0.4822061;0.4065039;0.5635815;465.6;0.2588578;False;11/23/2025 9:29:48 AM:107;1763861388107;;
573;450;0.3533034;0.4928307;0.4774992;0.6068389;465.3;0.256401;False;11/23/2025 9:29:48 AM:132;1763861388132;;
601;452;0.3704506;0.4950375;0.4686421;0.5524323;465.1;0.2573758;False;11/23/2025 9:29:48 AM:153;1763861388153;;
608;508;0.3749498;0.5565004;0.420728;0.8185818;463.3;0.2546916;False;11/23/2025 9:29:48 AM:177;1763861388177;;
640;518;0.3945672;0.5674403;0.4966728;0.6761469;463.4;0.2691393;False;11/23/2025 9:29:48 AM:202;1763861388202;;
643;535;0.3960949;0.5854403;0.4222331;0.7351629;463.5;0.2626348;False;11/23/2025 9:29:48 AM:224;1763861388224;;
645;548;0.3974401;0.600489;0.4222109;0.7351654;463.5;0.2626199;False;11/23/2025 9:29:48 AM:247;1763861388247;;
681;551;0.4193894;0.6031921;0.5315785;0.663023;463.4;0.2675799;False;11/23/2025 9:29:48 AM:272;1763861388272;;
663;565;0.4086455;0.618169;0.3180991;0.7547576;461.6;0.262413;False;11/23/2025 9:29:48 AM:296;1763861388296;;
920;565;0.5666276;0.6181937;0.8473038;0.6262797;459.1;0.2544503;False;11/23/2025 9:29:48 AM:318;1763861388318;;
1084;565;0.6679344;0.6184459;0.862163;0.6437743;456.9;0.2553012;False;11/23/2025 9:29:48 AM:341;1763861388341;;
1236;562;0.7611441;0.6155297;0.9206243;0.5620834;455.1;0.2791839;False;11/23/2025 9:29:48 AM:365;1763861388365;;
1292;563;0.7955936;0.6163502;0.8787241;0.6529182;451.6;0.2784827;False;11/23/2025 9:29:48 AM:389;1763861388389;;
1339;563;0.8246736;0.616352;0.8981076;0.626008;448.5;0.2791016;False;11/23/2025 9:29:48 AM:413;1763861388413;;
1355;563;0.8347012;0.6163689;0.8666177;0.6228904;445.9;0.2717261;False;11/23/2025 9:29:48 AM:437;1763861388437;;
1386;562;0.8536938;0.614904;0.9105161;0.5765166;446.3;0.2896929;False;11/23/2025 9:29:48 AM:461;1763861388461;;
1394;558;0.8584013;0.6111376;0.879499;0.5417179;445.9;0.2840409;False;11/23/2025 9:29:48 AM:483;1763861388483;;
1404;556;0.8651168;0.6093743;0.894279;0.5611678;445.4;0.2846768;False;11/23/2025 9:29:48 AM:508;1763861388508;;
1410;555;0.8688017;0.6080723;0.8879052;0.5642299;444.5;0.2686664;False;11/23/2025 9:29:48 AM:531;1763861388531;;
1422;550;0.8757209;0.6026276;0.9098108;0.5169075;444.3;0.2701508;False;11/23/2025 9:29:48 AM:557;1763861388557;;
1430;546;0.8809273;0.5980496;0.9098183;0.5168987;444.1;0.2701676;False;11/23/2025 9:29:48 AM:582;1763861388582;;
1433;543;0.8829412;0.594815;0.8981707;0.5205669;441.6;0.2794975;False;11/23/2025 9:29:48 AM:607;1763861388607;;
1438;542;0.8856036;0.5937299;0.9070351;0.5419814;440.1;0.2829442;False;11/23/2025 9:29:48 AM:631;1763861388631;;
1436;545;0.8848197;0.5966286;0.8728073;0.6439342;438.6;0.2673849;False;11/23/2025 9:29:48 AM:656;1763861388656;;
1435;547;0.8841904;0.5989553;0.8727035;0.6440078;437.3;0.2671274;False;11/23/2025 9:29:48 AM:680;1763861388680;;
1234;567;0.7600639;0.6204298;0.498219;0.7692612;438.0;0.2077423;False;11/23/2025 9:29:48 AM:706;1763861388706;;
1148;563;0.7072294;0.6165851;0.5428135;0.5410222;444.6;0.1704071;True;11/23/2025 9:29:48 AM:729;1763861388729;;
992;563;0.6109578;0.6165828;0.4152998;0.616383;447.4;0.1963705;False;11/23/2025 9:29:48 AM:754;1763861388754;;
877;563;0.5400278;0.6163204;0.3743085;0.5901405;449.9;0.195411;False;11/23/2025 9:29:48 AM:777;1763861388777;;
722;562;0.4450272;0.6154686;0.2713007;0.5751194;454.7;0.1989308;False;11/23/2025 9:29:48 AM:803;1763861388803;;
566;556;0.3491142;0.6093464;0.1891841;0.5158997;457.4;0.2279603;False;11/23/2025 9:29:48 AM:828;1763861388828;;
482;553;0.2972219;0.6054741;0.1899471;0.5235792;459.5;0.2460125;False;11/23/2025 9:29:48 AM:852;1763861388852;;
428;547;0.2640563;0.5991499;0.1853866;0.4956077;461.3;0.2475015;False;11/23/2025 9:29:48 AM:875;1763861388875;;
397;527;0.2444798;0.5773976;0.1915503;0.4027043;463.4;0.2476936;False;11/23/2025 9:29:48 AM:898;1763861388898;;
391;449;0.2412342;0.4921386;0.2297694;0.1888945;466.6;0.244679;False;11/23/2025 9:29:48 AM:923;1763861388923;;
387;408;0.2383099;0.4466605;0.2256284;0.2203557;469.7;0.2509145;False;11/23/2025 9:29:48 AM:946;1763861388946;;
371;405;0.2287125;0.4436791;0.193409;0.3919227;472.5;0.2520864;False;11/23/2025 9:29:48 AM:973;1763861388973;;
371;363;0.229037;0.3976896;0.2309122;0.1810265;472.1;0.2506045;False;11/23/2025 9:29:48 AM:997;1763861388997;;
372;333;0.2291112;0.3654255;0.2296371;0.1786035;471.8;0.2521542;False;11/23/2025 9:29:49 AM:21;1763861389021;;
366;331;0.2256968;0.3624966;0.2056143;0.3127004;472.5;0.2662731;False;11/23/2025 9:29:49 AM:47;1763861389047;;
364;323;0.2246819;0.3544645;0.2166323;0.2627153;471.9;0.2545623;False;11/23/2025 9:29:49 AM:71;1763861389071;;
359;324;0.2213931;0.3545832;0.195996;0.3704932;471.9;0.2585699;False;11/23/2025 9:29:49 AM:95;1763861389095;;
358;319;0.2208254;0.349749;0.2137632;0.2694019;471.9;0.2601774;False;11/23/2025 9:29:49 AM:115;1763861389115;;
355;319;0.2191739;0.3497053;0.2014153;0.3426766;475.2;0.2544529;False;11/23/2025 9:29:49 AM:137;1763861389137;;
354;318;0.2179846;0.3488813;0.2030892;0.3155734;477.0;0.2578453;False;11/23/2025 9:29:49 AM:160;1763861389160;;
351;319;0.2162803;0.3490489;0.1956777;0.3625244;479.0;0.2619774;False;11/23/2025 9:29:49 AM:183;1763861389183;;
348;320;0.2146744;0.3502514;0.1919038;0.3911956;480.7;0.261454;False;11/23/2025 9:29:49 AM:204;1763861389204;;
348;311;0.2148776;0.3404757;0.2228735;0.2278477;478.1;0.2460527;False;11/23/2025 9:29:49 AM:226;1763861389226;;
348;308;0.2147546;0.3374892;0.2113768;0.2720795;478.2;0.2610888;False;11/23/2025 9:29:49 AM:248;1763861389248;;
348;306;0.2146502;0.3349589;0.2113898;0.2720421;478.3;0.2613417;False;11/23/2025 9:29:49 AM:270;1763861389270;;
348;296;0.2147464;0.3242755;0.2289971;0.2005818;477.5;0.2549061;False;11/23/2025 9:29:49 AM:292;1763861389292;;
348;293;0.2148074;0.3215646;0.2175304;0.2555204;476.8;0.2694363;False;11/23/2025 9:29:49 AM:316;1763861389316;;
348;291;0.2148557;0.3194539;0.2175375;0.2555107;476.2;0.2696777;False;11/23/2025 9:29:49 AM:339;1763861389339;;
349;289;0.2149061;0.3165121;0.2181037;0.2427963;474.6;0.2546281;False;11/23/2025 9:29:49 AM:364;1763861389364;;
348;289;0.2144485;0.3169709;0.2008457;0.3321125;475.8;0.2516645;False;11/23/2025 9:29:49 AM:386;1763861389386;;
348;289;0.2143484;0.3168457;0.2096019;0.2881675;476.8;0.2653627;False;11/23/2025 9:29:49 AM:410;1763861389410;;
348;288;0.2143454;0.3160813;0.2140897;0.2703663;477.7;0.2651268;False;11/23/2025 9:29:49 AM:433;1763861389433;;
347;289;0.2139907;0.3169186;0.2006947;0.340278;480.6;0.2495969;False;11/23/2025 9:29:49 AM:456;1763861389456;;
346;290;0.2136564;0.3178703;0.1998727;0.3452781;483.3;0.2503465;False;11/23/2025 9:29:49 AM:478;1763861389478;;
346;292;0.2131156;0.3203843;0.1965964;0.3646148;484.1;0.2623817;False;11/23/2025 9:29:49 AM:509;1763861389509;;
346;290;0.2131435;0.3174748;0.2176772;0.2552556;482.7;0.2760758;False;11/23/2025 9:29:49 AM:535;1763861389535;;
346;288;0.213152;0.3159807;0.2161915;0.2645357;483.4;0.2632427;False;11/23/2025 9:29:49 AM:557;1763861389557;;
346;285;0.2132346;0.3123474;0.2222327;0.2308223;484.1;0.2644844;False;11/23/2025 9:29:49 AM:578;1763861389578;;
344;308;0.2121509;0.3373019;0.1850696;0.4989904;483.3;0.3097874;False;11/23/2025 9:29:49 AM:602;1763861389602;;
343;310;0.2117345;0.3402032;0.1945385;0.3901712;482.9;0.2740963;False;11/23/2025 9:29:49 AM:628;1763861389628;;
342;315;0.2111351;0.3446663;0.1890822;0.4132955;483.4;0.2642702;False;11/23/2025 9:29:49 AM:653;1763861389653;;
342;315;0.2108988;0.3453076;0.194774;0.37263;483.9;0.2655831;False;11/23/2025 9:29:49 AM:675;1763861389675;;
341;317;0.2104189;0.3478657;0.1898083;0.4002444;482.5;0.2699418;False;11/23/2025 9:29:49 AM:703;1763861389703;;
341;337;0.2100713;0.3695246;0.1901836;0.52768;482.0;0.2595967;False;11/23/2025 9:29:49 AM:728;1763861389728;;
355;438;0.2191347;0.4802837;0.2897488;0.8007526;481.9;0.2487931;False;11/23/2025 9:29:49 AM:754;1763861389754;;
443;512;0.2731042;0.5604947;0.4466557;0.8309487;477.6;0.2517273;False;11/23/2025 9:29:49 AM:778;1763861389778;;
514;554;0.3166243;0.6069574;0.4620589;0.7996721;473.8;0.2525003;False;11/23/2025 9:29:49 AM:803;1763861389803;;
513;562;0.3163385;0.6149969;0.3102483;0.6866263;473.9;0.2556941;False;11/23/2025 9:29:49 AM:825;1763861389825;;
511;567;0.3147204;0.6213551;0.2562223;0.6862214;474.0;0.2573837;False;11/23/2025 9:29:49 AM:847;1763861389847;;
510;591;0.3142314;0.6470653;0.2986495;0.7959703;473.7;0.2411942;False;11/23/2025 9:29:49 AM:872;1763861389872;;
561;591;0.3459564;0.6475403;0.4727517;0.6580983;470.7;0.2495474;False;11/23/2025 9:29:49 AM:895;1763861389895;;
584;578;0.3600245;0.632971;0.4422562;0.4725241;468.1;0.2502838;False;11/23/2025 9:29:49 AM:916;1763861389916;;
578;592;0.3560107;0.6478223;0.2808815;0.7594928;468.0;0.2555545;False;11/23/2025 9:29:49 AM:941;1763861389941;;
577;602;0.3554023;0.6595811;0.3377602;0.7572109;466.8;0.2489575;False;11/23/2025 9:29:49 AM:968;1763861389968;;
577;611;0.3553882;0.6690834;0.3175003;0.769236;466.4;0.2626582;False;11/23/2025 9:29:49 AM:990;1763861389990;;
580;618;0.3574505;0.6765906;0.3844806;0.7716368;466.0;0.2644127;False;11/23/2025 9:29:50 AM:9;1763861390009;;
574;618;0.353451;0.6763282;0.281506;0.6491655;463.6;0.2449249;False;11/23/2025 9:29:50 AM:32;1763861390032;;
617;618;0.3803729;0.6764361;0.4955916;0.6829118;462.3;0.2456153;False;11/23/2025 9:29:50 AM:55;1763861390055;;
643;613;0.3962838;0.6708528;0.4875612;0.5764325;461.7;0.2462968;False;11/23/2025 9:29:50 AM:77;1763861390077;;
647;609;0.3984886;0.6665328;0.4260232;0.5799818;461.2;0.2470914;False;11/23/2025 9:29:50 AM:98;1763861390098;;
930;609;0.5731131;0.6663806;0.8468426;0.6378272;457.8;0.2576514;False;11/23/2025 9:29:50 AM:122;1763861390122;;
1153;566;0.7102163;0.6201276;0.933445;0.3722312;456.2;0.2735468;False;11/23/2025 9:29:50 AM:144;1763861390144;;
1304;537;0.8030549;0.5880031;0.9658708;0.3812285;454.9;0.2744407;False;11/23/2025 9:29:50 AM:165;1763861390165;;
1332;535;0.8204025;0.586246;0.858789;0.5388995;453.2;0.2936673;False;11/23/2025 9:29:50 AM:192;1763861390192;;
1341;545;0.8259657;0.5967051;0.8423985;0.7052539;453.3;0.2944097;False;11/23/2025 9:29:50 AM:216;1763861390216;;
1378;545;0.8491321;0.5967626;0.9074582;0.6042385;451.5;0.2649072;False;11/23/2025 9:29:50 AM:240;1763861390240;;
1400;546;0.8625171;0.5983047;0.9057683;0.6434909;449.9;0.2646717;False;11/23/2025 9:29:50 AM:263;1763861390263;;
1428;534;0.879427;0.5847996;0.9308373;0.4613265;449.5;0.2870325;False;11/23/2025 9:29:50 AM:289;1763861390289;;
1459;520;0.8989736;0.5692695;0.9688488;0.4208641;449.0;0.2883944;False;11/23/2025 9:29:50 AM:308;1763861390308;;
1484;508;0.9143792;0.5563272;0.970772;0.4248942;446.8;0.2902821;False;11/23/2025 9:29:50 AM:330;1763861390330;;
1476;495;0.9093885;0.5425275;0.8290011;0.4045456;445.7;0.2884109;False;11/23/2025 9:29:50 AM:352;1763861390352;;
1469;487;0.9049515;0.5328948;0.8547627;0.4154394;444.8;0.2891626;False;11/23/2025 9:29:50 AM:375;1763861390375;;
1464;479;0.9015138;0.5250734;0.8622434;0.4161716;444.9;0.2997873;False;11/23/2025 9:29:50 AM:398;1763861390398;;
1459;460;0.8984358;0.5039528;0.8524898;0.3360338;443.9;0.3017512;False;11/23/2025 9:29:50 AM:422;1763861390422;;
1455;450;0.8963698;0.492875;0.8687097;0.3615477;442.9;0.3024156;False;11/23/2025 9:29:50 AM:444;1763861390444;;
1452;445;0.8946286;0.4873394;0.8707181;0.3907353;441.2;0.2857738;False;11/23/2025 9:29:50 AM:468;1763861390468;;
1442;473;0.8884639;0.5176945;0.7792519;0.6949814;441.9;0.291732;False;11/23/2025 9:29:50 AM:491;1763861390491;;
1446;456;0.8907529;0.4998773;0.9105711;0.3337352;440.4;0.3136941;False;11/23/2025 9:29:50 AM:513;1763861390513;;
1451;439;0.8936116;0.4807518;0.9188339;0.3102951;439.1;0.3145154;False;11/23/2025 9:29:50 AM:535;1763861390535;;
1424;460;0.8774565;0.5034695;0.7462975;0.6536167;440.8;0.3333395;False;11/23/2025 9:29:50 AM:559;1763861390559;;
1423;457;0.8767207;0.5005063;0.8473805;0.4228469;439.4;0.2923383;False;11/23/2025 9:29:50 AM:582;1763861390582;;
1422;457;0.8760841;0.5004532;0.8485936;0.4705304;438.1;0.2933679;False;11/23/2025 9:29:50 AM:604;1763861390604;;
1421;448;0.8752821;0.490425;0.8212239;0.3602665;437.6;0.3015398;False;11/23/2025 9:29:50 AM:628;1763861390628;;
1414;450;0.871283;0.492991;0.7964318;0.531921;437.8;0.2942269;False;11/23/2025 9:29:50 AM:655;1763861390655;;
1297;450;0.7986634;0.4929006;0.57445;0.4867592;441.3;0.3120114;False;11/23/2025 9:29:50 AM:678;1763861390678;;
1225;447;0.7546264;0.489852;0.5793956;0.4107232;444.4;0.3160947;False;11/23/2025 9:29:50 AM:698;1763861390698;;
986;413;0.6076027;0.4526524;0.348733;0.2361858;448.9;0.3012453;False;11/23/2025 9:29:50 AM:723;1763861390723;;
874;391;0.5384398;0.4283863;0.3733624;0.243239;452.9;0.301813;False;11/23/2025 9:29:50 AM:745;1763861390745;;
712;360;0.4389898;0.39416;0.2465003;0.1777875;453.9;0.2961461;False;11/23/2025 9:29:50 AM:766;1763861390766;;
602;328;0.371038;0.3596815;0.2368668;0.1547364;457.2;0.3050772;False;11/23/2025 9:29:50 AM:789;1763861390789;;
541;307;0.333498;0.3362566;0.2368614;0.1547353;460.2;0.3047595;False;11/23/2025 9:29:50 AM:810;1763861390810;;
472;308;0.2909782;0.3378128;0.1936543;0.380699;460.1;0.2995876;False;11/23/2025 9:29:50 AM:833;1763861390833;;
449;294;0.2765343;0.3226327;0.2326436;0.1837974;461.7;0.2676856;False;11/23/2025 9:29:50 AM:856;1763861390856;;
435;277;0.2679032;0.3039882;0.2370695;0.1484341;464.1;0.2854462;False;11/23/2025 9:29:50 AM:878;1763861390878;;
424;263;0.2615081;0.2883067;0.2370797;0.1484329;466.3;0.2859961;False;11/23/2025 9:29:50 AM:902;1763861390902;;
401;266;0.2474353;0.2915263;0.1978326;0.3497101;466.6;0.2974153;False;11/23/2025 9:29:50 AM:926;1763861390926;;
389;266;0.2396562;0.291633;0.20716;0.3011598;468.9;0.2891246;False;11/23/2025 9:29:50 AM:952;1763861390952;;
383;265;0.2362778;0.2904615;0.2169739;0.2492079;470.9;0.2893185;False;11/23/2025 9:29:50 AM:973;1763861390973;;
381;261;0.2350404;0.2858243;0.2268903;0.2072093;472.7;0.291883;False;11/23/2025 9:29:50 AM:998;1763861390998;;
375;261;0.231458;0.2863307;0.2077066;0.3070363;473.7;0.2989742;False;11/23/2025 9:29:51 AM:21;1763861391021;;
373;261;0.2297419;0.2860577;0.21629;0.2629951;474.5;0.2792688;False;11/23/2025 9:29:51 AM:46;1763861391046;;
370;261;0.2282093;0.2859783;0.2133086;0.2693665;475.2;0.2800754;False;11/23/2025 9:29:51 AM:69;1763861391069;;
370;255;0.2281574;0.2797716;0.2274887;0.1861195;474.4;0.2709741;False;11/23/2025 9:29:51 AM:92;1763861391092;;
370;250;0.2281978;0.2745154;0.2288088;0.1849812;474.6;0.2861291;False;11/23/2025 9:29:51 AM:116;1763861391116;;
370;245;0.2282789;0.2685164;0.2299507;0.1643953;474.7;0.286986;False;11/23/2025 9:29:51 AM:136;1763861391136;;
370;241;0.228427;0.2639436;0.2317722;0.1721713;472.7;0.3040361;False;11/23/2025 9:29:51 AM:158;1763861391158;;
371;237;0.2285631;0.2598551;0.2319539;0.1711851;470.9;0.3045933;False;11/23/2025 9:29:51 AM:180;1763861391180;;
371;232;0.2288655;0.2540484;0.243221;0.150769;470.6;0.3059413;False;11/23/2025 9:29:51 AM:204;1763861391204;;
442;230;0.2725929;0.2525698;0.4538487;0.1853759;471.8;0.3194027;False;11/23/2025 9:29:51 AM:225;1763861391225;;
622;230;0.3834868;0.252313;0.6319;0.2275854;472.0;0.3369783;False;11/23/2025 9:29:51 AM:248;1763861391248;;
738;230;0.454576;0.2520841;0.6313794;0.2274602;472.2;0.3362058;False;11/23/2025 9:29:51 AM:272;1763861391272;;
823;234;0.5070657;0.2570816;0.6551425;0.3245775;470.4;0.2950029;False;11/23/2025 9:29:51 AM:293;1763861391293;;
854;234;0.525939;0.2570426;0.5994818;0.2314302;468.1;0.3292502;False;11/23/2025 9:29:51 AM:316;1763861391316;;
891;234;0.5488707;0.2569165;0.6369963;0.2450582;466.1;0.330672;False;11/23/2025 9:29:51 AM:337;1763861391337;;
923;248;0.5683981;0.2720533;0.6440362;0.3956549;465.2;0.3248868;False;11/23/2025 9:29:51 AM:361;1763861391361;;
1029;250;0.6337349;0.2745579;0.7946498;0.3238641;467.1;0.306529;False;11/23/2025 9:29:51 AM:384;1763861391384;;
1137;251;0.7002368;0.2749889;0.8408841;0.292215;465.5;0.2725585;False;11/23/2025 9:29:51 AM:411;1763861391411;;
1198;251;0.7380037;0.2752118;0.8400154;0.2884382;464.0;0.271773;False;11/23/2025 9:29:51 AM:434;1763861391434;;
1230;251;0.7574648;0.2752229;0.8234642;0.2770485;460.3;0.2833619;False;11/23/2025 9:29:51 AM:458;1763861391458;;
1245;253;0.7670879;0.2772245;0.8080299;0.3261594;458.5;0.2920678;False;11/23/2025 9:29:51 AM:481;1763861391481;;
1305;260;0.8041508;0.2850482;0.9124289;0.3845338;458.8;0.304349;False;11/23/2025 9:29:51 AM:503;1763861391503;;
1342;265;0.8267682;0.2907332;0.9124665;0.3845106;459.1;0.3043159;False;11/23/2025 9:29:51 AM:524;1763861391524;;
1369;270;0.8431122;0.29553;0.9126304;0.3844608;459.3;0.3052504;False;11/23/2025 9:29:51 AM:544;1763861391544;;
1388;275;0.8550201;0.3013298;0.9092772;0.3974665;456.1;0.2889991;False;11/23/2025 9:29:51 AM:565;1763861391565;;
1402;275;0.8636318;0.3017192;0.9094476;0.3371995;455.9;0.3088556;False;11/23/2025 9:29:51 AM:587;1763861391587;;
1412;277;0.8697443;0.3039198;0.908522;0.3725316;455.8;0.3102551;False;11/23/2025 9:29:51 AM:606;1763861391606;;
1408;292;0.8674824;0.3205629;0.8272307;0.4710315;456.2;0.3130978;False;11/23/2025 9:29:51 AM:631;1763861391631;;
1408;308;0.8672317;0.3371612;0.8645137;0.4948052;458.3;0.3028653;False;11/23/2025 9:29:51 AM:654;1763861391654;;
1409;312;0.868067;0.3419409;0.877741;0.4416531;460.1;0.3056638;False;11/23/2025 9:29:51 AM:674;1763861391674;;
1429;313;0.880278;0.3433909;0.9497327;0.406717;458.5;0.2998452;False;11/23/2025 9:29:51 AM:696;1763861391696;;
1433;315;0.8827682;0.3453599;0.9065972;0.416068;458.5;0.2716981;False;11/23/2025 9:29:51 AM:720;1763861391720;;
1443;314;0.8891556;0.3442487;0.9388037;0.3196985;456.1;0.2835461;False;11/23/2025 9:29:51 AM:743;1763861391743;;
1451;313;0.8939114;0.3433717;0.9389436;0.3197258;453.9;0.2840974;False;11/23/2025 9:29:51 AM:764;1763861391764;;
1424;328;0.8770579;0.35968;0.7494867;0.519972;452.2;0.3163833;False;11/23/2025 9:29:51 AM:785;1763861391785;;
1423;328;0.8767786;0.3597835;0.8635697;0.3671852;448.9;0.2713949;False;11/23/2025 9:29:51 AM:807;1763861391807;;
1423;328;0.8765274;0.3598772;0.8635561;0.3671929;445.9;0.2713464;False;11/23/2025 9:29:51 AM:830;1763861391830;;
1433;329;0.8825612;0.3607692;0.9343306;0.4065984;445.5;0.289775;False;11/23/2025 9:29:51 AM:856;1763861391856;;
1453;329;0.8952677;0.3601575;0.9809064;0.3407564;443.0;0.2783698;False;11/23/2025 9:29:51 AM:878;1763861391878;;
1479;328;0.9108512;0.35921;1.006744;0.3314987;440.8;0.2793204;False;11/23/2025 9:29:51 AM:900;1763861391900;;
1485;328;0.9145373;0.3593091;0.9577562;0.3802147;441.2;0.2988026;False;11/23/2025 9:29:51 AM:923;1763861391923;;
1483;336;0.9134333;0.3681965;0.8782706;0.4788421;438.7;0.3024697;False;11/23/2025 9:29:51 AM:948;1763861391948;;
1482;342;0.9125755;0.3748619;0.878309;0.4788179;436.5;0.3026135;False;11/23/2025 9:29:51 AM:970;1763861391970;;
1481;371;0.9123299;0.4067949;0.888555;0.6014603;434.9;0.3004656;False;11/23/2025 9:29:51 AM:997;1763861391997;;
1481;375;0.9125501;0.4105081;0.9196123;0.4928167;436.5;0.2979058;False;11/23/2025 9:29:52 AM:19;1763861392019;;
1481;386;0.9124093;0.4231928;0.8919266;0.5679708;437.9;0.3008097;False;11/23/2025 9:29:52 AM:40;1763861392040;;
1482;386;0.9129375;0.4225843;0.9268371;0.4045075;439.4;0.298491;False;11/23/2025 9:29:52 AM:63;1763861392063;;
1484;386;0.9143326;0.4226547;0.9418859;0.4285587;439.4;0.310507;False;11/23/2025 9:29:52 AM:84;1763861392084;;
1495;386;0.9210694;0.4224441;0.9911908;0.4119631;439.5;0.3119432;False;11/23/2025 9:29:52 AM:103;1763861392103;;
1496;385;0.921222;0.4221044;0.9290932;0.4083191;438.8;0.2806533;False;11/23/2025 9:29:52 AM:129;1763861392129;;
1496;385;0.9211861;0.422124;0.9132735;0.4335018;438.0;0.2976918;False;11/23/2025 9:29:52 AM:150;1763861392150;;
1499;385;0.9232138;0.4221497;0.9602206;0.425832;437.3;0.2990391;False;11/23/2025 9:29:52 AM:172;1763861392172;;
1497;387;0.9221944;0.423566;0.8941154;0.4731243;437.1;0.2955806;False;11/23/2025 9:29:52 AM:195;1763861392195;;
1493;414;0.9197679;0.4534092;0.8768501;0.6438537;435.3;0.2933995;False;11/23/2025 9:29:52 AM:220;1763861392220;;
1493;413;0.9197721;0.4528015;0.9202263;0.4292302;432.5;0.2875113;False;11/23/2025 9:29:52 AM:242;1763861392242;;
1494;411;0.9201685;0.4502577;0.935441;0.3942668;430.0;0.2887045;False;11/23/2025 9:29:52 AM:263;1763861392263;;
1497;411;0.9218987;0.4501128;0.9554141;0.4381054;429.2;0.3038119;False;11/23/2025 9:29:52 AM:286;1763861392286;;
1496;411;0.9212096;0.4504734;0.8979713;0.473709;427.1;0.3021893;False;11/23/2025 9:29:52 AM:308;1763861392308;;
1495;411;0.9206885;0.4507497;0.898111;0.4735957;425.3;0.3026723;False;11/23/2025 9:29:52 AM:328;1763861392328;;
1495;411;0.9210154;0.4501115;0.9349884;0.4230737;423.6;0.2925508;False;11/23/2025 9:29:52 AM:351;1763861392351;;
1489;415;0.9170668;0.4547397;0.8622341;0.5338507;426.6;0.3149006;False;11/23/2025 9:29:52 AM:373;1763861392373;;
1484;419;0.9138169;0.4585919;0.862232;0.5338531;429.4;0.3148929;False;11/23/2025 9:29:52 AM:396;1763861392396;;
1488;418;0.9165663;0.4573947;0.9560969;0.4245594;432.3;0.2801823;False;11/23/2025 9:29:52 AM:421;1763861392421;;
1489;414;0.917407;0.4539897;0.9415415;0.3878449;434.9;0.2809645;False;11/23/2025 9:29:52 AM:440;1763861392440;;
1490;414;0.9176449;0.454006;0.9295412;0.4599264;436.4;0.2542317;False;11/23/2025 9:29:52 AM:465;1763861392465;;
1489;456;0.9169344;0.4998461;0.8939753;0.7278152;442.1;0.2651921;False;11/23/2025 9:29:52 AM:490;1763861392490;;
1444;509;0.8893381;0.5572786;0.7611171;0.7961544;444.5;0.2712875;False;11/23/2025 9:29:52 AM:516;1763861392516;;
1410;547;0.8688084;0.5991574;0.7609929;0.7961947;446.7;0.2708296;False;11/23/2025 9:29:52 AM:542;1763861392542;;
1409;587;0.86803;0.6423653;0.8469221;0.8496575;448.5;0.2769495;False;11/23/2025 9:29:52 AM:565;1763861392565;;
1406;600;0.8658362;0.6565377;0.8265414;0.7756664;450.0;0.256929;False;11/23/2025 9:29:52 AM:588;1763861392588;;
1397;614;0.8603656;0.6721959;0.7958118;0.8029606;450.5;0.2517645;False;11/23/2025 9:29:52 AM:609;1763861392609;;
1390;625;0.8563062;0.6838284;0.7991345;0.7975231;450.9;0.2524723;False;11/23/2025 9:29:52 AM:630;1763861392630;;
1392;624;0.8571771;0.683664;0.8795863;0.658042;449.5;0.2815652;False;11/23/2025 9:29:52 AM:654;1763861392654;;
1389;633;0.8556044;0.6928836;0.820165;0.791972;449.1;0.2606162;False;11/23/2025 9:29:52 AM:678;1763861392678;;
1389;636;0.8553444;0.69616;0.8376948;0.7584969;448.7;0.2608505;False;11/23/2025 9:29:52 AM:699;1763861392699;;
1389;642;0.8553288;0.7031743;0.8513415;0.796885;449.9;0.254617;False;11/23/2025 9:29:52 AM:722;1763861392722;;
1389;642;0.855336;0.7031992;0.8560779;0.7091761;449.4;0.2614636;False;11/23/2025 9:29:52 AM:744;1763861392744;;
1384;642;0.8527478;0.7027948;0.8058802;0.6797839;449.2;0.2597841;False;11/23/2025 9:29:52 AM:766;1763861392766;;
1380;636;0.8498799;0.6960821;0.7999164;0.6026933;449.1;0.2602923;False;11/23/2025 9:29:52 AM:790;1763861392790;;
1380;641;0.8498409;0.7018112;0.8448025;0.7864927;450.2;0.2560319;False;11/23/2025 9:29:52 AM:812;1763861392812;;
1380;641;0.8499429;0.7015803;0.8553008;0.6825947;451.2;0.2578307;False;11/23/2025 9:29:52 AM:833;1763861392833;;
1372;640;0.8454416;0.7011152;0.7876931;0.6760436;450.3;0.2459614;False;11/23/2025 9:29:52 AM:859;1763861392859;;
1284;644;0.7911017;0.7053935;0.601036;0.7790807;449.2;0.195828;False;11/23/2025 9:29:52 AM:880;1763861392880;;
1149;649;0.7078823;0.7105376;0.4980307;0.7921248;448.3;0.1971456;False;11/23/2025 9:29:52 AM:904;1763861392904;;
1116;649;0.6872018;0.7104499;0.5933951;0.7020192;448.5;0.1373324;True;11/23/2025 9:29:52 AM:926;1763861392926;;
1095;648;0.6746696;0.7094283;0.6026303;0.6734304;452.3;0.1559834;True;11/23/2025 9:29:52 AM:948;1763861392948;;
1079;647;0.6644601;0.7084722;0.602569;0.6731845;455.8;0.1566439;True;11/23/2025 9:29:52 AM:972;1763861392972;;
1050;647;0.6471188;0.7086304;0.5591434;0.7215921;461.1;0.1615225;True;11/23/2025 9:29:52 AM:995;1763861392995;;
1020;647;0.6281652;0.7087668;0.5345653;0.7216094;460.4;0.1436698;True;11/23/2025 9:29:53 AM:17;1763861393017;;
1018;644;0.6271816;0.7047192;0.6133683;0.6293069;460.5;0.1662213;True;11/23/2025 9:29:53 AM:39;1763861393039;;
1017;642;0.6265625;0.7026783;0.6166022;0.6475319;460.5;0.1669887;True;11/23/2025 9:29:53 AM:61;1763861393061;;
1018;639;0.6270075;0.6993018;0.6678159;0.6293314;461.8;0.1729848;False;11/23/2025 9:29:53 AM:85;1763861393085;;
1022;643;0.6294565;0.7043204;0.6914489;0.7783026;460.3;0.2341251;False;11/23/2025 9:29:53 AM:108;1763861393108;;
1022;649;0.6298047;0.7102438;0.642233;0.7956595;458.8;0.2350851;False;11/23/2025 9:29:53 AM:130;1763861393130;;
1036;642;0.6383985;0.7027606;0.7329012;0.6038169;458.0;0.2318788;False;11/23/2025 9:29:53 AM:152;1763861393152;;
1047;642;0.6447555;0.7027512;0.7315559;0.6993482;457.0;0.2258544;False;11/23/2025 9:29:53 AM:174;1763861393174;;
1055;642;0.6502063;0.7027426;0.7318513;0.69906;456.1;0.226726;False;11/23/2025 9:29:53 AM:196;1763861393196;;
1066;629;0.6567289;0.688225;0.7448397;0.5472366;456.6;0.237278;False;11/23/2025 9:29:53 AM:218;1763861393218;;
1082;628;0.6666878;0.6881374;0.7688979;0.671282;457.1;0.2384771;False;11/23/2025 9:29:53 AM:241;1763861393241;;
1087;628;0.669337;0.6878616;0.7330431;0.6627696;455.6;0.2351482;False;11/23/2025 9:29:53 AM:263;1763861393263;;
1090;624;0.6712568;0.6834443;0.7285646;0.6056786;456.1;0.2334962;False;11/23/2025 9:29:53 AM:290;1763861393290;;
1089;607;0.6709167;0.6649961;0.6649631;0.5069222;455.2;0.2204299;False;11/23/2025 9:29:53 AM:313;1763861393313;;
1082;608;0.6664294;0.6654253;0.6195167;0.6830734;454.4;0.2213105;False;11/23/2025 9:29:53 AM:333;1763861393333;;
991;607;0.6102265;0.6650489;0.4368898;0.6332259;455.6;0.2263343;False;11/23/2025 9:29:53 AM:355;1763861393355;;
855;617;0.5268704;0.6760263;0.3266141;0.7879235;458.5;0.2294066;False;11/23/2025 9:29:53 AM:378;1763861393378;;
744;623;0.4582868;0.6818702;0.284109;0.7678826;461.1;0.2298852;False;11/23/2025 9:29:53 AM:398;1763861393398;;
664;615;0.4090267;0.6728731;0.2780742;0.560996;460.3;0.2230255;False;11/23/2025 9:29:53 AM:420;1763861393420;;
589;616;0.3631194;0.6739764;0.2384889;0.7090189;463.0;0.2106263;False;11/23/2025 9:29:53 AM:442;1763861393442;;
541;616;0.3331306;0.6749121;0.2386592;0.7092032;465.3;0.2111454;False;11/23/2025 9:29:53 AM:462;1763861393462;;
478;607;0.2945708;0.6645254;0.194882;0.5522853;467.9;0.211982;False;11/23/2025 9:29:53 AM:486;1763861393486;;
439;601;0.2705329;0.657782;0.1961774;0.5620935;469.2;0.2104039;False;11/23/2025 9:29:53 AM:510;1763861393510;;
413;593;0.2543495;0.649698;0.1912411;0.5366424;470.4;0.2121239;False;11/23/2025 9:29:53 AM:531;1763861393531;;
401;594;0.2470174;0.6500981;0.2143216;0.6658723;471.8;0.2163129;False;11/23/2025 9:29:53 AM:555;1763861393555;;
392;594;0.2414485;0.650133;0.2127684;0.6529606;472.4;0.2166941;False;11/23/2025 9:29:53 AM:578;1763861393578;;
384;594;0.2366201;0.6501043;0.211379;0.6442761;472.1;0.1963701;False;11/23/2025 9:29:53 AM:604;1763861393604;;
379;594;0.2335988;0.6500839;0.211382;0.6442928;471.9;0.1962769;False;11/23/2025 9:29:53 AM:626;1763861393626;;
373;592;0.2297914;0.6484407;0.2017094;0.5955757;472.3;0.196011;False;11/23/2025 9:29:53 AM:647;1763861393647;;
366;587;0.2256941;0.6433126;0.1941798;0.5537212;472.6;0.1967427;False;11/23/2025 9:29:53 AM:670;1763861393670;;
365;588;0.2250689;0.6442295;0.2178284;0.6712487;473.6;0.2098187;False;11/23/2025 9:29:53 AM:693;1763861393693;;
363;588;0.2238789;0.6441976;0.2096439;0.6354263;474.1;0.2134489;False;11/23/2025 9:29:53 AM:715;1763861393715;;
362;588;0.222959;0.6441711;0.2096443;0.635421;474.7;0.2135943;False;11/23/2025 9:29:53 AM:736;1763861393736;;
362;592;0.2232582;0.6478159;0.2313233;0.712738;473.3;0.2200463;False;11/23/2025 9:29:53 AM:758;1763861393758;;
362;592;0.223313;0.647733;0.2245844;0.6335;473.6;0.2343677;False;11/23/2025 9:29:53 AM:781;1763861393781;;
362;590;0.2232832;0.6456982;0.2225885;0.591761;474.0;0.2341272;False;11/23/2025 9:29:53 AM:806;1763861393806;;
358;582;0.2209594;0.6375876;0.1904116;0.5299041;475.0;0.2177984;False;11/23/2025 9:29:53 AM:829;1763861393829;;
356;553;0.2196587;0.6050985;0.1962819;0.3947513;473.9;0.2135468;False;11/23/2025 9:29:53 AM:850;1763861393850;;
356;472;0.2197335;0.5168818;0.2319122;0.2041933;472.7;0.2238581;False;11/23/2025 9:29:53 AM:873;1763861393873;;
356;416;0.2197988;0.4551672;0.2318924;0.2042604;471.6;0.2236233;False;11/23/2025 9:29:53 AM:896;1763861393896;;
370;364;0.2279895;0.399042;0.3069923;0.1830752;472.7;0.2344087;False;11/23/2025 9:29:53 AM:922;1763861393922;;
373;369;0.2302937;0.4046074;0.2812526;0.5226895;471.7;0.2400869;False;11/23/2025 9:29:53 AM:945;1763861393945;;
369;368;0.2272807;0.4030938;0.1874703;0.3776224;471.2;0.2588437;False;11/23/2025 9:29:53 AM:966;1763861393966;;
365;357;0.2248073;0.3912003;0.1869476;0.2849199;470.8;0.2596582;False;11/23/2025 9:29:53 AM:987;1763861393987;;
361;363;0.2226564;0.3977771;0.1878958;0.513773;470.6;0.2708503;False;11/23/2025 9:29:54 AM:9;1763861394009;;
362;356;0.223276;0.3898927;0.2473102;0.3168803;469.3;0.2415717;False;11/23/2025 9:29:54 AM:37;1763861394037;;
373;354;0.2301782;0.3880423;0.3054385;0.3526212;468.2;0.2412281;False;11/23/2025 9:29:54 AM:59;1763861394059;;
370;354;0.2279556;0.3881589;0.1922391;0.4217901;467.1;0.2382567;False;11/23/2025 9:29:54 AM:82;1763861394082;;
366;354;0.2253868;0.3883052;0.1843058;0.400917;466.1;0.2389604;False;11/23/2025 9:29:54 AM:103;1763861394103;;
366;357;0.2253759;0.3913178;0.2239458;0.4675457;467.3;0.2504519;False;11/23/2025 9:29:54 AM:128;1763861394128;;
366;376;0.2255202;0.4120417;0.2379751;0.5895222;466.1;0.2491078;False;11/23/2025 9:29:54 AM:149;1763861394149;;
365;391;0.2247926;0.4279299;0.2027622;0.5879741;465.1;0.2503566;False;11/23/2025 9:29:54 AM:171;1763861394171;;
368;370;0.2267123;0.4056262;0.266198;0.2510841;465.6;0.2674606;False;11/23/2025 9:29:54 AM:193;1763861394193;;
537;355;0.3310736;0.388625;0.5800992;0.2516375;465.1;0.2739519;False;11/23/2025 9:29:54 AM:213;1763861394213;;
642;339;0.3956498;0.3714586;0.5804725;0.2271693;464.6;0.2744946;False;11/23/2025 9:29:54 AM:234;1763861394234;;
926;342;0.5702077;0.3748404;0.8309138;0.4528345;461.8;0.2663864;False;11/23/2025 9:29:54 AM:256;1763861394256;;
1102;365;0.6788009;0.4000644;0.8425628;0.5783487;458.9;0.2818337;False;11/23/2025 9:29:54 AM:282;1763861394282;;
1221;377;0.7522483;0.4131497;0.8842993;0.5557309;456.4;0.2805521;False;11/23/2025 9:29:54 AM:304;1763861394304;;
1293;378;0.7962877;0.4136558;0.8882456;0.4575578;454.2;0.281577;False;11/23/2025 9:29:54 AM:325;1763861394325;;
1360;378;0.8375714;0.4142015;0.9225625;0.4594989;452.1;0.293876;False;11/23/2025 9:29:54 AM:348;1763861394348;;
1418;381;0.8732222;0.417802;0.9487948;0.5026272;452.0;0.287688;False;11/23/2025 9:29:54 AM:372;1763861394372;;
1452;384;0.8943846;0.4206689;0.94881;0.5026088;451.8;0.2877334;False;11/23/2025 9:29:54 AM:393;1763861394393;;
1449;404;0.8925287;0.4430114;0.8856789;0.6282836;448.7;0.275712;False;11/23/2025 9:29:54 AM:415;1763861394415;;
1440;408;0.8868668;0.4473405;0.8595203;0.542505;448.9;0.2924095;False;11/23/2025 9:29:54 AM:438;1763861394438;;
1435;411;0.8838092;0.4502922;0.8680376;0.5350659;449.1;0.2932713;False;11/23/2025 9:29:54 AM:460;1763861394460;;
1443;404;0.8889337;0.4429296;0.9111534;0.3654132;445.7;0.3002693;False;11/23/2025 9:29:54 AM:485;1763861394485;;
1440;414;0.8871347;0.4537126;0.8754617;0.5860339;442.9;0.3035019;False;11/23/2025 9:29:54 AM:508;1763861394508;;
1438;422;0.8857833;0.4623194;0.8755344;0.5859504;440.4;0.3037592;False;11/23/2025 9:29:54 AM:532;1763861394532;;
1437;440;0.8849289;0.4814973;0.8774569;0.656786;441.1;0.3006605;False;11/23/2025 9:29:54 AM:554;1763861394554;;
1439;444;0.8861878;0.4859938;0.8964026;0.5857134;441.1;0.2894123;False;11/23/2025 9:29:54 AM:577;1763861394577;;
1440;447;0.8871754;0.4897222;0.8964599;0.585656;441.1;0.2895996;False;11/23/2025 9:29:54 AM:598;1763861394598;;
1446;447;0.8906863;0.48987;0.9200463;0.4951233;440.6;0.2768978;False;11/23/2025 9:29:54 AM:620;1763861394620;;
1445;438;0.8902721;0.4797855;0.884455;0.3882463;438.7;0.2951147;False;11/23/2025 9:29:54 AM:644;1763861394644;;
1445;434;0.8897913;0.4749704;0.8804473;0.4088809;437.0;0.2940986;False;11/23/2025 9:29:54 AM:666;1763861394666;;
1444;440;0.8893239;0.4815103;0.8538311;0.583157;436.9;0.3014542;False;11/23/2025 9:29:54 AM:690;1763861394690;;
1446;436;0.8909941;0.4776711;0.9112238;0.4188606;438.5;0.2981952;False;11/23/2025 9:29:54 AM:713;1763861394713;;
1450;436;0.8932815;0.4777548;0.9193538;0.4855368;438.6;0.2649334;False;11/23/2025 9:29:54 AM:736;1763861394736;;
1453;436;0.8951334;0.4778285;0.9191689;0.4856916;438.7;0.2642385;False;11/23/2025 9:29:54 AM:761;1763861394761;;
1451;434;0.893802;0.4757064;0.8487935;0.4331613;440.3;0.2557979;False;11/23/2025 9:29:54 AM:786;1763861394786;;
1442;440;0.8879812;0.4818102;0.8127213;0.5718929;441.6;0.2368299;False;11/23/2025 9:29:54 AM:813;1763861394813;;
1410;469;0.8686581;0.5133777;0.7406699;0.7164524;441.9;0.2132223;False;11/23/2025 9:29:54 AM:835;1763861394835;;
1334;483;0.8219318;0.528891;0.6318917;0.6819903;442.3;0.2144017;False;11/23/2025 9:29:54 AM:855;1763861394855;;
1331;522;0.8196055;0.5713797;0.7769554;0.8037403;443.2;0.2324814;False;11/23/2025 9:29:54 AM:877;1763861394877;;
1326;531;0.8170583;0.5818958;0.7704523;0.7025687;441.4;0.2457053;False;11/23/2025 9:29:54 AM:899;1763861394899;;
1326;532;0.8168133;0.582635;0.7982491;0.6210274;439.8;0.2465533;False;11/23/2025 9:29:54 AM:919;1763861394919;;
1262;558;0.7777027;0.6113243;0.6136537;0.8070762;441.0;0.2320309;False;11/23/2025 9:29:54 AM:940;1763861394940;;
1232;576;0.758644;0.6307796;0.6433554;0.7975554;442.1;0.2328582;False;11/23/2025 9:29:54 AM:961;1763861394961;;
1224;576;0.7540416;0.6308392;0.7025977;0.6453232;444.3;0.2174856;False;11/23/2025 9:29:54 AM:985;1763861394985;;
1224;576;0.753734;0.630556;0.7407784;0.6147463;445.5;0.2135826;False;11/23/2025 9:29:55 AM:7;1763861395007;;
1223;588;0.7534956;0.6440397;0.7414801;0.7821916;446.7;0.2142491;False;11/23/2025 9:29:55 AM:28;1763861395028;;
1192;586;0.7340679;0.6417854;0.6174452;0.5902096;449.9;0.2346198;False;11/23/2025 9:29:55 AM:49;1763861395049;;
1128;595;0.6950197;0.6516114;0.5455715;0.7631823;449.4;0.2229968;False;11/23/2025 9:29:55 AM:73;1763861395073;;
1095;604;0.6747515;0.6611714;0.560046;0.783407;449.0;0.2225779;False;11/23/2025 9:29:55 AM:94;1763861395094;;
1094;601;0.673674;0.6581355;0.6536776;0.6007629;450.9;0.2052923;False;11/23/2025 9:29:55 AM:115;1763861395115;;
1105;601;0.6804534;0.6577586;0.7597784;0.6387678;451.0;0.2115496;False;11/23/2025 9:29:55 AM:138;1763861395138;;
1114;600;0.6860126;0.657432;0.7598534;0.6387524;451.1;0.211606;False;11/23/2025 9:29:55 AM:160;1763861395160;;
1114;588;0.686159;0.6443264;0.6997776;0.5240447;452.4;0.2372692;False;11/23/2025 9:29:55 AM:186;1763861395186;;
1114;603;0.6862906;0.6603059;0.6973318;0.7972991;452.6;0.2219532;False;11/23/2025 9:29:55 AM:209;1763861395209;;
1114;591;0.6864219;0.6470803;0.7094078;0.518616;452.6;0.2189561;False;11/23/2025 9:29:55 AM:232;1763861395232;;
1115;582;0.6866562;0.637359;0.712579;0.5241745;452.7;0.2194059;False;11/23/2025 9:29:55 AM:255;1763861395255;;
1113;594;0.6858687;0.6504938;0.6698569;0.7720176;452.1;0.2314245;False;11/23/2025 9:29:55 AM:279;1763861395279;;
1113;598;0.6857141;0.6543128;0.6803485;0.721976;453.4;0.221462;False;11/23/2025 9:29:55 AM:303;1763861395303;;
1084;608;0.6679949;0.6661204;0.5691351;0.7850306;453.5;0.2006927;False;11/23/2025 9:29:55 AM:328;1763861395328;;
1053;620;0.6486716;0.6790134;0.5353705;0.8168342;453.7;0.2018262;False;11/23/2025 9:29:55 AM:349;1763861395349;;
1020;631;0.6282843;0.691027;0.5138015;0.8253911;453.8;0.2020106;False;11/23/2025 9:29:55 AM:370;1763861395370;;
1019;624;0.6279463;0.683608;0.6185377;0.591814;456.4;0.1650855;True;11/23/2025 9:29:55 AM:392;1763861395392;;
1018;621;0.627054;0.6799649;0.6089732;0.6184618;459.2;0.1398272;True;11/23/2025 9:29:55 AM:418;1763861395418;;
1017;619;0.6264111;0.6775891;0.6094075;0.6225032;462.4;0.1558429;True;11/23/2025 9:29:55 AM:440;1763861395440;;
1016;617;0.6258522;0.67553;0.6093892;0.6224164;465.3;0.1560255;True;11/23/2025 9:29:55 AM:464;1763861395464;;
1012;616;0.6233143;0.67482;0.5828902;0.6399195;464.6;0.1452984;True;11/23/2025 9:29:55 AM:486;1763861395486;;
1012;603;0.6233146;0.6601447;0.6256948;0.5253806;468.2;0.1617168;True;11/23/2025 9:29:55 AM:511;1763861395511;;
953;603;0.5868329;0.6605781;0.4322754;0.679208;471.2;0.184625;False;11/23/2025 9:29:55 AM:534;1763861395534;;
918;603;0.5652986;0.6604648;0.4452911;0.6407645;473.9;0.1860505;False;11/23/2025 9:29:55 AM:554;1763861395554;;
856;600;0.5273527;0.6573108;0.3812459;0.5865726;475.6;0.180895;False;11/23/2025 9:29:55 AM:576;1763861395576;;
817;597;0.5032869;0.6537117;0.3953613;0.5784283;477.7;0.1692281;True;11/23/2025 9:29:55 AM:600;1763861395600;;
791;595;0.4875928;0.6510802;0.3949768;0.5784472;479.5;0.1688697;True;11/23/2025 9:29:55 AM:621;1763861395621;;
799;593;0.4925324;0.6498415;0.5676567;0.5969324;480.1;0.2027265;False;11/23/2025 9:29:55 AM:647;1763861395647;;
841;594;0.5183473;0.6503708;0.6663362;0.6670032;478.8;0.1921481;False;11/23/2025 9:29:55 AM:670;1763861395670;;
878;609;0.5412102;0.6672093;0.6786176;0.8038998;477.7;0.1933303;False;11/23/2025 9:29:55 AM:692;1763861395692;;
913;604;0.5626069;0.6608467;0.6807413;0.5683804;474.4;0.202166;False;11/23/2025 9:29:55 AM:719;1763861395719;;
952;598;0.586538;0.6547537;0.7120998;0.5585388;473.3;0.1879259;False;11/23/2025 9:29:55 AM:745;1763861395745;;
985;596;0.6069211;0.6527727;0.7311142;0.5843849;473.3;0.2001677;False;11/23/2025 9:29:55 AM:766;1763861395766;;
998;598;0.6146823;0.6547393;0.6906178;0.6919709;473.4;0.2012217;False;11/23/2025 9:29:55 AM:791;1763861395791;;
1032;583;0.6358387;0.6387022;0.7575395;0.4862163;474.8;0.18439;False;11/23/2025 9:29:55 AM:814;1763861395814;;
1046;583;0.6445478;0.6378939;0.7289264;0.5876824;476.0;0.1852032;False;11/23/2025 9:29:55 AM:834;1763861395834;;
1048;596;0.6454097;0.6523168;0.6738914;0.7733443;475.6;0.2066592;False;11/23/2025 9:29:55 AM:857;1763861395857;;
1064;621;0.6556699;0.6804579;0.7428315;0.8517066;478.0;0.2049906;False;11/23/2025 9:29:55 AM:880;1763861395880;;
1080;615;0.6650851;0.6731238;0.7509539;0.5645571;478.1;0.205096;False;11/23/2025 9:29:55 AM:904;1763861395904;;
1091;615;0.6721174;0.673822;0.7502015;0.6950452;478.1;0.2054813;False;11/23/2025 9:29:55 AM:925;1763861395925;;
1101;602;0.6782312;0.6593763;0.7465918;0.5224513;476.4;0.185601;False;11/23/2025 9:29:55 AM:950;1763861395950;;
1126;595;0.6934714;0.6515511;0.8009508;0.5398201;478.0;0.194402;False;11/23/2025 9:29:55 AM:974;1763861395974;;
1152;594;0.7098779;0.650519;0.8257833;0.5946836;479.5;0.1959069;False;11/23/2025 9:29:55 AM:995;1763861395995;;
1157;600;0.7129808;0.6574045;0.7661196;0.7372454;480.8;0.2146367;False;11/23/2025 9:29:56 AM:18;1763861396018;;
1158;610;0.7132325;0.668313;0.7353389;0.7739857;480.4;0.2079153;False;11/23/2025 9:29:56 AM:41;1763861396041;;
1157;619;0.7128116;0.6779534;0.7012487;0.7776428;475.8;0.2219516;False;11/23/2025 9:29:56 AM:67;1763861396067;;
1157;627;0.712555;0.6865034;0.7029895;0.7879333;471.6;0.2224958;False;11/23/2025 9:29:56 AM:89;1763861396089;;
1157;640;0.7125255;0.7005952;0.710524;0.8305177;471.3;0.2205827;False;11/23/2025 9:29:56 AM:112;1763861396112;;
1173;651;0.7228673;0.712578;0.8109823;0.8357289;472.3;0.1882542;False;11/23/2025 9:29:56 AM:135;1763861396135;;
1186;659;0.7305335;0.721523;0.8112664;0.8356391;473.2;0.1890323;False;11/23/2025 9:29:56 AM:157;1763861396157;;
1193;644;0.7350565;0.7055458;0.7975029;0.5696443;471.8;0.2396419;False;11/23/2025 9:29:56 AM:179;1763861396179;;
1196;624;0.7368325;0.683681;0.7788275;0.5291427;471.3;0.2016045;False;11/23/2025 9:29:56 AM:204;1763861396204;;
1198;610;0.7381958;0.6680968;0.7788377;0.5291337;470.9;0.2016319;False;11/23/2025 9:29:56 AM:226;1763861396226;;
1198;607;0.7377428;0.6648365;0.7265011;0.6018326;471.5;0.2448445;False;11/23/2025 9:29:56 AM:251;1763861396251;;
1198;606;0.7382759;0.6633014;0.7654064;0.6172722;469.8;0.2012779;False;11/23/2025 9:29:56 AM:277;1763861396277;;
1204;605;0.7414066;0.6629631;0.7981607;0.6356524;468.2;0.2027184;False;11/23/2025 9:29:56 AM:299;1763861396299;;
1208;600;0.7440537;0.6571753;0.7966685;0.5662235;468.2;0.2170284;False;11/23/2025 9:29:56 AM:322;1763861396322;;
1212;598;0.7468225;0.6552799;0.8022062;0.596323;465.8;0.231115;False;11/23/2025 9:29:56 AM:345;1763861396345;;
1213;593;0.7469885;0.6496426;0.7600031;0.5587662;465.7;0.232875;False;11/23/2025 9:29:56 AM:372;1763861396372;;
1213;589;0.7471175;0.6454288;0.7599982;0.558769;465.6;0.2328578;False;11/23/2025 9:29:56 AM:396;1763861396396;;
1214;575;0.7476299;0.6298469;0.7783678;0.4813534;464.2;0.2503257;False;11/23/2025 9:29:56 AM:421;1763861396421;;
1223;570;0.7533395;0.6245296;0.8250537;0.5275099;462.9;0.2571485;False;11/23/2025 9:29:56 AM:445;1763861396445;;
1228;588;0.756184;0.643896;0.8109571;0.7709173;463.0;0.2169192;False;11/23/2025 9:29:56 AM:473;1763861396473;;
1236;587;0.7611568;0.643008;0.8308469;0.5924466;462.7;0.2266822;False;11/23/2025 9:29:56 AM:499;1763861396499;;
1242;587;0.7651709;0.6422496;0.8311019;0.5921608;462.4;0.2280824;False;11/23/2025 9:29:56 AM:524;1763861396524;;
1247;581;0.7682768;0.636251;0.8295254;0.5346881;465.0;0.2506804;False;11/23/2025 9:29:56 AM:550;1763861396550;;
1248;582;0.768548;0.6370468;0.7776936;0.6548715;462.0;0.2213048;False;11/23/2025 9:29:56 AM:575;1763861396575;;
1248;569;0.768528;0.622957;0.7680344;0.4826435;462.2;0.2636555;False;11/23/2025 9:29:56 AM:601;1763861396601;;
1248;563;0.7686707;0.6161038;0.7751595;0.5045787;462.4;0.2639932;False;11/23/2025 9:29:56 AM:624;1763861396624;;
1245;555;0.7667775;0.6075566;0.740044;0.4882737;465.5;0.2335117;False;11/23/2025 9:29:56 AM:650;1763861396650;;
1246;556;0.767853;0.6084833;0.8040915;0.6274384;461.2;0.228837;False;11/23/2025 9:29:56 AM:675;1763861396675;;
1249;558;0.7692336;0.6111262;0.8103155;0.6539494;457.4;0.2307657;False;11/23/2025 9:29:56 AM:699;1763861396699;;
1249;548;0.7694004;0.5998145;0.7835704;0.4937449;456.5;0.2590929;False;11/23/2025 9:29:56 AM:740;1763861396740;;
1238;543;0.7625551;0.5945805;0.7010846;0.4940124;455.1;0.2504648;False;11/23/2025 9:29:56 AM:764;1763861396764;;
1238;541;0.7625096;0.5921571;0.7605692;0.5167846;454.9;0.2798989;False;11/23/2025 9:29:56 AM:789;1763861396789;;
1237;541;0.7622821;0.5924553;0.7542785;0.6002972;453.1;0.2741785;False;11/23/2025 9:29:56 AM:814;1763861396814;;
1237;538;0.7623069;0.589683;0.7650348;0.5099678;453.3;0.2493672;False;11/23/2025 9:29:56 AM:837;1763861396837;;
1238;536;0.7623923;0.5866348;0.7758052;0.5034125;453.4;0.2500101;False;11/23/2025 9:29:56 AM:860;1763861396860;;
1239;524;0.7632343;0.573544;0.7926455;0.4283384;452.6;0.2705202;False;11/23/2025 9:29:56 AM:884;1763861396884;;
