X Filtered Pixel; Y Filtered Pixel; X Filtered Normalized; Y Filtered Normalized; X Raw Normalized; Y Raw Normalized; Distance to Camera in mm; Eye Aspect Ratio (Height/Width); Blinking; Timestamp With Milliseconds; Unix Timestamp In Milliseconds; AOI List; Additional Notes
729;385;0.4493239;0.4214846;0.4493239;0.4214846;563.2;0.224162;False;11/23/2025 9:13:35 AM:204;1763860415204;;
819;391;0.5044777;0.4283569;0.6481557;0.5044448;562.4;0.2159025;False;11/23/2025 9:13:35 AM:239;1763860415239;;
832;391;0.5125716;0.4283809;0.5785601;0.4397685;562.1;0.2348736;False;11/23/2025 9:13:35 AM:261;1763860415261;;
841;391;0.5182815;0.4285364;0.5741417;0.4478549;564.4;0.2138669;False;11/23/2025 9:13:35 AM:286;1763860415286;;
848;391;0.5227376;0.4286067;0.5757379;0.4448178;566.4;0.2139551;False;11/23/2025 9:13:35 AM:308;1763860415308;;
842;392;0.5185611;0.4297708;0.4628071;0.4736715;568.8;0.2202774;False;11/23/2025 9:13:35 AM:334;1763860415334;;
838;393;0.5162913;0.4304226;0.4697447;0.4688518;570.9;0.2203076;False;11/23/2025 9:13:35 AM:355;1763860415355;;
850;393;0.5239664;0.4300485;0.5927028;0.4142554;573.5;0.2130932;False;11/23/2025 9:13:35 AM:378;1763860415378;;
850;393;0.5235311;0.4300804;0.5016047;0.4353356;574.5;0.2320477;False;11/23/2025 9:13:35 AM:402;1763860415402;;
853;393;0.5257645;0.4301051;0.5611278;0.4381298;574.1;0.2154101;False;11/23/2025 9:13:35 AM:427;1763860415427;;
854;393;0.5263022;0.4301212;0.5443662;0.4390986;573.8;0.2155636;False;11/23/2025 9:13:35 AM:448;1763860415448;;
847;393;0.5220484;0.4301199;0.4656609;0.4299697;572.4;0.2202779;False;11/23/2025 9:13:35 AM:472;1763860415472;;
847;393;0.5216078;0.4301307;0.4997255;0.4380146;572.6;0.2159213;False;11/23/2025 9:13:35 AM:494;1763860415494;;
845;393;0.5207042;0.4301331;0.4900482;0.4397123;572.8;0.2159726;False;11/23/2025 9:13:35 AM:516;1763860415516;;
846;393;0.5210664;0.4301821;0.5330557;0.4440016;571.1;0.2401541;False;11/23/2025 9:13:35 AM:541;1763860415541;;
847;393;0.521757;0.4302009;0.5410779;0.4347996;574.2;0.2178551;False;11/23/2025 9:13:35 AM:564;1763860415564;;
846;393;0.5215335;0.4302112;0.5057163;0.4407214;572.7;0.2319407;False;11/23/2025 9:13:35 AM:585;1763860415585;;
848;393;0.5222735;0.4302227;0.5448694;0.4328265;571.3;0.2324356;False;11/23/2025 9:13:35 AM:604;1763860415604;;
848;393;0.5222746;0.4302355;0.522533;0.4342692;573.1;0.219542;False;11/23/2025 9:13:35 AM:626;1763860415626;;
847;393;0.5216225;0.4302461;0.4978848;0.4358761;567.7;0.2369805;False;11/23/2025 9:13:35 AM:648;1763860415648;;
846;393;0.5211062;0.4302548;0.4978948;0.4358751;562.8;0.2369924;False;11/23/2025 9:13:35 AM:668;1763860415668;;
861;393;0.5307755;0.4303012;0.6112593;0.4428653;562.6;0.2213209;False;11/23/2025 9:13:35 AM:691;1763860415691;;
860;393;0.5298859;0.4303104;0.5014241;0.4324549;562.3;0.2040574;False;11/23/2025 9:13:35 AM:712;1763860415712;;
859;393;0.5292922;0.4303177;0.5036411;0.4323326;562.1;0.2041319;False;11/23/2025 9:13:35 AM:733;1763860415733;;
858;393;0.5287566;0.4303245;0.5036267;0.432335;561.9;0.2041183;False;11/23/2025 9:13:35 AM:755;1763860415755;;
868;393;0.5349975;0.4303283;0.5974871;0.4357107;563.9;0.2229584;False;11/23/2025 9:13:35 AM:777;1763860415777;;
867;395;0.53419;0.4331872;0.5056566;0.4994378;561.9;0.2224309;False;11/23/2025 9:13:35 AM:799;1763860415799;;
864;396;0.5324993;0.4332617;0.4911218;0.4503552;560.1;0.2227157;False;11/23/2025 9:13:35 AM:819;1763860415819;;
867;396;0.5344306;0.4334252;0.5684089;0.4552865;560.5;0.1957392;False;11/23/2025 9:13:35 AM:840;1763860415840;;
869;396;0.5352288;0.4334524;0.5571364;0.4388663;567.3;0.1357405;True;11/23/2025 9:13:35 AM:862;1763860415862;;
870;396;0.5357952;0.4334719;0.555793;0.4414878;573.6;0.1358712;True;11/23/2025 9:13:35 AM:883;1763860415883;;
870;396;0.5362266;0.4336936;0.5538183;0.4577571;579.6;0.1611156;True;11/23/2025 9:13:35 AM:905;1763860415905;;
873;398;0.537923;0.4357654;0.5744941;0.4962132;580.1;0.1882706;False;11/23/2025 9:13:35 AM:926;1763860415926;;
875;399;0.539326;0.4374874;0.5745814;0.4962049;580.5;0.1883668;False;11/23/2025 9:13:35 AM:947;1763860415947;;
879;399;0.5416467;0.4375739;0.5859416;0.46202;578.8;0.2005937;False;11/23/2025 9:13:35 AM:970;1763860415970;;
883;399;0.5441164;0.4373156;0.590912;0.4261264;579.2;0.2053695;False;11/23/2025 9:13:35 AM:992;1763860415992;;
886;399;0.5459843;0.4371157;0.5909181;0.4261254;579.6;0.2053797;False;11/23/2025 9:13:36 AM:12;1763860416012;;
900;399;0.5542148;0.4367112;0.6382715;0.4186771;581.4;0.2230217;False;11/23/2025 9:13:36 AM:35;1763860416035;;
898;399;0.5533962;0.4367235;0.534031;0.4389521;579.2;0.2214112;False;11/23/2025 9:13:36 AM:56;1763860416056;;
897;399;0.5527549;0.4367209;0.5352123;0.4363319;577.1;0.2214211;False;11/23/2025 9:13:36 AM:77;1763860416077;;
897;399;0.5527701;0.4367121;0.5545791;0.4354443;578.0;0.2033429;False;11/23/2025 9:13:36 AM:101;1763860416101;;
902;399;0.5557745;0.4367019;0.6058764;0.4350955;576.1;0.2374986;False;11/23/2025 9:13:36 AM:125;1763860416125;;
906;399;0.5579701;0.4367035;0.6054;0.4427096;573.4;0.2319856;False;11/23/2025 9:13:36 AM:145;1763860416145;;
906;399;0.5580124;0.4367429;0.5662242;0.4478219;571.0;0.2325882;False;11/23/2025 9:13:36 AM:165;1763860416165;;
909;399;0.5600686;0.4367456;0.6054841;0.4426625;568.9;0.2322709;False;11/23/2025 9:13:36 AM:188;1763860416188;;
934;399;0.5756589;0.4366073;0.6885701;0.4252915;567.6;0.2201317;False;11/23/2025 9:13:36 AM:210;1763860416210;;
998;399;0.6146255;0.4366021;0.7789519;0.435338;568.7;0.2219753;False;11/23/2025 9:13:36 AM:231;1763860416231;;
1044;399;0.6429009;0.4365976;0.77896;0.4353297;569.7;0.2220044;False;11/23/2025 9:13:36 AM:254;1763860416254;;
1071;399;0.6597056;0.437323;0.7657453;0.4714507;570.9;0.2294866;False;11/23/2025 9:13:36 AM:274;1763860416274;;
1098;399;0.6765375;0.4373935;0.7802735;0.4508116;572.0;0.2308932;False;11/23/2025 9:13:36 AM:296;1763860416296;;
1118;399;0.6890343;0.4374527;0.7802914;0.4507943;572.9;0.2309566;False;11/23/2025 9:13:36 AM:316;1763860416316;;
1130;399;0.6962475;0.4375736;0.7632222;0.4548274;572.8;0.2238911;False;11/23/2025 9:13:36 AM:339;1763860416339;;
1122;399;0.6914786;0.4376071;0.627986;0.449824;573.0;0.2312257;False;11/23/2025 9:13:36 AM:361;1763860416361;;
1116;399;0.6872467;0.437609;0.6227824;0.4465172;573.2;0.231454;False;11/23/2025 9:13:36 AM:381;1763860416381;;
1120;399;0.6900004;0.4369337;0.729297;0.4104692;573.3;0.21605;False;11/23/2025 9:13:36 AM:404;1763860416404;;
1128;399;0.6948225;0.4369312;0.7498888;0.4363412;571.1;0.2155932;False;11/23/2025 9:13:36 AM:426;1763860416426;;
1140;399;0.702166;0.436919;0.771246;0.4345479;566.4;0.2183613;False;11/23/2025 9:13:36 AM:448;1763860416448;;
1149;399;0.7077373;0.4369088;0.7712758;0.4345284;562.2;0.2184527;False;11/23/2025 9:13:36 AM:470;1763860416470;;
1148;399;0.7074076;0.4365782;0.6910072;0.4161466;559.7;0.2195998;False;11/23/2025 9:13:36 AM:491;1763860416491;;
1155;398;0.7116858;0.4361639;0.76563;0.4131096;556.8;0.2196475;False;11/23/2025 9:13:36 AM:515;1763860416515;;
1160;398;0.7146393;0.4358652;0.7656025;0.4131279;554.1;0.2195629;False;11/23/2025 9:13:36 AM:535;1763860416535;;
1160;398;0.7146562;0.435862;0.7210816;0.433222;554.3;0.2139375;False;11/23/2025 9:13:36 AM:557;1763860416557;;
1161;398;0.7151812;0.4358572;0.7375799;0.4307803;551.4;0.2234282;False;11/23/2025 9:13:36 AM:579;1763860416579;;
1162;398;0.7155967;0.4358531;0.7376221;0.4307533;548.8;0.2235774;False;11/23/2025 9:13:36 AM:601;1763860416601;;
1162;398;0.715636;0.4357968;0.726454;0.4243755;546.4;0.2238054;False;11/23/2025 9:13:36 AM:621;1763860416621;;
1162;398;0.7160462;0.4354808;0.7382967;0.4120375;545.8;0.2162697;False;11/23/2025 9:13:36 AM:644;1763860416644;;
1165;398;0.7179186;0.4357517;0.7613173;0.452363;544.5;0.2189289;False;11/23/2025 9:13:36 AM:664;1763860416664;;
1171;398;0.7213259;0.436072;0.7785494;0.4553364;543.4;0.2190999;False;11/23/2025 9:13:36 AM:686;1763860416686;;
1176;398;0.724461;0.4360543;0.7802639;0.4301462;547.5;0.2125414;False;11/23/2025 9:13:36 AM:709;1763860416709;;
1177;398;0.7249516;0.4359652;0.7543507;0.4236262;550.7;0.2112443;False;11/23/2025 9:13:36 AM:731;1763860416731;;
1177;398;0.7252802;0.4359716;0.7523704;0.437666;550.3;0.2074873;False;11/23/2025 9:13:36 AM:753;1763860416753;;
1178;398;0.7255419;0.4359766;0.7524163;0.4376339;549.9;0.2076402;False;11/23/2025 9:13:36 AM:773;1763860416773;;
1184;398;0.7293586;0.4359518;0.7934741;0.4287697;552.8;0.2018823;False;11/23/2025 9:13:36 AM:795;1763860416795;;
1184;396;0.7294167;0.4341622;0.7482534;0.3824299;551.4;0.213064;False;11/23/2025 9:13:36 AM:816;1763860416816;;
1184;395;0.7295241;0.4331735;0.7357405;0.3913462;550.2;0.2134154;False;11/23/2025 9:13:36 AM:836;1763860416836;;
1184;395;0.7293569;0.4322159;0.7238459;0.3899563;552.1;0.2179134;False;11/23/2025 9:13:36 AM:858;1763860416858;;
1185;394;0.7299787;0.431481;0.7618043;0.3919079;551.0;0.2263146;False;11/23/2025 9:13:36 AM:880;1763860416880;;
1186;394;0.7304304;0.43116;0.7602596;0.4004121;550.0;0.2265501;False;11/23/2025 9:13:36 AM:901;1763860416901;;
1180;391;0.7271407;0.4282946;0.6852419;0.3564367;550.9;0.2308204;False;11/23/2025 9:13:36 AM:922;1763860416922;;
1180;390;0.7270297;0.4269081;0.7224126;0.3717215;550.2;0.2376525;False;11/23/2025 9:13:36 AM:944;1763860416944;;
1180;389;0.726937;0.4257334;0.7224643;0.3716894;549.5;0.2377772;False;11/23/2025 9:13:36 AM:967;1763860416967;;
1179;388;0.7260956;0.4253665;0.7049564;0.3858102;548.9;0.2307682;False;11/23/2025 9:13:36 AM:989;1763860416989;;
1175;388;0.7238021;0.425285;0.6851361;0.3938292;548.5;0.2310491;False;11/23/2025 9:13:37 AM:10;1763860417010;;
1181;388;0.7275746;0.4248002;0.7828101;0.3811134;550.6;0.2266643;False;11/23/2025 9:13:37 AM:32;1763860417032;;
1185;387;0.7299588;0.4240773;0.7778464;0.3730473;552.5;0.2268536;False;11/23/2025 9:13:37 AM:52;1763860417052;;
1187;386;0.7311013;0.4226619;0.7653947;0.3605265;555.3;0.2408241;False;11/23/2025 9:13:37 AM:74;1763860417074;;
1181;386;0.7275575;0.4226388;0.6809508;0.3878925;555.2;0.2465109;False;11/23/2025 9:13:37 AM:96;1763860417096;;
1176;386;0.7245696;0.4226163;0.681034;0.3878509;555.1;0.246742;False;11/23/2025 9:13:37 AM:119;1763860417119;;
1178;386;0.725545;0.4225416;0.7546209;0.3916918;556.8;0.2350004;False;11/23/2025 9:13:37 AM:141;1763860417141;;
1184;386;0.7293445;0.4223495;0.7851164;0.4018058;555.7;0.2443594;False;11/23/2025 9:13:37 AM:164;1763860417164;;
1186;385;0.7307419;0.4220778;0.767033;0.3816288;558.5;0.2576109;False;11/23/2025 9:13:37 AM:187;1763860417187;;
1188;385;0.7317856;0.4218694;0.7670444;0.3816223;561.0;0.2576466;False;11/23/2025 9:13:37 AM:208;1763860417208;;
1188;385;0.731833;0.4216129;0.7407644;0.3803635;561.1;0.2374905;False;11/23/2025 9:13:37 AM:232;1763860417232;;
1177;385;0.7247541;0.4213862;0.6607745;0.3802103;562.5;0.2412813;False;11/23/2025 9:13:37 AM:256;1763860417256;;
1168;384;0.719721;0.4212102;0.6608418;0.380179;563.7;0.2414729;False;11/23/2025 9:13:37 AM:276;1763860417276;;
1042;384;0.6416692;0.420996;0.4272102;0.4015285;566.0;0.2250336;False;11/23/2025 9:13:37 AM:298;1763860417298;;
895;384;0.5514098;0.4210239;0.3446096;0.4221524;565.4;0.2319824;False;11/23/2025 9:13:37 AM:321;1763860417321;;
785;386;0.4835547;0.4227031;0.3184758;0.4584118;567.0;0.2489225;False;11/23/2025 9:13:37 AM:343;1763860417343;;
700;387;0.4311951;0.4237234;0.2882292;0.4532349;568.5;0.2491038;False;11/23/2025 9:13:37 AM:363;1763860417363;;
610;387;0.3757771;0.4240547;0.2390589;0.4387124;569.3;0.2349868;False;11/23/2025 9:13:37 AM:385;1763860417385;;
553;387;0.3406567;0.424333;0.2390914;0.438736;570.0;0.2351007;False;11/23/2025 9:13:37 AM:406;1763860417406;;
509;387;0.3138688;0.4243559;0.230782;0.4268095;571.7;0.2397668;False;11/23/2025 9:13:37 AM:428;1763860417428;;
475;387;0.2925272;0.4243031;0.2176407;0.409581;573.2;0.2399972;False;11/23/2025 9:13:37 AM:447;1763860417447;;
477;387;0.2938378;0.4238186;0.3017519;0.3922117;574.3;0.2505363;False;11/23/2025 9:13:37 AM:469;1763860417469;;
445;386;0.27457;0.423042;0.2054767;0.3843136;574.7;0.2293985;False;11/23/2025 9:13:37 AM:492;1763860417492;;
423;386;0.2609781;0.4223711;0.2054716;0.3843113;575.1;0.2293762;False;11/23/2025 9:13:37 AM:515;1763860417515;;
429;389;0.2641774;0.4258992;0.2958019;0.4839905;574.8;0.2476031;False;11/23/2025 9:13:37 AM:540;1763860417540;;
420;389;0.2591955;0.4259311;0.228203;0.4293013;575.7;0.2167993;False;11/23/2025 9:13:37 AM:562;1763860417562;;
420;389;0.2587594;0.4260754;0.255351;0.4356794;575.7;0.2412955;False;11/23/2025 9:13:37 AM:588;1763860417588;;
419;389;0.2584263;0.4263553;0.2545826;0.4443404;575.6;0.2411006;False;11/23/2025 9:13:37 AM:607;1763860417607;;
413;389;0.2545437;0.4262742;0.2242375;0.4138536;579.6;0.2355204;False;11/23/2025 9:13:37 AM:631;1763860417631;;
405;389;0.2496406;0.4259453;0.2110868;0.402323;580.0;0.2280424;False;11/23/2025 9:13:37 AM:654;1763860417654;;
398;388;0.2453829;0.4253159;0.2083858;0.3926048;580.3;0.2281333;False;11/23/2025 9:13:37 AM:676;1763860417676;;
399;388;0.2459319;0.4253828;0.2698541;0.4311;579.2;0.2313256;False;11/23/2025 9:13:37 AM:700;1763860417700;;
399;388;0.2462972;0.4251944;0.2739679;0.4046658;580.1;0.2391948;False;11/23/2025 9:13:37 AM:722;1763860417722;;
400;388;0.2468545;0.4250749;0.2928149;0.4070958;580.3;0.2331284;False;11/23/2025 9:13:37 AM:744;1763860417744;;
401;388;0.2473225;0.4249758;0.2929593;0.4070842;580.4;0.2332534;False;11/23/2025 9:13:37 AM:766;1763860417766;;
402;389;0.2477495;0.4262241;0.2714771;0.4623121;579.7;0.2227364;False;11/23/2025 9:13:37 AM:789;1763860417789;;
393;388;0.2424084;0.4249723;0.1958414;0.381269;578.7;0.2443594;False;11/23/2025 9:13:37 AM:811;1763860417811;;
387;387;0.2383791;0.4239075;0.194443;0.379243;577.9;0.2444246;False;11/23/2025 9:13:37 AM:833;1763860417833;;
380;386;0.2344691;0.4226047;0.1931371;0.3749911;581.3;0.2373804;False;11/23/2025 9:13:37 AM:857;1763860417857;;
377;385;0.2325912;0.4221912;0.2022639;0.3882632;584.4;0.2372746;False;11/23/2025 9:13:37 AM:877;1763860417877;;
370;383;0.2283317;0.4194667;0.1780747;0.3481241;585.0;0.232944;False;11/23/2025 9:13:37 AM:899;1763860417899;;
368;383;0.2269862;0.4192644;0.1999764;0.3884032;582.0;0.2385757;False;11/23/2025 9:13:37 AM:920;1763860417920;;
366;383;0.2259198;0.419098;0.1999787;0.3884059;579.4;0.2385866;False;11/23/2025 9:13:37 AM:941;1763860417941;;
365;382;0.2250847;0.4189444;0.2012859;0.3881788;580.7;0.2371278;False;11/23/2025 9:13:37 AM:962;1763860417962;;
364;382;0.2242417;0.4187062;0.200945;0.3854603;580.5;0.2352952;False;11/23/2025 9:13:37 AM:987;1763860417987;;
363;382;0.2236257;0.4185281;0.2009321;0.385455;580.3;0.2352055;False;11/23/2025 9:13:38 AM:7;1763860418007;;
362;382;0.2234377;0.4184026;0.21053;0.405747;581.3;0.2410451;False;11/23/2025 9:13:38 AM:31;1763860418031;;
362;382;0.2234408;0.4183424;0.2240462;0.4140622;580.8;0.2380445;False;11/23/2025 9:13:38 AM:52;1763860418052;;
361;381;0.2224296;0.4171005;0.1925571;0.3630061;580.4;0.2382251;False;11/23/2025 9:13:38 AM:73;1763860418073;;
363;381;0.2236118;0.4174573;0.2514624;0.4308354;581.7;0.2536061;False;11/23/2025 9:13:38 AM:96;1763860418096;;
360;379;0.2217248;0.4153387;0.1826135;0.350629;581.2;0.2611403;False;11/23/2025 9:13:38 AM:118;1763860418118;;
356;377;0.2194898;0.4127069;0.1744486;0.3382525;580.7;0.2612009;False;11/23/2025 9:13:38 AM:138;1763860418138;;
355;376;0.2188677;0.4120819;0.192935;0.3664426;579.9;0.2324884;False;11/23/2025 9:13:38 AM:161;1763860418161;;
356;377;0.2194458;0.4132232;0.2361528;0.4404902;580.1;0.2359824;False;11/23/2025 9:13:38 AM:184;1763860418184;;
356;377;0.2194839;0.413429;0.2227447;0.4229783;580.3;0.2360218;False;11/23/2025 9:13:38 AM:205;1763860418205;;
356;377;0.219484;0.4133634;0.2194988;0.4048402;578.7;0.2233223;False;11/23/2025 9:13:38 AM:227;1763860418227;;
356;377;0.2194082;0.413306;0.209133;0.4060281;580.1;0.2351496;False;11/23/2025 9:13:38 AM:250;1763860418250;;
356;377;0.2194976;0.4134802;0.2253912;0.4225572;578.8;0.2532806;False;11/23/2025 9:13:38 AM:274;1763860418274;;
356;378;0.2195651;0.4136105;0.2254542;0.4226236;577.7;0.2534295;False;11/23/2025 9:13:38 AM:294;1763860418294;;
356;377;0.2192977;0.4134429;0.203197;0.3917112;576.7;0.2536298;False;11/23/2025 9:13:38 AM:315;1763860418315;;
362;378;0.2232877;0.4143441;0.276808;0.4448093;577.3;0.2410796;False;11/23/2025 9:13:38 AM:337;1763860418337;;
363;379;0.223673;0.4149342;0.2404906;0.439908;576.5;0.2624297;False;11/23/2025 9:13:38 AM:359;1763860418359;;
363;379;0.2236834;0.414947;0.2269752;0.417554;575.7;0.2626106;False;11/23/2025 9:13:38 AM:380;1763860418380;;
363;379;0.2237254;0.4153365;0.2298793;0.4363551;574.2;0.2432971;False;11/23/2025 9:13:38 AM:404;1763860418404;;
363;379;0.2239055;0.4156318;0.2368662;0.4358987;574.8;0.2641778;False;11/23/2025 9:13:38 AM:425;1763860418425;;
363;379;0.223816;0.4155725;0.2166643;0.4071166;575.4;0.2645035;False;11/23/2025 9:13:38 AM:447;1763860418447;;
362;379;0.2231921;0.4149435;0.2020719;0.3856284;575.8;0.2553518;False;11/23/2025 9:13:38 AM:469;1763860418469;;
390;381;0.2406663;0.4171997;0.3504204;0.4713837;575.2;0.2493779;False;11/23/2025 9:13:38 AM:491;1763860418491;;
390;381;0.2402013;0.417202;0.2201092;0.4202675;576.2;0.2441534;False;11/23/2025 9:13:38 AM:514;1763860418514;;
389;381;0.2398344;0.4172041;0.2201343;0.4202933;577.2;0.2442129;False;11/23/2025 9:13:38 AM:534;1763860418534;;
387;381;0.2386529;0.416958;0.205372;0.3994454;576.3;0.2629404;False;11/23/2025 9:13:38 AM:555;1763860418555;;
388;382;0.2390704;0.4183756;0.2531238;0.4613667;578.4;0.2503449;False;11/23/2025 9:13:38 AM:579;1763860418579;;
388;383;0.2393892;0.4194556;0.2531237;0.4613675;580.2;0.2503425;False;11/23/2025 9:13:38 AM:601;1763860418601;;
388;383;0.2390137;0.4193999;0.2198476;0.4135637;580.6;0.266093;False;11/23/2025 9:13:38 AM:621;1763860418621;;
386;383;0.2381575;0.4192627;0.2098695;0.408227;580.3;0.2706105;False;11/23/2025 9:13:38 AM:644;1763860418644;;
385;383;0.2374554;0.4191483;0.2098653;0.408219;580.1;0.2706434;False;11/23/2025 9:13:38 AM:666;1763860418666;;
385;383;0.2374516;0.4191559;0.2371147;0.4238189;582.4;0.2577159;False;11/23/2025 9:13:38 AM:689;1763860418689;;
385;383;0.2373266;0.4190613;0.2225325;0.4085618;584.5;0.257756;False;11/23/2025 9:13:38 AM:709;1763860418709;;
386;383;0.2380039;0.4192566;0.2558932;0.4355634;584.6;0.2790607;False;11/23/2025 9:13:38 AM:734;1763860418734;;
383;382;0.2362832;0.4183475;0.1973175;0.3845398;584.3;0.261261;False;11/23/2025 9:13:38 AM:756;1763860418756;;
382;382;0.2354919;0.4181537;0.2059373;0.4011517;583.9;0.2612595;False;11/23/2025 9:13:38 AM:777;1763860418777;;
387;382;0.2385362;0.4188899;0.2813008;0.4493726;584.8;0.2665896;False;11/23/2025 9:13:38 AM:799;1763860418799;;
386;382;0.2380592;0.4185986;0.2158449;0.3992978;585.6;0.2612406;False;11/23/2025 9:13:38 AM:823;1763860418823;;
386;382;0.2379933;0.4185984;0.2259212;0.4182644;586.3;0.2612277;False;11/23/2025 9:13:38 AM:844;1763860418844;;
387;382;0.2387997;0.4186379;0.259597;0.4253815;585.4;0.2489244;False;11/23/2025 9:13:38 AM:867;1763860418867;;
386;382;0.2377375;0.4184187;0.2061608;0.4006987;585.9;0.265812;False;11/23/2025 9:13:38 AM:889;1763860418889;;
384;382;0.2366027;0.4180576;0.2022177;0.393872;586.4;0.2658384;False;11/23/2025 9:13:38 AM:909;1763860418909;;
385;382;0.2375246;0.4180461;0.2602293;0.4115086;584.4;0.2631897;False;11/23/2025 9:13:38 AM:931;1763860418931;;
383;381;0.2363486;0.4177293;0.2032916;0.3946166;581.6;0.2809163;False;11/23/2025 9:13:38 AM:953;1763860418953;;
383;381;0.2363081;0.4177929;0.2248841;0.4246549;579.8;0.2733374;False;11/23/2025 9:13:38 AM:974;1763860418974;;
381;381;0.2351687;0.4173447;0.1999432;0.3890487;578.1;0.2734286;False;11/23/2025 9:13:38 AM:996;1763860418996;;
384;382;0.2367119;0.4179852;0.2666012;0.4448079;578.4;0.258839;False;11/23/2025 9:13:39 AM:17;1763860419017;;
393;382;0.2423628;0.4182343;0.3052855;0.4356106;578.6;0.25892;False;11/23/2025 9:13:39 AM:37;1763860419037;;
386;379;0.2380995;0.4153652;0.1806613;0.3532769;578.8;0.275975;False;11/23/2025 9:13:39 AM:61;1763860419061;;
394;380;0.2429275;0.416142;0.2984029;0.4453019;579.2;0.2544509;False;11/23/2025 9:13:39 AM:84;1763860419084;;
418;384;0.257515;0.4204109;0.3556454;0.4939165;577.0;0.228792;False;11/23/2025 9:13:39 AM:107;1763860419107;;
441;386;0.2717547;0.4231305;0.3745757;0.4880804;574.9;0.2288509;False;11/23/2025 9:13:39 AM:126;1763860419126;;
459;389;0.2827397;0.4258079;0.3724972;0.4921098;573.1;0.2288873;False;11/23/2025 9:13:39 AM:147;1763860419147;;
480;392;0.2960336;0.4299333;0.3887776;0.5086109;574.7;0.2329715;False;11/23/2025 9:13:39 AM:171;1763860419171;;
481;396;0.2964604;0.4335089;0.3135274;0.5119615;574.7;0.2308867;False;11/23/2025 9:13:39 AM:192;1763860419192;;
479;397;0.2954066;0.4347001;0.2657145;0.4882069;574.6;0.2309211;False;11/23/2025 9:13:39 AM:213;1763860419213;;
488;400;0.3006776;0.4377376;0.3626149;0.5155963;577.1;0.2337055;False;11/23/2025 9:13:39 AM:235;1763860419235;;
487;402;0.3001859;0.4403106;0.2809075;0.51376;574.9;0.2406224;False;11/23/2025 9:13:39 AM:257;1763860419257;;
512;403;0.3158332;0.4418407;0.4131524;0.5029756;572.9;0.2336835;False;11/23/2025 9:13:39 AM:283;1763860419283;;
529;404;0.3262033;0.4429555;0.4131617;0.5029725;571.0;0.2336987;False;11/23/2025 9:13:39 AM:304;1763860419304;;
533;407;0.3284334;0.445408;0.3694802;0.5237051;572.8;0.2470289;False;11/23/2025 9:13:39 AM:325;1763860419325;;
537;408;0.3310854;0.44723;0.3769457;0.5197228;574.5;0.245783;False;11/23/2025 9:13:39 AM:348;1763860419348;;
539;410;0.33194;0.4491223;0.3614616;0.5261131;576.0;0.2458798;False;11/23/2025 9:13:39 AM:369;1763860419369;;
547;412;0.3373423;0.4517706;0.4033287;0.5362694;573.7;0.2490934;False;11/23/2025 9:13:39 AM:392;1763860419392;;
560;414;0.3451879;0.4530469;0.421942;0.5221314;572.8;0.2416263;False;11/23/2025 9:13:39 AM:416;1763860419416;;
569;414;0.3507589;0.4540134;0.4218841;0.5221376;572.0;0.2415834;False;11/23/2025 9:13:39 AM:437;1763860419437;;
673;415;0.4146348;0.4546022;0.6149451;0.5169637;573.8;0.2463428;False;11/23/2025 9:13:39 AM:460;1763860419460;;
950;416;0.5851669;0.4555548;0.8737994;0.5251078;568.9;0.2311047;False;11/23/2025 9:13:39 AM:482;1763860419482;;
1103;416;0.6796883;0.4559473;0.8628084;0.4934917;572.1;0.2614827;False;11/23/2025 9:13:39 AM:505;1763860419505;;
1192;417;0.7340679;0.4562496;0.8585454;0.4952386;574.9;0.2615135;False;11/23/2025 9:13:39 AM:526;1763860419526;;
1257;417;0.774364;0.4572232;0.8730302;0.5250152;576.1;0.2726452;False;11/23/2025 9:13:39 AM:549;1763860419549;;
1301;418;0.8012733;0.4581764;0.8782796;0.5274841;577.2;0.2728183;False;11/23/2025 9:13:39 AM:570;1763860419570;;
1309;418;0.8060758;0.4583591;0.8252365;0.5041644;580.3;0.2471351;False;11/23/2025 9:13:39 AM:593;1763860419593;;
1313;419;0.8090832;0.4587022;0.8240627;0.4939248;583.0;0.2472371;False;11/23/2025 9:13:39 AM:612;1763860419612;;
1325;419;0.8163901;0.4589326;0.8492634;0.5133789;579.3;0.237721;False;11/23/2025 9:13:39 AM:634;1763860419634;;
1332;419;0.8207874;0.4590946;0.8439847;0.5028676;578.4;0.2350718;False;11/23/2025 9:13:39 AM:654;1763860419654;;
1338;419;0.8240694;0.4591724;0.8446764;0.505049;577.5;0.2350963;False;11/23/2025 9:13:39 AM:675;1763860419675;;
1341;419;0.8263405;0.4594543;0.8405389;0.4976747;574.8;0.2533687;False;11/23/2025 9:13:39 AM:699;1763860419699;;
1340;420;0.8252813;0.4598738;0.8142411;0.5162973;572.9;0.2591608;False;11/23/2025 9:13:39 AM:722;1763860419722;;
1348;420;0.8301962;0.460009;0.8643146;0.5108585;570.2;0.247621;False;11/23/2025 9:13:39 AM:744;1763860419744;;
1358;420;0.8362813;0.4600364;0.8798439;0.5069618;567.7;0.2477165;False;11/23/2025 9:13:39 AM:764;1763860419764;;
1358;420;0.836684;0.4605603;0.8409718;0.518666;570.0;0.253805;False;11/23/2025 9:13:39 AM:790;1763860419790;;
1359;421;0.8369264;0.4607241;0.8399767;0.5046363;569.1;0.2417412;False;11/23/2025 9:13:39 AM:816;1763860419816;;
1367;421;0.8420458;0.4607399;0.8873754;0.5081869;568.2;0.2418212;False;11/23/2025 9:13:39 AM:836;1763860419836;;
1366;421;0.8416602;0.4612703;0.8128877;0.5203289;572.0;0.2419116;False;11/23/2025 9:13:39 AM:859;1763860419859;;
1373;421;0.8458849;0.4614207;0.8857769;0.5137341;572.7;0.2617415;False;11/23/2025 9:13:39 AM:883;1763860419883;;
1371;421;0.8447679;0.4614698;0.7964918;0.5116334;578.9;0.247922;False;11/23/2025 9:13:39 AM:906;1763860419906;;
1373;421;0.8455861;0.4614795;0.8600422;0.5107119;584.4;0.2480068;False;11/23/2025 9:13:39 AM:927;1763860419927;;
1280;422;0.7881877;0.4619209;0.5907767;0.520826;587.6;0.1894587;False;11/23/2025 9:13:39 AM:950;1763860419950;;
1219;422;0.7509398;0.4619924;0.5961457;0.5099739;590.4;0.1801663;False;11/23/2025 9:13:39 AM:972;1763860419972;;
1177;422;0.7249547;0.4620151;0.5951087;0.5111646;593.0;0.1802709;False;11/23/2025 9:13:39 AM:993;1763860419993;;
1144;422;0.7049108;0.4620365;0.5951145;0.5111669;595.3;0.1802518;False;11/23/2025 9:13:40 AM:14;1763860420014;;
1105;422;0.6809292;0.462358;0.5686586;0.4735323;596.8;0.189581;False;11/23/2025 9:13:40 AM:38;1763860420038;;
1076;422;0.6629497;0.4624001;0.5695552;0.4636438;599.2;0.1969775;False;11/23/2025 9:13:40 AM:63;1763860420063;;
1068;422;0.6579258;0.4624252;0.61168;0.5000666;596.1;0.2068503;False;11/23/2025 9:13:40 AM:88;1763860420088;;
1061;422;0.6538307;0.4624732;0.6104777;0.4991543;593.2;0.2069771;False;11/23/2025 9:13:40 AM:113;1763860420113;;
1063;422;0.6546285;0.4627634;0.6860489;0.483177;594.7;0.2231978;False;11/23/2025 9:13:40 AM:140;1763860420140;;
1063;423;0.6551713;0.4629472;0.6838847;0.4712074;594.6;0.2285636;False;11/23/2025 9:13:40 AM:167;1763860420167;;
1065;423;0.6558371;0.4629138;0.6876561;0.4616258;592.4;0.2362322;False;11/23/2025 9:13:40 AM:193;1763860420193;;
1055;423;0.6496528;0.462968;0.6034393;0.4877588;589.6;0.2423537;False;11/23/2025 9:13:40 AM:228;1763860420228;;
1054;423;0.6496139;0.4629749;0.6475729;0.4891282;590.4;0.2389064;False;11/23/2025 9:13:40 AM:251;1763860420251;;
1058;423;0.6517472;0.4634084;0.6969646;0.5039732;589.9;0.2329329;False;11/23/2025 9:13:40 AM:275;1763860420275;;
1058;423;0.6517737;0.463457;0.6627893;0.4932707;589.5;0.2330522;False;11/23/2025 9:13:40 AM:296;1763860420296;;
1046;423;0.6443584;0.4635828;0.580722;0.4961022;588.3;0.2289086;False;11/23/2025 9:13:40 AM:321;1763860420321;;
950;423;0.5850995;0.4636555;0.4001006;0.4880106;587.2;0.2438729;False;11/23/2025 9:13:40 AM:343;1763860420343;;
929;423;0.572633;0.4637904;0.4953462;0.4750919;586.3;0.2442896;False;11/23/2025 9:13:40 AM:366;1763860420366;;
883;424;0.5439682;0.4640125;0.4193562;0.4985319;584.1;0.2356872;False;11/23/2025 9:13:40 AM:388;1763860420388;;
855;424;0.5268962;0.4640433;0.4307387;0.4920386;582.0;0.2357631;False;11/23/2025 9:13:40 AM:409;1763860420409;;
825;424;0.5080262;0.4643741;0.4123048;0.5025353;579.5;0.2277983;False;11/23/2025 9:13:40 AM:431;1763860420431;;
829;424;0.5107085;0.4649411;0.5779707;0.5097461;575.8;0.2308885;False;11/23/2025 9:13:40 AM:453;1763860420453;;
840;425;0.5176454;0.46521;0.6122875;0.5044639;572.4;0.2309454;False;11/23/2025 9:13:40 AM:475;1763860420475;;
785;424;0.483814;0.4649218;0.3549897;0.4551762;575.0;0.225877;False;11/23/2025 9:13:40 AM:498;1763860420498;;
782;424;0.4817577;0.464937;0.4590092;0.4658155;574.9;0.2408707;False;11/23/2025 9:13:40 AM:520;1763860420520;;
783;424;0.4821525;0.4648049;0.4929151;0.4582139;574.9;0.2410846;False;11/23/2025 9:13:40 AM:542;1763860420542;;
772;425;0.4756687;0.4653651;0.4224197;0.5042337;574.9;0.230889;False;11/23/2025 9:13:40 AM:564;1763860420564;;
768;425;0.4730397;0.4660437;0.4411837;0.5089342;577.5;0.2344446;False;11/23/2025 9:13:40 AM:585;1763860420585;;
754;426;0.4646761;0.4664044;0.3994351;0.5027756;579.6;0.2308081;False;11/23/2025 9:13:40 AM:608;1763860420608;;
744;426;0.4585832;0.4666924;0.3994318;0.5027734;581.5;0.2308155;False;11/23/2025 9:13:40 AM:629;1763860420629;;
704;426;0.4338601;0.4667788;0.3177511;0.4725468;580.4;0.2418981;False;11/23/2025 9:13:40 AM:654;1763860420654;;
697;427;0.4293907;0.4675107;0.3819102;0.5123594;581.0;0.2212174;False;11/23/2025 9:13:40 AM:676;1763860420676;;
682;427;0.420295;0.4678926;0.3451333;0.5069301;581.5;0.2214855;False;11/23/2025 9:13:40 AM:697;1763860420697;;
682;428;0.420146;0.4683189;0.4143583;0.5090004;580.4;0.2457327;False;11/23/2025 9:13:40 AM:719;1763860420719;;
750;428;0.4620959;0.4685038;0.5714764;0.4738236;575.3;0.2206225;False;11/23/2025 9:13:40 AM:778;1763860420778;;
714;428;0.440141;0.4688152;0.3248761;0.5023707;573.8;0.2258237;False;11/23/2025 9:13:40 AM:802;1763860420802;;
687;428;0.4232907;0.4690926;0.3248764;0.5023466;572.5;0.2258566;False;11/23/2025 9:13:40 AM:825;1763860420825;;
666;429;0.4102087;0.469606;0.3237935;0.5095459;571.3;0.2258121;False;11/23/2025 9:13:40 AM:850;1763860420850;;
656;429;0.4041159;0.4696783;0.3471049;0.4980989;574.4;0.2343796;False;11/23/2025 9:13:40 AM:877;1763860420877;;
719;429;0.4431584;0.4697303;0.587235;0.4976071;578.0;0.2182311;False;11/23/2025 9:13:40 AM:905;1763860420905;;
714;429;0.4400262;0.4698603;0.3932318;0.488;579.1;0.217382;False;11/23/2025 9:13:40 AM:933;1763860420933;;
771;429;0.4750147;0.4699046;0.6164169;0.4967332;578.4;0.2219582;False;11/23/2025 9:13:40 AM:958;1763860420958;;
789;429;0.4858706;0.4700907;0.5598633;0.5022362;576.2;0.2073414;False;11/23/2025 9:13:40 AM:982;1763860420982;;
801;429;0.493486;0.4702362;0.5598664;0.5022359;574.1;0.2073428;False;11/23/2025 9:13:41 AM:5;1763860421005;;
803;430;0.4947008;0.4704676;0.5169025;0.504803;573.7;0.2345169;False;11/23/2025 9:13:41 AM:31;1763860421031;;
797;429;0.4909908;0.4702168;0.434887;0.4611406;576.9;0.2191571;False;11/23/2025 9:13:41 AM:54;1763860421054;;
768;430;0.4730996;0.4707791;0.3598673;0.5113292;580.5;0.228134;False;11/23/2025 9:13:41 AM:79;1763860421079;;
746;430;0.4594272;0.4712627;0.3598501;0.5113342;583.7;0.2280978;False;11/23/2025 9:13:41 AM:102;1763860421102;;
745;430;0.4593002;0.4713929;0.4433012;0.4842349;583.7;0.2313245;False;11/23/2025 9:13:41 AM:127;1763860421127;;
757;430;0.4663508;0.4714828;0.5309253;0.4998654;582.8;0.2377862;False;11/23/2025 9:13:41 AM:150;1763860421150;;
756;430;0.465906;0.4715356;0.443351;0.4930269;582.5;0.2271585;False;11/23/2025 9:13:41 AM:171;1763860421171;;
754;431;0.4645078;0.4716363;0.4264651;0.4836803;582.3;0.2273419;False;11/23/2025 9:13:41 AM:193;1763860421193;;
713;430;0.4394113;0.4709404;0.304096;0.4490801;581.0;0.2047075;False;11/23/2025 9:13:41 AM:215;1763860421215;;
713;429;0.4393532;0.4703479;0.4304182;0.4495531;583.5;0.2185519;False;11/23/2025 9:13:41 AM:238;1763860421238;;
713;429;0.4392999;0.4698137;0.4304312;0.449549;585.8;0.2185702;False;11/23/2025 9:13:41 AM:263;1763860421263;;
762;429;0.4695365;0.4695393;0.6068684;0.4544023;588.9;0.2153034;False;11/23/2025 9:13:41 AM:285;1763860421285;;
781;428;0.4812571;0.4692087;0.5692638;0.4501907;591.7;0.2153881;False;11/23/2025 9:13:41 AM:306;1763860421306;;
775;428;0.4774011;0.4688778;0.4179102;0.4495734;591.6;0.20898;False;11/23/2025 9:13:41 AM:328;1763860421328;;
773;429;0.4765557;0.4698668;0.4427848;0.5072955;591.7;0.2183298;False;11/23/2025 9:13:41 AM:351;1763860421351;;
772;430;0.4758108;0.470738;0.4427989;0.5072906;591.8;0.2183574;False;11/23/2025 9:13:41 AM:374;1763860421374;;
777;431;0.478769;0.471714;0.5170842;0.5119928;592.4;0.2166225;False;11/23/2025 9:13:41 AM:397;1763860421397;;
782;431;0.4816958;0.4723429;0.5228881;0.5082881;591.0;0.2170934;False;11/23/2025 9:13:41 AM:419;1763860421419;;
778;431;0.4796133;0.4717758;0.4354222;0.4500556;590.5;0.2226555;False;11/23/2025 9:13:41 AM:442;1763860421442;;
776;430;0.4779479;0.4713139;0.4354265;0.4500458;590.0;0.222671;False;11/23/2025 9:13:41 AM:463;1763860421463;;
777;431;0.4784702;0.4717419;0.4929616;0.4997794;588.8;0.2064673;False;11/23/2025 9:13:41 AM:486;1763860421486;;
778;431;0.479617;0.4722185;0.5043847;0.5027021;587.9;0.2037201;False;11/23/2025 9:13:41 AM:507;1763860421507;;
780;431;0.4805478;0.4726155;0.5043845;0.5027004;587.2;0.2037259;False;11/23/2025 9:13:41 AM:529;1763860421529;;
788;432;0.485451;0.4733847;0.5430217;0.5128344;586.7;0.2068254;False;11/23/2025 9:13:41 AM:550;1763860421550;;
776;433;0.477886;0.4743789;0.404087;0.5194378;584.9;0.2201852;False;11/23/2025 9:13:41 AM:574;1763860421574;;
764;433;0.4704699;0.4748199;0.3921391;0.511252;583.3;0.2202265;False;11/23/2025 9:13:41 AM:595;1763860421595;;
743;434;0.4577068;0.4749956;0.3618207;0.5032531;584.7;0.2077165;False;11/23/2025 9:13:41 AM:617;1763860421617;;
734;434;0.4522545;0.4750633;0.3879506;0.481086;582.0;0.2111083;False;11/23/2025 9:13:41 AM:641;1763860421641;;
727;434;0.4479266;0.4751205;0.3879543;0.4810785;579.6;0.2111222;False;11/23/2025 9:13:41 AM:664;1763860421664;;
728;434;0.448285;0.475312;0.4600899;0.5021226;581.1;0.2029644;False;11/23/2025 9:13:41 AM:686;1763860421686;;
742;434;0.4572267;0.4753548;0.5366237;0.4889602;582.4;0.203155;False;11/23/2025 9:13:41 AM:708;1763860421708;;
717;434;0.4418936;0.4748438;0.3470973;0.4582654;582.9;0.200367;False;11/23/2025 9:13:41 AM:736;1763860421736;;
725;433;0.4469611;0.4748019;0.5015146;0.4715253;584.1;0.2113627;False;11/23/2025 9:13:41 AM:761;1763860421761;;
727;433;0.4476842;0.4748113;0.4672029;0.4758968;583.8;0.2034758;False;11/23/2025 9:13:41 AM:790;1763860421790;;
728;434;0.4484698;0.4750763;0.4697049;0.4969665;584.3;0.2042076;False;11/23/2025 9:13:41 AM:820;1763860421820;;
727;434;0.447683;0.475802;0.4271588;0.5096201;581.6;0.205893;False;11/23/2025 9:13:41 AM:850;1763860421850;;
726;435;0.4475528;0.476236;0.4382355;0.5062134;585.4;0.2070416;False;11/23/2025 9:13:41 AM:879;1763860421879;;
727;435;0.447854;0.4764687;0.4616603;0.5033883;588.9;0.207054;False;11/23/2025 9:13:41 AM:904;1763860421904;;
726;435;0.4475362;0.4766482;0.4329039;0.502259;590.3;0.1969155;False;11/23/2025 9:13:41 AM:930;1763860421930;;
726;436;0.4470558;0.4771365;0.4287674;0.5113388;588.5;0.2055882;False;11/23/2025 9:13:41 AM:957;1763860421957;;
780;435;0.4807785;0.4760994;0.6053485;0.4519424;591.0;0.214749;False;11/23/2025 9:13:41 AM:989;1763860421989;;
776;435;0.4780282;0.4764446;0.4318668;0.5039986;590.9;0.1958327;False;11/23/2025 9:13:42 AM:17;1763860422017;;
775;435;0.4777969;0.4764768;0.4572083;0.4790983;588.7;0.2071051;False;11/23/2025 9:13:42 AM:48;1763860422048;;
773;435;0.4762379;0.4769933;0.4388382;0.5073375;586.3;0.2009413;False;11/23/2025 9:13:42 AM:80;1763860422080;;
769;436;0.4737898;0.4773951;0.4207643;0.5105587;584.1;0.2011551;False;11/23/2025 9:13:42 AM:102;1763860422102;;
763;436;0.4704038;0.4774087;0.4158003;0.4782937;583.4;0.1922079;False;11/23/2025 9:13:42 AM:132;1763860422132;;
773;435;0.4761887;0.476042;0.5249324;0.4438231;584.6;0.2150298;False;11/23/2025 9:13:42 AM:161;1763860422161;;
776;434;0.4782611;0.4757902;0.5057212;0.4633508;584.6;0.1949071;False;11/23/2025 9:13:42 AM:190;1763860422190;;
809;435;0.4986007;0.4760526;0.5963011;0.4959275;586.7;0.2047225;False;11/23/2025 9:13:42 AM:221;1763860422221;;
808;434;0.4976617;0.4757609;0.4670924;0.4608074;584.6;0.1937068;False;11/23/2025 9:13:42 AM:247;1763860422247;;
807;434;0.4975171;0.4756207;0.47948;0.4651656;582.6;0.1936637;False;11/23/2025 9:13:42 AM:275;1763860422275;;
807;434;0.4971345;0.4756069;0.4728785;0.4726312;583.5;0.2106622;False;11/23/2025 9:13:42 AM:302;1763860422302;;
807;434;0.4974955;0.4749357;0.5073577;0.4475874;584.2;0.2196156;False;11/23/2025 9:13:42 AM:328;1763860422328;;
785;434;0.4837777;0.475589;0.3847326;0.5034302;584.5;0.2179533;False;11/23/2025 9:13:42 AM:353;1763860422353;;
782;434;0.4818134;0.4755872;0.4415976;0.4748052;583.7;0.2051103;False;11/23/2025 9:13:42 AM:383;1763860422383;;
782;434;0.4819762;0.475555;0.487824;0.4697768;584.1;0.2137351;False;11/23/2025 9:13:42 AM:407;1763860422407;;
782;434;0.4820579;0.4754854;0.485711;0.4665081;584.5;0.2139129;False;11/23/2025 9:13:42 AM:433;1763860422433;;
782;434;0.4820234;0.4751765;0.4761192;0.4560304;584.2;0.2187369;False;11/23/2025 9:13:42 AM:460;1763860422460;;
773;434;0.4760331;0.4754854;0.4080314;0.493765;583.3;0.2024351;False;11/23/2025 9:13:42 AM:485;1763860422485;;
775;434;0.4776934;0.4751456;0.5063627;0.4540739;586.2;0.2203611;False;11/23/2025 9:13:42 AM:510;1763860422510;;
778;434;0.4795789;0.4749745;0.5135359;0.4580302;588.9;0.2203534;False;11/23/2025 9:13:42 AM:532;1763860422532;;
778;434;0.4795405;0.4751027;0.4718737;0.4857428;590.3;0.2085866;False;11/23/2025 9:13:42 AM:557;1763860422557;;
777;433;0.4786659;0.4746611;0.4522335;0.4502621;589.8;0.2154102;False;11/23/2025 9:13:42 AM:583;1763860422583;;
775;433;0.4774751;0.4739838;0.4442385;0.4411202;589.3;0.2155107;False;11/23/2025 9:13:42 AM:606;1763860422606;;
787;433;0.4846417;0.4738218;0.5443147;0.4557075;591.0;0.217282;False;11/23/2025 9:13:42 AM:635;1763860422635;;
773;434;0.4761716;0.4755547;0.4020264;0.5159505;589.0;0.2101526;False;11/23/2025 9:13:42 AM:662;1763860422662;;
775;434;0.4774718;0.4755785;0.502928;0.4791723;587.8;0.2125986;False;11/23/2025 9:13:42 AM:689;1763860422689;;
747;434;0.4604217;0.4758127;0.3602797;0.490868;584.9;0.2119883;False;11/23/2025 9:13:42 AM:717;1763860422717;;
754;435;0.4648441;0.4766092;0.5181707;0.5081655;585.6;0.1973773;False;11/23/2025 9:13:42 AM:741;1763860422741;;
760;436;0.4685096;0.4773039;0.5181462;0.5081716;586.3;0.1973392;False;11/23/2025 9:13:42 AM:767;1763860422767;;
760;436;0.4685341;0.4773052;0.4751032;0.4834927;587.4;0.2213211;False;11/23/2025 9:13:42 AM:791;1763860422791;;
772;434;0.4754535;0.4758988;0.5408275;0.4395302;587.1;0.2190583;False;11/23/2025 9:13:42 AM:819;1763860422819;;
771;434;0.4749641;0.475899;0.4612072;0.4766713;589.0;0.2018818;False;11/23/2025 9:13:42 AM:849;1763860422849;;
769;435;0.474115;0.4759598;0.452115;0.4850993;590.5;0.2061736;False;11/23/2025 9:13:42 AM:875;1763860422875;;
777;435;0.4787415;0.4764153;0.5305049;0.4993413;589.7;0.1968615;False;11/23/2025 9:13:42 AM:904;1763860422904;;
783;435;0.4821724;0.476748;0.5331222;0.4997253;589.0;0.1969592;False;11/23/2025 9:13:42 AM:930;1763860422930;;
776;435;0.4781541;0.4767923;0.4327053;0.488231;587.7;0.2078716;False;11/23/2025 9:13:42 AM:957;1763860422957;;
768;435;0.4729177;0.4768078;0.4231518;0.4807231;588.0;0.2022313;False;11/23/2025 9:13:42 AM:991;1763860422991;;
785;435;0.4837824;0.4769064;0.5599425;0.4911907;590.5;0.2126029;False;11/23/2025 9:13:43 AM:21;1763860423021;;
785;436;0.4835758;0.4777058;0.4733416;0.5117834;591.0;0.192444;False;11/23/2025 9:13:43 AM:49;1763860423049;;
804;436;0.4951483;0.4777931;0.5833679;0.4954976;594.2;0.1512077;True;11/23/2025 9:13:43 AM:73;1763860423073;;
818;436;0.5039703;0.4778154;0.5838481;0.4813965;597.1;0.1514116;True;11/23/2025 9:13:43 AM:96;1763860423096;;
825;436;0.5080419;0.4774241;0.5635646;0.4595322;596.7;0.1530162;True;11/23/2025 9:13:43 AM:119;1763860423119;;
829;435;0.5105877;0.4765985;0.557883;0.4464879;601.0;0.1534458;True;11/23/2025 9:13:43 AM:142;1763860423142;;
832;434;0.5127137;0.4753009;0.5576352;0.4351818;604.8;0.1534972;True;11/23/2025 9:13:43 AM:164;1763860423164;;
836;433;0.5149092;0.4741175;0.5612494;0.4343584;603.1;0.1565278;True;11/23/2025 9:13:43 AM:187;1763860423187;;
840;432;0.5177258;0.4736311;0.5715753;0.4452719;602.6;0.1789392;False;11/23/2025 9:13:43 AM:209;1763860423209;;
840;432;0.517809;0.4736403;0.5289112;0.4751243;602.6;0.1775322;False;11/23/2025 9:13:43 AM:232;1763860423232;;
840;432;0.517817;0.4736367;0.5343041;0.4727358;602.5;0.1773798;False;11/23/2025 9:13:43 AM:256;1763860423256;;
828;433;0.5103745;0.474603;0.444691;0.5083311;597.7;0.2009517;False;11/23/2025 9:13:43 AM:279;1763860423279;;
821;434;0.5058229;0.4754778;0.456273;0.5079278;595.3;0.2005065;False;11/23/2025 9:13:43 AM:304;1763860423304;;
817;434;0.5033373;0.4759124;0.463383;0.5019429;593.1;0.2004907;False;11/23/2025 9:13:43 AM:326;1763860423326;;
818;434;0.5042954;0.475805;0.5326231;0.4663025;598.5;0.1830838;False;11/23/2025 9:13:43 AM:350;1763860423350;;
815;434;0.5024558;0.4758058;0.468706;0.4786831;596.0;0.1869377;False;11/23/2025 9:13:43 AM:373;1763860423373;;
813;434;0.5009691;0.475771;0.469042;0.4702197;593.9;0.1870189;False;11/23/2025 9:13:43 AM:394;1763860423394;;
813;435;0.5008314;0.476213;0.4907088;0.5018331;593.8;0.1813196;False;11/23/2025 9:13:43 AM:418;1763860423418;;
813;435;0.5008317;0.4768874;0.501023;0.5095348;591.9;0.2078761;False;11/23/2025 9:13:43 AM:441;1763860423441;;
814;436;0.5012606;0.4771621;0.5196783;0.5012403;590.2;0.2078408;False;11/23/2025 9:13:43 AM:462;1763860423462;;
809;435;0.4987269;0.4769517;0.4574385;0.4644815;592.8;0.2029207;False;11/23/2025 9:13:43 AM:485;1763860423485;;
809;436;0.4985489;0.4770405;0.4865201;0.4909019;594.2;0.1874703;False;11/23/2025 9:13:43 AM:512;1763860423512;;
808;436;0.4980519;0.4774362;0.476926;0.5044206;595.5;0.1874626;False;11/23/2025 9:13:43 AM:536;1763860423536;;
809;436;0.4982399;0.4776987;0.5078153;0.5018139;593.2;0.202655;False;11/23/2025 9:13:43 AM:558;1763860423558;;
812;436;0.5005228;0.4777475;0.5399668;0.4931185;593.0;0.207229;False;11/23/2025 9:13:43 AM:582;1763860423582;;
813;436;0.5006837;0.477655;0.5114119;0.4710189;592.8;0.1997983;False;11/23/2025 9:13:43 AM:605;1763860423605;;
813;436;0.5008055;0.4775849;0.5114236;0.4710093;592.6;0.1998195;False;11/23/2025 9:13:43 AM:626;1763860423626;;
815;435;0.5023066;0.4769014;0.5367586;0.450049;590.7;0.1979908;False;11/23/2025 9:13:43 AM:649;1763860423649;;
816;435;0.5025847;0.4769233;0.5196996;0.4845607;592.3;0.2081197;False;11/23/2025 9:13:43 AM:672;1763860423672;;
816;435;0.5028336;0.4769431;0.5197067;0.4845446;593.7;0.2081514;False;11/23/2025 9:13:43 AM:695;1763860423695;;
812;435;0.5002427;0.4767989;0.4603024;0.4650679;590.1;0.2125266;False;11/23/2025 9:13:43 AM:717;1763860423717;;
809;435;0.4983044;0.4767342;0.4634575;0.4689782;587.6;0.2151722;False;11/23/2025 9:13:43 AM:743;1763860423743;;
807;436;0.4969216;0.4771967;0.4651332;0.5026497;586.6;0.2145895;False;11/23/2025 9:13:43 AM:767;1763860423767;;
807;436;0.4974654;0.4775452;0.5172781;0.5023099;585.7;0.2147988;False;11/23/2025 9:13:43 AM:787;1763860423787;;
814;435;0.5017926;0.4769153;0.557413;0.4506316;587.1;0.2006346;False;11/23/2025 9:13:43 AM:810;1763860423810;;
820;435;0.5053043;0.4763806;0.5574234;0.4506299;588.3;0.2004436;False;11/23/2025 9:13:43 AM:832;1763860423832;;
825;435;0.5080471;0.4759902;0.5564749;0.4524298;588.3;0.2023536;False;11/23/2025 9:13:43 AM:855;1763860423855;;
812;435;0.5001259;0.4760551;0.4319426;0.4837828;586.3;0.2007817;False;11/23/2025 9:13:43 AM:880;1763860423880;;
802;435;0.4941815;0.4761084;0.4319311;0.48379;584.6;0.2007635;False;11/23/2025 9:13:43 AM:902;1763860423902;;
802;435;0.4943432;0.476026;0.5056787;0.4658304;585.4;0.2107997;False;11/23/2025 9:13:43 AM:928;1763860423928;;
812;434;0.5004284;0.4748416;0.5632185;0.4367821;585.3;0.2139433;False;11/23/2025 9:13:43 AM:955;1763860423955;;
814;433;0.5016093;0.4748338;0.5320216;0.4721569;583.8;0.1927846;False;11/23/2025 9:13:43 AM:984;1763860423984;;
798;434;0.491841;0.4750122;0.4169087;0.487482;584.7;0.1919545;False;11/23/2025 9:13:44 AM:8;1763860424008;;
787;434;0.4848652;0.4751507;0.416959;0.487444;585.4;0.1920479;False;11/23/2025 9:13:44 AM:30;1763860424030;;
775;434;0.4773096;0.4755149;0.4085695;0.4961786;586.2;0.1977423;False;11/23/2025 9:13:44 AM:56;1763860424056;;
745;434;0.4589044;0.4756474;0.3506965;0.4893886;585.1;0.1919601;False;11/23/2025 9:13:44 AM:80;1763860424080;;
745;434;0.4589947;0.4756802;0.4680482;0.4839413;585.4;0.2116618;False;11/23/2025 9:13:44 AM:102;1763860424102;;
745;434;0.4590774;0.4757104;0.4680568;0.4839475;585.7;0.2116601;False;11/23/2025 9:13:44 AM:126;1763860424126;;
773;435;0.4765301;0.476;0.5830295;0.4973829;586.8;0.2068029;False;11/23/2025 9:13:44 AM:151;1763860424151;;
784;435;0.4829541;0.4760039;0.5507774;0.4770027;588.1;0.1901939;False;11/23/2025 9:13:44 AM:173;1763860424173;;
781;434;0.4813813;0.4758677;0.4518128;0.4657082;586.2;0.2047542;False;11/23/2025 9:13:44 AM:201;1763860424201;;
780;434;0.4803478;0.475776;0.451797;0.4657204;584.6;0.2047239;False;11/23/2025 9:13:44 AM:222;1763860424222;;
780;435;0.4806375;0.4765022;0.4945709;0.5085218;583.5;0.1905758;False;11/23/2025 9:13:44 AM:245;1763860424245;;
780;436;0.4808664;0.4770747;0.4945754;0.5085195;582.5;0.1905877;False;11/23/2025 9:13:44 AM:266;1763860424266;;
768;436;0.4735151;0.4776533;0.4014051;0.509846;581.9;0.2171609;False;11/23/2025 9:13:44 AM:288;1763860424288;;
766;436;0.4719107;0.4780022;0.4362304;0.5056391;582.5;0.1813164;False;11/23/2025 9:13:44 AM:311;1763860424311;;
764;437;0.470524;0.478312;0.4361979;0.5056332;583.0;0.1813144;False;11/23/2025 9:13:44 AM:334;1763860424334;;
764;437;0.4705226;0.4784918;0.4703681;0.5017739;584.9;0.1954618;False;11/23/2025 9:13:44 AM:358;1763860424358;;
763;437;0.4702775;0.4785866;0.453998;0.4990118;582.9;0.1968919;False;11/23/2025 9:13:44 AM:382;1763860424382;;
765;437;0.4714625;0.4786987;0.4983138;0.5009276;582.6;0.1828911;False;11/23/2025 9:13:44 AM:405;1763860424405;;
767;437;0.4724455;0.4786236;0.4977698;0.4737495;582.4;0.1829093;False;11/23/2025 9:13:44 AM:428;1763860424428;;
793;436;0.488387;0.4778759;0.5877813;0.4532451;583.4;0.1977228;False;11/23/2025 9:13:44 AM:453;1763860424453;;
792;435;0.4880163;0.4766072;0.4708346;0.4400951;587.5;0.1953321;False;11/23/2025 9:13:44 AM:476;1763860424476;;
796;434;0.4906192;0.4755411;0.5329267;0.439795;586.5;0.2047738;False;11/23/2025 9:13:44 AM:499;1763860424499;;
800;433;0.4928699;0.4745928;0.5329239;0.4397956;585.5;0.2047701;False;11/23/2025 9:13:44 AM:523;1763860424523;;
799;433;0.4925208;0.4746757;0.4786038;0.4832341;585.5;0.1914292;False;11/23/2025 9:13:44 AM:548;1763860424548;;
798;433;0.4916011;0.4744221;0.4662375;0.454986;585.8;0.2098636;False;11/23/2025 9:13:44 AM:571;1763860424571;;
801;433;0.4935101;0.4744;0.5304438;0.4667055;582.6;0.1973304;False;11/23/2025 9:13:44 AM:594;1763860424594;;
803;433;0.4950127;0.4743818;0.530463;0.4666961;579.7;0.1973602;False;11/23/2025 9:13:44 AM:616;1763860424616;;
812;433;0.5002881;0.4745187;0.565878;0.4863328;579.4;0.2020622;False;11/23/2025 9:13:44 AM:638;1763860424638;;
815;433;0.5023264;0.474797;0.5462406;0.4934631;579.1;0.2021551;False;11/23/2025 9:13:44 AM:658;1763860424658;;
813;433;0.5009016;0.4748008;0.4736717;0.4766492;580.9;0.1907524;False;11/23/2025 9:13:44 AM:683;1763860424683;;
814;434;0.5012999;0.4754434;0.52131;0.5035588;581.2;0.1977527;False;11/23/2025 9:13:44 AM:708;1763860424708;;
814;435;0.5012527;0.4760569;0.4982453;0.5046331;581.5;0.197734;False;11/23/2025 9:13:44 AM:734;1763860424734;;
831;434;0.511874;0.4752379;0.5949384;0.4470237;582.6;0.1808459;False;11/23/2025 9:13:44 AM:761;1763860424761;;
827;435;0.5098411;0.4759447;0.4743358;0.5081203;583.2;0.1910514;False;11/23/2025 9:13:44 AM:783;1763860424783;;
828;433;0.5100787;0.4746098;0.5262052;0.433942;583.7;0.1945824;False;11/23/2025 9:13:44 AM:805;1763860424805;;
828;432;0.5102754;0.4735265;0.5262384;0.4339333;584.3;0.1946226;False;11/23/2025 9:13:44 AM:826;1763860424826;;
833;432;0.5132554;0.473527;0.5642802;0.4737675;585.1;0.2141902;False;11/23/2025 9:13:44 AM:847;1763860424847;;
830;432;0.511543;0.4734543;0.4800111;0.4620987;581.3;0.2110239;False;11/23/2025 9:13:44 AM:870;1763860424870;;
829;432;0.5107017;0.4732734;0.4879562;0.4555134;577.9;0.2110355;False;11/23/2025 9:13:44 AM:892;1763860424892;;
824;432;0.5079207;0.4731562;0.4650462;0.4579354;582.0;0.1834721;False;11/23/2025 9:13:44 AM:916;1763860424916;;
836;431;0.5150878;0.4725584;0.5710012;0.4466144;582.1;0.2054464;False;11/23/2025 9:13:44 AM:955;1763860424955;;
831;432;0.5120682;0.4734062;0.4673622;0.5027098;583.6;0.2015574;False;11/23/2025 9:13:44 AM:978;1763860424978;;
831;432;0.5120338;0.4733415;0.5076438;0.4609798;584.8;0.1906321;False;11/23/2025 9:13:45 AM:2;1763860425002;;
831;432;0.5120084;0.4732929;0.507659;0.4609591;585.8;0.1907214;False;11/23/2025 9:13:45 AM:22;1763860425022;;
806;432;0.4963803;0.4733011;0.3951376;0.4745913;586.5;0.2151608;False;11/23/2025 9:13:45 AM:46;1763860425046;;
807;432;0.4974742;0.4728093;0.5256171;0.4445954;585.8;0.1993438;False;11/23/2025 9:13:45 AM:70;1763860425070;;
810;431;0.4990562;0.472209;0.5347446;0.4394567;585.3;0.1993591;False;11/23/2025 9:13:45 AM:94;1763860425094;;
801;432;0.4934818;0.4727068;0.435255;0.4929125;584.5;0.1948848;False;11/23/2025 9:13:45 AM:118;1763860425118;;
801;432;0.4934534;0.4728191;0.489731;0.4822032;588.8;0.1996934;False;11/23/2025 9:13:45 AM:140;1763860425140;;
802;432;0.493953;0.4732926;0.5146703;0.496712;592.6;0.1997899;False;11/23/2025 9:13:45 AM:162;1763860425162;;
802;432;0.4939552;0.4730316;0.4945509;0.4528265;594.2;0.1982237;False;11/23/2025 9:13:45 AM:184;1763860425184;;
804;432;0.4954982;0.473214;0.5310132;0.486991;593.7;0.1893802;False;11/23/2025 9:13:45 AM:207;1763860425207;;
806;432;0.4967726;0.4733119;0.5315064;0.4841232;593.2;0.1893854;False;11/23/2025 9:13:45 AM:228;1763860425228;;
805;432;0.4960765;0.4729037;0.478259;0.4505729;592.7;0.2133805;False;11/23/2025 9:13:45 AM:255;1763860425255;;
808;431;0.4979103;0.4726163;0.5373336;0.4510564;591.4;0.2070997;False;11/23/2025 9:13:45 AM:278;1763860425278;;
796;432;0.49028;0.4728516;0.422096;0.4877992;591.2;0.1934014;False;11/23/2025 9:13:45 AM:301;1763860425301;;
786;432;0.4845875;0.473041;0.4220954;0.487798;591.0;0.1934022;False;11/23/2025 9:13:45 AM:324;1763860425324;;
776;432;0.4783598;0.4730461;0.4121331;0.4751842;592.6;0.1870004;False;11/23/2025 9:13:45 AM:346;1763860425346;;
769;432;0.4735431;0.4727269;0.4131888;0.451443;591.7;0.1899516;False;11/23/2025 9:13:45 AM:369;1763860425369;;
769;431;0.4735578;0.4722634;0.4752072;0.4463022;592.2;0.2036692;False;11/23/2025 9:13:45 AM:393;1763860425393;;
769;431;0.4735692;0.4719028;0.4752081;0.4462988;592.8;0.2036739;False;11/23/2025 9:13:45 AM:415;1763860425415;;
764;431;0.4708862;0.4724877;0.4247476;0.4971561;590.7;0.2003227;False;11/23/2025 9:13:45 AM:437;1763860425437;;
764;431;0.4708816;0.4724898;0.4650503;0.4730816;593.4;0.2153306;False;11/23/2025 9:13:45 AM:460;1763860425460;;
764;431;0.4708775;0.4724915;0.4650724;0.4730697;595.8;0.2153666;False;11/23/2025 9:13:45 AM:482;1763860425482;;
738;431;0.454867;0.4724291;0.3495495;0.4617908;595.0;0.2102491;False;11/23/2025 9:13:45 AM:505;1763860425505;;
725;431;0.4469111;0.4723334;0.3660763;0.4583445;594.2;0.2102708;False;11/23/2025 9:13:45 AM:526;1763860425526;;
725;431;0.4468524;0.4722984;0.4361534;0.4626936;594.9;0.204074;False;11/23/2025 9:13:45 AM:549;1763860425549;;
730;431;0.4497246;0.4724936;0.4921353;0.4861933;597.0;0.2090985;False;11/23/2025 9:13:45 AM:573;1763860425573;;
733;431;0.4513842;0.4719619;0.4857555;0.4427894;598.8;0.2093079;False;11/23/2025 9:13:45 AM:593;1763860425593;;
748;431;0.4611327;0.472015;0.5407625;0.4778041;597.7;0.2321809;False;11/23/2025 9:13:45 AM:618;1763860425618;;
750;430;0.462349;0.4708146;0.4933441;0.4285475;599.0;0.2154014;False;11/23/2025 9:13:45 AM:642;1763860425642;;
773;429;0.476561;0.4702531;0.5788267;0.4379492;595.7;0.2581447;False;11/23/2025 9:13:45 AM:663;1763860425663;;
777;429;0.478538;0.4696581;0.519033;0.435381;592.7;0.2586966;False;11/23/2025 9:13:45 AM:686;1763860425686;;
785;429;0.4837799;0.4697326;0.5490515;0.4753248;588.9;0.2757988;False;11/23/2025 9:13:45 AM:709;1763860425709;;
795;430;0.4899225;0.4708941;0.560234;0.5051748;584.0;0.243158;False;11/23/2025 9:13:45 AM:732;1763860425732;;
805;431;0.4957027;0.4720387;0.5604039;0.5051624;579.6;0.2433289;False;11/23/2025 9:13:45 AM:759;1763860425759;;
810;432;0.4992363;0.4726905;0.5571476;0.5015364;578.4;0.2668113;False;11/23/2025 9:13:45 AM:782;1763860425782;;
825;433;0.508401;0.4739942;0.5950352;0.5158308;574.6;0.2870022;False;11/23/2025 9:13:45 AM:807;1763860425807;;
805;435;0.4961373;0.4759666;0.4113205;0.5308781;570.2;0.2652886;False;11/23/2025 9:13:45 AM:828;1763860425828;;
785;436;0.483714;0.4776748;0.396007;0.5320768;566.3;0.2659382;False;11/23/2025 9:13:45 AM:851;1763860425851;;
788;435;0.4854553;0.4760078;0.5292545;0.4354576;563.8;0.2786862;False;11/23/2025 9:13:45 AM:873;1763860425873;;
787;436;0.4847156;0.4771818;0.4677751;0.5217661;564.5;0.2590211;False;11/23/2025 9:13:45 AM:896;1763860425896;;
786;437;0.4841287;0.4781319;0.4678436;0.5217562;565.0;0.2591703;False;11/23/2025 9:13:45 AM:917;1763860425917;;
773;437;0.4761012;0.4781644;0.4071965;0.4820714;565.5;0.263639;False;11/23/2025 9:13:45 AM:941;1763860425941;;
763;437;0.4702905;0.4781901;0.4071942;0.4820721;565.9;0.2636341;False;11/23/2025 9:13:45 AM:962;1763860425962;;
786;437;0.4840137;0.478228;0.5824911;0.4936566;567.5;0.2637626;False;11/23/2025 9:13:45 AM:985;1763860425985;;
800;437;0.4927439;0.4782485;0.5728799;0.4926336;569.5;0.2807808;False;11/23/2025 9:13:46 AM:8;1763860426008;;
800;437;0.4927883;0.4783119;0.5023417;0.4961509;571.3;0.2809454;False;11/23/2025 9:13:46 AM:29;1763860426029;;
862;437;0.5309995;0.4782265;0.6881452;0.4722239;570.8;0.261912;False;11/23/2025 9:13:46 AM:52;1763860426052;;
860;436;0.5298922;0.4779066;0.497176;0.46208;566.3;0.2709617;False;11/23/2025 9:13:46 AM:75;1763860426075;;
897;437;0.5523754;0.4784498;0.6707432;0.5099488;565.8;0.2785373;False;11/23/2025 9:13:46 AM:98;1763860426098;;
911;437;0.5609747;0.4787886;0.6311057;0.5055755;565.4;0.2791021;False;11/23/2025 9:13:46 AM:121;1763860426121;;
879;437;0.5413629;0.4783241;0.4250358;0.4591387;565.0;0.2686689;False;11/23/2025 9:13:46 AM:145;1763860426145;;
917;437;0.5649421;0.478313;0.6819025;0.4768679;564.6;0.2650976;False;11/23/2025 9:13:46 AM:170;1763860426170;;
916;437;0.5641209;0.4783276;0.5331807;0.4873835;563.0;0.2761863;False;11/23/2025 9:13:46 AM:193;1763860426193;;
916;437;0.5640716;0.4783863;0.5599273;0.4915866;561.5;0.276397;False;11/23/2025 9:13:46 AM:216;1763860426216;;
899;437;0.5541852;0.4783383;0.4667487;0.4734459;561.6;0.2734829;False;11/23/2025 9:13:46 AM:240;1763860426240;;
890;437;0.5481015;0.4782647;0.4810041;0.471713;562.6;0.2771745;False;11/23/2025 9:13:46 AM:267;1763860426267;;
923;437;0.568459;0.4781775;0.6759886;0.4694619;559.9;0.2615058;False;11/23/2025 9:13:46 AM:291;1763860426291;;
946;436;0.5829546;0.4780566;0.6728829;0.466784;557.4;0.2617879;False;11/23/2025 9:13:46 AM:314;1763860426314;;
980;437;0.6035748;0.4789148;0.7117463;0.5130916;557.6;0.2481697;False;11/23/2025 9:13:46 AM:337;1763860426337;;
1004;438;0.6184172;0.4793142;0.7123042;0.5053501;557.8;0.2483951;False;11/23/2025 9:13:46 AM:360;1763860426360;;
1006;438;0.619479;0.4800874;0.6399165;0.5155354;561.1;0.1992781;False;11/23/2025 9:13:46 AM:384;1763860426384;;
1021;440;0.62897;0.4816509;0.7053824;0.5331802;564.5;0.2445177;False;11/23/2025 9:13:46 AM:406;1763860426406;;
1027;441;0.6327983;0.482626;0.6832229;0.5280382;567.5;0.2455869;False;11/23/2025 9:13:46 AM:425;1763860426425;;
1031;441;0.6354119;0.4826556;0.6764675;0.4959707;564.8;0.2331727;False;11/23/2025 9:13:46 AM:448;1763860426448;;
1011;441;0.6230908;0.4826669;0.5281498;0.4993605;562.4;0.2366051;False;11/23/2025 9:13:46 AM:470;1763860426470;;
996;441;0.6138728;0.4826764;0.5281992;0.4993554;560.2;0.2366727;False;11/23/2025 9:13:46 AM:491;1763860426491;;
1000;440;0.6162249;0.4823074;0.6553519;0.4664368;562.0;0.2536609;False;11/23/2025 9:13:46 AM:514;1763860426514;;
988;440;0.6086766;0.4822726;0.5334089;0.4791254;559.0;0.263889;False;11/23/2025 9:13:46 AM:536;1763860426536;;
978;440;0.6028039;0.4822424;0.5338409;0.4790689;556.2;0.2642761;False;11/23/2025 9:13:46 AM:557;1763860426557;;
980;440;0.6038492;0.4820552;0.6284738;0.4700504;552.1;0.2796401;False;11/23/2025 9:13:46 AM:580;1763860426580;;
980;439;0.6037114;0.480654;0.5913709;0.4403725;551.5;0.2734314;False;11/23/2025 9:13:46 AM:604;1763860426604;;
937;438;0.5775824;0.4802365;0.4433112;0.4570691;548.7;0.2613747;False;11/23/2025 9:13:46 AM:626;1763860426626;;
903;438;0.5564768;0.4798744;0.4335917;0.4563102;546.1;0.2614904;False;11/23/2025 9:13:46 AM:646;1763860426646;;
888;438;0.547008;0.479539;0.4684286;0.4565496;543.6;0.235817;False;11/23/2025 9:13:46 AM:669;1763860426669;;
896;437;0.5517737;0.4789444;0.6113121;0.4484032;545.5;0.2913306;False;11/23/2025 9:13:46 AM:693;1763860426693;;
904;437;0.5570731;0.4785244;0.6237481;0.4498393;547.2;0.2913761;False;11/23/2025 9:13:46 AM:715;1763860426715;;
906;436;0.5581926;0.477537;0.5927998;0.4351607;545.6;0.2663921;False;11/23/2025 9:13:46 AM:736;1763860426736;;
903;435;0.5566192;0.4770018;0.5274795;0.4426367;542.0;0.2719746;False;11/23/2025 9:13:46 AM:759;1763860426759;;
901;435;0.555406;0.4765757;0.5274981;0.4426384;538.7;0.272001;False;11/23/2025 9:13:46 AM:779;1763860426779;;
869;434;0.5353274;0.4757079;0.4217503;0.4319585;536.8;0.2601078;False;11/23/2025 9:13:46 AM:803;1763860426803;;
843;434;0.5196069;0.474933;0.4217249;0.4319584;535.0;0.2600791;False;11/23/2025 9:13:46 AM:825;1763860426825;;
848;434;0.5222354;0.4749031;0.5693408;0.4546688;536.2;0.2539882;False;11/23/2025 9:13:46 AM:849;1763860426849;;
925;434;0.5700267;0.4752819;0.6278955;0.4782498;533.6;0.2727956;False;11/23/2025 9:13:47 AM:726;1763860427726;;
926;434;0.5704313;0.4753768;0.6203888;0.4870523;531.3;0.2730575;False;11/23/2025 9:13:47 AM:745;1763860427745;;
853;437;0.5252554;0.479174;0.3655492;0.5544102;530.4;0.2829691;False;11/23/2025 9:13:47 AM:765;1763860427765;;
802;440;0.4941109;0.4821464;0.361683;0.5543084;529.6;0.283297;False;11/23/2025 9:13:47 AM:783;1763860427783;;
725;441;0.4470127;0.4832357;0.2948836;0.5285525;534.5;0.304424;False;11/23/2025 9:13:47 AM:804;1763860427804;;
727;441;0.4480062;0.4830992;0.5282921;0.4778908;533.7;0.258985;False;11/23/2025 9:13:47 AM:857;1763860427857;;
730;441;0.4495186;0.4831099;0.5076993;0.4877208;533.1;0.2593377;False;11/23/2025 9:13:47 AM:876;1763860427876;;
766;441;0.471925;0.4829997;0.6448162;0.4732557;532.1;0.2579789;False;11/23/2025 9:13:47 AM:896;1763860427896;;
798;441;0.4915662;0.4828918;0.6448172;0.4732472;531.2;0.2580849;False;11/23/2025 9:13:47 AM:918;1763860427918;;
797;436;0.4913056;0.4779613;0.4881147;0.3980245;533.0;0.2755901;False;11/23/2025 9:13:47 AM:939;1763860427939;;
801;434;0.4933632;0.4757833;0.5690302;0.4194549;534.7;0.2748443;False;11/23/2025 9:13:47 AM:960;1763860427960;;
803;433;0.4950086;0.4740639;0.5690908;0.4194519;536.2;0.2749642;False;11/23/2025 9:13:47 AM:980;1763860427980;;
805;430;0.4958679;0.4711714;0.5247534;0.3997878;538.8;0.2511585;False;11/23/2025 9:13:47 AM:999;1763860427999;;
810;428;0.4991363;0.4684067;0.5812851;0.3988691;537.7;0.2544357;False;11/23/2025 9:13:48 AM:21;1763860428021;;
814;426;0.5017263;0.4662155;0.5812824;0.3988695;536.7;0.254426;False;11/23/2025 9:13:48 AM:40;1763860428040;;
811;425;0.4994858;0.4654874;0.4762159;0.420906;537.2;0.2658043;False;11/23/2025 9:13:48 AM:62;1763860428062;;
808;424;0.4978293;0.4649186;0.4760889;0.4208928;537.7;0.2657775;False;11/23/2025 9:13:48 AM:81;1763860428081;;
791;424;0.4874685;0.4648127;0.4174972;0.449376;535.3;0.2645825;False;11/23/2025 9:13:48 AM:103;1763860428103;;
779;424;0.4798658;0.4647258;0.4175025;0.4493761;533.1;0.2645696;False;11/23/2025 9:13:48 AM:123;1763860428123;;
796;423;0.4901812;0.4633112;0.5966665;0.4045652;532.6;0.268863;False;11/23/2025 9:13:48 AM:143;1763860428143;;
793;422;0.488838;0.4625196;0.467936;0.4136386;530.0;0.2742985;False;11/23/2025 9:13:48 AM:164;1763860428164;;
792;422;0.4877805;0.4618713;0.4679365;0.4136369;527.7;0.2743165;False;11/23/2025 9:13:48 AM:184;1763860428184;;
808;422;0.4980636;0.4617289;0.5982047;0.4474904;529.6;0.2561069;False;11/23/2025 9:13:48 AM:204;1763860428204;;
798;422;0.491833;0.4619222;0.4296996;0.4704339;530.6;0.2511074;False;11/23/2025 9:13:48 AM:224;1763860428224;;
775;422;0.4773042;0.4618555;0.3773227;0.4557815;531.5;0.2509608;False;11/23/2025 9:13:48 AM:242;1763860428242;;
795;420;0.4900519;0.4603471;0.5979757;0.4011333;532.3;0.2435724;False;11/23/2025 9:13:48 AM:263;1763860428263;;
817;419;0.5031399;0.4589378;0.6148962;0.3980792;533.0;0.2435399;False;11/23/2025 9:13:48 AM:282;1763860428282;;
811;419;0.4994009;0.4592132;0.4514786;0.4701754;531.2;0.2757686;False;11/23/2025 9:13:48 AM:302;1763860428302;;
810;420;0.4992536;0.4606084;0.4924842;0.496559;528.1;0.274184;False;11/23/2025 9:13:48 AM:322;1763860428322;;
808;421;0.4978229;0.461388;0.4676353;0.4881869;525.2;0.2743681;False;11/23/2025 9:13:48 AM:342;1763860428342;;
794;419;0.4892458;0.4591891;0.4112012;0.3955336;528.3;0.2776856;False;11/23/2025 9:13:48 AM:362;1763860428362;;
785;419;0.4838706;0.4592024;0.4196584;0.4603237;530.0;0.2524741;False;11/23/2025 9:13:48 AM:382;1763860428382;;
782;419;0.4817748;0.4591725;0.4400115;0.4548544;531.5;0.2524821;False;11/23/2025 9:13:48 AM:401;1763860428401;;
784;419;0.482792;0.4592574;0.5126598;0.4659124;531.2;0.2394707;False;11/23/2025 9:13:48 AM:420;1763860428420;;
785;419;0.4837624;0.4593392;0.5127815;0.4658946;530.9;0.2396668;False;11/23/2025 9:13:48 AM:441;1763860428441;;
790;419;0.4867311;0.4593311;0.5385074;0.4483148;536.1;0.2037726;False;11/23/2025 9:13:48 AM:460;1763860428460;;
794;419;0.4889581;0.4593244;0.538675;0.4482805;540.8;0.2039841;False;11/23/2025 9:13:48 AM:478;1763860428478;;
799;419;0.4924118;0.4594396;0.549636;0.4684801;544.4;0.1385848;True;11/23/2025 9:13:48 AM:497;1763860428497;;
804;420;0.4952269;0.4595376;0.5496093;0.468484;547.7;0.1385597;True;11/23/2025 9:13:48 AM:517;1763860428517;;
812;419;0.5003783;0.4595112;0.5715768;0.4493448;549.7;0.1654181;True;11/23/2025 9:13:48 AM:537;1763860428537;;
818;419;0.5042004;0.4591184;0.5665603;0.431716;554.0;0.191622;False;11/23/2025 9:13:48 AM:559;1763860428559;;
823;419;0.5071899;0.458799;0.5665;0.431736;557.9;0.1915478;False;11/23/2025 9:13:48 AM:578;1763860428578;;
822;419;0.506452;0.4587881;0.4885747;0.4500946;557.8;0.2083746;False;11/23/2025 9:13:48 AM:597;1763860428597;;
821;419;0.5058435;0.4587788;0.4887214;0.4500426;557.6;0.208535;False;11/23/2025 9:13:48 AM:615;1763860428615;;
818;419;0.5042769;0.4586571;0.4731428;0.4388325;559.9;0.1915235;False;11/23/2025 9:13:48 AM:634;1763860428634;;
793;419;0.4887986;0.4585441;0.3833565;0.4387194;560.3;0.2136635;False;11/23/2025 9:13:48 AM:654;1763860428654;;
774;419;0.4768611;0.4584458;0.38339;0.4387049;560.6;0.2137132;False;11/23/2025 9:13:48 AM:674;1763860428674;;
771;418;0.4753246;0.4577105;0.446432;0.419587;561.5;0.1988162;False;11/23/2025 9:13:48 AM:696;1763860428696;;
770;417;0.4742878;0.4572007;0.4464579;0.4195597;562.4;0.1988502;False;11/23/2025 9:13:48 AM:715;1763860428715;;
769;417;0.4736482;0.4571553;0.4516826;0.449236;565.4;0.1982945;False;11/23/2025 9:13:48 AM:734;1763860428734;;
755;417;0.4653812;0.4566315;0.3845435;0.4191295;569.3;0.1988064;False;11/23/2025 9:13:48 AM:753;1763860428753;;
745;416;0.4590765;0.4562026;0.3845603;0.4191266;572.8;0.1988248;False;11/23/2025 9:13:48 AM:772;1763860428772;;
729;416;0.4489201;0.4561948;0.3567652;0.4371025;572.8;0.2026324;False;11/23/2025 9:13:48 AM:790;1763860428790;;
715;416;0.4407478;0.4561879;0.3568945;0.4370784;572.8;0.2027825;False;11/23/2025 9:13:48 AM:809;1763860428809;;
721;416;0.444027;0.4554441;0.4933462;0.4114031;571.8;0.2062988;False;11/23/2025 9:13:48 AM:830;1763860428830;;
721;414;0.4440231;0.4530446;0.4419278;0.382064;572.6;0.2096847;False;11/23/2025 9:13:48 AM:850;1763860428850;;
721;412;0.4440201;0.4510343;0.4419966;0.3820586;573.2;0.2097411;False;11/23/2025 9:13:48 AM:871;1763860428871;;
721;411;0.444226;0.4497687;0.4566247;0.3914481;573.9;0.2095713;False;11/23/2025 9:13:48 AM:892;1763860428892;;
722;411;0.444977;0.4501482;0.4707027;0.4636337;574.9;0.2018263;False;11/23/2025 9:13:48 AM:911;1763860428911;;
719;411;0.4428614;0.4500544;0.4015296;0.4415993;576.0;0.1957457;False;11/23/2025 9:13:48 AM:931;1763860428931;;
716;411;0.4411166;0.4499738;0.4016382;0.441586;577.0;0.1958602;False;11/23/2025 9:13:48 AM:950;1763860428950;;
694;411;0.4275156;0.4499515;0.3244132;0.4483192;580.1;0.1869581;False;11/23/2025 9:13:48 AM:970;1763860428970;;
691;411;0.425786;0.4502668;0.3868679;0.4643233;577.9;0.20723;False;11/23/2025 9:13:48 AM:991;1763860428991;;
689;411;0.4244398;0.4505196;0.3871294;0.4643036;575.9;0.2074337;False;11/23/2025 9:13:49 AM:8;1763860429008;;
689;411;0.4247669;0.4503574;0.4379621;0.4269506;578.1;0.2044704;False;11/23/2025 9:13:49 AM:30;1763860429030;;
690;411;0.4250357;0.4502211;0.4379075;0.4269585;580.1;0.2044096;False;11/23/2025 9:13:49 AM:50;1763860429050;;
695;411;0.4285462;0.4501993;0.481113;0.4475432;582.1;0.2024498;False;11/23/2025 9:13:49 AM:70;1763860429070;;
681;411;0.4194563;0.4501926;0.3350491;0.4367802;583.3;0.196207;False;11/23/2025 9:13:49 AM:90;1763860429090;;
669;411;0.4124032;0.4501869;0.3351033;0.4367746;584.4;0.1962621;False;11/23/2025 9:13:49 AM:109;1763860429109;;
674;411;0.4151804;0.4501587;0.4613402;0.445499;584.4;0.1932371;False;11/23/2025 9:13:49 AM:130;1763860429130;;
675;411;0.4159971;0.4501632;0.441842;0.4506701;584.8;0.1989609;False;11/23/2025 9:13:49 AM:150;1763860429150;;
675;411;0.4159204;0.4501474;0.408339;0.4370123;585.1;0.1990879;False;11/23/2025 9:13:49 AM:168;1763860429168;;
682;411;0.4204655;0.4502718;0.4788949;0.4589092;586.2;0.2035898;False;11/23/2025 9:13:49 AM:191;1763860429191;;
687;411;0.4236161;0.450361;0.4791425;0.458892;587.2;0.2037736;False;11/23/2025 9:13:49 AM:208;1763860429208;;
687;411;0.4236048;0.4504971;0.4223343;0.4617478;587.3;0.2176921;False;11/23/2025 9:13:49 AM:228;1763860429228;;
685;412;0.4222448;0.4508554;0.3940064;0.4696859;585.7;0.2029324;False;11/23/2025 9:13:49 AM:252;1763860429252;;
685;412;0.4222604;0.4511571;0.4272192;0.4714633;584.2;0.2028943;False;11/23/2025 9:13:49 AM:273;1763860429273;;
673;412;0.4145298;0.4513403;0.3383919;0.4676884;582.8;0.2126428;False;11/23/2025 9:13:49 AM:294;1763860429294;;
657;412;0.4050274;0.4513586;0.3185278;0.457389;581.6;0.2132048;False;11/23/2025 9:13:49 AM:314;1763860429314;;
667;412;0.4112488;0.4513595;0.475476;0.4523588;580.1;0.2170798;False;11/23/2025 9:13:49 AM:338;1763860429338;;
656;412;0.4045007;0.4515429;0.3331532;0.4689632;580.7;0.2260921;False;11/23/2025 9:13:49 AM:359;1763860429359;;
638;412;0.3934563;0.4515623;0.3008648;0.4589085;581.3;0.2265543;False;11/23/2025 9:13:49 AM:379;1763860429379;;
625;412;0.3852395;0.4516041;0.3029305;0.4618118;576.1;0.221998;False;11/23/2025 9:13:49 AM:398;1763860429398;;
614;412;0.378326;0.4516423;0.3031229;0.4617876;571.4;0.2222043;False;11/23/2025 9:13:49 AM:418;1763860429418;;
614;412;0.3783213;0.4516192;0.3750631;0.4477954;567.2;0.2397855;False;11/23/2025 9:13:49 AM:439;1763860429439;;
652;412;0.4015916;0.4511902;0.5317648;0.4275238;567.3;0.2457262;False;11/23/2025 9:13:49 AM:458;1763860429458;;
679;412;0.4183293;0.4508412;0.5318132;0.4275199;567.3;0.2457801;False;11/23/2025 9:13:49 AM:478;1763860429478;;
684;412;0.4212466;0.4507776;0.4651289;0.4404692;564.1;0.2345099;False;11/23/2025 9:13:49 AM:497;1763860429497;;
690;412;0.4251088;0.4507681;0.4757046;0.4461573;561.2;0.2440896;False;11/23/2025 9:13:49 AM:518;1763860429518;;
695;411;0.4280441;0.4507605;0.4756982;0.4461581;558.6;0.2440832;False;11/23/2025 9:13:49 AM:537;1763860429537;;
702;412;0.4324752;0.4507729;0.4890684;0.4539015;557.2;0.2411985;False;11/23/2025 9:13:49 AM:559;1763860429559;;
712;412;0.4386191;0.4508347;0.5105069;0.4598341;555.9;0.2411434;False;11/23/2025 9:13:49 AM:579;1763860429579;;
720;412;0.44352;0.4508228;0.5088531;0.4462689;555.7;0.235292;False;11/23/2025 9:13:49 AM:599;1763860429599;;
729;412;0.449392;0.4507687;0.5194061;0.4414103;554.2;0.2574871;False;11/23/2025 9:13:49 AM:619;1763860429619;;
737;411;0.4538899;0.4507246;0.5193913;0.4414121;552.8;0.2574707;False;11/23/2025 9:13:49 AM:639;1763860429639;;
734;411;0.452226;0.4507232;0.4212679;0.4489918;553.0;0.2508577;False;11/23/2025 9:13:49 AM:661;1763860429661;;
730;411;0.4501207;0.4507019;0.4114711;0.4436449;551.5;0.2499543;False;11/23/2025 9:13:49 AM:681;1763860429681;;
728;411;0.4487728;0.4499775;0.4176878;0.4161291;550.1;0.2502081;False;11/23/2025 9:13:49 AM:702;1763860429702;;
725;411;0.446583;0.4499374;0.405296;0.4387853;549.2;0.2554103;False;11/23/2025 9:13:49 AM:723;1763860429723;;
724;411;0.4459766;0.4498234;0.4224474;0.433158;548.4;0.2555341;False;11/23/2025 9:13:49 AM:745;1763860429745;;
723;411;0.4453657;0.4498144;0.4217555;0.4409521;548.0;0.2459998;False;11/23/2025 9:13:49 AM:767;1763860429767;;
722;411;0.444898;0.4498074;0.4217315;0.440955;547.7;0.2459767;False;11/23/2025 9:13:49 AM:787;1763860429787;;
722;411;0.4448797;0.4499164;0.4415809;0.4588644;547.3;0.242469;False;11/23/2025 9:13:49 AM:810;1763860429810;;
722;411;0.4448783;0.4498516;0.4378797;0.436867;547.3;0.2525361;False;11/23/2025 9:13:49 AM:831;1763860429831;;
722;411;0.4448766;0.4498021;0.4379586;0.4368563;547.3;0.2526346;False;11/23/2025 9:13:49 AM:850;1763860429850;;
730;411;0.4497207;0.4497993;0.5068834;0.4421586;546.9;0.2453158;False;11/23/2025 9:13:49 AM:872;1763860429872;;
733;411;0.4519553;0.4497252;0.4917702;0.4352352;545.9;0.1850445;False;11/23/2025 9:13:49 AM:893;1763860429893;;
736;410;0.4536652;0.4496661;0.4918344;0.4352295;545.1;0.1851027;False;11/23/2025 9:13:49 AM:912;1763860429912;;
759;411;0.4677971;0.45072;0.570543;0.485532;547.9;0.09648286;True;11/23/2025 9:13:49 AM:933;1763860429933;;
773;412;0.4765345;0.4515896;0.5549608;0.4833384;549.8;0.08831427;True;11/23/2025 9:13:49 AM:957;1763860429957;;
783;413;0.482498;0.4522198;0.5549695;0.4833447;551.6;0.0882815;True;11/23/2025 9:13:49 AM:976;1763860429976;;
791;413;0.487195;0.4527161;0.5517771;0.4812042;551.1;0.1194887;True;11/23/2025 9:13:49 AM:996;1763860429996;;
800;413;0.4932126;0.4526768;0.5625429;0.4473892;553.4;0.118259;True;11/23/2025 9:13:50 AM:20;1763860430020;;
807;413;0.4973004;0.4525096;0.5611249;0.4380172;555.6;0.1181271;True;11/23/2025 9:13:50 AM:39;1763860430039;;
803;413;0.4950272;0.4524746;0.4593311;0.4462829;560.6;0.1637533;True;11/23/2025 9:13:50 AM:61;1763860430061;;
713;413;0.4394087;0.4527466;0.2586431;0.4725024;560.6;0.183207;False;11/23/2025 9:13:50 AM:84;1763860430084;;
668;414;0.411543;0.4529568;0.2835869;0.4722728;560.7;0.1832511;False;11/23/2025 9:13:50 AM:103;1763860430103;;
657;413;0.4045911;0.4529377;0.3525543;0.4497203;560.8;0.2182194;False;11/23/2025 9:13:50 AM:127;1763860430127;;
659;413;0.4059403;0.4528286;0.4580481;0.4427577;561.3;0.2277204;False;11/23/2025 9:13:50 AM:152;1763860430152;;
661;413;0.4070256;0.4527399;0.4581251;0.4427407;561.9;0.2277972;False;11/23/2025 9:13:50 AM:176;1763860430176;;
678;413;0.4179513;0.4526562;0.5245675;0.4421341;561.4;0.2406225;False;11/23/2025 9:13:50 AM:199;1763860430199;;
686;413;0.4225167;0.4525111;0.4972655;0.4386825;560.9;0.2408783;False;11/23/2025 9:13:50 AM:225;1763860430225;;
686;413;0.4230014;0.4524806;0.4450471;0.4450468;560.3;0.2375423;False;11/23/2025 9:13:50 AM:251;1763860430251;;
687;413;0.4234185;0.4524794;0.437605;0.4494836;559.7;0.2424878;False;11/23/2025 9:13:50 AM:276;1763860430276;;
687;413;0.4235516;0.452477;0.4268212;0.4509497;557.1;0.2659564;False;11/23/2025 9:13:50 AM:302;1763860430302;;
703;413;0.4330361;0.4522932;0.5242114;0.4357708;556.5;0.2653201;False;11/23/2025 9:13:50 AM:328;1763860430328;;
708;413;0.4364234;0.4519948;0.5010541;0.4296911;556.0;0.265672;False;11/23/2025 9:13:50 AM:352;1763860430352;;
729;412;0.4490401;0.451634;0.5527112;0.4269938;558.4;0.252488;False;11/23/2025 9:13:50 AM:377;1763860430377;;
724;412;0.445941;0.4516718;0.4134223;0.4552765;557.4;0.2557678;False;11/23/2025 9:13:50 AM:404;1763860430404;;
724;412;0.4459902;0.451697;0.470307;0.4546984;554.5;0.2621904;False;11/23/2025 9:13:50 AM:430;1763860430430;;
736;412;0.4533653;0.4515519;0.5197183;0.4377082;553.6;0.2644549;False;11/23/2025 9:13:50 AM:474;1763860430474;;
732;413;0.4508244;0.4520066;0.4198592;0.4726988;553.9;0.2583079;False;11/23/2025 9:13:50 AM:498;1763860430498;;
732;413;0.4508699;0.4519889;0.452705;0.4447846;554.0;0.2507705;False;11/23/2025 9:13:50 AM:521;1763860430521;;
731;412;0.450602;0.451704;0.4424821;0.4292064;554.1;0.251012;False;11/23/2025 9:13:50 AM:543;1763860430543;;
731;412;0.450627;0.4517483;0.4519501;0.4569366;554.0;0.2621493;False;11/23/2025 9:13:50 AM:565;1763860430565;;
731;412;0.4505582;0.4517445;0.4472277;0.4500466;553.8;0.2624415;False;11/23/2025 9:13:50 AM:586;1763860430586;;
731;412;0.4506035;0.4516241;0.4570408;0.4362834;552.2;0.2664269;False;11/23/2025 9:13:50 AM:609;1763860430609;;
730;412;0.4500116;0.4517147;0.4334964;0.460419;551.3;0.2637492;False;11/23/2025 9:13:50 AM:631;1763860430631;;
730;412;0.449532;0.4516519;0.4336515;0.4400079;550.4;0.2640024;False;11/23/2025 9:13:50 AM:652;1763860430652;;
735;412;0.452595;0.4512341;0.5041604;0.4243051;550.1;0.267067;False;11/23/2025 9:13:50 AM:674;1763860430674;;
735;411;0.4526162;0.4506198;0.4628518;0.4172143;550.7;0.2534862;False;11/23/2025 9:13:50 AM:695;1763860430695;;
735;411;0.4526365;0.4500912;0.4629743;0.4171795;551.2;0.2536321;False;11/23/2025 9:13:50 AM:717;1763860430717;;
735;411;0.4529181;0.450066;0.4729766;0.4435103;550.5;0.278255;False;11/23/2025 9:13:50 AM:738;1763860430738;;
735;411;0.4528565;0.4499284;0.4491166;0.4290531;550.3;0.2709972;False;11/23/2025 9:13:50 AM:759;1763860430759;;
733;410;0.4517221;0.4492844;0.4252123;0.4119075;550.1;0.271154;False;11/23/2025 9:13:50 AM:780;1763860430780;;
708;410;0.4365738;0.4492554;0.3351433;0.4383484;549.4;0.2647088;False;11/23/2025 9:13:50 AM:801;1763860430801;;
651;410;0.4009087;0.4495405;0.2513422;0.4636743;546.2;0.2420044;False;11/23/2025 9:13:50 AM:824;1763860430824;;
611;411;0.3766373;0.4497688;0.2513568;0.463688;543.2;0.2420592;False;11/23/2025 9:13:50 AM:844;1763860430844;;
595;411;0.3665109;0.4499434;0.2901465;0.46223;543.2;0.2539487;False;11/23/2025 9:13:50 AM:865;1763860430865;;
568;409;0.3501063;0.4485319;0.2548346;0.402321;540.4;0.2613117;False;11/23/2025 9:13:50 AM:888;1763860430888;;
549;408;0.3385747;0.4474334;0.254648;0.4023179;537.9;0.2611021;False;11/23/2025 9:13:50 AM:910;1763860430910;;
519;408;0.3196717;0.4467675;0.2156806;0.4097364;538.5;0.2671274;False;11/23/2025 9:13:50 AM:933;1763860430933;;
491;407;0.3028794;0.4453051;0.2004673;0.3909853;540.1;0.278791;False;11/23/2025 9:13:50 AM:953;1763860430953;;
463;402;0.2854169;0.4407046;0.1773469;0.3475797;541.6;0.2791695;False;11/23/2025 9:13:50 AM:972;1763860430972;;
444;399;0.2735324;0.4371546;0.1903449;0.3551891;544.1;0.257493;False;11/23/2025 9:13:50 AM:994;1763860430994;;
429;396;0.2647544;0.4343239;0.1903594;0.3552037;546.4;0.2575264;False;11/23/2025 9:13:51 AM:14;1763860431014;;
410;392;0.2527485;0.4291574;0.1684461;0.3304538;547.1;0.279162;False;11/23/2025 9:13:51 AM:37;1763860431037;;
405;392;0.2497136;0.4289598;0.2097775;0.4075768;547.8;0.2664962;False;11/23/2025 9:13:51 AM:60;1763860431060;;
402;391;0.2475448;0.4288112;0.2097772;0.4075761;548.4;0.266516;False;11/23/2025 9:13:51 AM:80;1763860431080;;
398;391;0.2455269;0.4286885;0.2095299;0.4053516;548.8;0.2806235;False;11/23/2025 9:13:51 AM:102;1763860431102;;
393;391;0.2423954;0.4280183;0.1943703;0.3787139;549.0;0.2591742;False;11/23/2025 9:13:51 AM:122;1763860431122;;
389;390;0.2398297;0.4274524;0.1945503;0.3790019;549.1;0.2593319;False;11/23/2025 9:13:51 AM:144;1763860431144;;
388;390;0.2389933;0.4272627;0.2123807;0.4122528;550.3;0.2697369;False;11/23/2025 9:13:51 AM:165;1763860431165;;
386;390;0.2379314;0.4271422;0.2063345;0.4043472;548.4;0.2794422;False;11/23/2025 9:13:51 AM:187;1763860431187;;
384;390;0.2367916;0.4271286;0.2027524;0.3971192;546.6;0.279824;False;11/23/2025 9:13:51 AM:208;1763860431208;;
383;390;0.2363702;0.4269825;0.2133391;0.4084352;545.3;0.2781101;False;11/23/2025 9:13:51 AM:231;1763860431231;;
381;389;0.2349898;0.4261762;0.1981603;0.3772876;544.9;0.2695753;False;11/23/2025 9:13:51 AM:255;1763860431255;;
379;388;0.233962;0.4255659;0.1981583;0.3772855;544.6;0.2695662;False;11/23/2025 9:13:51 AM:275;1763860431275;;
376;387;0.2317192;0.4238568;0.1820235;0.3565239;545.8;0.2621253;False;11/23/2025 9:13:51 AM:297;1763860431297;;
376;387;0.2316123;0.42366;0.2108954;0.404274;547.6;0.2649825;False;11/23/2025 9:13:51 AM:317;1763860431317;;
375;387;0.2315198;0.4234893;0.2109223;0.4043064;549.1;0.2651235;False;11/23/2025 9:13:51 AM:339;1763860431339;;
375;386;0.2309636;0.4233895;0.1996866;0.3887492;549.7;0.2624835;False;11/23/2025 9:13:51 AM:360;1763860431360;;
374;387;0.2308599;0.4235231;0.2210341;0.428854;549.5;0.270711;False;11/23/2025 9:13:51 AM:381;1763860431381;;
374;387;0.2307734;0.4236328;0.2210288;0.4288425;549.3;0.2709156;False;11/23/2025 9:13:51 AM:402;1763860431402;;
372;386;0.2295117;0.4227317;0.188803;0.3735514;550.6;0.2684537;False;11/23/2025 9:13:51 AM:423;1763860431423;;
371;385;0.2284807;0.4219874;0.1888201;0.3735698;551.7;0.2687053;False;11/23/2025 9:13:51 AM:444;1763860431444;;
395;386;0.2432477;0.4225034;0.3359357;0.4389022;551.3;0.2777154;False;11/23/2025 9:13:51 AM:466;1763860431466;;
660;386;0.4069133;0.4225457;0.6867685;0.4249068;549.8;0.2555861;False;11/23/2025 9:13:51 AM:489;1763860431489;;
810;386;0.4992722;0.4225899;0.6881602;0.4254703;548.4;0.2557054;False;11/23/2025 9:13:51 AM:509;1763860431509;;
996;386;0.6134843;0.4225461;0.8034857;0.4174244;545.0;0.2594692;False;11/23/2025 9:13:51 AM:533;1763860431533;;
1101;386;0.6784841;0.4229837;0.8074094;0.4416077;542.2;0.2768318;False;11/23/2025 9:13:51 AM:554;1763860431554;;
1177;386;0.7252667;0.4230513;0.8276466;0.4287973;539.6;0.2770118;False;11/23/2025 9:13:51 AM:574;1763860431574;;
1224;387;0.7538353;0.4235948;0.821739;0.4467012;536.1;0.2723801;False;11/23/2025 9:13:51 AM:596;1763860431596;;
1241;387;0.764474;0.4237279;0.7956021;0.4345129;532.9;0.2668176;False;11/23/2025 9:13:51 AM:619;1763860431619;;
1252;387;0.771117;0.4238321;0.7956405;0.4344873;530.0;0.2669437;False;11/23/2025 9:13:51 AM:639;1763860431639;;
1260;390;0.776422;0.427265;0.7952837;0.4918782;527.9;0.2688032;False;11/23/2025 9:13:51 AM:662;1763860431662;;
1270;390;0.7820998;0.4274288;0.8039712;0.4435222;527.6;0.2744755;False;11/23/2025 9:13:51 AM:687;1763860431687;;
1275;390;0.7856362;0.4275508;0.8039115;0.4435527;527.2;0.2742528;False;11/23/2025 9:13:51 AM:708;1763860431708;;
1290;390;0.7944705;0.4275821;0.8332324;0.4375071;525.7;0.27885;False;11/23/2025 9:13:51 AM:730;1763860431730;;
1301;390;0.801268;0.4275856;0.8361341;0.4285042;524.5;0.2723426;False;11/23/2025 9:13:51 AM:752;1763860431752;;
1310;390;0.8067827;0.4274477;0.8408365;0.4153887;523.3;0.2728065;False;11/23/2025 9:13:51 AM:771;1763860431771;;
1317;390;0.8112303;0.4273726;0.8402085;0.4186948;522.8;0.2640141;False;11/23/2025 9:13:51 AM:792;1763860431792;;
1315;390;0.8101229;0.4273743;0.7974392;0.4303747;524.9;0.2750814;False;11/23/2025 9:13:51 AM:816;1763860431816;;
1315;390;0.8100381;0.4273754;0.8090389;0.4284548;526.7;0.2753533;False;11/23/2025 9:13:51 AM:836;1763860431836;;
1318;390;0.8115994;0.4273759;0.8267912;0.4297473;528.5;0.2736537;False;11/23/2025 9:13:51 AM:858;1763860431858;;
1321;390;0.8134704;0.4273531;0.8337024;0.4226125;530.2;0.2737705;False;11/23/2025 9:13:51 AM:878;1763860431878;;
1323;390;0.815046;0.4273465;0.8332539;0.4250219;529.9;0.2660453;False;11/23/2025 9:13:51 AM:901;1763860431901;;
1324;390;0.8156088;0.4272772;0.8244042;0.4179186;526.9;0.2622906;False;11/23/2025 9:13:51 AM:923;1763860431923;;
1326;390;0.8166521;0.4272203;0.8334038;0.4178439;524.3;0.2625305;False;11/23/2025 9:13:51 AM:942;1763860431942;;
1328;390;0.8181669;0.4272962;0.8405644;0.4371799;522.1;0.2760617;False;11/23/2025 9:13:51 AM:964;1763860431964;;
1326;390;0.8171067;0.4276754;0.7725513;0.4506604;524.7;0.275715;False;11/23/2025 9:13:51 AM:986;1763860431986;;
1325;391;0.8162459;0.4279853;0.7725783;0.4506429;527.1;0.2758278;False;11/23/2025 9:13:52 AM:7;1763860432007;;
1319;391;0.8127376;0.4279076;0.7463525;0.4197314;528.5;0.2587799;False;11/23/2025 9:13:52 AM:31;1763860432031;;
1318;391;0.8120307;0.4280608;0.7689266;0.4443204;527.9;0.281691;False;11/23/2025 9:13:52 AM:52;1763860432052;;
1318;391;0.8117465;0.4280555;0.7964164;0.4267232;527.3;0.2823338;False;11/23/2025 9:13:52 AM:73;1763860432073;;
1318;391;0.8115973;0.4280601;0.8067954;0.4330335;528.5;0.2747546;False;11/23/2025 9:13:52 AM:95;1763860432095;;
1318;391;0.8119227;0.4278128;0.819536;0.4111265;528.9;0.2703017;False;11/23/2025 9:13:52 AM:117;1763860432117;;
1319;390;0.8125958;0.4271434;0.8272696;0.3970605;529.3;0.2704649;False;11/23/2025 9:13:52 AM:139;1763860432139;;
1311;390;0.8077339;0.427068;0.7372992;0.4159515;529.8;0.2862391;False;11/23/2025 9:13:52 AM:160;1763860432160;;
1312;389;0.8083258;0.4257263;0.8220138;0.3813443;527.6;0.2771827;False;11/23/2025 9:13:52 AM:182;1763860432182;;
1313;388;0.8087915;0.424663;0.8220532;0.3813301;525.6;0.2773141;False;11/23/2025 9:13:52 AM:202;1763860432202;;
1313;388;0.8087601;0.4246248;0.8066403;0.4111738;528.1;0.2668392;False;11/23/2025 9:13:52 AM:225;1763860432225;;
1312;388;0.8083053;0.424786;0.7825331;0.4354625;529.5;0.2811113;False;11/23/2025 9:13:52 AM:247;1763860432247;;
1312;388;0.8079515;0.4249117;0.7825392;0.4354585;530.8;0.2811346;False;11/23/2025 9:13:52 AM:267;1763860432267;;
1126;388;0.6933514;0.4251756;0.4283796;0.4422237;530.5;0.2700427;False;11/23/2025 9:13:52 AM:288;1763860432288;;
992;388;0.6114197;0.42518;0.4111736;0.4265378;530.3;0.2702561;False;11/23/2025 9:13:52 AM:310;1763860432310;;
775;389;0.4777991;0.4258877;0.2468017;0.4558744;532.8;0.2830786;False;11/23/2025 9:13:52 AM:332;1763860432332;;
637;389;0.3924769;0.4260486;0.231718;0.4412739;534.4;0.2733684;False;11/23/2025 9:13:52 AM:354;1763860432354;;
558;389;0.3439288;0.4261794;0.2317355;0.4412966;535.8;0.2734287;False;11/23/2025 9:13:52 AM:373;1763860432373;;
501;389;0.3085569;0.4259126;0.2203228;0.4078236;536.2;0.273763;False;11/23/2025 9:13:52 AM:395;1763860432395;;
491;389;0.3025182;0.4262829;0.2824031;0.4495269;537.2;0.2626002;False;11/23/2025 9:13:52 AM:418;1763860432418;;
484;389;0.2985312;0.4265837;0.2823808;0.4495288;538.0;0.2625671;False;11/23/2025 9:13:52 AM:439;1763860432439;;
485;392;0.2987158;0.4293643;0.2995546;0.4920522;539.6;0.2689254;False;11/23/2025 9:13:52 AM:462;1763860432462;;
458;392;0.2825936;0.4293239;0.2233632;0.4253687;539.8;0.2798935;False;11/23/2025 9:13:52 AM:483;1763860432483;;
436;391;0.2685395;0.4287506;0.2110496;0.4037726;540.0;0.2802662;False;11/23/2025 9:13:52 AM:504;1763860432504;;
421;391;0.2594869;0.4287323;0.2199893;0.4258443;540.8;0.2509079;False;11/23/2025 9:13:52 AM:528;1763860432528;;
410;391;0.2530197;0.428654;0.2192944;0.4202187;542.5;0.2580279;False;11/23/2025 9:13:52 AM:551;1763860432551;;
401;391;0.2472218;0.4282986;0.2115199;0.4064691;544.0;0.2584138;False;11/23/2025 9:13:52 AM:571;1763860432571;;
399;391;0.2457727;0.4282984;0.2346946;0.4280721;545.9;0.2505986;False;11/23/2025 9:13:52 AM:593;1763860432593;;
396;391;0.2440674;0.4282976;0.229526;0.427451;546.6;0.2665691;False;11/23/2025 9:13:52 AM:615;1763860432615;;
394;391;0.2431749;0.4282989;0.2336389;0.4296854;547.3;0.2671385;False;11/23/2025 9:13:52 AM:636;1763860432636;;
391;391;0.2411998;0.4282663;0.2215205;0.4216561;547.2;0.2596959;False;11/23/2025 9:13:52 AM:657;1763860432657;;
390;391;0.2404725;0.4283525;0.231058;0.4392055;547.6;0.2591557;False;11/23/2025 9:13:52 AM:679;1763860432679;;
389;391;0.2398;0.4283856;0.2293744;0.4359298;548.0;0.2592486;False;11/23/2025 9:13:52 AM:699;1763860432699;;
390;392;0.2403089;0.4294333;0.2549844;0.4666212;547.3;0.259036;False;11/23/2025 9:13:52 AM:722;1763860432722;;
390;393;0.2406943;0.4302293;0.2549406;0.4665761;546.7;0.2587299;False;11/23/2025 9:13:52 AM:744;1763860432744;;
387;392;0.2385638;0.4298504;0.2117087;0.4108077;545.3;0.2595017;False;11/23/2025 9:13:52 AM:767;1763860432767;;
387;393;0.2387857;0.4303003;0.2483789;0.4579382;548.2;0.2682584;False;11/23/2025 9:13:52 AM:789;1763860432789;;
388;394;0.2389444;0.4310966;0.2573538;0.4688532;550.8;0.2684444;False;11/23/2025 9:13:52 AM:810;1763860432810;;
385;393;0.2372579;0.4302951;0.2110273;0.4014264;550.1;0.2523675;False;11/23/2025 9:13:52 AM:832;1763860432832;;
385;393;0.2372541;0.4303178;0.2371085;0.4398892;551.5;0.2609614;False;11/23/2025 9:13:52 AM:855;1763860432855;;
385;393;0.2372511;0.4303354;0.2371045;0.4398851;552.8;0.2609464;False;11/23/2025 9:13:52 AM:875;1763860432875;;
389;393;0.2395344;0.4307359;0.2901489;0.4585567;553.5;0.2552161;False;11/23/2025 9:13:52 AM:897;1763860432897;;
387;393;0.2388606;0.4306567;0.2230572;0.4237689;552.5;0.2666995;False;11/23/2025 9:13:52 AM:918;1763860432918;;
387;393;0.2383335;0.4305931;0.2230601;0.4237721;551.6;0.2667134;False;11/23/2025 9:13:52 AM:939;1763860432939;;
383;392;0.2364436;0.4295488;0.2031182;0.3938533;550.8;0.2453495;False;11/23/2025 9:13:52 AM:960;1763860432960;;
384;393;0.236471;0.4300438;0.2462656;0.4573739;549.9;0.2405634;False;11/23/2025 9:13:52 AM:981;1763860432981;;
383;393;0.2364459;0.4301014;0.2343709;0.4416569;549.1;0.2407806;False;11/23/2025 9:13:53 AM:2;1763860433002;;
384;393;0.2364557;0.4305207;0.2441005;0.4573336;547.7;0.2508563;False;11/23/2025 9:13:53 AM:25;1763860433025;;
382;393;0.235562;0.4300436;0.2123101;0.407615;547.8;0.2680149;False;11/23/2025 9:13:53 AM:47;1763860433047;;
379;391;0.2335786;0.4280314;0.1965888;0.3775896;547.9;0.268119;False;11/23/2025 9:13:53 AM:70;1763860433070;;
398;391;0.2455899;0.4285381;0.3369304;0.4544015;548.8;0.249382;False;11/23/2025 9:13:53 AM:92;1763860433092;;
737;391;0.454187;0.4288073;0.773285;0.4493387;546.6;0.2489634;False;11/23/2025 9:13:53 AM:114;1763860433114;;
919;392;0.5661088;0.4290269;0.7733125;0.4493117;544.5;0.249067;False;11/23/2025 9:13:53 AM:135;1763860433135;;
1129;392;0.6955636;0.429031;0.8945287;0.4356135;544.6;0.2644978;False;11/23/2025 9:13:53 AM:156;1763860433156;;
1243;392;0.7659261;0.4290344;0.8945807;0.4355784;544.7;0.2647114;False;11/23/2025 9:13:53 AM:177;1763860433177;;
1273;392;0.7840646;0.4296871;0.8275769;0.4634165;543.0;0.2774752;False;11/23/2025 9:13:53 AM:199;1763860433199;;
1326;392;0.8166657;0.429834;0.8904934;0.4493585;539.6;0.26903;False;11/23/2025 9:13:53 AM:220;1763860433220;;
1357;393;0.83571;0.430095;0.885661;0.4550838;536.5;0.2692664;False;11/23/2025 9:13:53 AM:241;1763860433241;;
1414;394;0.8711715;0.4311898;0.9464604;0.4742479;536.6;0.2530974;False;11/23/2025 9:13:53 AM:265;1763860433265;;
1434;395;0.8833457;0.4326314;0.9198939;0.4852703;534.6;0.268369;False;11/23/2025 9:13:53 AM:287;1763860433287;;
1447;396;0.8915923;0.4338592;0.9199668;0.4852512;532.8;0.2686131;False;11/23/2025 9:13:53 AM:309;1763860433309;;
1433;396;0.8826599;0.4339212;0.8173568;0.4493857;531.2;0.2638785;False;11/23/2025 9:13:53 AM:331;1763860433331;;
1436;397;0.8846697;0.4344616;0.8940557;0.4734974;531.1;0.2618012;False;11/23/2025 9:13:53 AM:354;1763860433354;;
1436;397;0.8848333;0.4352707;0.8857594;0.4812757;532.4;0.2694567;False;11/23/2025 9:13:53 AM:376;1763860433376;;
1437;398;0.8849578;0.4359357;0.8858018;0.4812442;533.5;0.2696311;False;11/23/2025 9:13:53 AM:396;1763860433396;;
1433;398;0.8824183;0.435877;0.8562937;0.4329425;536.3;0.2636342;False;11/23/2025 9:13:53 AM:419;1763860433419;;
1431;398;0.8817511;0.4359496;0.8759174;0.4420166;537.8;0.256891;False;11/23/2025 9:13:53 AM:441;1763860433441;;
1431;398;0.8812665;0.4360067;0.8759228;0.4420101;539.1;0.2569198;False;11/23/2025 9:13:53 AM:462;1763860433462;;
1430;398;0.8808165;0.4361441;0.8755642;0.4623032;539.5;0.2589038;False;11/23/2025 9:13:53 AM:482;1763860433482;;
1435;398;0.8838856;0.4361975;0.9089724;0.4411632;537.5;0.2692598;False;11/23/2025 9:13:53 AM:506;1763860433506;;
1439;398;0.8861329;0.4362402;0.9089746;0.4411616;535.7;0.269268;False;11/23/2025 9:13:53 AM:527;1763860433527;;
1444;398;0.88963;0.4362848;0.9213657;0.4467942;534.4;0.2685405;False;11/23/2025 9:13:53 AM:550;1763860433550;;
1450;398;0.8930566;0.4362652;0.9275181;0.4346232;533.2;0.2687068;False;11/23/2025 9:13:53 AM:572;1763860433572;;
1449;399;0.8925108;0.4365942;0.8470513;0.4654451;532.8;0.2642864;False;11/23/2025 9:13:53 AM:594;1763860433594;;
1443;399;0.8890544;0.4366258;0.8180158;0.448097;533.2;0.2672875;False;11/23/2025 9:13:53 AM:618;1763860433618;;
1439;399;0.8863609;0.436652;0.8181418;0.4480133;533.5;0.2678234;False;11/23/2025 9:13:53 AM:639;1763860433639;;
1438;399;0.8859037;0.4366762;0.8604221;0.4526911;533.1;0.2638012;False;11/23/2025 9:13:53 AM:662;1763860433662;;
1439;399;0.886294;0.4367559;0.8930414;0.4564233;534.2;0.2631429;False;11/23/2025 9:13:53 AM:685;1763860433685;;
1439;399;0.8862553;0.4367934;0.8851923;0.4442929;535.2;0.2632061;False;11/23/2025 9:13:53 AM:706;1763860433706;;
1439;400;0.886187;0.4383275;0.8595304;0.4917744;533.6;0.2537982;False;11/23/2025 9:13:53 AM:728;1763860433728;;
1439;400;0.8865223;0.4384233;0.8937973;0.4614491;533.7;0.2398286;False;11/23/2025 9:13:53 AM:751;1763860433751;;
1440;400;0.8867857;0.4385016;0.8937969;0.4614494;533.9;0.2398254;False;11/23/2025 9:13:53 AM:772;1763860433772;;
1440;400;0.8867781;0.4384912;0.8864861;0.4377487;535.8;0.2501947;False;11/23/2025 9:13:53 AM:794;1763860433794;;
1441;401;0.8877195;0.4395227;0.907299;0.4862365;535.9;0.2583708;False;11/23/2025 9:13:53 AM:816;1763860433816;;
1444;402;0.8892897;0.4404924;0.918383;0.4884623;536.0;0.2586553;False;11/23/2025 9:13:53 AM:837;1763860433837;;
1274;402;0.784919;0.4405378;0.5411592;0.4440254;537.9;0.2367628;False;11/23/2025 9:13:53 AM:859;1763860433859;;
950;402;0.5855194;0.4408022;0.284651;0.4721024;539.1;0.2357487;False;11/23/2025 9:13:53 AM:881;1763860433881;;
752;402;0.4631711;0.4408745;0.2694447;0.4530531;541.5;0.2208965;False;11/23/2025 9:13:53 AM:904;1763860433904;;
606;402;0.373559;0.439948;0.2221012;0.4119521;543.6;0.2209219;False;11/23/2025 9:13:53 AM:925;1763860433925;;
505;399;0.31138;0.437441;0.1986042;0.3849397;546.8;0.23363;False;11/23/2025 9:13:53 AM:947;1763860433947;;
447;397;0.2755349;0.4354057;0.1986485;0.3849832;549.7;0.2339089;False;11/23/2025 9:13:53 AM:967;1763860433967;;
431;398;0.2656673;0.435513;0.2402122;0.4497691;551.7;0.230361;False;11/23/2025 9:13:53 AM:989;1763860433989;;
413;397;0.2545389;0.4353483;0.2221551;0.4220182;553.5;0.2305617;False;11/23/2025 9:13:54 AM:10;1763860434010;;
397;397;0.2445028;0.4349095;0.21496;0.4119757;554.4;0.2422643;False;11/23/2025 9:13:54 AM:33;1763860434033;;
388;397;0.2394308;0.4344385;0.2233933;0.4105006;555.1;0.2541905;False;11/23/2025 9:13:54 AM:58;1763860434058;;
378;396;0.2333343;0.4340361;0.2106626;0.4095343;555.5;0.2381795;False;11/23/2025 9:13:54 AM:81;1763860434081;;
365;394;0.2250903;0.4316841;0.1898222;0.3705176;555.9;0.2384327;False;11/23/2025 9:13:54 AM:102;1763860434102;;
362;394;0.2233532;0.4316028;0.2148972;0.4156355;557.3;0.2484701;False;11/23/2025 9:13:54 AM:127;1763860434127;;
357;393;0.220315;0.4309446;0.2033335;0.3952117;559.4;0.2590557;False;11/23/2025 9:13:54 AM:149;1763860434149;;
349;391;0.2152534;0.4284824;0.1859992;0.3629553;561.2;0.2594618;False;11/23/2025 9:13:54 AM:170;1763860434170;;
349;391;0.2152071;0.4284383;0.2148242;0.4168489;560.7;0.2472697;False;11/23/2025 9:13:54 AM:191;1763860434191;;
347;391;0.2137506;0.4279633;0.202189;0.3933579;561.6;0.259434;False;11/23/2025 9:13:54 AM:215;1763860434215;;
345;390;0.2126962;0.4275887;0.2021876;0.3933552;562.5;0.2593847;False;11/23/2025 9:13:54 AM:235;1763860434235;;
344;390;0.2124018;0.4275567;0.2091196;0.4061213;561.3;0.2430652;False;11/23/2025 9:13:54 AM:258;1763860434258;;
423;391;0.2610101;0.4285414;0.4650714;0.4573675;564.4;0.2315991;False;11/23/2025 9:13:54 AM:280;1763860434280;;
483;392;0.2975853;0.4294138;0.4652648;0.4573412;567.2;0.2318635;False;11/23/2025 9:13:54 AM:302;1763860434302;;
673;393;0.4150161;0.4309005;0.6747476;0.4711791;567.2;0.2005138;False;11/23/2025 9:13:54 AM:324;1763860434324;;
785;394;0.4835423;0.4313127;0.6647448;0.4528365;565.4;0.175847;False;11/23/2025 9:13:54 AM:346;1763860434346;;
844;394;0.520081;0.4313272;0.6357971;0.4345915;564.7;0.167842;True;11/23/2025 9:13:54 AM:370;1763860434370;;
882;394;0.5434003;0.4313388;0.6357784;0.4345976;564.1;0.1677997;True;11/23/2025 9:13:54 AM:392;1763860434392;;
909;394;0.5598857;0.4313488;0.6358121;0.4345865;563.6;0.1678762;True;11/23/2025 9:13:54 AM:412;1763860434412;;
961;395;0.5923488;0.4323352;0.70479;0.4689588;562.8;0.1875627;False;11/23/2025 9:13:54 AM:435;1763860434435;;
1026;395;0.6319309;0.4328031;0.75643;0.4598424;558.1;0.2103985;False;11/23/2025 9:13:54 AM:456;1763860434456;;
1085;396;0.6681129;0.433543;0.788161;0.4693374;553.8;0.2106541;False;11/23/2025 9:13:54 AM:477;1763860434477;;
1147;397;0.7066757;0.434484;0.8244402;0.4749069;551.8;0.2237778;False;11/23/2025 9:13:54 AM:499;1763860434499;;
1183;397;0.7284636;0.4345108;0.8067478;0.4483438;550.7;0.2386474;False;11/23/2025 9:13:54 AM:523;1763860434523;;
1248;397;0.7688963;0.4345343;0.8870211;0.4387736;549.7;0.2414657;False;11/23/2025 9:13:54 AM:546;1763860434546;;
1289;397;0.7940145;0.4345527;0.8870676;0.4387405;548.8;0.2416339;False;11/23/2025 9:13:54 AM:566;1763860434566;;
1302;397;0.8023187;0.4345579;0.8437262;0.4439324;547.7;0.2345373;False;11/23/2025 9:13:54 AM:588;1763860434588;;
1325;397;0.8164791;0.4345654;0.8758065;0.4435694;548.6;0.2384659;False;11/23/2025 9:13:54 AM:613;1763860434613;;
1340;397;0.8255774;0.4345712;0.8757845;0.4435854;549.5;0.2383883;False;11/23/2025 9:13:54 AM:634;1763860434634;;
1358;397;0.8363477;0.4350425;0.8908141;0.4650989;546.5;0.2466968;False;11/23/2025 9:13:54 AM:657;1763860434657;;
1370;397;0.8440812;0.4353838;0.891712;0.4639021;544.2;0.2492035;False;11/23/2025 9:13:54 AM:678;1763860434678;;
1379;398;0.849478;0.4357073;0.8902294;0.4654088;542.0;0.2494454;False;11/23/2025 9:13:54 AM:699;1763860434699;;
1399;398;0.8620671;0.4357384;0.9323144;0.4395354;543.1;0.2394749;False;11/23/2025 9:13:54 AM:721;1763860434721;;
1411;398;0.8693758;0.4358667;0.9199935;0.4575218;545.7;0.2401447;False;11/23/2025 9:13:54 AM:744;1763860434744;;
1423;398;0.8763174;0.4361106;0.930813;0.4637667;548.1;0.2401651;False;11/23/2025 9:13:54 AM:765;1763860434765;;
1422;398;0.8760121;0.4360994;0.8408569;0.4351577;546.5;0.2431043;False;11/23/2025 9:13:54 AM:788;1763860434788;;
1370;398;0.8440825;0.4363286;0.6791491;0.4623573;545.9;0.2088097;False;11/23/2025 9:13:54 AM:810;1763860434810;;
1346;399;0.829268;0.4369549;0.7117286;0.4752865;545.3;0.208895;False;11/23/2025 9:13:54 AM:831;1763860434831;;
1244;399;0.7660443;0.4371395;0.560648;0.4638067;546.6;0.1346053;True;11/23/2025 9:13:54 AM:854;1763860434854;;
1177;399;0.7248189;0.4372895;0.5606392;0.4638009;547.7;0.1346559;True;11/23/2025 9:13:54 AM:874;1763860434874;;
1126;399;0.6939367;0.4373418;0.5597118;0.4510801;548.5;0.1390573;True;11/23/2025 9:13:54 AM:895;1763860434895;;
1091;399;0.6720353;0.4372998;0.5626011;0.4344614;545.2;0.1252321;True;11/23/2025 9:13:54 AM:917;1763860434917;;
1065;399;0.6563573;0.4372649;0.5625838;0.4344496;542.2;0.1253195;True;11/23/2025 9:13:54 AM:937;1763860434937;;
938;399;0.5776182;0.4371673;0.4028784;0.4315638;543.1;0.169817;True;11/23/2025 9:13:54 AM:967;1763860434967;;
836;399;0.5147884;0.4371698;0.3521599;0.4482138;546.9;0.1970828;False;11/23/2025 9:13:54 AM:991;1763860434991;;
722;399;0.4451558;0.4375222;0.2763516;0.4657664;548.1;0.2246081;False;11/23/2025 9:13:55 AM:12;1763860435012;;
653;400;0.4023432;0.4378106;0.2765449;0.4657689;549.2;0.2248919;False;11/23/2025 9:13:55 AM:33;1763860435033;;
583;400;0.3592097;0.4378392;0.2419286;0.4484177;553.7;0.2189492;False;11/23/2025 9:13:55 AM:55;1763860435055;;
509;396;0.3135386;0.433676;0.1925699;0.3647724;556.7;0.2248985;False;11/23/2025 9:13:55 AM:77;1763860435077;;
459;393;0.2829989;0.4301438;0.1926162;0.3648162;559.5;0.2250807;False;11/23/2025 9:13:55 AM:100;1763860435100;;
434;390;0.2675503;0.4276415;0.21098;0.3702243;559.6;0.2398316;False;11/23/2025 9:13:55 AM:121;1763860435121;;
423;390;0.2610791;0.4276398;0.231061;0.4248555;562.6;0.229693;False;11/23/2025 9:13:55 AM:144;1763860435144;;
416;390;0.2566378;0.4276381;0.2311672;0.4249475;565.3;0.2299089;False;11/23/2025 9:13:55 AM:164;1763860435164;;
410;390;0.252788;0.4269568;0.2306857;0.3953188;566.6;0.2479743;False;11/23/2025 9:13:55 AM:188;1763860435188;;
405;390;0.2499288;0.4269508;0.2301515;0.4251764;566.4;0.2344706;False;11/23/2025 9:13:55 AM:211;1763860435211;;
407;389;0.250822;0.4262997;0.2608333;0.3932664;566.2;0.2399708;False;11/23/2025 9:13:55 AM:233;1763860435233;;
408;389;0.2515356;0.4257579;0.261029;0.3932623;566.0;0.2401732;False;11/23/2025 9:13:55 AM:253;1763860435253;;
409;388;0.2521516;0.4252633;0.2609941;0.3932629;565.8;0.2401372;False;11/23/2025 9:13:55 AM:276;1763860435276;;
392;385;0.241855;0.421853;0.1797646;0.3481173;564.6;0.2396366;False;11/23/2025 9:13:55 AM:299;1763860435299;;
394;385;0.2426269;0.4221215;0.2627783;0.4345296;564.6;0.2386985;False;11/23/2025 9:13:55 AM:322;1763860435322;;
394;385;0.2432196;0.422189;0.2978568;0.4270904;564.6;0.2552392;False;11/23/2025 9:13:55 AM:344;1763860435344;;
395;385;0.2437129;0.4222417;0.298201;0.4270487;564.5;0.2555889;False;11/23/2025 9:13:55 AM:364;1763860435364;;
386;384;0.2379149;0.4208591;0.191757;0.3722625;564.6;0.2496988;False;11/23/2025 9:13:55 AM:386;1763860435386;;
386;384;0.2377815;0.4204018;0.2353803;0.387811;562.1;0.2551088;False;11/23/2025 9:13:55 AM:409;1763860435409;;
386;384;0.2381225;0.4202365;0.2503299;0.3952094;559.8;0.2554334;False;11/23/2025 9:13:55 AM:430;1763860435430;;
427;384;0.2633533;0.4203518;0.4079187;0.427157;559.6;0.246494;False;11/23/2025 9:13:55 AM:452;1763860435452;;
686;384;0.4224816;0.4204428;0.7162988;0.4267361;559.6;0.2453349;False;11/23/2025 9:13:55 AM:476;1763860435476;;
832;384;0.5124906;0.4205156;0.716352;0.4267031;559.5;0.2455313;False;11/23/2025 9:13:55 AM:496;1763860435496;;
1045;385;0.6437099;0.4215418;0.8608631;0.4545361;559.9;0.2496474;False;11/23/2025 9:13:55 AM:518;1763860435518;;
1119;385;0.6890422;0.4215743;0.7925656;0.426231;558.4;0.2449828;False;11/23/2025 9:13:55 AM:541;1763860435541;;
1172;385;0.722129;0.4216059;0.8076477;0.4266963;557.2;0.2452056;False;11/23/2025 9:13:55 AM:562;1763860435562;;
1225;385;0.7547541;0.4220068;0.8383585;0.4443021;555.0;0.2419982;False;11/23/2025 9:13:55 AM:584;1763860435584;;
1255;386;0.7729185;0.4223305;0.8282002;0.4435827;553.3;0.2333616;False;11/23/2025 9:13:55 AM:606;1763860435606;;
1274;386;0.7848672;0.4225984;0.8282215;0.4435639;551.8;0.2334612;False;11/23/2025 9:13:55 AM:627;1763860435627;;
1278;386;0.7875419;0.4232518;0.799107;0.454784;548.4;0.250709;False;11/23/2025 9:13:55 AM:649;1763860435649;;
1281;387;0.7893899;0.4237802;0.7991157;0.4547845;545.3;0.2507692;False;11/23/2025 9:13:55 AM:672;1763860435672;;
1303;387;0.8028882;0.4237952;0.8552856;0.4348492;543.8;0.2418225;False;11/23/2025 9:13:55 AM:696;1763860435696;;
1305;387;0.8039403;0.4238114;0.8103663;0.4303961;542.3;0.2455648;False;11/23/2025 9:13:55 AM:720;1763860435720;;
1306;387;0.8046809;0.4238243;0.8103974;0.4303733;540.9;0.2457079;False;11/23/2025 9:13:55 AM:742;1763860435742;;
1308;387;0.8055068;0.4238248;0.8121493;0.42391;541.9;0.2568609;False;11/23/2025 9:13:55 AM:765;1763860435765;;
1320;387;0.8129928;0.4244076;0.8584666;0.4566626;541.3;0.251518;False;11/23/2025 9:13:55 AM:788;1763860435788;;
1334;387;0.8219117;0.4243593;0.873781;0.4200435;540.1;0.2322796;False;11/23/2025 9:13:55 AM:811;1763860435811;;
1344;387;0.8281122;0.4243217;0.8737527;0.4200623;539.0;0.2321587;False;11/23/2025 9:13:55 AM:833;1763860435833;;
1352;387;0.8328903;0.4243387;0.8713595;0.4336194;536.3;0.2385614;False;11/23/2025 9:13:55 AM:856;1763860435856;;
1351;387;0.8322298;0.4240957;0.8127737;0.4095564;534.7;0.248414;False;11/23/2025 9:13:55 AM:880;1763860435880;;
1350;387;0.8317214;0.423905;0.8128161;0.4095141;533.2;0.2486117;False;11/23/2025 9:13:55 AM:902;1763860435902;;
1336;387;0.8229338;0.4236593;0.725709;0.4069791;532.9;0.2511501;False;11/23/2025 9:13:55 AM:925;1763860435925;;
1312;387;0.8079178;0.4236702;0.6927122;0.4273669;532.8;0.2440501;False;11/23/2025 9:13:55 AM:952;1763860435952;;
1311;386;0.8076062;0.4227197;0.7659656;0.3869674;532.7;0.246976;False;11/23/2025 9:13:55 AM:974;1763860435974;;
1311;386;0.8074818;0.4225104;0.7686293;0.4039021;532.6;0.2474426;False;11/23/2025 9:13:55 AM:995;1763860435995;;
1309;383;0.8063435;0.4198775;0.7538115;0.3582037;536.4;0.2565593;False;11/23/2025 9:13:56 AM:19;1763860436019;;
1307;383;0.8052678;0.4199215;0.7523116;0.4243934;538.8;0.232311;False;11/23/2025 9:13:56 AM:40;1763860436040;;
1306;383;0.8043647;0.4199586;0.752362;0.4243609;540.9;0.2324782;False;11/23/2025 9:13:56 AM:62;1763860436062;;
1286;383;0.7921071;0.4199509;0.6791882;0.4123288;540.6;0.2480564;False;11/23/2025 9:13:56 AM:83;1763860436083;;
1271;383;0.7828469;0.4199443;0.6792368;0.4123033;540.2;0.2482212;False;11/23/2025 9:13:56 AM:105;1763860436105;;
1270;383;0.7823273;0.4198731;0.7368023;0.4062077;539.8;0.255785;False;11/23/2025 9:13:56 AM:127;1763860436127;;
1269;383;0.7819898;0.419521;0.7537324;0.3937013;541.7;0.246;False;11/23/2025 9:13:56 AM:150;1763860436150;;
1269;383;0.7817172;0.4192374;0.7537794;0.3936765;543.3;0.2461566;False;11/23/2025 9:13:56 AM:171;1763860436171;;
1247;383;0.7684107;0.4192303;0.6553949;0.408874;545.2;0.2381488;False;11/23/2025 9:13:56 AM:195;1763860436195;;
920;383;0.5666226;0.4192165;0.2404799;0.4068323;545.5;0.2381144;False;11/23/2025 9:13:56 AM:217;1763860436217;;
698;382;0.4303051;0.4187694;0.204685;0.3881051;548.3;0.2375614;False;11/23/2025 9:13:56 AM:240;1763860436240;;
573;382;0.3532849;0.4183928;0.2047584;0.3881899;550.8;0.2377686;False;11/23/2025 9:13:56 AM:262;1763860436262;;
501;382;0.3087357;0.4183486;0.2165043;0.4117048;551.5;0.2400055;False;11/23/2025 9:13:56 AM:287;1763860436287;;
466;382;0.287512;0.4183162;0.2288997;0.4130539;554.8;0.2345332;False;11/23/2025 9:13:56 AM:310;1763860436310;;
444;382;0.2739037;0.4182887;0.2294608;0.4130537;557.7;0.2351373;False;11/23/2025 9:13:56 AM:331;1763860436331;;
435;382;0.2683551;0.4182633;0.2469426;0.4128585;558.9;0.2387705;False;11/23/2025 9:13:56 AM:353;1763860436353;;
399;378;0.2461189;0.4143318;0.176461;0.336852;559.7;0.247732;False;11/23/2025 9:13:56 AM:376;1763860436376;;
375;375;0.2313679;0.4110047;0.1740742;0.3333058;560.4;0.2479997;False;11/23/2025 9:13:56 AM:397;1763860436397;;
358;373;0.2206309;0.4088731;0.1781452;0.3457057;560.9;0.250023;False;11/23/2025 9:13:56 AM:421;1763860436421;;
352;373;0.2167631;0.4088445;0.1960705;0.3867967;560.3;0.2481993;False;11/23/2025 9:13:56 AM:442;1763860436442;;
342;372;0.2110373;0.4074948;0.1795719;0.3511193;560.7;0.2543387;False;11/23/2025 9:13:56 AM:465;1763860436465;;
332;370;0.2047498;0.4048434;0.1681;0.3298191;561.1;0.254622;False;11/23/2025 9:13:56 AM:486;1763860436486;;
322;367;0.1984771;0.4023454;0.1620751;0.329347;561.3;0.2454405;False;11/23/2025 9:13:56 AM:510;1763860436510;;
315;365;0.1939683;0.4003513;0.1620985;0.3293756;561.5;0.2455213;False;11/23/2025 9:13:56 AM:532;1763860436532;;
316;365;0.1946633;0.400233;0.2044539;0.3947133;564.5;0.2527035;False;11/23/2025 9:13:56 AM:554;1763860436554;;
312;364;0.1924808;0.3988895;0.1712374;0.3369309;565.6;0.2550437;False;11/23/2025 9:13:56 AM:576;1763860436576;;
309;363;0.1907528;0.3977516;0.1712277;0.3369102;566.6;0.2553819;False;11/23/2025 9:13:56 AM:597;1763860436597;;
307;362;0.1893479;0.3967384;0.1723227;0.3377144;567.7;0.2359472;False;11/23/2025 9:13:56 AM:620;1763860436620;;
308;362;0.1897224;0.3965897;0.2004978;0.3901646;569.4;0.2558261;False;11/23/2025 9:13:56 AM:644;1763860436644;;
308;362;0.1900556;0.3964558;0.2004939;0.3901564;570.9;0.2559454;False;11/23/2025 9:13:56 AM:667;1763860436667;;
307;361;0.1893925;0.3960178;0.1779765;0.3525663;570.3;0.2562203;False;11/23/2025 9:13:56 AM:691;1763860436691;;
307;361;0.1896046;0.3960395;0.2025577;0.3969661;570.5;0.2529061;False;11/23/2025 9:13:56 AM:713;1763860436713;;
306;361;0.1888741;0.3950703;0.1742264;0.3422287;571.8;0.2518757;False;11/23/2025 9:13:56 AM:736;1763860436736;;
305;360;0.1882908;0.3942759;0.1742197;0.3422147;573.0;0.2520538;False;11/23/2025 9:13:56 AM:757;1763860436757;;
305;360;0.1883419;0.3941048;0.1911032;0.3729062;572.7;0.2555631;False;11/23/2025 9:13:56 AM:780;1763860436780;;
305;360;0.1881606;0.3940254;0.1817726;0.3606154;572.9;0.2543999;False;11/23/2025 9:13:56 AM:803;1763860436803;;
305;360;0.1880208;0.3939626;0.181797;0.3606319;573.1;0.2548755;False;11/23/2025 9:13:56 AM:826;1763860436826;;
304;359;0.1876296;0.3934498;0.1743413;0.3470908;570.2;0.2542773;False;11/23/2025 9:13:56 AM:847;1763860436847;;
303;358;0.1870483;0.3923618;0.1697565;0.3352932;569.7;0.2534061;False;11/23/2025 9:13:56 AM:870;1763860436870;;
303;357;0.1866048;0.391522;0.1697556;0.3352925;569.3;0.2533911;False;11/23/2025 9:13:56 AM:890;1763860436890;;
303;357;0.1868654;0.3916046;0.2026057;0.3945554;568.8;0.2447282;False;11/23/2025 9:13:56 AM:913;1763860436913;;
303;357;0.1867644;0.3915743;0.1799318;0.3589367;571.2;0.2641174;False;11/23/2025 9:13:56 AM:937;1763860436937;;
303;357;0.186685;0.3915498;0.1799334;0.3589383;573.3;0.2641394;False;11/23/2025 9:13:56 AM:957;1763860436957;;
304;358;0.1872928;0.3921583;0.2096695;0.4091778;574.1;0.244976;False;11/23/2025 9:13:56 AM:980;1763860436980;;
304;358;0.1877839;0.3926463;0.2096667;0.409172;574.7;0.2450331;False;11/23/2025 9:13:57 AM:1;1763860437001;;
305;358;0.1878205;0.3925912;0.1965589;0.3881822;574.4;0.2469616;False;11/23/2025 9:13:57 AM:25;1763860437025;;
305;358;0.1878292;0.3925841;0.1893302;0.3735529;572.9;0.2401596;False;11/23/2025 9:13:57 AM:47;1763860437047;;
305;358;0.1878351;0.3925428;0.1890149;0.3705948;571.6;0.2403009;False;11/23/2025 9:13:57 AM:68;1763860437068;;
308;361;0.190104;0.39523;0.2338256;0.446564;572.2;0.2554516;False;11/23/2025 9:13:57 AM:90;1763860437090;;
307;358;0.1891441;0.3925658;0.1655775;0.3258603;572.8;0.2503667;False;11/23/2025 9:13:57 AM:113;1763860437113;;
305;356;0.188378;0.3904383;0.1655684;0.3258393;573.4;0.250574;False;11/23/2025 9:13:57 AM:134;1763860437134;;
305;356;0.1881474;0.3896048;0.1761805;0.3447552;570.6;0.2492958;False;11/23/2025 9:13:57 AM:157;1763860437157;;
306;357;0.1889056;0.390746;0.2125375;0.4191963;569.3;0.2542152;False;11/23/2025 9:13:57 AM:182;1763860437182;;
306;356;0.1887873;0.3905338;0.1805121;0.3625744;566.7;0.2483529;False;11/23/2025 9:13:57 AM:204;1763860437204;;
306;356;0.1887006;0.3902812;0.1810669;0.3597656;564.3;0.2490483;False;11/23/2025 9:13:57 AM:225;1763860437225;;
306;356;0.1887041;0.3902539;0.1906415;0.3723305;564.1;0.2480531;False;11/23/2025 9:13:57 AM:248;1763860437248;;
305;355;0.1884204;0.3892377;0.174378;0.3420262;564.5;0.2428151;False;11/23/2025 9:13:57 AM:271;1763860437271;;
305;355;0.1882029;0.3884594;0.1743679;0.3420041;564.8;0.2431568;False;11/23/2025 9:13:57 AM:292;1763860437292;;
305;354;0.1882067;0.3883731;0.1891003;0.3701307;564.9;0.2504678;False;11/23/2025 9:13:57 AM:317;1763860437317;;
305;355;0.1884193;0.3884318;0.2003154;0.3914795;564.7;0.2454652;False;11/23/2025 9:13:57 AM:339;1763860437339;;
306;355;0.1886754;0.388579;0.2030639;0.3963563;564.6;0.2457321;False;11/23/2025 9:13:57 AM:360;1763860437360;;
306;354;0.1886369;0.3883623;0.1837534;0.3606548;563.7;0.2625765;False;11/23/2025 9:13:57 AM:382;1763860437382;;
306;354;0.1886041;0.3881779;0.1837517;0.3606505;562.9;0.2627271;False;11/23/2025 9:13:57 AM:405;1763860437405;;
306;354;0.1888976;0.3883331;0.2036753;0.3961113;564.3;0.2310024;False;11/23/2025 9:13:57 AM:428;1763860437428;;
306;354;0.1889113;0.3882946;0.1929602;0.3770256;564.1;0.2365599;False;11/23/2025 9:13:57 AM:450;1763860437450;;
307;355;0.1891957;0.3884648;0.2038206;0.396966;565.6;0.2449074;False;11/23/2025 9:13:57 AM:477;1763860437477;;
307;355;0.1893907;0.3885815;0.2038196;0.3969674;566.9;0.2443391;False;11/23/2025 9:13:57 AM:498;1763860437498;;
307;354;0.1892839;0.3880839;0.1822236;0.3569008;567.2;0.2294945;False;11/23/2025 9:13:57 AM:521;1763860437521;;
307;354;0.1895539;0.3882655;0.2052757;0.3988506;570.2;0.2420332;False;11/23/2025 9:13:57 AM:544;1763860437544;;
308;354;0.1898777;0.3883642;0.2075616;0.3959571;569.7;0.2305507;False;11/23/2025 9:13:57 AM:569;1763860437569;;
308;354;0.1899323;0.3883555;0.2002037;0.3852891;569.3;0.2307834;False;11/23/2025 9:13:57 AM:590;1763860437590;;
308;354;0.1897987;0.3877569;0.1823739;0.3557887;568.5;0.2429789;False;11/23/2025 9:13:57 AM:613;1763860437613;;
308;354;0.1898863;0.3877828;0.2007264;0.3906406;569.9;0.2418836;False;11/23/2025 9:13:57 AM:637;1763860437637;;
308;354;0.1899551;0.387803;0.2007241;0.3906359;571.1;0.2419347;False;11/23/2025 9:13:57 AM:658;1763860437658;;
309;355;0.1904494;0.3884829;0.2131129;0.4158521;568.9;0.2415593;False;11/23/2025 9:13:57 AM:680;1763860437680;;
309;354;0.1903724;0.3882053;0.1854841;0.3669463;567.2;0.2481523;False;11/23/2025 9:13:57 AM:702;1763860437702;;
308;353;0.1898594;0.3870843;0.1736907;0.3472252;565.6;0.2484703;False;11/23/2025 9:13:57 AM:727;1763860437727;;
312;356;0.1926875;0.3900475;0.2406457;0.4493541;566.6;0.2394335;False;11/23/2025 9:13:57 AM:748;1763860437748;;
312;356;0.1926966;0.3899728;0.193831;0.3789659;567.7;0.2458811;False;11/23/2025 9:13:57 AM:774;1763860437774;;
312;356;0.192703;0.3899175;0.193766;0.3788848;568.7;0.2456776;False;11/23/2025 9:13:57 AM:797;1763860437797;;
312;355;0.1924695;0.3893605;0.1816477;0.3598274;569.5;0.2528676;False;11/23/2025 9:13:57 AM:820;1763860437820;;
316;358;0.1950248;0.3924505;0.238475;0.4504502;567.6;0.2515339;False;11/23/2025 9:13:57 AM:845;1763860437845;;
317;359;0.195464;0.3929521;0.2172151;0.4183001;565.9;0.2517102;False;11/23/2025 9:13:57 AM:867;1763860437867;;
317;359;0.1954376;0.3928098;0.193477;0.3798891;566.8;0.2436145;False;11/23/2025 9:13:57 AM:891;1763860437891;;
317;358;0.1953848;0.3926046;0.1918077;0.3765602;568.0;0.2506469;False;11/23/2025 9:13:57 AM:916;1763860437916;;
317;358;0.1953874;0.3926039;0.2005769;0.390915;566.5;0.256299;False;11/23/2025 9:13:57 AM:938;1763860437938;;
316;357;0.1949194;0.3913815;0.1783023;0.3492776;565.2;0.2568346;False;11/23/2025 9:13:57 AM:961;1763860437961;;
316;357;0.1949216;0.3913762;0.1974942;0.3871552;566.1;0.2594586;False;11/23/2025 9:13:57 AM:982;1763860437982;;
316;357;0.1947197;0.3908568;0.1837308;0.3613781;567.4;0.2445658;False;11/23/2025 9:13:58 AM:5;1763860438005;;
315;356;0.194548;0.3904149;0.1837267;0.3613742;568.6;0.2445081;False;11/23/2025 9:13:58 AM:27;1763860438027;;
315;356;0.1945473;0.3904026;0.1939094;0.3787408;567.7;0.2457789;False;11/23/2025 9:13:58 AM:49;1763860438049;;
317;356;0.1953176;0.3905885;0.2198891;0.4023831;565.9;0.2500176;False;11/23/2025 9:13:58 AM:71;1763860438071;;
317;356;0.1953216;0.3905548;0.1985761;0.378636;564.4;0.2502045;False;11/23/2025 9:13:58 AM:92;1763860438092;;
317;356;0.1953237;0.390542;0.1963381;0.3852073;565.1;0.253174;False;11/23/2025 9:13:58 AM:116;1763860438116;;
316;356;0.1951897;0.3903354;0.1861304;0.3691717;565.9;0.2406566;False;11/23/2025 9:13:58 AM:139;1763860438139;;
316;356;0.1951898;0.3903105;0.1953116;0.3782971;564.3;0.2499679;False;11/23/2025 9:13:58 AM:162;1763860438162;;
316;356;0.1951899;0.3902908;0.1952751;0.3782486;562.8;0.2498717;False;11/23/2025 9:13:58 AM:184;1763860438184;;
317;356;0.1953223;0.3905471;0.205623;0.4046541;564.4;0.2471147;False;11/23/2025 9:13:58 AM:206;1763860438206;;
316;356;0.1951804;0.390282;0.1853197;0.366849;565.8;0.247581;False;11/23/2025 9:13:58 AM:228;1763860438228;;
316;356;0.1949855;0.3898368;0.1834783;0.3613015;566.0;0.2474466;False;11/23/2025 9:13:58 AM:252;1763860438252;;
316;356;0.1949695;0.3897354;0.1910601;0.3713169;565.3;0.2577284;False;11/23/2025 9:13:58 AM:275;1763860438275;;
316;356;0.1949592;0.3896629;0.1913451;0.3716776;564.7;0.2587135;False;11/23/2025 9:13:58 AM:296;1763860438296;;
314;353;0.193413;0.3866261;0.1579781;0.3154471;565.1;0.2497569;False;11/23/2025 9:13:58 AM:317;1763860438317;;
314;353;0.1934715;0.3868031;0.1985237;0.39633;565.6;0.2512043;False;11/23/2025 9:13:58 AM:339;1763860438339;;
313;353;0.1932201;0.3865452;0.1778693;0.3599134;566.1;0.25135;False;11/23/2025 9:13:58 AM:362;1763860438362;;
314;353;0.1937447;0.3870898;0.211549;0.4076529;567.1;0.2396661;False;11/23/2025 9:13:58 AM:385;1763860438385;;
313;352;0.1930586;0.3860239;0.1696388;0.3429193;567.3;0.2611997;False;11/23/2025 9:13:58 AM:408;1763860438408;;
313;352;0.1930455;0.3859935;0.1871888;0.3752464;567.4;0.260647;False;11/23/2025 9:13:58 AM:432;1763860438432;;
314;353;0.193836;0.3866659;0.2150826;0.4094255;567.3;0.2565692;False;11/23/2025 9:13:58 AM:458;1763860438458;;
314;353;0.193886;0.386651;0.1991495;0.3837489;568.7;0.2506184;False;11/23/2025 9:13:58 AM:481;1763860438481;;
313;352;0.1929205;0.3853149;0.1662513;0.3395682;566.5;0.2537697;False;11/23/2025 9:13:58 AM:505;1763860438505;;
317;354;0.1952975;0.3873528;0.2350947;0.4331595;568.4;0.2530326;False;11/23/2025 9:13:58 AM:529;1763860438529;;
317;354;0.1956332;0.3875917;0.2118743;0.4028243;570.1;0.2535407;False;11/23/2025 9:13:58 AM:552;1763860438552;;
317;353;0.19532;0.3869573;0.1814316;0.3568523;570.4;0.2610496;False;11/23/2025 9:13:58 AM:576;1763860438576;;
449;355;0.2766566;0.3885009;0.4884226;0.4300174;566.7;0.2555095;False;11/23/2025 9:13:58 AM:600;1763860438600;;
506;355;0.3116947;0.3889036;0.4466467;0.4117831;563.3;0.2562497;False;11/23/2025 9:13:58 AM:621;1763860438621;;
783;356;0.4824002;0.3895627;0.7447186;0.4189036;562.3;0.2186935;False;11/23/2025 9:13:58 AM:646;1763860438646;;
926;356;0.570792;0.3900687;0.7447298;0.4188949;561.3;0.2186926;False;11/23/2025 9:13:58 AM:667;1763860438667;;
1025;357;0.6314049;0.3908622;0.7539944;0.426536;562.5;0.2405455;False;11/23/2025 9:13:58 AM:690;1763860438690;;
1046;357;0.6443557;0.3916773;0.6834612;0.4299281;559.3;0.2394785;False;11/23/2025 9:13:58 AM:712;1763860438712;;
1059;358;0.6527011;0.3923299;0.6835731;0.429893;556.5;0.2398025;False;11/23/2025 9:13:58 AM:733;1763860438733;;
1069;358;0.6583255;0.391872;0.6804319;0.3729292;554.4;0.2616918;False;11/23/2025 9:13:58 AM:755;1763860438755;;
1084;358;0.6675525;0.3918114;0.703441;0.3866245;553.3;0.2431264;False;11/23/2025 9:13:58 AM:778;1763860438778;;
1100;358;0.6774086;0.3917771;0.7183858;0.3880071;552.8;0.2495249;False;11/23/2025 9:13:58 AM:801;1763860438801;;
1109;358;0.6830775;0.3918665;0.7128577;0.4073741;552.2;0.2498798;False;11/23/2025 9:13:58 AM:822;1763860438822;;
1116;359;0.6876438;0.3933822;0.7131658;0.4428662;551.6;0.2420133;False;11/23/2025 9:13:58 AM:844;1763860438844;;
1114;359;0.6863818;0.393499;0.675096;0.4131789;553.3;0.2510372;False;11/23/2025 9:13:58 AM:868;1763860438868;;
1113;359;0.6854298;0.3935951;0.6751184;0.4131692;554.8;0.2511083;False;11/23/2025 9:13:58 AM:890;1763860438890;;
1121;359;0.6906205;0.3935916;0.7233952;0.393269;554.1;0.2334192;False;11/23/2025 9:13:58 AM:914;1763860438914;;
1124;360;0.6923677;0.3938836;0.7089312;0.4205881;552.6;0.2453379;False;11/23/2025 9:13:58 AM:937;1763860438937;;
1126;360;0.6938123;0.3939312;0.7101408;0.4110982;551.3;0.245848;False;11/23/2025 9:13:58 AM:957;1763860438957;;
1126;360;0.6934964;0.3941621;0.6883884;0.4192538;552.4;0.2468962;False;11/23/2025 9:13:58 AM:982;1763860438982;;
1126;360;0.6936444;0.3947157;0.6960806;0.430209;550.0;0.2513957;False;11/23/2025 9:13:59 AM:6;1763860439006;;
1126;360;0.6934621;0.3948653;0.6891997;0.4199921;549.6;0.2475808;False;11/23/2025 9:13:59 AM:27;1763860439027;;
1126;360;0.6936815;0.3949147;0.6983724;0.4069976;549.3;0.2478525;False;11/23/2025 9:13:59 AM:49;1763860439049;;
1128;361;0.6951279;0.3949773;0.7067857;0.3975542;549.3;0.2646982;False;11/23/2025 9:13:59 AM:112;1763860439112;;
1113;361;0.6859047;0.3951957;0.5953839;0.4201629;549.1;0.2346134;False;11/23/2025 9:13:59 AM:135;1763860439135;;
1116;360;0.6872436;0.3949316;0.711931;0.3811057;548.9;0.2384939;False;11/23/2025 9:13:59 AM:156;1763860439156;;
1118;361;0.6885302;0.3950284;0.7128689;0.4133267;549.4;0.2665296;False;11/23/2025 9:13:59 AM:178;1763860439178;;
1118;361;0.6888708;0.3954671;0.6995864;0.4255241;549.9;0.2406072;False;11/23/2025 9:13:59 AM:203;1763860439203;;
1119;361;0.6890952;0.3955572;0.6985414;0.4156599;550.4;0.2403462;False;11/23/2025 9:13:59 AM:226;1763860439226;;
1119;361;0.6893778;0.3949904;0.7010465;0.3736835;549.2;0.255464;False;11/23/2025 9:13:59 AM:249;1763860439249;;
1119;361;0.6893737;0.3953252;0.6841129;0.4227253;549.1;0.2472434;False;11/23/2025 9:13:59 AM:271;1763860439271;;
1119;361;0.689371;0.3955893;0.684232;0.4226557;549.0;0.2475939;False;11/23/2025 9:13:59 AM:292;1763860439292;;
1120;361;0.6900544;0.3956544;0.7103559;0.4141452;548.6;0.2409552;False;11/23/2025 9:13:59 AM:315;1763860439315;;
1095;362;0.6744652;0.3964549;0.5711497;0.437036;551.5;0.2070623;False;11/23/2025 9:13:59 AM:338;1763860439338;;
1072;363;0.6606926;0.3974845;0.563549;0.4438326;557.9;0.1410443;True;11/23/2025 9:13:59 AM:362;1763860439362;;
1056;364;0.6506889;0.3983352;0.564985;0.4439379;563.7;0.1411428;True;11/23/2025 9:13:59 AM:383;1763860439383;;
1044;365;0.6432005;0.399633;0.568379;0.4540402;564.1;0.1118046;True;11/23/2025 9:13:59 AM:406;1763860439406;;
1032;368;0.6356735;0.4030069;0.5621313;0.4813064;563.6;0.1167746;True;11/23/2025 9:13:59 AM:430;1763860439430;;
1023;370;0.6300169;0.4053198;0.5616577;0.4775992;563.1;0.1167127;True;11/23/2025 9:13:59 AM:452;1763860439452;;
1015;370;0.625026;0.405416;0.5606433;0.4332426;562.3;0.1887212;False;11/23/2025 9:13:59 AM:476;1763860439476;;
1008;370;0.6210787;0.4054974;0.5606097;0.4332248;561.6;0.188988;False;11/23/2025 9:13:59 AM:497;1763860439497;;
1008;370;0.6210653;0.4055443;0.6203408;0.4346095;559.7;0.1959972;False;11/23/2025 9:13:59 AM:520;1763860439520;;
1006;370;0.6199753;0.4056229;0.5838469;0.4325007;560.4;0.2224866;False;11/23/2025 9:13:59 AM:543;1763860439543;;
1005;370;0.6190936;0.4056906;0.584181;0.4324589;561.1;0.2227484;False;11/23/2025 9:13:59 AM:564;1763860439564;;
1013;370;0.6239827;0.4050358;0.6759359;0.3864971;562.0;0.2326386;False;11/23/2025 9:13:59 AM:588;1763860439588;;
1022;369;0.6298239;0.4042508;0.6892161;0.3813569;561.7;0.2307177;False;11/23/2025 9:13:59 AM:610;1763860439610;;
1024;369;0.6307549;0.4043065;0.6533797;0.4267217;558.4;0.2350624;False;11/23/2025 9:13:59 AM:632;1763860439632;;
1025;369;0.6315038;0.4043525;0.6534097;0.4267003;555.5;0.2351467;False;11/23/2025 9:13:59 AM:654;1763860439654;;
1035;365;0.6375429;0.4004085;0.7003601;0.3389516;553.8;0.2512707;False;11/23/2025 9:13:59 AM:678;1763860439678;;
1035;366;0.6376958;0.4004383;0.6485798;0.4066467;555.3;0.2236162;False;11/23/2025 9:13:59 AM:701;1763860439701;;
1035;366;0.637826;0.4004638;0.6486377;0.406611;556.6;0.2237449;False;11/23/2025 9:13:59 AM:724;1763860439724;;
1030;366;0.6342555;0.4004805;0.5842329;0.4089639;554.9;0.2308553;False;11/23/2025 9:13:59 AM:746;1763860439746;;
1028;366;0.6331499;0.4005008;0.6037905;0.4048117;554.5;0.2421923;False;11/23/2025 9:13:59 AM:768;1763860439768;;
1043;366;0.6424186;0.4009181;0.720668;0.4298917;556.4;0.2422939;False;11/23/2025 9:13:59 AM:791;1763860439791;;
1054;366;0.6491901;0.401247;0.7207408;0.4298682;558.1;0.2425509;False;11/23/2025 9:13:59 AM:812;1763860439812;;
1074;366;0.66164;0.401518;0.7550904;0.4286289;555.9;0.2096379;False;11/23/2025 9:13:59 AM:836;1763860439836;;
1073;367;0.6610749;0.402355;0.6412755;0.4442935;558.5;0.1767503;False;11/23/2025 9:13:59 AM:859;1763860439859;;
1072;368;0.6606236;0.4030309;0.6413224;0.444278;560.8;0.1768613;False;11/23/2025 9:13:59 AM:878;1763860439878;;
1061;368;0.6538423;0.4033726;0.5829651;0.4369733;563.0;0.1503987;True;11/23/2025 9:13:59 AM:902;1763860439902;;
1053;368;0.6487609;0.4036465;0.5830127;0.4369584;564.9;0.1504967;True;11/23/2025 9:13:59 AM:922;1763860439922;;
1052;368;0.6483278;0.4036673;0.6263952;0.4248759;562.0;0.1781583;False;11/23/2025 9:13:59 AM:945;1763860439945;;
1050;369;0.6470402;0.4037207;0.6124437;0.422341;559.3;0.2048257;False;11/23/2025 9:13:59 AM:969;1763860439969;;
1049;369;0.6460896;0.4037617;0.612503;0.4223319;556.9;0.2049775;False;11/23/2025 9:13:59 AM:991;1763860439991;;
1034;369;0.6370954;0.403767;0.5530966;0.4249127;561.7;0.2189928;False;11/23/2025 9:14:00 AM:15;1763860440015;;
1034;368;0.6370715;0.4037082;0.6357505;0.4006464;563.2;0.217735;False;11/23/2025 9:14:00 AM:40;1763860440040;;
1034;369;0.6370769;0.4037647;0.6374072;0.4144374;564.5;0.2183145;False;11/23/2025 9:14:00 AM:62;1763860440062;;
1037;368;0.6390572;0.4030237;0.6715488;0.3794086;565.9;0.2234025;False;11/23/2025 9:14:00 AM:86;1763860440086;;
1037;368;0.6391349;0.4033985;0.6441982;0.4330191;564.9;0.2175148;False;11/23/2025 9:14:00 AM:109;1763860440109;;
1045;368;0.6437011;0.40356;0.6990615;0.4270627;563.8;0.2335486;False;11/23/2025 9:14:00 AM:130;1763860440130;;
1049;368;0.6462892;0.4035696;0.6910582;0.4194531;562.8;0.2341028;False;11/23/2025 9:14:00 AM:152;1763860440152;;
1049;369;0.6464801;0.4039283;0.6590822;0.4347715;564.6;0.2120156;False;11/23/2025 9:14:00 AM:174;1763860440174;;
1049;369;0.6460839;0.4042636;0.6296709;0.4357187;563.5;0.2184584;False;11/23/2025 9:14:00 AM:196;1763860440196;;
1047;369;0.6448603;0.4046875;0.6138248;0.4401104;562.6;0.2189575;False;11/23/2025 9:14:00 AM:218;1763860440218;;
1034;370;0.6370016;0.4054987;0.5599864;0.4504845;564.2;0.2215724;False;11/23/2025 9:14:00 AM:239;1763860440239;;
1038;371;0.6397225;0.4065108;0.6810045;0.4549406;565.8;0.2088335;False;11/23/2025 9:14:00 AM:264;1763860440264;;
1042;372;0.641637;0.4074423;0.6795744;0.4577276;567.2;0.2085227;False;11/23/2025 9:14:00 AM:287;1763860440287;;
1049;372;0.6461231;0.4075474;0.7039298;0.4276505;567.6;0.2238863;False;11/23/2025 9:14:00 AM:310;1763860440310;;
1082;373;0.6665772;0.4086216;0.7851239;0.4615062;568.0;0.2133793;False;11/23/2025 9:14:00 AM:332;1763860440332;;
1105;374;0.6806084;0.4094391;0.7852578;0.4614221;568.4;0.2138814;False;11/23/2025 9:14:00 AM:353;1763860440353;;
1122;374;0.6912886;0.4095492;0.7798159;0.4443625;569.0;0.2148536;False;11/23/2025 9:14:00 AM:375;1763860440375;;
1136;374;0.6996606;0.4096446;0.7798332;0.4443526;569.6;0.2149124;False;11/23/2025 9:14:00 AM:396;1763860440396;;
1136;374;0.6996656;0.4102221;0.7010981;0.4572124;570.7;0.1892507;False;11/23/2025 9:14:00 AM:419;1763860440419;;
1137;376;0.70073;0.4121098;0.7316408;0.4823245;571.0;0.2047694;False;11/23/2025 9:14:00 AM:441;1763860440441;;
1154;378;0.7108691;0.4137826;0.7982812;0.4819901;569.4;0.2017247;False;11/23/2025 9:14:00 AM:464;1763860440464;;
1167;379;0.7187431;0.4151825;0.7982716;0.481996;568.0;0.2016976;False;11/23/2025 9:14:00 AM:485;1763860440485;;
1167;379;0.7187684;0.4153321;0.7220181;0.4500692;566.7;0.2089448;False;11/23/2025 9:14:00 AM:510;1763860440510;;
1172;379;0.721716;0.4155931;0.7722957;0.4406534;561.9;0.2206796;False;11/23/2025 9:14:00 AM:532;1763860440532;;
1177;379;0.7250291;0.4157209;0.7820818;0.4471221;557.6;0.2217115;False;11/23/2025 9:14:00 AM:553;1763860440553;;
1177;380;0.7250931;0.4159164;0.7324965;0.4441214;558.1;0.2201983;False;11/23/2025 9:14:00 AM:579;1763860440579;;
1177;380;0.7248659;0.4160531;0.7163961;0.4447212;558.9;0.2170108;False;11/23/2025 9:14:00 AM:602;1763860440602;;
1176;380;0.7244157;0.415787;0.7102328;0.4072681;557.0;0.2349206;False;11/23/2025 9:14:00 AM:625;1763860440625;;
1175;379;0.7240396;0.4156889;0.7100464;0.4114862;555.3;0.2358183;False;11/23/2025 9:14:00 AM:647;1763860440647;;
1176;379;0.7245412;0.4156117;0.7464494;0.4120393;554.6;0.2010746;False;11/23/2025 9:14:00 AM:670;1763860440670;;
1178;380;0.72545;0.4160144;0.7543908;0.4517512;552.6;0.2118028;False;11/23/2025 9:14:00 AM:694;1763860440694;;
1179;380;0.7261345;0.4163176;0.7545024;0.451684;550.7;0.212169;False;11/23/2025 9:14:00 AM:715;1763860440715;;
1183;380;0.7287548;0.4162799;0.7778217;0.4143321;549.5;0.2012161;False;11/23/2025 9:14:00 AM:739;1763860440739;;
1186;380;0.7308133;0.4162484;0.7779207;0.4142622;548.4;0.2015444;False;11/23/2025 9:14:00 AM:759;1763860440759;;
1186;380;0.730759;0.4163113;0.7285122;0.4240919;549.7;0.2257709;False;11/23/2025 9:14:00 AM:784;1763860440784;;
1184;380;0.7296258;0.4163177;0.7072695;0.4328658;549.5;0.2298598;False;11/23/2025 9:14:00 AM:810;1763860440810;;
1184;380;0.7296292;0.4163582;0.7391555;0.4205634;546.8;0.2262373;False;11/23/2025 9:14:00 AM:833;1763860440833;;
1184;380;0.7296324;0.4163905;0.7391983;0.4205275;544.3;0.2264979;False;11/23/2025 9:14:00 AM:855;1763860440855;;
1184;380;0.7296551;0.4164177;0.7321263;0.4267407;545.0;0.2195311;False;11/23/2025 9:14:00 AM:878;1763860440878;;
1186;380;0.7304195;0.4164146;0.757624;0.4161319;544.7;0.2272504;False;11/23/2025 9:14:00 AM:905;1763860440905;;
1187;380;0.7309853;0.416412;0.7576957;0.4161085;544.4;0.227599;False;11/23/2025 9:14:00 AM:927;1763860440927;;
1187;380;0.7314498;0.4167446;0.7568538;0.4432377;543.8;0.1968986;False;11/23/2025 9:14:00 AM:951;1763860440951;;
1187;380;0.7314877;0.4167552;0.7339904;0.4274661;542.7;0.2092944;False;11/23/2025 9:14:00 AM:976;1763860440976;;
1185;381;0.7301789;0.4172562;0.7051418;0.4488156;540.5;0.2114206;False;11/23/2025 9:14:01 AM:1;1763860441001;;
1185;381;0.7297291;0.4179338;0.7140834;0.4569131;538.5;0.2126601;False;11/23/2025 9:14:01 AM:21;1763860441021;;
1189;382;0.7324435;0.4182104;0.7774751;0.446212;539.4;0.2240741;False;11/23/2025 9:14:01 AM:48;1763860441048;;
1194;382;0.7353761;0.4179654;0.7858801;0.4065748;536.4;0.216785;False;11/23/2025 9:14:01 AM:71;1763860441071;;
1194;382;0.7353258;0.4182546;0.7326566;0.4460023;533.8;0.2293597;False;11/23/2025 9:14:01 AM:94;1763860441094;;
1194;382;0.7352853;0.4184955;0.7327291;0.4459584;531.5;0.2299114;False;11/23/2025 9:14:01 AM:117;1763860441117;;
1193;382;0.7348652;0.4185081;0.7211172;0.4361239;533.0;0.2184452;False;11/23/2025 9:14:01 AM:141;1763860441141;;
1191;382;0.7334962;0.4185539;0.7049974;0.4307143;534.1;0.2104755;False;11/23/2025 9:14:01 AM:165;1763860441165;;
1189;382;0.7323946;0.4185925;0.705034;0.4306909;535.2;0.2107325;False;11/23/2025 9:14:01 AM:188;1763860441188;;
1188;382;0.7316688;0.4185767;0.7079777;0.4173002;535.3;0.2279026;False;11/23/2025 9:14:01 AM:211;1763860441211;;
1182;382;0.7282252;0.4187702;0.6773301;0.4428969;535.6;0.2421507;False;11/23/2025 9:14:01 AM:235;1763860441235;;
1177;382;0.725293;0.4189432;0.677424;0.4428316;535.8;0.2429142;False;11/23/2025 9:14:01 AM:258;1763860441258;;
1179;383;0.7260677;0.4197785;0.7458202;0.461455;533.6;0.2269754;False;11/23/2025 9:14:01 AM:283;1763860441283;;
1180;383;0.7270793;0.4198104;0.7514421;0.4401764;533.8;0.217943;False;11/23/2025 9:14:01 AM:306;1763860441306;;
1177;383;0.725343;0.4198633;0.688958;0.4415282;533.6;0.2218941;False;11/23/2025 9:14:01 AM:330;1763860441330;;
1177;383;0.725;0.4199443;0.705713;0.4435213;533.5;0.2225876;False;11/23/2025 9:14:01 AM:353;1763860441353;;
1177;384;0.725301;0.4203709;0.7370927;0.4555967;534.9;0.1972504;False;11/23/2025 9:14:01 AM:377;1763860441377;;
1178;384;0.7255841;0.4205806;0.7376838;0.4506209;533.8;0.2350723;False;11/23/2025 9:14:01 AM:401;1763860441401;;
1179;384;0.7260526;0.4205681;0.7430837;0.4198525;535.9;0.2410818;False;11/23/2025 9:14:01 AM:425;1763860441425;;
1179;384;0.7264208;0.4205576;0.7431519;0.4198038;537.8;0.2416483;False;11/23/2025 9:14:01 AM:447;1763860441447;;
1179;384;0.7264117;0.4205699;0.7243431;0.436564;541.1;0.2071921;False;11/23/2025 9:14:01 AM:471;1763860441471;;
1180;385;0.7267874;0.4213018;0.7442148;0.4624288;543.1;0.2239312;False;11/23/2025 9:14:01 AM:493;1763860441493;;
1180;385;0.7268162;0.4216472;0.7329283;0.4552816;544.9;0.224791;False;11/23/2025 9:14:01 AM:515;1763860441515;;
1179;385;0.7262717;0.422001;0.7071703;0.456356;545.5;0.2163986;False;11/23/2025 9:14:01 AM:537;1763860441537;;
1182;385;0.7279046;0.4219204;0.7624195;0.4177999;540.5;0.2342643;False;11/23/2025 9:14:01 AM:561;1763860441561;;
1184;385;0.7291906;0.4218557;0.7623762;0.4178253;536.0;0.2338299;False;11/23/2025 9:14:01 AM:583;1763860441583;;
1172;385;0.7222477;0.4218967;0.6553239;0.432742;534.1;0.2343028;False;11/23/2025 9:14:01 AM:606;1763860441606;;
1161;385;0.7154317;0.4219387;0.6469398;0.4292905;532.4;0.2356705;False;11/23/2025 9:14:01 AM:629;1763860441629;;
1162;385;0.7156776;0.4218826;0.7289658;0.4178603;535.0;0.2661686;False;11/23/2025 9:14:01 AM:653;1763860441653;;
1154;385;0.71079;0.4219023;0.6533888;0.4310238;535.0;0.2457524;False;11/23/2025 9:14:01 AM:677;1763860441677;;
1154;385;0.7105971;0.4218979;0.6973938;0.4213945;536.0;0.2402228;False;11/23/2025 9:14:01 AM:699;1763860441699;;
1154;385;0.711066;0.4218475;0.7246636;0.4185105;536.8;0.2346016;False;11/23/2025 9:14:01 AM:738;1763860441738;;
1154;385;0.7109919;0.4218164;0.7034107;0.4181241;533.8;0.2517937;False;11/23/2025 9:14:01 AM:762;1763860441762;;
1154;385;0.7111378;0.4218071;0.7214041;0.4200871;531.0;0.2528575;False;11/23/2025 9:14:01 AM:783;1763860441783;;
1153;385;0.7101512;0.4218957;0.68582;0.4345292;529.0;0.2296004;False;11/23/2025 9:14:01 AM:812;1763860441812;;
