X Filtered Pixel; Y Filtered Pixel; X Filtered Normalized; Y Filtered Normalized; X Raw Normalized; Y Raw Normalized; Distance to Camera in mm; Eye Aspect Ratio (Height/Width); Blinking; Timestamp With Milliseconds; Unix Timestamp In Milliseconds; AOI List; Additional Notes
848;463;0.5224156;0.5066666;0.5224156;0.5066666;394.1;0.2022402;False;11/23/2025 9:23:37 AM:54;1763861017054;;
845;479;0.520736;0.5242538;0.4837956;0.6787573;394.5;0.2268398;False;11/23/2025 9:23:37 AM:74;1763861017074;;
845;493;0.520649;0.5397452;0.510843;0.6830111;396.0;0.2030969;False;11/23/2025 9:23:37 AM:96;1763861017096;;
824;490;0.5075103;0.536755;0.4087225;0.4751298;396.0;0.2079216;False;11/23/2025 9:23:37 AM:119;1763861017119;;
798;489;0.4916912;0.535813;0.3798297;0.4980563;396.0;0.2078664;False;11/23/2025 9:23:37 AM:138;1763861017138;;
796;489;0.4901885;0.5358118;0.4544027;0.5329756;395.4;0.2129118;False;11/23/2025 9:23:37 AM:159;1763861017159;;
781;489;0.4813653;0.5358203;0.3995543;0.5379807;396.4;0.1958162;False;11/23/2025 9:23:37 AM:180;1763861017180;;
770;489;0.474717;0.5358273;0.3995559;0.5379794;397.3;0.1958186;False;11/23/2025 9:23:37 AM:201;1763861017201;;
772;490;0.4755729;0.5362142;0.4978227;0.5584702;398.5;0.2102107;False;11/23/2025 9:23:37 AM:223;1763861017223;;
773;490;0.4762976;0.5365485;0.4978332;0.5584952;399.6;0.2102078;False;11/23/2025 9:23:37 AM:245;1763861017245;;
770;491;0.4745033;0.5378271;0.4360334;0.5815749;401.1;0.2051607;False;11/23/2025 9:23:37 AM:267;1763861017267;;
768;490;0.4733008;0.5362942;0.4413939;0.4951939;401.4;0.2050848;False;11/23/2025 9:23:37 AM:291;1763861017291;;
763;490;0.4699205;0.5364936;0.4124852;0.5550878;401.7;0.2050865;False;11/23/2025 9:23:37 AM:310;1763861017310;;
775;495;0.4774345;0.5418301;0.5457743;0.6268176;402.0;0.2139255;False;11/23/2025 9:23:37 AM:333;1763861017333;;
779;504;0.4798448;0.5525148;0.520726;0.6785442;402.8;0.1998817;False;11/23/2025 9:23:37 AM:353;1763861017353;;
779;514;0.4798755;0.5634081;0.4835971;0.6944774;403.5;0.1999581;False;11/23/2025 9:23:37 AM:374;1763861017374;;
780;514;0.4803494;0.5634561;0.498449;0.5710778;402.8;0.2153445;False;11/23/2025 9:23:37 AM:396;1763861017396;;
786;537;0.4845666;0.5879047;0.5420628;0.775462;401.6;0.2132551;False;11/23/2025 9:23:37 AM:416;1763861017416;;
793;556;0.4883946;0.6090267;0.5420339;0.7754782;400.5;0.2132009;False;11/23/2025 9:23:37 AM:440;1763861017440;;
818;555;0.5037397;0.6073169;0.6056164;0.5673895;400.7;0.1949967;False;11/23/2025 9:23:37 AM:464;1763861017464;;
826;550;0.5087886;0.6025503;0.5722739;0.5268648;402.6;0.2180286;False;11/23/2025 9:23:37 AM:486;1763861017486;;
838;546;0.5165849;0.5983183;0.5969595;0.5227916;404.3;0.2182017;False;11/23/2025 9:23:37 AM:507;1763861017507;;
838;545;0.5161859;0.596469;0.5025538;0.5446328;403.4;0.2225253;False;11/23/2025 9:23:37 AM:530;1763861017530;;
865;566;0.5331988;0.620233;0.6402118;0.7817561;403.6;0.2158334;False;11/23/2025 9:23:37 AM:554;1763861017554;;
886;583;0.5458895;0.6381183;0.6402076;0.7817519;403.7;0.2158362;False;11/23/2025 9:23:37 AM:577;1763861017577;;
998;584;0.6145746;0.6397405;0.8143278;0.685;403.6;0.2266778;False;11/23/2025 9:23:37 AM:601;1763861017601;;
1068;570;0.6580068;0.6246343;0.8062189;0.4913288;403.2;0.226249;False;11/23/2025 9:23:37 AM:625;1763861017625;;
1118;555;0.6889253;0.608161;0.8067377;0.468986;402.5;0.2340282;False;11/23/2025 9:23:37 AM:650;1763861017650;;
1150;545;0.708474;0.5967031;0.8067425;0.4689956;401.8;0.2340373;False;11/23/2025 9:23:37 AM:671;1763861017671;;
1166;542;0.7185229;0.5938566;0.7838841;0.5263917;402.7;0.2406122;False;11/23/2025 9:23:37 AM:692;1763861017692;;
1179;540;0.7261099;0.5915169;0.783928;0.5264586;403.5;0.2406062;False;11/23/2025 9:23:37 AM:713;1763861017713;;
1185;542;0.7297879;0.593679;0.7655726;0.6384722;403.2;0.2332992;False;11/23/2025 9:23:37 AM:737;1763861017737;;
1175;539;0.7239543;0.5901765;0.6413372;0.5155349;402.4;0.2256979;False;11/23/2025 9:23:37 AM:759;1763861017759;;
1168;536;0.7193057;0.5873534;0.641224;0.5156738;401.6;0.2255857;False;11/23/2025 9:23:37 AM:781;1763861017781;;
1186;542;0.7303519;0.5931301;0.7965566;0.6638793;400.7;0.2343053;False;11/23/2025 9:23:37 AM:808;1763861017808;;
1192;568;0.7345828;0.6220171;0.7749624;0.7929077;400.8;0.2368732;False;11/23/2025 9:23:37 AM:833;1763861017833;;
1192;558;0.7344056;0.6110842;0.7063832;0.4864421;400.3;0.2299856;False;11/23/2025 9:23:37 AM:856;1763861017856;;
1189;549;0.7324178;0.6016814;0.6813568;0.4860057;399.8;0.2298436;False;11/23/2025 9:23:37 AM:880;1763861017880;;
1193;565;0.7347012;0.6190054;0.7634208;0.7491834;400.8;0.2366783;False;11/23/2025 9:23:37 AM:905;1763861017905;;
1220;559;0.751745;0.6120039;0.8483524;0.5109484;401.5;0.227062;False;11/23/2025 9:23:37 AM:928;1763861017928;;
1236;566;0.7615374;0.6201772;0.8311761;0.7082927;401.9;0.2204094;False;11/23/2025 9:23:37 AM:954;1763861017954;;
1250;572;0.7699364;0.6262769;0.8396853;0.7096053;402.3;0.2205244;False;11/23/2025 9:23:37 AM:977;1763861017977;;
1276;563;0.7858415;0.6162513;0.8849135;0.4997023;401.6;0.2258292;False;11/23/2025 9:23:37 AM:999;1763861017999;;
1298;576;0.7994481;0.6302589;0.8854019;0.7514419;400.6;0.246301;False;11/23/2025 9:23:38 AM:25;1763861018025;;
1317;576;0.8110666;0.6302546;0.8914996;0.6252007;402.0;0.2484775;False;11/23/2025 9:23:38 AM:50;1763861018050;;
1331;576;0.8200415;0.6302509;0.8914887;0.6252232;403.3;0.2484526;False;11/23/2025 9:23:38 AM:76;1763861018076;;
1337;579;0.823814;0.6336102;0.8707215;0.694028;404.1;0.2452895;False;11/23/2025 9:23:38 AM:103;1763861018103;;
1341;582;0.8258597;0.6369753;0.8638876;0.7036275;405.0;0.2419424;False;11/23/2025 9:23:38 AM:125;1763861018125;;
1344;583;0.8280891;0.6379968;0.8719374;0.6806718;405.8;0.2416894;False;11/23/2025 9:23:38 AM:147;1763861018147;;
1346;585;0.8291116;0.6405846;0.8599715;0.7055353;403.8;0.2419996;False;11/23/2025 9:23:38 AM:167;1763861018167;;
1373;586;0.8455724;0.6412479;0.9584112;0.6803373;401.6;0.2523896;False;11/23/2025 9:23:38 AM:189;1763861018189;;
1395;586;0.8590151;0.6413409;0.9629197;0.6643018;399.5;0.252253;False;11/23/2025 9:23:38 AM:210;1763861018210;;
1397;585;0.8605545;0.640881;0.8969752;0.6229151;398.6;0.2250787;False;11/23/2025 9:23:38 AM:231;1763861018231;;
1399;585;0.8614533;0.6408076;0.8916633;0.6353263;397.4;0.2523547;False;11/23/2025 9:23:38 AM:254;1763861018254;;
1400;585;0.8622541;0.6407422;0.8916423;0.6353993;396.3;0.2523012;False;11/23/2025 9:23:38 AM:276;1763861018276;;
1404;557;0.8648704;0.610215;0.9148718;0.4209706;396.4;0.2426992;False;11/23/2025 9:23:38 AM:299;1763861018299;;
1407;536;0.8663878;0.5871993;0.9068327;0.4269442;395.4;0.2471621;False;11/23/2025 9:23:38 AM:322;1763861018322;;
1408;521;0.8676073;0.5701643;0.9068372;0.4269323;394.6;0.2471663;False;11/23/2025 9:23:38 AM:344;1763861018344;;
1406;517;0.8658856;0.5662088;0.8376407;0.4972703;395.4;0.2602004;False;11/23/2025 9:23:38 AM:366;1763861018366;;
1406;496;0.8659303;0.5435964;0.8811689;0.3767101;394.6;0.2786085;False;11/23/2025 9:23:38 AM:390;1763861018390;;
1406;483;0.865985;0.5286706;0.8719828;0.3892946;393.8;0.2615246;False;11/23/2025 9:23:38 AM:411;1763861018411;;
1406;470;0.866039;0.5152815;0.8719692;0.3893118;393.1;0.2614956;False;11/23/2025 9:23:38 AM:436;1763861018436;;
1406;470;0.8660646;0.5149077;0.8756993;0.4881763;392.5;0.2614314;False;11/23/2025 9:23:38 AM:462;1763861018462;;
1404;485;0.8646325;0.5308781;0.8384284;0.6598373;393.5;0.2740548;False;11/23/2025 9:23:38 AM:488;1763861018488;;
1402;497;0.8633025;0.5448114;0.8384284;0.6598372;394.5;0.2740548;False;11/23/2025 9:23:38 AM:517;1763861018517;;
1401;502;0.8632167;0.5500787;0.8568546;0.630963;394.4;0.2626897;False;11/23/2025 9:23:38 AM:541;1763861018541;;
1401;502;0.8627373;0.5500884;0.8448648;0.5533538;394.4;0.2590352;False;11/23/2025 9:23:38 AM:564;1763861018564;;
1401;497;0.8631851;0.5439094;0.8812029;0.459646;395.3;0.2623924;False;11/23/2025 9:23:38 AM:589;1763861018589;;
1402;492;0.8635445;0.539138;0.8811982;0.4596546;396.0;0.2623795;False;11/23/2025 9:23:38 AM:611;1763861018611;;
1400;494;0.8621959;0.5405173;0.8319455;0.5811483;394.6;0.2624462;False;11/23/2025 9:23:38 AM:633;1763861018633;;
1399;495;0.8620669;0.5425964;0.8526156;0.5937541;395.8;0.2488761;False;11/23/2025 9:23:38 AM:657;1763861018657;;
1399;497;0.8619671;0.544172;0.852617;0.593761;396.9;0.2488841;False;11/23/2025 9:23:38 AM:679;1763861018679;;
1399;497;0.8620138;0.5442871;0.8671066;0.5608953;398.0;0.256254;False;11/23/2025 9:23:38 AM:702;1763861018702;;
1396;496;0.8598776;0.5436547;0.822388;0.5203408;397.4;0.2601913;False;11/23/2025 9:23:38 AM:729;1763861018729;;
1101;490;0.6784649;0.5368407;0.3886054;0.4475031;398.1;0.2505831;False;11/23/2025 9:23:38 AM:753;1763861018753;;
942;485;0.5801069;0.5315785;0.388886;0.4476094;398.7;0.2507821;False;11/23/2025 9:23:38 AM:776;1763861018776;;
714;481;0.4400607;0.5264614;0.2382593;0.4440835;398.5;0.2502364;False;11/23/2025 9:23:38 AM:800;1763861018800;;
555;476;0.342042;0.5212916;0.1893526;0.4339747;399.6;0.2538434;False;11/23/2025 9:23:38 AM:824;1763861018824;;
464;476;0.2861542;0.5216909;0.1904178;0.5368858;400.3;0.2692984;False;11/23/2025 9:23:38 AM:849;1763861018849;;
413;477;0.2547274;0.5220182;0.1904177;0.5368856;401.0;0.2692984;False;11/23/2025 9:23:38 AM:873;1763861018873;;
384;463;0.2366472;0.5066683;0.1984941;0.3757147;402.6;0.2591966;False;11/23/2025 9:23:38 AM:901;1763861018901;;
358;463;0.2208282;0.5066128;0.1861594;0.4977651;404.4;0.2618006;False;11/23/2025 9:23:38 AM:932;1763861018932;;
343;463;0.2117757;0.5065699;0.1861557;0.4977412;405.9;0.2617631;False;11/23/2025 9:23:38 AM:960;1763861018960;;
342;443;0.211139;0.4848079;0.2084544;0.3205762;408.1;0.2480798;False;11/23/2025 9:23:38 AM:984;1763861018984;;
335;442;0.2066046;0.4845569;0.1868761;0.45778;407.4;0.2542886;False;11/23/2025 9:23:39 AM:9;1763861019009;;
331;439;0.2040653;0.4808183;0.1930762;0.4101965;408.4;0.2541674;False;11/23/2025 9:23:39 AM:39;1763861019039;;
330;433;0.2035851;0.4739266;0.2004443;0.3710238;407.5;0.2459308;False;11/23/2025 9:23:39 AM:62;1763861019062;;
326;433;0.2011683;0.4742385;0.1851595;0.4852933;407.1;0.257443;False;11/23/2025 9:23:39 AM:86;1763861019086;;
323;433;0.1994504;0.4742137;0.1854213;0.4724415;406.7;0.2574479;False;11/23/2025 9:23:39 AM:108;1763861019108;;
323;423;0.1994007;0.4638205;0.1989167;0.3444736;406.2;0.2600673;False;11/23/2025 9:23:39 AM:133;1763861019133;;
325;403;0.2004446;0.4415024;0.2184512;0.267537;407.3;0.2570111;False;11/23/2025 9:23:39 AM:157;1763861019157;;
324;403;0.1999638;0.4412746;0.1939195;0.4080775;407.8;0.251134;False;11/23/2025 9:23:39 AM:179;1763861019179;;
324;403;0.1996228;0.4411047;0.1939141;0.408109;408.3;0.2511062;False;11/23/2025 9:23:39 AM:199;1763861019199;;
321;406;0.1980464;0.4452868;0.1783541;0.5091908;407.6;0.2552985;False;11/23/2025 9:23:39 AM:220;1763861019220;;
320;406;0.1974635;0.4452345;0.1880084;0.4398563;408.0;0.2584369;False;11/23/2025 9:23:39 AM:244;1763861019244;;
319;406;0.1970278;0.4451935;0.1880098;0.4398052;408.4;0.2583112;False;11/23/2025 9:23:39 AM:264;1763861019264;;
319;406;0.1965533;0.4451564;0.186797;0.4342925;409.4;0.2596734;False;11/23/2025 9:23:39 AM:288;1763861019288;;
319;401;0.1966953;0.4392601;0.2034176;0.3449607;410.2;0.2486953;False;11/23/2025 9:23:39 AM:311;1763861019311;;
319;397;0.1968118;0.4345828;0.2034171;0.3449642;410.9;0.2486982;False;11/23/2025 9:23:39 AM:333;1763861019333;;
319;397;0.1965253;0.4346272;0.1884785;0.4369091;411.4;0.2564892;False;11/23/2025 9:23:39 AM:356;1763861019356;;
318;397;0.1963139;0.434603;0.1890374;0.4327931;411.8;0.2564963;False;11/23/2025 9:23:39 AM:378;1763861019378;;
318;395;0.1959823;0.4323773;0.1849344;0.3667682;413.1;0.2541497;False;11/23/2025 9:23:39 AM:400;1763861019400;;
318;395;0.1958709;0.4322901;0.1904377;0.4201263;414.1;0.2551471;False;11/23/2025 9:23:39 AM:422;1763861019422;;
317;395;0.1957797;0.4322178;0.1904396;0.4201114;415.1;0.2551387;False;11/23/2025 9:23:39 AM:444;1763861019444;;
317;398;0.1955769;0.4361701;0.1860009;0.5003026;414.6;0.2612931;False;11/23/2025 9:23:39 AM:466;1763861019466;;
317;398;0.1954562;0.4361419;0.1876994;0.4287553;412.8;0.2678465;False;11/23/2025 9:23:39 AM:486;1763861019486;;
316;399;0.1951853;0.4369718;0.1824965;0.4651659;411.2;0.2679425;False;11/23/2025 9:23:39 AM:508;1763861019508;;
315;400;0.1943221;0.4379539;0.1693307;0.4712572;409.3;0.2682454;False;11/23/2025 9:23:39 AM:530;1763861019530;;
316;389;0.1947231;0.4257519;0.2127648;0.2938484;409.0;0.2567975;False;11/23/2025 9:23:39 AM:551;1763861019551;;
316;379;0.1948762;0.4147578;0.2064357;0.2920226;408.7;0.2569214;False;11/23/2025 9:23:39 AM:573;1763861019573;;
316;376;0.1949797;0.412156;0.2052201;0.3467194;409.0;0.2572174;False;11/23/2025 9:23:39 AM:596;1763861019596;;
318;356;0.1962301;0.3904421;0.2279905;0.2221813;410.5;0.2540931;False;11/23/2025 9:23:39 AM:619;1763861019619;;
320;342;0.1971141;0.3741923;0.226418;0.2209826;411.0;0.2587379;False;11/23/2025 9:23:39 AM:641;1763861019641;;
320;336;0.1973791;0.36814;0.2163745;0.2675564;411.4;0.2588429;False;11/23/2025 9:23:39 AM:663;1763861019663;;
320;337;0.197371;0.3691353;0.1967253;0.3959066;411.5;0.2566645;False;11/23/2025 9:23:39 AM:686;1763861019686;;
321;332;0.1976641;0.363724;0.2168501;0.2711327;412.0;0.2487926;False;11/23/2025 9:23:39 AM:710;1763861019710;;
321;328;0.1979041;0.3594499;0.2168477;0.2711478;412.5;0.2487961;False;11/23/2025 9:23:39 AM:731;1763861019731;;
321;327;0.1980292;0.357778;0.2139218;0.2954274;414.0;0.2707241;False;11/23/2025 9:23:39 AM:754;1763861019754;;
321;327;0.1980238;0.3579785;0.1976375;0.3654158;415.7;0.26425;False;11/23/2025 9:23:39 AM:777;1763861019777;;
321;327;0.1980194;0.3581364;0.1976363;0.3654233;417.2;0.2642439;False;11/23/2025 9:23:39 AM:796;1763861019796;;
321;327;0.198037;0.3585454;0.2000818;0.3728129;419.0;0.2564126;False;11/23/2025 9:23:39 AM:821;1763861019821;;
321;327;0.1980501;0.3588415;0.2000874;0.3727857;420.6;0.2564738;False;11/23/2025 9:23:39 AM:842;1763861019842;;
321;326;0.1981314;0.3574702;0.2097079;0.3089037;418.6;0.2625769;False;11/23/2025 9:23:39 AM:867;1763861019867;;
321;326;0.1981488;0.3574983;0.2020461;0.3594769;421.3;0.2648385;False;11/23/2025 9:23:39 AM:890;1763861019890;;
321;330;0.1980203;0.3616927;0.190579;0.431736;423.7;0.2649978;False;11/23/2025 9:23:39 AM:911;1763861019911;;
321;335;0.1978387;0.3674476;0.1908581;0.4307517;424.2;0.2657222;False;11/23/2025 9:23:39 AM:951;1763861019951;;
321;336;0.1978218;0.3678792;0.1952989;0.3933988;424.6;0.2660369;False;11/23/2025 9:23:39 AM:972;1763861019972;;
321;333;0.1979667;0.3647528;0.2092113;0.3053037;424.1;0.2761854;False;11/23/2025 9:23:39 AM:997;1763861019997;;
321;332;0.1980806;0.363388;0.2067932;0.3309793;424.2;0.257401;False;11/23/2025 9:23:40 AM:47;1763861020047;;
321;330;0.1981999;0.3616959;0.2105467;0.3084734;424.3;0.2572354;False;11/23/2025 9:23:40 AM:68;1763861020068;;
322;324;0.1986305;0.3547022;0.2191234;0.2560079;426.9;0.2507425;False;11/23/2025 9:23:40 AM:92;1763861020092;;
322;332;0.198337;0.3642104;0.1867072;0.4643411;429.2;0.2535791;False;11/23/2025 9:23:40 AM:116;1763861020116;;
322;328;0.1985795;0.3597972;0.2150343;0.2770414;429.0;0.2655144;False;11/23/2025 9:23:40 AM:137;1763861020137;;
323;323;0.1989413;0.3539145;0.2190733;0.2571034;428.9;0.265491;False;11/23/2025 9:23:40 AM:160;1763861020160;;
323;317;0.1993413;0.3477707;0.2210875;0.2468281;429.4;0.2489998;False;11/23/2025 9:23:40 AM:182;1763861020182;;
325;306;0.2002849;0.3349918;0.2319402;0.194184;430.0;0.248963;False;11/23/2025 9:23:40 AM:204;1763861020204;;
325;305;0.2003682;0.3343393;0.215108;0.2888719;429.9;0.2417642;False;11/23/2025 9:23:40 AM:229;1763861020229;;
349;345;0.2153628;0.3781708;0.3224722;0.5924958;428.2;0.2186381;False;11/23/2025 9:23:40 AM:252;1763861020252;;
372;371;0.2291917;0.4062409;0.3302236;0.5715448;426.8;0.2187523;False;11/23/2025 9:23:40 AM:275;1763861020275;;
414;385;0.2551218;0.4220802;0.3931043;0.5502121;426.4;0.2080993;False;11/23/2025 9:23:40 AM:296;1763861020296;;
413;419;0.2549181;0.4585166;0.2431792;0.6565624;427.1;0.2037338;False;11/23/2025 9:23:40 AM:318;1763861020318;;
413;444;0.2547416;0.486097;0.2431857;0.656568;427.7;0.2037364;False;11/23/2025 9:23:40 AM:340;1763861020340;;
410;472;0.2529029;0.5172593;0.2191469;0.6756557;428.2;0.2205574;False;11/23/2025 9:23:40 AM:368;1763861020368;;
409;489;0.252366;0.535806;0.2305598;0.6688619;425.5;0.2307097;False;11/23/2025 9:23:40 AM:393;1763861020393;;
406;502;0.2503645;0.5499774;0.2101238;0.666858;425.2;0.2381634;False;11/23/2025 9:23:40 AM:417;1763861020417;;
403;515;0.2482643;0.5638036;0.2101225;0.6668558;424.9;0.2381624;False;11/23/2025 9:23:40 AM:450;1763861020450;;
399;515;0.2462061;0.563668;0.2002375;0.5445228;423.7;0.2332202;False;11/23/2025 9:23:40 AM:472;1763861020472;;
393;512;0.2425437;0.5612284;0.183885;0.4995301;422.7;0.23358;False;11/23/2025 9:23:40 AM:496;1763861020496;;
389;512;0.2400057;0.5612198;0.1875254;0.5457649;420.6;0.2436696;False;11/23/2025 9:23:40 AM:518;1763861020518;;
383;511;0.2363589;0.5599219;0.1720925;0.5081406;417.6;0.2393086;False;11/23/2025 9:23:40 AM:539;1763861020539;;
379;510;0.2333898;0.5588366;0.1720869;0.5081316;414.8;0.239285;False;11/23/2025 9:23:40 AM:558;1763861020558;;
377;510;0.2325005;0.5587777;0.1923266;0.5529819;414.3;0.2361977;False;11/23/2025 9:23:40 AM:580;1763861020580;;
377;511;0.2324758;0.5597463;0.2091032;0.5877236;413.5;0.2388855;False;11/23/2025 9:23:40 AM:602;1763861020602;;
377;512;0.232454;0.5605484;0.2091144;0.5877312;412.7;0.2388951;False;11/23/2025 9:23:40 AM:625;1763861020625;;
377;512;0.2324357;0.5611989;0.209111;0.5877288;412.1;0.2388926;False;11/23/2025 9:23:40 AM:646;1763861020646;;
372;511;0.2296077;0.5598557;0.1721493;0.5155249;411.0;0.2451047;False;11/23/2025 9:23:40 AM:670;1763861020670;;
372;512;0.2295204;0.5604797;0.2262774;0.5861373;410.0;0.2438777;False;11/23/2025 9:23:40 AM:691;1763861020691;;
367;508;0.2263235;0.5562738;0.1664861;0.4805231;410.0;0.2297831;False;11/23/2025 9:23:40 AM:715;1763861020715;;
363;505;0.223984;0.5532005;0.166486;0.4805228;410.0;0.2297863;False;11/23/2025 9:23:40 AM:736;1763861020736;;
363;505;0.2239447;0.5531134;0.1983099;0.5319082;410.6;0.2362178;False;11/23/2025 9:23:40 AM:759;1763861020759;;
363;505;0.2238986;0.5530636;0.1986427;0.5463092;410.0;0.2386181;False;11/23/2025 9:23:40 AM:782;1763861020782;;
362;505;0.223351;0.552859;0.185898;0.5268487;409.5;0.2386278;False;11/23/2025 9:23:40 AM:804;1763861020804;;
373;486;0.2300645;0.5324727;0.2876846;0.3657732;409.8;0.2390261;False;11/23/2025 9:23:40 AM:827;1763861020827;;
397;467;0.2450065;0.5110206;0.3349007;0.3422513;407.9;0.2407879;False;11/23/2025 9:23:40 AM:850;1763861020850;;
416;451;0.2563568;0.4942474;0.3349561;0.3422698;406.1;0.2408224;False;11/23/2025 9:23:40 AM:874;1763861020874;;
499;411;0.3077651;0.4505745;0.474868;0.2175698;407.5;0.2322654;False;11/23/2025 9:23:40 AM:897;1763861020897;;
506;404;0.3119602;0.4424286;0.3520634;0.3341215;409.4;0.2489181;False;11/23/2025 9:23:40 AM:919;1763861020919;;
507;365;0.3124292;0.3998861;0.3208296;0.1735273;409.8;0.2567237;False;11/23/2025 9:23:40 AM:943;1763861020943;;
507;338;0.3127943;0.3698583;0.3208277;0.1735276;410.1;0.2567221;False;11/23/2025 9:23:40 AM:965;1763861020965;;
515;317;0.3172841;0.3471988;0.363226;0.1819176;409.6;0.2599301;False;11/23/2025 9:23:40 AM:988;1763861020988;;
515;305;0.3175947;0.3340742;0.3262622;0.2031582;409.1;0.2562234;False;11/23/2025 9:23:41 AM:10;1763861021010;;
516;295;0.3178744;0.323139;0.3264109;0.2031402;408.7;0.2563235;False;11/23/2025 9:23:41 AM:33;1763861021033;;
512;284;0.3153726;0.3109169;0.2658911;0.1825734;410.0;0.2616861;False;11/23/2025 9:23:41 AM:57;1763861021057;;
508;276;0.3130288;0.3024533;0.2625692;0.1893641;411.1;0.2617415;False;11/23/2025 9:23:41 AM:79;1763861021079;;
506;282;0.3121116;0.3094605;0.2753383;0.3960423;410.6;0.2530639;False;11/23/2025 9:23:41 AM:100;1763861021100;;
506;271;0.3120051;0.2971277;0.2986531;0.1663023;412.8;0.264208;False;11/23/2025 9:23:41 AM:124;1763861021124;;
506;271;0.3119765;0.2970914;0.294463;0.2935093;413.1;0.2727555;False;11/23/2025 9:23:41 AM:147;1763861021147;;
506;271;0.3119496;0.2970591;0.294506;0.293506;413.3;0.2727595;False;11/23/2025 9:23:41 AM:172;1763861021172;;
509;262;0.3134626;0.2873862;0.3398809;0.1674302;413.7;0.266651;False;11/23/2025 9:23:41 AM:193;1763861021193;;
510;257;0.3142297;0.2814341;0.3326237;0.1830364;413.3;0.2652946;False;11/23/2025 9:23:41 AM:216;1763861021216;;
511;252;0.3149005;0.2763447;0.3326928;0.1830374;413.0;0.2653244;False;11/23/2025 9:23:41 AM:239;1763861021239;;
544;253;0.3353165;0.2778899;0.4483269;0.3120347;412.9;0.2928642;False;11/23/2025 9:23:41 AM:261;1763861021261;;
543;255;0.3345455;0.2792225;0.3051441;0.311615;412.0;0.2634139;False;11/23/2025 9:23:41 AM:285;1763861021285;;
543;254;0.3345131;0.2786106;0.3204974;0.2422657;413.2;0.2580789;False;11/23/2025 9:23:41 AM:310;1763861021310;;
543;254;0.3343776;0.2785576;0.3160543;0.2700933;414.3;0.2579474;False;11/23/2025 9:23:41 AM:331;1763861021331;;
537;251;0.3311757;0.2746615;0.2756781;0.1944164;414.4;0.2684854;False;11/23/2025 9:23:41 AM:354;1763861021354;;
546;248;0.3364419;0.2720119;0.3907105;0.2020089;415.7;0.2549097;False;11/23/2025 9:23:41 AM:377;1763861021377;;
553;246;0.3405615;0.2698412;0.3907501;0.2020133;416.8;0.2549209;False;11/23/2025 9:23:41 AM:400;1763861021400;;
536;242;0.3306141;0.2650795;0.2462699;0.173785;417.2;0.2707216;False;11/23/2025 9:23:41 AM:424;1763861021424;;
532;242;0.3277864;0.2650419;0.277102;0.2633051;420.2;0.2600369;False;11/23/2025 9:23:41 AM:446;1763861021446;;
531;239;0.3269937;0.2617582;0.296003;0.1802814;421.3;0.2737849;False;11/23/2025 9:23:41 AM:469;1763861021469;;
530;236;0.3263589;0.259159;0.2960063;0.1802791;422.2;0.2737744;False;11/23/2025 9:23:41 AM:490;1763861021490;;
529;234;0.3261583;0.2569793;0.3041673;0.1818087;423.1;0.2737591;False;11/23/2025 9:23:41 AM:511;1763861021511;;
536;234;0.3305438;0.256896;0.3775511;0.2216427;423.0;0.2734629;False;11/23/2025 9:23:41 AM:536;1763861021536;;
528;237;0.3254707;0.2599142;0.2629364;0.3041425;422.9;0.2554492;False;11/23/2025 9:23:41 AM:562;1763861021562;;
521;237;0.3210227;0.25976;0.2588751;0.2476752;423.4;0.2707147;False;11/23/2025 9:23:41 AM:586;1763861021586;;
511;237;0.3149847;0.2597048;0.2427918;0.2566118;423.9;0.2707234;False;11/23/2025 9:23:41 AM:611;1763861021611;;
513;232;0.316416;0.2540391;0.3408598;0.1575765;424.4;0.2619793;False;11/23/2025 9:23:41 AM:633;1763861021633;;
516;228;0.3181331;0.2495189;0.3468769;0.1596296;422.9;0.2637961;False;11/23/2025 9:23:41 AM:658;1763861021658;;
517;224;0.31889;0.2458659;0.3384392;0.1590542;422.1;0.2611908;False;11/23/2025 9:23:41 AM:681;1763861021681;;
518;221;0.3195702;0.2426083;0.3384962;0.1590436;421.4;0.2612097;False;11/23/2025 9:23:41 AM:706;1763861021706;;
522;219;0.321881;0.2404235;0.3609636;0.1642675;422.6;0.2691745;False;11/23/2025 9:23:41 AM:729;1763861021729;;
530;218;0.3267603;0.2395312;0.3857786;0.1783321;423.8;0.2570593;False;11/23/2025 9:23:41 AM:751;1763861021751;;
548;218;0.3377033;0.2390293;0.4248875;0.1837656;427.1;0.2820695;False;11/23/2025 9:23:41 AM:774;1763861021774;;
562;218;0.3465234;0.2386593;0.4267065;0.1850155;430.0;0.2820631;False;11/23/2025 9:23:41 AM:798;1763861021798;;
578;218;0.3564023;0.2385995;0.4391599;0.1946865;429.2;0.2648356;False;11/23/2025 9:23:41 AM:822;1763861021822;;
578;217;0.3564111;0.2374858;0.3648001;0.171126;429.2;0.2685972;False;11/23/2025 9:23:41 AM:846;1763861021846;;
570;216;0.3512157;0.2365514;0.2948696;0.1714363;427.8;0.2745373;False;11/23/2025 9:23:41 AM:870;1763861021870;;
564;215;0.3474801;0.2359885;0.2963823;0.1749591;426.5;0.2745961;False;11/23/2025 9:23:41 AM:893;1763861021893;;
575;215;0.354309;0.2359441;0.4224354;0.1854262;426.6;0.2750636;False;11/23/2025 9:23:41 AM:917;1763861021917;;
580;215;0.357386;0.2352705;0.4081682;0.1709659;426.6;0.2750677;False;11/23/2025 9:23:41 AM:937;1763861021937;;
583;217;0.3595276;0.2377577;0.403139;0.276342;426.2;0.264437;False;11/23/2025 9:23:41 AM:960;1763861021960;;
583;216;0.3595468;0.2370035;0.3617856;0.1776585;425.0;0.2614222;False;11/23/2025 9:23:41 AM:982;1763861021982;;
582;215;0.3584521;0.2362524;0.3329386;0.1757252;423.9;0.261383;False;11/23/2025 9:23:42 AM:3;1763861022003;;
589;215;0.362931;0.2357552;0.4216644;0.1795357;425.0;0.2703522;False;11/23/2025 9:23:42 AM:27;1763861022027;;
589;214;0.3629352;0.2342035;0.3633445;0.1609997;426.2;0.2665146;False;11/23/2025 9:23:42 AM:50;1763861022050;;
589;212;0.3629389;0.2328695;0.3633661;0.161001;427.2;0.2665226;False;11/23/2025 9:23:42 AM:74;1763861022074;;
591;212;0.3644079;0.232598;0.4007;0.1764356;427.1;0.2550056;False;11/23/2025 9:23:42 AM:96;1763861022096;;
594;212;0.3659074;0.2323308;0.4039193;0.1757575;426.3;0.2708341;False;11/23/2025 9:23:42 AM:120;1763861022120;;
592;212;0.3646141;0.2319578;0.3391314;0.1731072;428.5;0.26084;False;11/23/2025 9:23:42 AM:143;1763861022143;;
590;211;0.3635334;0.2319032;0.3380145;0.1816132;430.4;0.2608397;False;11/23/2025 9:23:42 AM:165;1763861022165;;
596;211;0.3676043;0.2317869;0.4225827;0.1777893;430.5;0.2689319;False;11/23/2025 9:23:42 AM:189;1763861022189;;
617;212;0.3803713;0.2325794;0.4772598;0.2484998;430.0;0.2643991;False;11/23/2025 9:23:42 AM:212;1763861022212;;
614;212;0.3785176;0.2321327;0.3466045;0.1783595;430.4;0.272988;False;11/23/2025 9:23:42 AM:238;1763861022238;;
613;211;0.3778809;0.2319262;0.3577815;0.1817919;430.7;0.2730017;False;11/23/2025 9:23:42 AM:261;1763861022261;;
613;211;0.3779376;0.2313558;0.385199;0.1732923;429.6;0.2670302;False;11/23/2025 9:23:42 AM:283;1763861022283;;
613;210;0.3776466;0.2302378;0.3633541;0.161354;429.2;0.2632873;False;11/23/2025 9:23:42 AM:305;1763861022305;;
613;209;0.3776386;0.2295367;0.375325;0.1661918;428.9;0.2632239;False;11/23/2025 9:23:42 AM:327;1763861022327;;
610;209;0.3760579;0.2294185;0.3416641;0.1836252;428.2;0.2734718;False;11/23/2025 9:23:42 AM:349;1763861022349;;
605;209;0.3731004;0.2292574;0.324865;0.1765458;427.6;0.2735265;False;11/23/2025 9:23:42 AM:372;1763861022372;;
605;209;0.3730936;0.2288775;0.3681298;0.1943811;428.1;0.2680745;False;11/23/2025 9:23:42 AM:397;1763861022397;;
601;208;0.3702771;0.2282199;0.3220474;0.1673045;426.6;0.2717628;False;11/23/2025 9:23:42 AM:419;1763861022419;;
603;208;0.3718529;0.2281135;0.4020753;0.183243;428.0;0.2790004;False;11/23/2025 9:23:42 AM:442;1763861022442;;
605;208;0.3731104;0.2280246;0.4020609;0.1832344;429.4;0.2789364;False;11/23/2025 9:23:42 AM:463;1763861022463;;
568;208;0.3502759;0.2279028;0.2625519;0.1792493;430.8;0.2644161;False;11/23/2025 9:23:42 AM:512;1763861022512;;
568;208;0.3503007;0.2278416;0.3528251;0.1820972;432.1;0.2649598;False;11/23/2025 9:23:42 AM:537;1763861022537;;
567;208;0.3495148;0.2278194;0.3230379;0.180243;431.3;0.2733404;False;11/23/2025 9:23:42 AM:558;1763861022558;;
563;267;0.3471105;0.2923276;0.3022121;0.5394552;430.0;0.2510743;False;11/23/2025 9:23:42 AM:582;1763861022582;;
547;288;0.3369657;0.3157879;0.2506652;0.4528822;428.1;0.2507682;False;11/23/2025 9:23:42 AM:606;1763861022606;;
535;303;0.3295;0.3323859;0.2506344;0.4528844;426.5;0.2507498;False;11/23/2025 9:23:42 AM:628;1763861022628;;
530;343;0.326545;0.37576;0.2741798;0.5760615;426.7;0.2553622;False;11/23/2025 9:23:42 AM:651;1763861022651;;
516;351;0.3182003;0.3840582;0.2343715;0.4630745;426.3;0.2493087;False;11/23/2025 9:23:42 AM:674;1763861022674;;
513;356;0.3159204;0.3897334;0.2663212;0.4556433;426.0;0.2492752;False;11/23/2025 9:23:42 AM:697;1763861022697;;
530;388;0.3264851;0.4246668;0.4047098;0.6124495;424.5;0.2593529;False;11/23/2025 9:23:42 AM:720;1763861022720;;
510;407;0.3141702;0.4453126;0.213618;0.5878317;421.7;0.2388307;False;11/23/2025 9:23:42 AM:741;1763861022741;;
494;421;0.3044115;0.4613712;0.2135905;0.5877936;419.1;0.2387953;False;11/23/2025 9:23:42 AM:763;1763861022763;;
470;425;0.2897937;0.4659916;0.1863103;0.5272511;417.3;0.2439659;False;11/23/2025 9:23:42 AM:788;1763861022788;;
470;453;0.2896777;0.4962164;0.2702757;0.6730606;415.9;0.240293;False;11/23/2025 9:23:42 AM:812;1763861022812;;
470;472;0.2895809;0.5170289;0.2700506;0.6729586;414.7;0.240141;False;11/23/2025 9:23:42 AM:833;1763861022833;;
470;472;0.2895311;0.5169823;0.2715358;0.5130357;413.5;0.2292762;False;11/23/2025 9:23:42 AM:856;1763861022856;;
451;472;0.2778453;0.5172814;0.1790716;0.5304592;412.2;0.2348907;False;11/23/2025 9:23:42 AM:878;1763861022878;;
435;473;0.2682524;0.5175468;0.1790538;0.5304192;411.0;0.234855;False;11/23/2025 9:23:42 AM:901;1763861022901;;
426;473;0.2624938;0.5178131;0.1892435;0.5320452;411.1;0.2363476;False;11/23/2025 9:23:42 AM:923;1763861022923;;
432;473;0.2660171;0.5176322;0.3092758;0.4968815;410.2;0.2401728;False;11/23/2025 9:23:42 AM:945;1763861022945;;
435;473;0.2679876;0.5176258;0.3003689;0.5070412;409.3;0.2402397;False;11/23/2025 9:23:42 AM:968;1763861022968;;
435;489;0.2679847;0.5350294;0.2576134;0.6761977;410.0;0.2409533;False;11/23/2025 9:23:42 AM:990;1763861022990;;
469;494;0.2890267;0.5407949;0.4043957;0.6258869;411.9;0.1770986;False;11/23/2025 9:23:43 AM:13;1763861023013;;
490;520;0.3019684;0.5695508;0.3897086;0.7547189;414.5;0.1846933;False;11/23/2025 9:23:43 AM:36;1763861023036;;
507;540;0.3127374;0.5917144;0.394317;0.7567467;416.9;0.1847975;False;11/23/2025 9:23:43 AM:58;1763861023058;;
522;543;0.3215879;0.5948346;0.3933353;0.6567987;421.0;0.1790497;False;11/23/2025 9:23:43 AM:83;1763861023083;;
521;545;0.3209951;0.5970642;0.2960786;0.6544567;422.5;0.1936148;False;11/23/2025 9:23:43 AM:105;1763861023105;;
521;546;0.3209909;0.5981128;0.3122412;0.6403808;423.9;0.1936832;False;11/23/2025 9:23:43 AM:128;1763861023128;;
525;544;0.3233608;0.5959008;0.3597856;0.5494772;424.7;0.2061823;False;11/23/2025 9:23:43 AM:153;1763861023153;;
521;554;0.3210302;0.6069176;0.278306;0.7254962;424.7;0.2088684;False;11/23/2025 9:23:43 AM:177;1763861023177;;
517;561;0.3188152;0.6144692;0.2733047;0.7220059;424.7;0.2090607;False;11/23/2025 9:23:43 AM:198;1763861023198;;
513;570;0.3164742;0.6238133;0.2690624;0.7430714;423.8;0.2117072;False;11/23/2025 9:23:43 AM:221;1763861023221;;
504;570;0.3105872;0.6236805;0.2409311;0.6172982;422.9;0.2035791;False;11/23/2025 9:23:43 AM:245;1763861023245;;
497;569;0.3064928;0.6229193;0.2430828;0.5976436;422.1;0.2036811;False;11/23/2025 9:23:43 AM:266;1763861023266;;
474;556;0.2918847;0.6089348;0.1858774;0.4851784;421.0;0.2171582;False;11/23/2025 9:23:43 AM:290;1763861023290;;
467;556;0.2880431;0.609062;0.2297674;0.6255981;421.3;0.2224514;False;11/23/2025 9:23:43 AM:317;1763861023317;;
467;555;0.287589;0.6072257;0.2583911;0.5638898;418.8;0.2050291;False;11/23/2025 9:23:43 AM:341;1763861023341;;
467;553;0.2875744;0.6056103;0.2674642;0.5617486;416.5;0.205086;False;11/23/2025 9:23:43 AM:366;1763861023366;;
479;554;0.2953618;0.6065674;0.3596221;0.6410277;417.1;0.2129283;False;11/23/2025 9:23:43 AM:389;1763861023389;;
597;570;0.3677302;0.6238773;0.5638704;0.7702797;417.8;0.205338;False;11/23/2025 9:23:43 AM:413;1763861023413;;
821;596;0.5061023;0.6531596;0.7481952;0.8398466;415.8;0.2128499;False;11/23/2025 9:23:43 AM:436;1763861023436;;
945;615;0.5820169;0.673959;0.748182;0.8398405;414.0;0.2128082;False;11/23/2025 9:23:43 AM:458;1763861023458;;
1016;640;0.6258552;0.7002873;0.7314167;0.8778558;413.2;0.2179657;False;11/23/2025 9:23:43 AM:481;1763861023481;;
1075;646;0.662308;0.7070988;0.7541528;0.8006587;410.7;0.2181386;False;11/23/2025 9:23:43 AM:506;1763861023506;;
1110;650;0.6840068;0.7121229;0.7541597;0.8006563;408.5;0.2181412;False;11/23/2025 9:23:43 AM:526;1763861023526;;
1137;667;0.7003435;0.7301523;0.7557305;0.8861103;408.3;0.2264983;False;11/23/2025 9:23:43 AM:549;1763861023549;;
1149;674;0.7079421;0.7381809;0.7407868;0.8493729;408.5;0.2143711;False;11/23/2025 9:23:43 AM:571;1763861023571;;
1158;680;0.7134061;0.7446857;0.7408345;0.8493473;408.7;0.2143687;False;11/23/2025 9:23:43 AM:593;1763861023593;;
1164;686;0.7172025;0.7508413;0.7365922;0.8490161;407.7;0.2011744;False;11/23/2025 9:23:43 AM:619;1763861023619;;
1169;690;0.7198778;0.7556288;0.7365953;0.8490209;406.9;0.201188;False;11/23/2025 9:23:43 AM:642;1763861023642;;
1177;694;0.7248676;0.7599486;0.7537136;0.8496766;406.4;0.2258615;False;11/23/2025 9:23:43 AM:669;1763861023669;;
1178;696;0.7255025;0.7625293;0.7312651;0.8413244;407.8;0.2149684;False;11/23/2025 9:23:43 AM:692;1763861023692;;
1124;697;0.6926808;0.76265;0.5209089;0.7668506;407.2;0.2275698;False;11/23/2025 9:23:43 AM:717;1763861023717;;
1106;697;0.681478;0.7636067;0.5739208;0.8186907;407.2;0.2243784;False;11/23/2025 9:23:43 AM:745;1763861023745;;
1075;698;0.662521;0.7638732;0.5356154;0.7908176;407.2;0.2244162;False;11/23/2025 9:23:43 AM:774;1763861023774;;
1059;698;0.6526264;0.7639412;0.5539932;0.7981794;405.9;0.2277778;False;11/23/2025 9:23:43 AM:803;1763861023803;;
1045;699;0.6436837;0.7654223;0.5458714;0.8278044;406.7;0.212824;False;11/23/2025 9:23:43 AM:832;1763861023832;;
983;699;0.6058513;0.7656769;0.4376807;0.7779817;407.6;0.2212402;False;11/23/2025 9:23:43 AM:857;1763861023857;;
1000;702;0.6158241;0.7689701;0.6859702;0.8537453;407.8;0.2321249;False;11/23/2025 9:23:43 AM:879;1763861023879;;
1032;705;0.6359254;0.7722042;0.7446505;0.8611326;407.9;0.2211624;False;11/23/2025 9:23:43 AM:900;1763861023900;;
1054;709;0.6491027;0.7760405;0.737036;0.8735694;408.1;0.2212178;False;11/23/2025 9:23:43 AM:921;1763861023921;;
1055;710;0.6497304;0.7769542;0.66254;0.8408911;409.0;0.2291453;False;11/23/2025 9:23:43 AM:942;1763861023942;;
1067;711;0.6572436;0.7782477;0.7189993;0.8475649;408.8;0.2275343;False;11/23/2025 9:23:43 AM:966;1763861023966;;
1075;716;0.6622482;0.7840894;0.7153643;0.8989454;408.6;0.2275357;False;11/23/2025 9:23:43 AM:988;1763861023988;;
1077;718;0.6636727;0.7861783;0.6913043;0.8710731;410.1;0.2181966;False;11/23/2025 9:23:44 AM:10;1763861024010;;
1079;720;0.6648917;0.787999;0.6913622;0.8710359;411.5;0.2182711;False;11/23/2025 9:23:44 AM:31;1763861024031;;
1072;720;0.6604261;0.7880617;0.6014187;0.8441334;410.4;0.2102006;False;11/23/2025 9:23:44 AM:55;1763861024055;;
1081;720;0.6659474;0.7885898;0.7236456;0.8106185;409.2;0.2381928;False;11/23/2025 9:23:44 AM:78;1763861024078;;
1088;721;0.6700502;0.7890046;0.7236535;0.8106206;408.2;0.2382012;False;11/23/2025 9:23:44 AM:100;1763861024100;;
1093;723;0.6731225;0.7919756;0.7191066;0.8812345;406.5;0.2151344;False;11/23/2025 9:23:44 AM:123;1763861024123;;
1090;723;0.671729;0.7920677;0.6408492;0.7946349;406.9;0.2240904;False;11/23/2025 9:23:44 AM:147;1763861024147;;
1090;724;0.6717414;0.7921592;0.6738368;0.8375683;406.1;0.2090029;False;11/23/2025 9:23:44 AM:171;1763861024171;;
1093;724;0.6730993;0.7923462;0.7041799;0.8406125;405.3;0.2089891;False;11/23/2025 9:23:44 AM:193;1763861024193;;
1101;725;0.6785207;0.7941081;0.7399638;0.8676028;403.7;0.2236966;False;11/23/2025 9:23:44 AM:218;1763861024218;;
1101;725;0.6782889;0.794296;0.6671847;0.8340153;403.2;0.2014523;False;11/23/2025 9:23:44 AM:241;1763861024241;;
1096;726;0.6750666;0.794529;0.6308773;0.8320253;402.9;0.201362;False;11/23/2025 9:23:44 AM:267;1763861024267;;
1096;726;0.6748945;0.7949078;0.6638917;0.8465292;403.5;0.2043802;False;11/23/2025 9:23:44 AM:297;1763861024297;;
1010;727;0.6219551;0.7954382;0.4427208;0.8523028;404.7;0.2121279;False;11/23/2025 9:23:44 AM:319;1763861024319;;
1009;727;0.6219034;0.7954514;0.6202441;0.8410286;405.1;0.1924473;False;11/23/2025 9:23:44 AM:344;1763861024344;;
1010;729;0.6220032;0.7976632;0.6347952;0.8769084;405.2;0.21504;False;11/23/2025 9:23:44 AM:368;1763861024368;;
1010;731;0.6220765;0.8007855;0.6353961;0.8928846;405.2;0.2149398;False;11/23/2025 9:23:44 AM:391;1763861024391;;
988;732;0.6086717;0.8012399;0.5221745;0.8205767;405.9;0.2231215;False;11/23/2025 9:23:44 AM:415;1763861024415;;
1010;732;0.6222345;0.801281;0.7245362;0.8488029;404.2;0.2259313;False;11/23/2025 9:23:44 AM:439;1763861024439;;
1023;732;0.6300117;0.8015949;0.7127184;0.8344386;402.7;0.2259328;False;11/23/2025 9:23:44 AM:461;1763861024461;;
1030;732;0.6346835;0.8018655;0.7002395;0.8126966;406.0;0.2163053;False;11/23/2025 9:23:44 AM:484;1763861024484;;
991;731;0.6104165;0.8005521;0.4943027;0.7743917;404.8;0.2165379;False;11/23/2025 9:23:44 AM:507;1763861024507;;
963;730;0.5932493;0.7995067;0.4941216;0.7743657;403.7;0.2164279;False;11/23/2025 9:23:44 AM:530;1763861024530;;
994;732;0.6124139;0.8010849;0.7363297;0.8618907;406.3;0.2224701;False;11/23/2025 9:23:44 AM:553;1763861024553;;
1003;734;0.6178406;0.8035893;0.6880048;0.8759589;407.4;0.2053799;False;11/23/2025 9:23:44 AM:577;1763861024577;;
1010;736;0.6220763;0.8056187;0.6878991;0.8759501;408.5;0.2053223;False;11/23/2025 9:23:44 AM:600;1763861024600;;
982;723;0.6049912;0.7914607;0.5090571;0.6759112;407.5;0.211734;False;11/23/2025 9:23:44 AM:624;1763861024624;;
981;727;0.6042264;0.7957115;0.5893624;0.8834649;408.5;0.2108426;False;11/23/2025 9:23:44 AM:648;1763861024648;;
984;727;0.6060979;0.7961563;0.6537089;0.8422645;408.2;0.2153623;False;11/23/2025 9:23:44 AM:670;1763861024670;;
987;728;0.6077693;0.7965649;0.6537093;0.8422647;408.0;0.2153628;False;11/23/2025 9:23:44 AM:693;1763861024693;;
1009;728;0.6215095;0.7967921;0.7277327;0.8163673;407.3;0.2137474;False;11/23/2025 9:23:44 AM:717;1763861024717;;
989;729;0.6095579;0.7978687;0.5278112;0.8555947;407.6;0.2231485;False;11/23/2025 9:23:44 AM:739;1763861024739;;
986;729;0.6073521;0.7982824;0.5767127;0.8442544;408.0;0.2280787;False;11/23/2025 9:23:44 AM:765;1763861024765;;
983;729;0.6057179;0.798604;0.5766768;0.844256;408.3;0.2280651;False;11/23/2025 9:23:44 AM:787;1763861024787;;
988;730;0.6088301;0.7988216;0.661675;0.8238022;409.9;0.21925;False;11/23/2025 9:23:44 AM:811;1763861024811;;
982;728;0.6050529;0.7968408;0.5583347;0.7600746;408.4;0.22428;False;11/23/2025 9:23:44 AM:833;1763861024833;;
971;726;0.5984669;0.7949021;0.5347452;0.7566746;407.1;0.2246028;False;11/23/2025 9:23:44 AM:857;1763861024857;;
974;715;0.5999839;0.7832204;0.6352701;0.6737938;406.9;0.2356672;False;11/23/2025 9:23:44 AM:880;1763861024880;;
976;707;0.6011923;0.7744967;0.6355253;0.6737727;406.7;0.2358111;False;11/23/2025 9:23:44 AM:902;1763861024902;;
967;700;0.5956861;0.7665487;0.5386209;0.6715279;407.2;0.2373563;False;11/23/2025 9:23:44 AM:927;1763861024927;;
909;701;0.5599991;0.7679134;0.4112557;0.8116902;407.8;0.2255821;False;11/23/2025 9:23:44 AM:949;1763861024949;;
862;700;0.5308071;0.7668769;0.4027026;0.7324625;408.4;0.2175307;False;11/23/2025 9:23:44 AM:972;1763861024972;;
827;700;0.5094203;0.7659857;0.4027833;0.7324301;409.0;0.2176095;False;11/23/2025 9:23:44 AM:996;1763861024996;;
836;695;0.5152446;0.7605444;0.5936983;0.6752363;409.9;0.2146575;False;11/23/2025 9:23:45 AM:19;1763861025019;;
836;691;0.5153091;0.7569075;0.541249;0.6838832;409.5;0.2402297;False;11/23/2025 9:23:45 AM:41;1763861025041;;
836;688;0.5153661;0.7538048;0.5412711;0.6838682;409.1;0.2402678;False;11/23/2025 9:23:45 AM:65;1763861025065;;
837;688;0.5159996;0.7533028;0.5542487;0.7183095;412.4;0.2129176;False;11/23/2025 9:23:45 AM:91;1763861025091;;
853;687;0.525444;0.7523772;0.6203135;0.7064683;415.3;0.2425007;False;11/23/2025 9:23:45 AM:114;1763861025114;;
851;688;0.5246077;0.7536756;0.5105034;0.7846903;415.7;0.2189765;False;11/23/2025 9:23:45 AM:139;1763861025139;;
848;689;0.5224087;0.7539231;0.4914589;0.7661176;416.0;0.219012;False;11/23/2025 9:23:45 AM:161;1763861025161;;
872;693;0.5373018;0.7587638;0.6466022;0.8318565;417.8;0.2762667;False;11/23/2025 9:23:45 AM:184;1763861025184;;
819;693;0.5049006;0.7587315;0.3674495;0.748311;421.2;0.2392481;False;11/23/2025 9:23:45 AM:206;1763861025206;;
813;693;0.5009499;0.7587236;0.4587693;0.7542446;423.9;0.243481;False;11/23/2025 9:23:45 AM:229;1763861025229;;
805;692;0.4957928;0.7573121;0.4415957;0.7086565;426.3;0.2436142;False;11/23/2025 9:23:45 AM:250;1763861025250;;
820;692;0.5050375;0.7573133;0.5932679;0.7574741;426.3;0.2484631;False;11/23/2025 9:23:45 AM:274;1763861025274;;
831;692;0.5119198;0.7573144;0.5932437;0.7574829;426.4;0.2484265;False;11/23/2025 9:23:45 AM:295;1763861025295;;
831;692;0.5118258;0.7578256;0.5086098;0.7807034;430.4;0.2243241;False;11/23/2025 9:23:45 AM:317;1763861025317;;
813;690;0.5011366;0.7557415;0.4236831;0.7015783;430.5;0.2330942;False;11/23/2025 9:23:45 AM:340;1763861025340;;
801;689;0.493353;0.754104;0.4236912;0.7015709;430.7;0.233108;False;11/23/2025 9:23:45 AM:363;1763861025363;;
801;676;0.493608;0.7397906;0.5138188;0.6010182;430.1;0.2235887;False;11/23/2025 9:23:45 AM:385;1763861025385;;
829;672;0.5104698;0.7354059;0.6173123;0.6549533;428.6;0.2487;False;11/23/2025 9:23:45 AM:411;1763861025411;;
847;669;0.5220857;0.7321521;0.6172798;0.6549668;427.2;0.2486499;False;11/23/2025 9:23:45 AM:433;1763861025433;;
864;667;0.5321565;0.7306475;0.6209543;0.6716359;428.2;0.2380963;False;11/23/2025 9:23:45 AM:457;1763861025457;;
862;667;0.5309253;0.7301239;0.5057644;0.6859546;428.2;0.2489091;False;11/23/2025 9:23:45 AM:478;1763861025478;;
880;660;0.5422063;0.7231464;0.6337792;0.6134952;429.8;0.2419832;False;11/23/2025 9:23:45 AM:502;1763861025502;;
894;655;0.5509103;0.7174962;0.6338763;0.6133384;431.2;0.2424278;False;11/23/2025 9:23:45 AM:525;1763861025525;;
898;660;0.5529989;0.722192;0.5978153;0.7843723;433.3;0.2322851;False;11/23/2025 9:23:45 AM:548;1763861025548;;
901;665;0.5548958;0.7286126;0.5992303;0.8065259;435.2;0.2564296;False;11/23/2025 9:23:45 AM:571;1763861025571;;
903;667;0.5561385;0.7303489;0.5953994;0.7696456;436.9;0.2552246;False;11/23/2025 9:23:45 AM:593;1763861025593;;
905;669;0.557457;0.7324451;0.5995177;0.7801456;438.4;0.2560891;False;11/23/2025 9:23:45 AM:614;1763861025614;;
908;668;0.5593178;0.7311938;0.606818;0.6850939;438.4;0.2635617;False;11/23/2025 9:23:45 AM:637;1763861025637;;
909;670;0.5598132;0.7336873;0.5921398;0.7851546;436.3;0.2578118;False;11/23/2025 9:23:45 AM:660;1763861025660;;
909;672;0.5602229;0.7357004;0.592086;0.7850842;434.4;0.2584239;False;11/23/2025 9:23:45 AM:682;1763861025682;;
911;671;0.5615184;0.7349184;0.6055596;0.7014293;436.1;0.2511806;False;11/23/2025 9:23:45 AM:705;1763861025705;;
911;670;0.5615304;0.7338727;0.5861141;0.6926019;437.6;0.2520249;False;11/23/2025 9:23:45 AM:727;1763861025727;;
911;671;0.5615386;0.7348202;0.5860032;0.7660248;437.3;0.2637421;False;11/23/2025 9:23:45 AM:750;1763861025750;;
915;669;0.5635266;0.7328009;0.6143831;0.6802834;443.4;0.2601695;False;11/23/2025 9:23:45 AM:775;1763861025775;;
917;668;0.5651963;0.7311029;0.6143801;0.6802728;448.8;0.2602196;False;11/23/2025 9:23:45 AM:799;1763861025799;;
918;670;0.5654252;0.7335193;0.5843945;0.7817649;450.9;0.2120252;False;11/23/2025 9:23:45 AM:824;1763861025824;;
917;672;0.5651903;0.7362067;0.5598146;0.7906376;459.2;0.1936905;False;11/23/2025 9:23:45 AM:849;1763861025849;;
918;672;0.5654218;0.7361985;0.593899;0.7322255;457.0;0.2265036;False;11/23/2025 9:23:45 AM:871;1763861025871;;
919;673;0.5659395;0.7363616;0.6002542;0.7505932;455.0;0.2278702;False;11/23/2025 9:23:45 AM:892;1763861025892;;
921;664;0.567385;0.7268941;0.6140296;0.616803;455.8;0.236198;False;11/23/2025 9:23:45 AM:916;1763861025916;;
944;647;0.5814869;0.7086096;0.691979;0.5561187;457.4;0.2412417;False;11/23/2025 9:23:45 AM:939;1763861025939;;
961;634;0.5923533;0.6944401;0.6920259;0.5560693;458.9;0.2414282;False;11/23/2025 9:23:45 AM:961;1763861025961;;
962;630;0.5927649;0.6897582;0.6257018;0.6055705;454.1;0.2376081;False;11/23/2025 9:23:45 AM:984;1763861025984;;
962;630;0.5927956;0.6896757;0.6163462;0.6683218;448.2;0.258296;False;11/23/2025 9:23:46 AM:8;1763861026008;;
963;621;0.5933272;0.6804206;0.6287639;0.5629474;449.7;0.2723671;False;11/23/2025 9:23:46 AM:30;1763861026030;;
964;613;0.593795;0.6713994;0.6291594;0.551168;451.0;0.2733834;False;11/23/2025 9:23:46 AM:52;1763861026052;;
970;599;0.5978001;0.6560076;0.6644759;0.5082312;448.8;0.2629434;False;11/23/2025 9:23:46 AM:76;1763861026076;;
971;599;0.5979595;0.6559832;0.6200674;0.6267945;445.6;0.2620974;False;11/23/2025 9:23:46 AM:99;1763861026099;;
971;599;0.5981677;0.6554142;0.6068723;0.6106299;442.8;0.2632489;False;11/23/2025 9:23:46 AM:122;1763861026122;;
971;596;0.5982533;0.6521015;0.6197171;0.5701095;439.6;0.2527261;False;11/23/2025 9:23:46 AM:145;1763861026145;;
971;594;0.5984021;0.65061;0.6152546;0.5855809;436.8;0.2535479;False;11/23/2025 9:23:46 AM:167;1763861026167;;
977;585;0.601881;0.6400766;0.6642951;0.5066322;440.9;0.2724282;False;11/23/2025 9:23:46 AM:190;1763861026190;;
977;584;0.6018984;0.6397955;0.6273253;0.6194384;440.1;0.268028;False;11/23/2025 9:23:46 AM:214;1763861026214;;
980;584;0.6034513;0.6391842;0.6513332;0.587494;437.2;0.2654041;False;11/23/2025 9:23:46 AM:237;1763861026237;;
982;583;0.6047172;0.6381834;0.6516482;0.5777283;434.6;0.265976;False;11/23/2025 9:23:46 AM:260;1763861026260;;
982;575;0.6052124;0.6294428;0.642461;0.5057474;434.2;0.2631135;False;11/23/2025 9:23:46 AM:284;1763861026284;;
983;574;0.605496;0.6282735;0.6399669;0.5628783;432.0;0.2504002;False;11/23/2025 9:23:46 AM:308;1763861026308;;
986;581;0.6074743;0.6358292;0.6621981;0.7137122;435.3;0.2962552;False;11/23/2025 9:23:46 AM:332;1763861026332;;
989;586;0.609014;0.6413955;0.6623018;0.7135923;438.2;0.2968726;False;11/23/2025 9:23:46 AM:353;1763861026353;;
989;585;0.6092985;0.6401013;0.6193212;0.582479;436.9;0.2811193;False;11/23/2025 9:23:46 AM:376;1763861026376;;
992;580;0.6109253;0.6353801;0.6617746;0.5429187;438.2;0.2858895;False;11/23/2025 9:23:46 AM:401;1763861026401;;
994;577;0.6121594;0.6318495;0.6617687;0.5429223;439.4;0.2858629;False;11/23/2025 9:23:46 AM:423;1763861026423;;
994;580;0.6122307;0.6348177;0.6139625;0.6795824;438.1;0.2744704;False;11/23/2025 9:23:46 AM:447;1763861026447;;
994;580;0.6121586;0.6350092;0.6102768;0.6421094;437.4;0.2731413;False;11/23/2025 9:23:46 AM:470;1763861026470;;
996;566;0.6134862;0.6199912;0.6586079;0.4719698;435.4;0.2793595;False;11/23/2025 9:23:46 AM:493;1763861026493;;
1001;557;0.6166027;0.6102283;0.6799271;0.4807566;433.5;0.2808271;False;11/23/2025 9:23:46 AM:515;1763861026515;;
1005;549;0.6191466;0.6013927;0.6778614;0.4785861;434.6;0.2756566;False;11/23/2025 9:23:46 AM:538;1763861026538;;
1014;546;0.624492;0.5980707;0.7005746;0.5140818;433.9;0.2923556;False;11/23/2025 9:23:46 AM:561;1763861026561;;
1020;544;0.6283765;0.5956011;0.7005832;0.5140755;433.2;0.2924009;False;11/23/2025 9:23:46 AM:582;1763861026582;;
1020;553;0.6286921;0.6054562;0.6374766;0.6884974;431.3;0.2828756;False;11/23/2025 9:23:46 AM:611;1763861026611;;
1019;560;0.6278473;0.6137022;0.6124425;0.7048976;429.6;0.2803683;False;11/23/2025 9:23:46 AM:632;1763861026632;;
1020;569;0.628159;0.623318;0.6588523;0.7210411;429.0;0.2718871;False;11/23/2025 9:23:46 AM:657;1763861026657;;
1019;570;0.6279094;0.6238237;0.6215079;0.6436376;427.3;0.2766692;False;11/23/2025 9:23:46 AM:679;1763861026679;;
1019;565;0.6279809;0.6185908;0.6311838;0.5301266;426.6;0.2808852;False;11/23/2025 9:23:46 AM:702;1763861026702;;
1019;561;0.628043;0.614163;0.6311615;0.5300732;425.9;0.2814361;False;11/23/2025 9:23:46 AM:725;1763861026725;;
1019;560;0.6279138;0.6135713;0.6233884;0.5735407;424.0;0.2573982;False;11/23/2025 9:23:46 AM:749;1763861026749;;
1024;557;0.6309851;0.6099106;0.6853122;0.5285715;424.9;0.2902253;False;11/23/2025 9:23:46 AM:772;1763861026772;;
1024;557;0.6308465;0.6096247;0.6260178;0.5725063;425.2;0.2801018;False;11/23/2025 9:23:46 AM:797;1763861026797;;
1024;556;0.6308919;0.6092215;0.6345395;0.5675801;425.5;0.2806424;False;11/23/2025 9:23:46 AM:819;1763861026819;;
1024;555;0.6309146;0.6073589;0.6417217;0.5417628;428.9;0.2699998;False;11/23/2025 9:23:46 AM:843;1763861026843;;
1023;561;0.630251;0.6138585;0.6134162;0.6894468;427.0;0.2656416;False;11/23/2025 9:23:46 AM:867;1763861026867;;
1023;560;0.6300057;0.613749;0.6202709;0.5998598;425.3;0.266063;False;11/23/2025 9:23:46 AM:890;1763861026890;;
1022;560;0.6295653;0.613663;0.6143705;0.5984259;426.5;0.273733;False;11/23/2025 9:23:46 AM:914;1763861026914;;
1023;561;0.6304043;0.6142994;0.6574149;0.6344214;427.6;0.2737176;False;11/23/2025 9:23:46 AM:937;1763861026937;;
1024;561;0.6305816;0.6145262;0.6456358;0.6252728;427.7;0.2807695;False;11/23/2025 9:23:46 AM:961;1763861026961;;
1024;561;0.6307246;0.6147038;0.6456956;0.6252059;427.7;0.281088;False;11/23/2025 9:23:46 AM:983;1763861026983;;
1024;560;0.6305771;0.6135414;0.6234382;0.5689902;427.9;0.2867688;False;11/23/2025 9:23:47 AM:6;1763861027006;;
1023;558;0.6304865;0.6109099;0.624637;0.5437302;428.1;0.287423;False;11/23/2025 9:23:47 AM:28;1763861027028;;
1030;555;0.6345161;0.6077259;0.6907742;0.5336415;429.1;0.2674438;False;11/23/2025 9:23:47 AM:52;1763861027052;;
1051;543;0.6477247;0.5946817;0.743723;0.4592194;427.3;0.2854348;False;11/23/2025 9:23:47 AM:76;1763861027076;;
1051;542;0.6474063;0.5939096;0.6370373;0.5494677;431.4;0.2707531;False;11/23/2025 9:23:47 AM:106;1763861027106;;
1050;542;0.6470073;0.5937439;0.6316419;0.5586435;435.0;0.2695282;False;11/23/2025 9:23:47 AM:127;1763861027127;;
1050;548;0.6470121;0.5997008;0.6511737;0.673847;434.4;0.2847382;False;11/23/2025 9:23:47 AM:151;1763861027151;;
1048;550;0.6456681;0.6019394;0.6162947;0.6460096;436.0;0.30561;False;11/23/2025 9:23:47 AM:175;1763861027175;;
1048;548;0.6458234;0.6004088;0.656756;0.5479577;435.0;0.2662115;False;11/23/2025 9:23:47 AM:198;1763861027198;;
1050;546;0.6465576;0.598241;0.671163;0.5342953;434.0;0.2667288;False;11/23/2025 9:23:47 AM:221;1763861027221;;
1050;546;0.6466374;0.5981625;0.6563845;0.5832777;433.8;0.2774209;False;11/23/2025 9:23:47 AM:244;1763861027244;;
1051;545;0.6476706;0.5973728;0.6767655;0.5540129;433.3;0.2889087;False;11/23/2025 9:23:47 AM:269;1763861027269;;
1051;546;0.6475013;0.5977346;0.6393604;0.6106461;432.0;0.273412;False;11/23/2025 9:23:47 AM:293;1763861027293;;
1051;546;0.6473354;0.5977253;0.6388357;0.5970799;430.8;0.2748603;False;11/23/2025 9:23:47 AM:318;1763861027318;;
1053;547;0.6485177;0.5985774;0.6781233;0.6234201;430.9;0.2929222;False;11/23/2025 9:23:47 AM:346;1763861027346;;
1054;546;0.6491638;0.5977363;0.6724935;0.5610705;432.4;0.2864743;False;11/23/2025 9:23:47 AM:373;1763861027373;;
1058;527;0.6516996;0.5774369;0.6955162;0.4258522;434.4;0.2840023;False;11/23/2025 9:23:47 AM:400;1763861027400;;
1061;511;0.6533497;0.5596151;0.6881616;0.429786;436.2;0.2849741;False;11/23/2025 9:23:47 AM:437;1763861027437;;
1055;546;0.6500655;0.5980264;0.6078397;0.7982177;434.0;0.2623818;False;11/23/2025 9:23:47 AM:460;1763861027460;;
1062;545;0.6542833;0.5971203;0.7134113;0.546176;434.6;0.2831011;False;11/23/2025 9:23:47 AM:484;1763861027484;;
1062;545;0.6543766;0.5969673;0.6711344;0.5772665;434.4;0.2769383;False;11/23/2025 9:23:47 AM:506;1763861027506;;
1062;545;0.6544379;0.5969312;0.6704366;0.5664601;434.2;0.2781796;False;11/23/2025 9:23:47 AM:528;1763861027528;;
1061;544;0.6538401;0.5959389;0.6387983;0.5434213;436.7;0.2692151;False;11/23/2025 9:23:47 AM:552;1763861027552;;
1058;547;0.6514853;0.5995358;0.6151237;0.6535919;438.1;0.2460614;False;11/23/2025 9:23:47 AM:576;1763861027576;;
1055;548;0.6500746;0.599583;0.6205378;0.6020738;442.8;0.2365251;False;11/23/2025 9:23:47 AM:599;1763861027599;;
1049;547;0.6464465;0.5992882;0.5942556;0.5661916;447.0;0.237305;False;11/23/2025 9:23:47 AM:621;1763861027621;;
1033;548;0.6361603;0.6006083;0.5517122;0.6333035;450.9;0.22561;False;11/23/2025 9:23:47 AM:643;1763861027643;;
1032;549;0.6359281;0.6013762;0.6215184;0.6269422;452.3;0.2299157;False;11/23/2025 9:23:47 AM:666;1763861027666;;
1032;549;0.6358167;0.6013568;0.6247162;0.5979596;453.5;0.2308817;False;11/23/2025 9:23:47 AM:688;1763861027688;;
1032;548;0.6355767;0.6006172;0.6195429;0.5628424;457.1;0.2601314;False;11/23/2025 9:23:47 AM:710;1763861027710;;
1034;546;0.6368731;0.5981462;0.6652262;0.5346684;458.2;0.2386958;False;11/23/2025 9:23:47 AM:733;1763861027733;;
1055;540;0.6496329;0.5908369;0.7399833;0.487372;456.0;0.2626094;False;11/23/2025 9:23:47 AM:757;1763861027757;;
1071;534;0.6594868;0.5848693;0.7400703;0.487308;454.0;0.2629437;False;11/23/2025 9:23:47 AM:781;1763861027781;;
1067;534;0.6574934;0.5847706;0.621237;0.563755;453.0;0.2690072;False;11/23/2025 9:23:47 AM:806;1763861027806;;
1065;534;0.6561227;0.5847298;0.6234858;0.5570065;450.9;0.2772029;False;11/23/2025 9:23:47 AM:830;1763861027830;;
1063;534;0.6551024;0.5845629;0.6246582;0.5516401;449.1;0.2783124;False;11/23/2025 9:23:47 AM:853;1763861027853;;
1063;565;0.6549304;0.6184691;0.6393001;0.8060676;446.4;0.2728336;False;11/23/2025 9:23:47 AM:876;1763861027876;;
1063;563;0.6549667;0.6168197;0.6573548;0.555367;445.8;0.2844015;False;11/23/2025 9:23:47 AM:901;1763861027901;;
1065;561;0.6561592;0.6147361;0.6840506;0.5418606;445.2;0.2846809;False;11/23/2025 9:23:47 AM:923;1763861027923;;
1066;561;0.6567452;0.6145236;0.6757383;0.572821;442.8;0.2780893;False;11/23/2025 9:23:47 AM:945;1763861027945;;
1067;552;0.6571018;0.6048279;0.6726744;0.4764313;441.6;0.2680763;False;11/23/2025 9:23:47 AM:969;1763861027969;;
1067;545;0.6573985;0.5972452;0.6728375;0.4763613;440.6;0.2687115;False;11/23/2025 9:23:47 AM:990;1763861027990;;
1069;545;0.6586202;0.5970021;0.6887994;0.5639859;438.7;0.2719463;False;11/23/2025 9:23:48 AM:16;1763861028016;;
1069;535;0.6586373;0.5862965;0.66527;0.447934;438.0;0.2668481;False;11/23/2025 9:23:48 AM:39;1763861028039;;
1074;535;0.6617997;0.5859566;0.7115633;0.5686262;436.5;0.2807344;False;11/23/2025 9:23:48 AM:62;1763861028062;;
1078;535;0.6643395;0.5856732;0.7115392;0.5686424;435.1;0.2806471;False;11/23/2025 9:23:48 AM:86;1763861028086;;
1081;535;0.6658304;0.5855762;0.7041024;0.5816883;435.7;0.2684464;False;11/23/2025 9:23:48 AM:108;1763861028108;;
1101;531;0.6783729;0.581578;0.7791035;0.490427;433.5;0.2611776;False;11/23/2025 9:23:48 AM:131;1763861028131;;
1101;529;0.6785365;0.5787929;0.6975685;0.498271;433.1;0.2768009;False;11/23/2025 9:23:48 AM:155;1763861028155;;
1102;526;0.6786726;0.5765152;0.6975424;0.498253;432.7;0.2764893;False;11/23/2025 9:23:48 AM:176;1763861028176;;
1102;525;0.6787699;0.5752168;0.6965683;0.5086094;428.8;0.2658977;False;11/23/2025 9:23:48 AM:200;1763861028200;;
1101;525;0.6781635;0.5744417;0.6629624;0.5139481;425.6;0.2524466;False;11/23/2025 9:23:48 AM:224;1763861028224;;
1101;524;0.6782106;0.5738435;0.691914;0.5143572;422.8;0.2533413;False;11/23/2025 9:23:48 AM:246;1763861028246;;
1105;523;0.6808195;0.5723854;0.7301584;0.4997864;421.0;0.2756072;False;11/23/2025 9:23:48 AM:269;1763861028269;;
1109;521;0.683136;0.5710512;0.7302204;0.4997333;419.4;0.2758148;False;11/23/2025 9:23:48 AM:293;1763861028293;;
1107;518;0.6816708;0.5677968;0.6565471;0.4747082;422.0;0.2729764;False;11/23/2025 9:23:48 AM:319;1763861028319;;
1108;516;0.6824977;0.5652193;0.7135112;0.4762543;422.1;0.2695574;False;11/23/2025 9:23:48 AM:342;1763861028342;;
1108;514;0.6825809;0.5624766;0.7000614;0.468434;422.1;0.2824344;False;11/23/2025 9:23:48 AM:365;1763861028365;;
1109;513;0.6832948;0.5617149;0.7151576;0.4891205;422.0;0.2837838;False;11/23/2025 9:23:48 AM:386;1763861028386;;
1122;513;0.6913019;0.561377;0.7738414;0.4955951;422.6;0.2717873;False;11/23/2025 9:23:48 AM:409;1763861028409;;
1146;512;0.7060124;0.560275;0.8120203;0.4828829;422.9;0.2520583;False;11/23/2025 9:23:48 AM:434;1763861028434;;
1165;511;0.7175776;0.5593128;0.8120308;0.4828756;423.2;0.2520936;False;11/23/2025 9:23:48 AM:458;1763861028458;;
1173;510;0.7225319;0.5587652;0.7892798;0.5431412;422.0;0.2724989;False;11/23/2025 9:23:48 AM:482;1763861028482;;
1193;510;0.7347299;0.55829;0.8323418;0.5181748;420.4;0.2813326;False;11/23/2025 9:23:48 AM:507;1763861028507;;
1206;509;0.743047;0.5578394;0.8283007;0.4954279;420.7;0.2677924;False;11/23/2025 9:23:48 AM:529;1763861028529;;
1217;509;0.7495686;0.5577755;0.828842;0.5023944;421.0;0.2684088;False;11/23/2025 9:23:48 AM:552;1763861028552;;
1217;509;0.7495664;0.5574432;0.7494928;0.5129998;419.9;0.2720712;False;11/23/2025 9:23:48 AM:577;1763861028577;;
1217;508;0.749706;0.556409;0.7725462;0.4861493;419.4;0.3027039;False;11/23/2025 9:23:48 AM:603;1763861028603;;
1216;508;0.7490658;0.5559291;0.7347357;0.5207427;417.9;0.2956122;False;11/23/2025 9:23:48 AM:626;1763861028626;;
1216;507;0.7490555;0.555677;0.7485587;0.5126613;416.6;0.2968959;False;11/23/2025 9:23:48 AM:648;1763861028648;;
1221;507;0.7523336;0.5553008;0.8080128;0.4970395;415.9;0.2768001;False;11/23/2025 9:23:48 AM:671;1763861028671;;
1230;507;0.7575061;0.5551349;0.8273458;0.5005215;415.3;0.2773493;False;11/23/2025 9:23:48 AM:694;1763861028694;;
1231;506;0.7585129;0.5545214;0.7958364;0.4912456;415.8;0.2948917;False;11/23/2025 9:23:48 AM:717;1763861028717;;
1234;506;0.7602299;0.5540556;0.8070349;0.5243726;415.7;0.3057804;False;11/23/2025 9:23:48 AM:740;1763861028740;;
1239;501;0.7631516;0.5482318;0.8186093;0.4388354;414.3;0.2832241;False;11/23/2025 9:23:48 AM:765;1763861028765;;
1242;497;0.7652599;0.5440227;0.8185189;0.4389296;413.0;0.2829332;False;11/23/2025 9:23:48 AM:788;1763861028788;;
1254;496;0.7723245;0.5437208;0.8566402;0.5344534;412.3;0.2764526;False;11/23/2025 9:23:48 AM:810;1763861028810;;
1252;496;0.7709416;0.5435662;0.7490476;0.538653;413.3;0.3012828;False;11/23/2025 9:23:48 AM:832;1763861028832;;
1252;496;0.7710801;0.5432517;0.7835826;0.5237624;414.2;0.3016364;False;11/23/2025 9:23:48 AM:854;1763861028854;;
1266;504;0.7801549;0.5517724;0.8705212;0.6390967;414.9;0.2632743;False;11/23/2025 9:23:48 AM:876;1763861028876;;
1289;488;0.7943076;0.5349829;0.9042893;0.3728449;415.3;0.2883886;False;11/23/2025 9:23:48 AM:899;1763861028899;;
1307;476;0.8052849;0.5217127;0.9043421;0.3728338;415.7;0.2886609;False;11/23/2025 9:23:48 AM:921;1763861028921;;
1319;476;0.8124717;0.5214069;0.8944314;0.4768551;415.5;0.2840408;False;11/23/2025 9:23:48 AM:943;1763861028943;;
1326;476;0.8169639;0.5213256;0.8852447;0.4884358;415.9;0.2910883;False;11/23/2025 9:23:48 AM:966;1763861028966;;
1327;476;0.8173057;0.521162;0.8483719;0.4936069;414.7;0.2904915;False;11/23/2025 9:23:48 AM:988;1763861028988;;
1327;476;0.817582;0.521031;0.8484267;0.4935563;413.7;0.2906885;False;11/23/2025 9:23:49 AM:9;1763861029009;;
1327;479;0.8175901;0.5244331;0.8419855;0.577171;412.4;0.282028;False;11/23/2025 9:23:49 AM:32;1763861029032;;
1327;479;0.8176199;0.5243985;0.8185424;0.4971694;412.6;0.282979;False;11/23/2025 9:23:49 AM:56;1763861029056;;
1327;479;0.8176399;0.5243736;0.8184587;0.497245;412.8;0.2826713;False;11/23/2025 9:23:49 AM:78;1763861029078;;
1327;477;0.8174087;0.5226602;0.8104438;0.4602642;413.7;0.2956824;False;11/23/2025 9:23:49 AM:101;1763861029101;;
1327;476;0.8172265;0.5212658;0.8105636;0.4601457;414.6;0.2961107;False;11/23/2025 9:23:49 AM:123;1763861029123;;
1327;479;0.8172376;0.5245329;0.8298571;0.5762507;414.1;0.301956;False;11/23/2025 9:23:49 AM:145;1763861029145;;
1327;481;0.8172864;0.5271181;0.8262937;0.5746447;414.3;0.2838465;False;11/23/2025 9:23:49 AM:169;1763861029169;;
1327;483;0.817327;0.5291727;0.8262927;0.5746461;414.4;0.2838421;False;11/23/2025 9:23:49 AM:190;1763861029190;;
1321;483;0.8139077;0.5290837;0.7693202;0.5111227;414.2;0.2721006;False;11/23/2025 9:23:49 AM:213;1763861029213;;
1290;487;0.7949271;0.5329218;0.6866449;0.5978764;418.7;0.2762097;False;11/23/2025 9:23:49 AM:236;1763861029236;;
1245;519;0.7667654;0.5688726;0.641419;0.764538;421.0;0.2481837;False;11/23/2025 9:23:49 AM:261;1763861029261;;
1212;544;0.7466161;0.5953695;0.6414118;0.7645407;423.0;0.2481567;False;11/23/2025 9:23:49 AM:285;1763861029285;;
1207;542;0.7436048;0.5940867;0.7051336;0.5487797;422.2;0.2676655;False;11/23/2025 9:23:49 AM:310;1763861029310;;
1237;538;0.7622267;0.5896878;0.8770395;0.5093197;421.3;0.2627942;False;11/23/2025 9:23:49 AM:334;1763861029334;;
1256;529;0.7735653;0.578869;0.8660866;0.4540989;422.2;0.2556929;False;11/23/2025 9:23:49 AM:356;1763861029356;;
1283;512;0.7905895;0.5605454;0.9067242;0.3938222;423.0;0.2564231;False;11/23/2025 9:23:49 AM:378;1763861029378;;
1291;492;0.7950189;0.5385786;0.8540108;0.3683689;422.8;0.2826013;False;11/23/2025 9:23:49 AM:402;1763861029402;;
1324;496;0.8158802;0.5430614;0.9357349;0.607506;422.6;0.259547;False;11/23/2025 9:23:49 AM:426;1763861029426;;
1365;495;0.8405839;0.5420686;0.9709167;0.4970816;422.4;0.259697;False;11/23/2025 9:23:49 AM:448;1763861029448;;
1374;494;0.8466251;0.5410743;0.9129201;0.4942696;420.7;0.2499183;False;11/23/2025 9:23:49 AM:471;1763861029471;;
1412;484;0.8700087;0.5298244;0.9952101;0.4003989;417.7;0.2593287;False;11/23/2025 9:23:49 AM:494;1763861029494;;
1421;481;0.8755706;0.5271075;0.9378657;0.4539315;414.6;0.2615117;False;11/23/2025 9:23:49 AM:517;1763861029517;;
1431;480;0.8815264;0.5253115;0.9501377;0.4585696;411.7;0.2614384;False;11/23/2025 9:23:49 AM:538;1763861029538;;
1447;477;0.8914884;0.5224358;0.9760141;0.4440985;412.4;0.2601891;False;11/23/2025 9:23:49 AM:562;1763861029562;;
1459;475;0.8989388;0.5201414;0.9760224;0.4440441;413.0;0.2602178;False;11/23/2025 9:23:49 AM:583;1763861029583;;
1461;475;0.8998244;0.5198896;0.9296466;0.4971296;413.4;0.2520171;False;11/23/2025 9:23:49 AM:607;1763861029607;;
1467;475;0.9037797;0.5197249;0.9608745;0.4790131;414.4;0.258166;False;11/23/2025 9:23:49 AM:631;1763861029631;;
1472;474;0.9066421;0.5195994;0.9608729;0.4790202;415.3;0.2581609;False;11/23/2025 9:23:49 AM:653;1763861029653;;
1472;474;0.9066712;0.5195291;0.920312;0.5168535;413.7;0.2624117;False;11/23/2025 9:23:49 AM:678;1763861029678;;
1472;478;0.906746;0.5230985;0.9131437;0.5755726;412.7;0.252889;False;11/23/2025 9:23:49 AM:701;1763861029701;;
1473;478;0.9073521;0.5230494;0.9361462;0.5022531;411.4;0.2576777;False;11/23/2025 9:23:49 AM:725;1763861029725;;
1474;478;0.9081692;0.523049;0.9425916;0.5230254;410.2;0.2578458;False;11/23/2025 9:23:49 AM:746;1763861029746;;
1474;489;0.9082394;0.5351022;0.9124874;0.6465691;409.0;0.2500961;False;11/23/2025 9:23:49 AM:770;1763861029770;;
1430;505;0.880986;0.5529695;0.7553691;0.6945446;413.7;0.2497036;False;11/23/2025 9:23:49 AM:794;1763861029794;;
1405;517;0.8657036;0.5660876;0.7754124;0.6870732;417.9;0.2499677;False;11/23/2025 9:23:49 AM:818;1763861029818;;
1252;523;0.7713796;0.5724354;0.5627607;0.6569882;422.7;0.2741017;False;11/23/2025 9:23:49 AM:843;1763861029843;;
1224;519;0.7538863;0.5683205;0.6722305;0.4957552;423.5;0.2739401;False;11/23/2025 9:23:49 AM:865;1763861029865;;
1194;520;0.7357067;0.5689623;0.6521614;0.5967081;424.4;0.2595528;False;11/23/2025 9:23:49 AM:889;1763861029889;;
1173;520;0.7226158;0.5694986;0.6522248;0.5966529;425.2;0.2598113;False;11/23/2025 9:23:49 AM:911;1763861029911;;
1136;521;0.6999432;0.5709915;0.6016771;0.6170589;423.1;0.2224066;False;11/23/2025 9:23:49 AM:934;1763861029934;;
1133;521;0.6981934;0.5710354;0.6813538;0.5828819;422.9;0.2407604;False;11/23/2025 9:23:49 AM:958;1763861029958;;
1130;521;0.6963266;0.5710337;0.6749293;0.5707185;422.6;0.2411401;False;11/23/2025 9:23:49 AM:979;1763861029979;;
1131;517;0.6968018;0.5658884;0.708667;0.4880236;421.3;0.2420954;False;11/23/2025 9:23:50 AM:2;1763861030002;;
1110;514;0.6838595;0.5632546;0.6073992;0.5053959;424.0;0.2553745;False;11/23/2025 9:23:50 AM:27;1763861030027;;
1096;512;0.6751551;0.5612608;0.6090391;0.5055906;426.5;0.2562142;False;11/23/2025 9:23:50 AM:47;1763861030047;;
1079;512;0.6649763;0.5605851;0.5935758;0.5254956;431.5;0.2284593;False;11/23/2025 9:23:50 AM:70;1763861030070;;
1066;511;0.6567073;0.5595798;0.591145;0.5162036;442.7;0.3129258;False;11/23/2025 9:23:50 AM:92;1763861030092;;
1055;511;0.6496992;0.5592049;0.5889449;0.5282241;452.9;0.3138996;False;11/23/2025 9:23:50 AM:115;1763861030115;;
1041;513;0.6414717;0.5615466;0.5743716;0.6093768;470.8;0.2799134;False;11/23/2025 9:23:50 AM:138;1763861030138;;
1040;515;0.6407908;0.5639918;0.6240678;0.6166704;482.2;0.2472201;False;11/23/2025 9:23:50 AM:160;1763861030160;;
1035;515;0.6373306;0.5640157;0.5917915;0.5679067;492.5;0.2484786;False;11/23/2025 9:23:50 AM:183;1763861030183;;
1032;512;0.6360404;0.5612143;0.609971;0.5015776;494.7;0.2281606;False;11/23/2025 9:23:50 AM:208;1763861030208;;
1019;521;0.627885;0.5705391;0.552822;0.6771029;498.6;0.2325351;False;11/23/2025 9:23:50 AM:230;1763861030230;;
1014;521;0.6249114;0.5706581;0.5795731;0.5817898;496.4;0.1796677;False;11/23/2025 9:23:50 AM:254;1763861030254;;
1011;521;0.6225443;0.5707573;0.5795731;0.58179;494.5;0.1796661;False;11/23/2025 9:23:50 AM:277;1763861030277;;
1010;518;0.622434;0.5677729;0.6106153;0.5057855;490.9;0.218121;False;11/23/2025 9:23:50 AM:300;1763861030300;;
1010;517;0.6224298;0.5662013;0.6217523;0.5167081;487.6;0.2219185;False;11/23/2025 9:23:50 AM:322;1763861030322;;
1010;516;0.6224892;0.5648884;0.6274524;0.51626;484.6;0.2233824;False;11/23/2025 9:23:50 AM:342;1763861030342;;
988;526;0.6086978;0.575652;0.5108001;0.6854478;481.4;0.2499931;False;11/23/2025 9:23:50 AM:366;1763861030366;;
960;528;0.5916088;0.5786082;0.4781539;0.6405308;478.5;0.250186;False;11/23/2025 9:23:50 AM:387;1763861030387;;
961;538;0.592088;0.5886475;0.6105988;0.7028067;477.4;0.251955;False;11/23/2025 9:23:50 AM:409;1763861030409;;
942;532;0.580266;0.5830261;0.4890938;0.4986726;474.5;0.2441458;False;11/23/2025 9:23:50 AM:431;1763861030431;;
923;529;0.5686675;0.5796643;0.4769624;0.5109021;471.9;0.2446704;False;11/23/2025 9:23:50 AM:453;1763861030453;;
921;529;0.5674754;0.5797969;0.5366469;0.5904186;472.8;0.2584762;False;11/23/2025 9:23:50 AM:475;1763861030475;;
921;529;0.5675906;0.5788179;0.5750927;0.5407568;472.5;0.2497271;False;11/23/2025 9:23:50 AM:499;1763861030499;;
908;503;0.5591483;0.5503666;0.4820251;0.3643049;472.5;0.2410748;False;11/23/2025 9:23:50 AM:523;1763861030523;;
898;484;0.5529622;0.5300093;0.4823362;0.3643203;472.5;0.2413907;False;11/23/2025 9:23:50 AM:545;1763861030545;;
928;450;0.5715717;0.4932142;0.6801957;0.2810037;470.8;0.2353045;False;11/23/2025 9:23:50 AM:567;1763861030567;;
928;461;0.5715001;0.5053546;0.5583959;0.6295621;468.4;0.2498522;False;11/23/2025 9:23:50 AM:589;1763861030589;;
928;470;0.5714415;0.5148941;0.5585076;0.6295624;466.3;0.2500299;False;11/23/2025 9:23:50 AM:610;1763861030610;;
932;474;0.5743133;0.5192013;0.6158331;0.5990031;464.7;0.2448342;False;11/23/2025 9:23:50 AM:634;1763861030634;;
943;479;0.5808066;0.5247696;0.6455631;0.6163447;462.7;0.2471445;False;11/23/2025 9:23:50 AM:657;1763861030657;;
951;483;0.5857562;0.5291409;0.6455974;0.6163352;460.9;0.2471787;False;11/23/2025 9:23:50 AM:679;1763861030679;;
950;493;0.5855323;0.539919;0.5730877;0.6654859;460.2;0.248723;False;11/23/2025 9:23:50 AM:702;1763861030702;;
949;521;0.5847589;0.5706032;0.5607966;0.769823;458.9;0.2438552;False;11/23/2025 9:23:50 AM:727;1763861030727;;
948;524;0.58391;0.5738505;0.5569131;0.651942;456.5;0.2553496;False;11/23/2025 9:23:50 AM:750;1763861030750;;
944;527;0.5813034;0.5766842;0.5331663;0.6550503;454.4;0.2557077;False;11/23/2025 9:23:50 AM:771;1763861030771;;
927;531;0.570851;0.5817878;0.4829754;0.6786005;453.4;0.243697;False;11/23/2025 9:23:50 AM:794;1763861030794;;
914;535;0.563153;0.5857415;0.4829921;0.6785985;452.4;0.2437092;False;11/23/2025 9:23:50 AM:816;1763861030816;;
897;525;0.5524356;0.5752104;0.4613082;0.47715;451.8;0.2540459;False;11/23/2025 9:23:50 AM:840;1763861030840;;
898;528;0.5533205;0.5785388;0.5731996;0.6593587;449.6;0.2545886;False;11/23/2025 9:23:50 AM:864;1763861030864;;
899;531;0.5539937;0.5810518;0.5733141;0.659344;447.7;0.2546756;False;11/23/2025 9:23:50 AM:886;1763861030886;;
901;531;0.5548739;0.5810846;0.5777398;0.61731;446.7;0.2528315;False;11/23/2025 9:23:50 AM:909;1763861030909;;
877;534;0.5402864;0.5848646;0.4399042;0.6753437;446.6;0.2610469;False;11/23/2025 9:23:50 AM:932;1763861030932;;
877;547;0.5401415;0.5992031;0.5286398;0.7497197;445.8;0.2502552;False;11/23/2025 9:23:50 AM:957;1763861030957;;
877;557;0.5400305;0.609626;0.5286962;0.7496958;445.0;0.2502935;False;11/23/2025 9:23:50 AM:978;1763861030978;;
881;553;0.5428024;0.6059142;0.5857279;0.5548073;443.0;0.2619396;False;11/23/2025 9:23:51 AM:0;1763861031000;;
858;562;0.5285;0.6149046;0.4302012;0.7401704;442.5;0.2548877;False;11/23/2025 9:23:51 AM:24;1763861031024;;
841;568;0.5179963;0.6218848;0.4302008;0.7401611;442.1;0.2548923;False;11/23/2025 9:23:51 AM:46;1763861031046;;
843;568;0.5196835;0.6219217;0.5540918;0.6660237;441.7;0.26072;False;11/23/2025 9:23:51 AM:69;1763861031069;;
724;568;0.4458752;0.6222526;0.2394954;0.64539;440.7;0.2476166;False;11/23/2025 9:23:51 AM:92;1763861031092;;
613;566;0.3779002;0.6197618;0.1977568;0.5793348;442.4;0.2545657;False;11/23/2025 9:23:51 AM:116;1763861031116;;
542;564;0.3341583;0.6177487;0.1977549;0.5793216;444.0;0.2545834;False;11/23/2025 9:23:51 AM:137;1763861031137;;
501;565;0.3089947;0.6185869;0.2136509;0.6666495;445.8;0.2450178;False;11/23/2025 9:23:51 AM:161;1763861031161;;
468;565;0.2886345;0.6184403;0.2044392;0.6124533;446.1;0.2371638;False;11/23/2025 9:23:51 AM:183;1763861031183;;
445;565;0.2742906;0.6183181;0.2044376;0.6124477;446.4;0.2371412;False;11/23/2025 9:23:51 AM:206;1763861031206;;
429;565;0.2645947;0.618331;0.2092728;0.6373453;446.8;0.26091;False;11/23/2025 9:23:51 AM:229;1763861031229;;
418;565;0.2574439;0.6183423;0.2092685;0.6373245;447.2;0.260984;False;11/23/2025 9:23:51 AM:251;1763861031251;;
406;565;0.2504875;0.6183596;0.2051725;0.619552;447.4;0.2374825;False;11/23/2025 9:23:51 AM:276;1763861031276;;
399;565;0.2460195;0.618395;0.2079932;0.6319512;447.5;0.2430029;False;11/23/2025 9:23:51 AM:298;1763861031298;;
392;564;0.2414672;0.6180965;0.2023441;0.6049507;447.5;0.2429658;False;11/23/2025 9:23:51 AM:322;1763861031322;;
386;564;0.2381539;0.6180214;0.2035591;0.6124833;447.3;0.2508156;False;11/23/2025 9:23:51 AM:345;1763861031345;;
381;564;0.2350788;0.6173511;0.1997894;0.5918805;446.8;0.2713854;False;11/23/2025 9:23:51 AM:368;1763861031368;;
377;563;0.2323179;0.616242;0.1980146;0.5810413;445.9;0.2635914;False;11/23/2025 9:23:51 AM:390;1763861031390;;
374;562;0.2304272;0.6159435;0.2003613;0.5964173;445.1;0.2635961;False;11/23/2025 9:23:51 AM:412;1763861031412;;
368;562;0.2270218;0.6156934;0.1852121;0.5977291;445.7;0.257108;False;11/23/2025 9:23:51 AM:436;1763861031436;;
367;562;0.2260212;0.6156838;0.2035126;0.6110156;447.8;0.2544098;False;11/23/2025 9:23:51 AM:459;1763861031459;;
365;562;0.2251973;0.6156755;0.2035111;0.611007;449.8;0.2544314;False;11/23/2025 9:23:51 AM:481;1763861031481;;
363;558;0.2236741;0.6114879;0.1933087;0.5383233;450.2;0.2538374;False;11/23/2025 9:23:51 AM:505;1763861031505;;
464;560;0.2862343;0.613414;0.4744313;0.6590986;447.6;0.2665665;False;11/23/2025 9:23:51 AM:529;1763861031529;;
559;492;0.3447819;0.5392295;0.518055;0.2542527;445.7;0.2727369;False;11/23/2025 9:23:51 AM:552;1763861031552;;
618;448;0.381015;0.4905521;0.512444;0.2616131;444.0;0.2730937;False;11/23/2025 9:23:51 AM:574;1763861031574;;
637;453;0.3924322;0.496244;0.4553728;0.6010845;442.3;0.2549719;False;11/23/2025 9:23:51 AM:597;1763861031597;;
723;451;0.4453514;0.4940923;0.6010767;0.4570715;441.0;0.2573825;False;11/23/2025 9:23:51 AM:621;1763861031621;;
728;452;0.4486317;0.4956135;0.4718513;0.5585632;440.9;0.2454516;False;11/23/2025 9:23:51 AM:645;1763861031645;;
732;454;0.4508471;0.4967299;0.4718498;0.5585641;440.7;0.2454503;False;11/23/2025 9:23:51 AM:665;1763861031665;;
735;454;0.4527461;0.4977523;0.4719865;0.5584954;440.6;0.2455493;False;11/23/2025 9:23:51 AM:688;1763861031688;;
753;458;0.4639991;0.5012897;0.5320936;0.5918337;439.5;0.2608777;False;11/23/2025 9:23:51 AM:712;1763861031712;;
757;452;0.4663456;0.4953528;0.4906039;0.4281791;437.6;0.259075;False;11/23/2025 9:23:51 AM:735;1763861031735;;
786;455;0.4843936;0.4978855;0.5777014;0.5743416;436.1;0.2548468;False;11/23/2025 9:23:51 AM:758;1763861031758;;
808;456;0.4976697;0.4999673;0.5783256;0.57427;434.7;0.2552619;False;11/23/2025 9:23:51 AM:781;1763861031781;;
812;457;0.5000212;0.5009524;0.5282238;0.5618402;433.7;0.2724025;False;11/23/2025 9:23:51 AM:804;1763861031804;;
782;456;0.4816647;0.4993342;0.358494;0.4694794;431.5;0.2604659;False;11/23/2025 9:23:51 AM:827;1763861031827;;
781;460;0.4814751;0.504077;0.4521861;0.6003253;433.1;0.2504764;False;11/23/2025 9:23:51 AM:851;1763861031851;;
779;460;0.4799504;0.5042156;0.4320735;0.5459563;434.5;0.2506002;False;11/23/2025 9:23:51 AM:874;1763861031874;;
777;472;0.4785211;0.5164866;0.4315794;0.6550174;433.8;0.2528501;False;11/23/2025 9:23:51 AM:899;1763861031899;;
776;473;0.4783874;0.5182615;0.4739429;0.5913298;433.2;0.2632584;False;11/23/2025 9:23:51 AM:922;1763861031922;;
777;474;0.4784691;0.5186616;0.4808996;0.5724649;432.7;0.2634468;False;11/23/2025 9:23:51 AM:944;1763861031944;;
776;474;0.4784084;0.5189996;0.4587882;0.5474601;431.0;0.2654274;False;11/23/2025 9:23:51 AM:967;1763861031967;;
773;474;0.4761873;0.5192509;0.4239787;0.5498964;431.7;0.2482646;False;11/23/2025 9:23:51 AM:991;1763861031991;;
814;478;0.5013189;0.5234516;0.6179187;0.6191934;430.0;0.2022884;False;11/23/2025 9:23:52 AM:14;1763861032014;;
842;481;0.518722;0.5267535;0.6179183;0.6191873;428.4;0.2022993;False;11/23/2025 9:23:52 AM:35;1763861032035;;
853;513;0.5257809;0.5616682;0.5831565;0.783207;429.5;0.1346987;True;11/23/2025 9:23:52 AM:59;1763861032059;;
861;536;0.5303163;0.5870156;0.5791249;0.7861047;430.5;0.1346882;True;11/23/2025 9:23:52 AM:81;1763861032081;;
875;537;0.5391655;0.587925;0.6083617;0.6443464;428.2;0.1541358;True;11/23/2025 9:23:52 AM:105;1763861032105;;
896;554;0.5521341;0.6069096;0.638027;0.7757292;428.4;0.2191439;False;11/23/2025 9:23:52 AM:129;1763861032129;;
912;567;0.5616064;0.621177;0.6380256;0.7757207;428.5;0.2191418;False;11/23/2025 9:23:52 AM:151;1763861032151;;
904;561;0.5569855;0.6148003;0.4956066;0.543381;428.5;0.2488449;False;11/23/2025 9:23:52 AM:175;1763861032175;;
890;561;0.5483571;0.6139516;0.4638247;0.5919623;428.2;0.2445984;False;11/23/2025 9:23:52 AM:198;1763861032198;;
892;563;0.5496048;0.6163714;0.573992;0.6866399;428.0;0.2511702;False;11/23/2025 9:23:52 AM:221;1763861032221;;
890;564;0.5483552;0.6172958;0.5115606;0.6702758;427.8;0.2511865;False;11/23/2025 9:23:52 AM:242;1763861032242;;
890;555;0.5482491;0.608304;0.5310717;0.5133666;427.1;0.2297283;False;11/23/2025 9:23:52 AM:264;1763861032264;;
890;542;0.54821;0.5937005;0.5379698;0.4745102;426.5;0.2436119;False;11/23/2025 9:23:52 AM:289;1763861032289;;
889;536;0.5476866;0.5865551;0.5209918;0.4999214;426.0;0.2436284;False;11/23/2025 9:23:52 AM:313;1763861032313;;
886;526;0.5459376;0.57577;0.5026256;0.463775;425.6;0.2519096;False;11/23/2025 9:23:52 AM:336;1763861032336;;
870;530;0.536163;0.5802134;0.4446711;0.6590292;425.0;0.2674133;False;11/23/2025 9:23:52 AM:358;1763861032358;;
870;529;0.5359102;0.5790572;0.5111514;0.5429059;424.5;0.2572206;False;11/23/2025 9:23:52 AM:379;1763861032379;;
867;528;0.5342142;0.5780271;0.4877344;0.5414907;424.1;0.2573403;False;11/23/2025 9:23:52 AM:401;1763861032401;;
858;528;0.528882;0.5780373;0.4569125;0.5820119;424.1;0.2542788;False;11/23/2025 9:23:52 AM:424;1763861032424;;
858;547;0.52885;0.599371;0.5086889;0.7605186;424.1;0.2488481;False;11/23/2025 9:23:52 AM:446;1763861032446;;
858;561;0.5284624;0.61389;0.4976975;0.7520269;424.1;0.2488562;False;11/23/2025 9:23:52 AM:469;1763861032469;;
826;546;0.5089519;0.5977966;0.3832846;0.458041;424.7;0.2536066;False;11/23/2025 9:23:52 AM:491;1763861032491;;
803;535;0.4945032;0.585472;0.3834174;0.4579574;425.2;0.2536858;False;11/23/2025 9:23:52 AM:513;1763861032513;;
804;534;0.4956396;0.5851235;0.5183277;0.5622122;423.5;0.2446403;False;11/23/2025 9:23:52 AM:535;1763861032535;;
804;527;0.4951061;0.5774063;0.4682356;0.4763349;421.6;0.2380135;False;11/23/2025 9:23:52 AM:558;1763861032558;;
803;521;0.4946476;0.5710719;0.4682506;0.4763167;420.0;0.238022;False;11/23/2025 9:23:52 AM:581;1763861032581;;
804;521;0.4953693;0.5710462;0.512018;0.5542089;419.2;0.2517679;False;11/23/2025 9:23:52 AM:605;1763861032605;;
901;476;0.5549061;0.5217541;0.739261;0.2751811;418.4;0.2498086;False;11/23/2025 9:23:52 AM:627;1763861032627;;
909;463;0.5598179;0.5072743;0.6025537;0.37454;417.4;0.2579319;False;11/23/2025 9:23:52 AM:652;1763861032652;;
914;453;0.5634083;0.4966479;0.6025728;0.374518;416.6;0.2579423;False;11/23/2025 9:23:52 AM:673;1763861032673;;
916;436;0.5646358;0.4777112;0.5838125;0.3234902;418.0;0.261221;False;11/23/2025 9:23:52 AM:697;1763861032697;;
915;437;0.5638914;0.478171;0.5265391;0.497969;419.4;0.2642066;False;11/23/2025 9:23:52 AM:720;1763861032720;;
916;436;0.5640718;0.4779737;0.568829;0.4570739;420.5;0.2643522;False;11/23/2025 9:23:52 AM:743;1763861032743;;
940;442;0.5788864;0.4841166;0.6689097;0.5673799;421.4;0.2605654;False;11/23/2025 9:23:52 AM:767;1763861032767;;
903;443;0.5564741;0.4847383;0.4248837;0.5123475;421.2;0.263231;False;11/23/2025 9:23:52 AM:789;1763861032789;;
909;444;0.5602885;0.4859525;0.6066548;0.5259867;422.2;0.2275023;False;11/23/2025 9:23:52 AM:812;1763861032812;;
912;444;0.5615935;0.4865931;0.5892118;0.5184124;423.1;0.2275176;False;11/23/2025 9:23:52 AM:834;1763861032834;;
911;490;0.5614626;0.536647;0.5488296;0.7667764;424.2;0.1184037;True;11/23/2025 9:23:52 AM:860;1763861032860;;
913;520;0.5623038;0.5698168;0.5848217;0.768443;428.0;0.1106569;True;11/23/2025 9:23:52 AM:882;1763861032882;;
914;546;0.5632589;0.5984601;0.5887285;0.7824646;431.5;0.1106448;True;11/23/2025 9:23:52 AM:904;1763861032904;;
945;546;0.5819023;0.5984462;0.6912482;0.5860704;432.4;0.1990559;False;11/23/2025 9:23:52 AM:928;1763861032928;;
966;546;0.5949679;0.5984347;0.691282;0.586046;433.2;0.1990994;False;11/23/2025 9:23:52 AM:950;1763861032950;;
977;526;0.6017622;0.5756688;0.6686889;0.4068207;432.1;0.2041033;False;11/23/2025 9:23:52 AM:973;1763861032973;;
964;504;0.5941429;0.5520405;0.5205405;0.3756565;431.2;0.2382757;False;11/23/2025 9:23:52 AM:995;1763861032995;;
967;452;0.595648;0.4952312;0.6275169;0.241514;430.2;0.2555884;False;11/23/2025 9:23:53 AM:20;1763861033020;;
969;416;0.5968341;0.456163;0.6276158;0.2415381;429.3;0.2556426;False;11/23/2025 9:23:53 AM:41;1763861033041;;
956;417;0.5890844;0.4563632;0.5159013;0.4810255;429.8;0.2436851;False;11/23/2025 9:23:53 AM:64;1763861033064;;
938;417;0.5777634;0.4564729;0.4888634;0.4780646;427.8;0.2498992;False;11/23/2025 9:23:53 AM:86;1763861033086;;
924;417;0.5690507;0.4565657;0.488998;0.4780138;425.9;0.2499902;False;11/23/2025 9:23:53 AM:108;1763861033108;;
925;393;0.5700365;0.4303341;0.5966043;0.2573268;424.8;0.2654331;False;11/23/2025 9:23:53 AM:130;1763861033130;;
906;404;0.5584648;0.4422595;0.4685435;0.5739229;423.4;0.2550473;False;11/23/2025 9:23:53 AM:152;1763861033152;;
892;412;0.5495269;0.4517509;0.468554;0.573911;422.2;0.2550538;False;11/23/2025 9:23:53 AM:175;1763861033175;;
867;413;0.5344613;0.4526225;0.4327298;0.5004212;424.1;0.2627282;False;11/23/2025 9:23:53 AM:197;1763861033197;;
870;413;0.5361698;0.4527245;0.5710669;0.4711866;423.8;0.253483;False;11/23/2025 9:23:53 AM:220;1763861033220;;
871;409;0.5365056;0.4480688;0.5528731;0.3826724;423.2;0.2627844;False;11/23/2025 9:23:53 AM:243;1763861033243;;
871;406;0.536776;0.4444804;0.5529013;0.3826627;422.6;0.2628026;False;11/23/2025 9:23:53 AM:266;1763861033266;;
881;402;0.542636;0.439986;0.6070661;0.371213;423.0;0.2592862;False;11/23/2025 9:23:53 AM:291;1763861033291;;
927;401;0.5714015;0.4392505;0.7107961;0.4096894;423.3;0.2560401;False;11/23/2025 9:23:53 AM:313;1763861033313;;
953;401;0.5868882;0.4392332;0.6920789;0.4344782;423.6;0.2561531;False;11/23/2025 9:23:53 AM:335;1763861033335;;
1005;401;0.6190845;0.4392062;0.7583386;0.4332135;424.8;0.246212;False;11/23/2025 9:23:53 AM:359;1763861033359;;
1040;401;0.6406674;0.4391847;0.7583433;0.4332087;425.8;0.2462131;False;11/23/2025 9:23:53 AM:380;1763861033380;;
1122;388;0.6910328;0.4254599;0.8552178;0.2962905;424.4;0.2565789;False;11/23/2025 9:23:53 AM:404;1763861033404;;
1147;393;0.7065659;0.430486;0.7950298;0.5092604;424.7;0.2642538;False;11/23/2025 9:23:53 AM:427;1763861033427;;
1183;393;0.7286623;0.43031;0.8328639;0.4150127;423.9;0.2487632;False;11/23/2025 9:23:53 AM:451;1763861033451;;
1207;393;0.7438326;0.4301693;0.8328739;0.4149927;423.2;0.2487709;False;11/23/2025 9:23:53 AM:471;1763861033471;;
1230;380;0.757681;0.416629;0.8383383;0.2875007;423.5;0.2596957;False;11/23/2025 9:23:53 AM:496;1763861033496;;
1249;374;0.7693063;0.4097318;0.845542;0.3114668;421.7;0.2556013;False;11/23/2025 9:23:53 AM:518;1763861033518;;
1263;370;0.7781321;0.405499;0.8466693;0.3225277;420.1;0.2557102;False;11/23/2025 9:23:53 AM:541;1763861033541;;
1278;368;0.787356;0.403404;0.8546165;0.3427153;420.7;0.2471042;False;11/23/2025 9:23:53 AM:565;1763861033565;;
1288;368;0.7937072;0.4033721;0.8525566;0.4011285;419.4;0.2688696;False;11/23/2025 9:23:53 AM:588;1763861033588;;
1299;367;0.8004537;0.4022094;0.8636354;0.3514964;419.3;0.2572267;False;11/23/2025 9:23:53 AM:610;1763861033610;;
1309;366;0.8062164;0.4009916;0.8672472;0.3468533;419.1;0.2574046;False;11/23/2025 9:23:53 AM:632;1763861033632;;
1312;360;0.8080567;0.3944487;0.8415455;0.2888111;419.3;0.2727207;False;11/23/2025 9:23:53 AM:654;1763861033654;;
1317;360;0.8114424;0.3945511;0.8581898;0.398658;420.6;0.2660685;False;11/23/2025 9:23:53 AM:677;1763861033677;;
1321;360;0.8139688;0.3946292;0.8582277;0.3986134;421.8;0.266142;False;11/23/2025 9:23:53 AM:699;1763861033699;;
1323;358;0.8151323;0.3917867;0.8454762;0.3194088;421.3;0.2593164;False;11/23/2025 9:23:53 AM:722;1763861033722;;
1328;358;0.8177808;0.3920714;0.8635033;0.4025352;420.5;0.2620739;False;11/23/2025 9:23:53 AM:745;1763861033745;;
1329;358;0.818609;0.3925159;0.8489208;0.4098958;419.8;0.2621526;False;11/23/2025 9:23:53 AM:765;1763861033765;;
1329;358;0.8187417;0.3918763;0.8347058;0.3523379;420.0;0.2739848;False;11/23/2025 9:23:53 AM:787;1763861033787;;
1329;358;0.8187521;0.3916924;0.8281327;0.3633665;420.2;0.2740333;False;11/23/2025 9:23:53 AM:809;1763861033809;;
1334;357;0.8214371;0.3907846;0.869749;0.3453748;421.5;0.2723975;False;11/23/2025 9:23:53 AM:834;1763861033834;;
1331;364;0.8200151;0.3989172;0.7930949;0.4907236;422.9;0.269255;False;11/23/2025 9:23:53 AM:857;1763861033857;;
1329;370;0.8189595;0.4050098;0.7944678;0.4881206;424.2;0.2693406;False;11/23/2025 9:23:53 AM:879;1763861033879;;
1328;364;0.8182466;0.3985746;0.7981768;0.3045166;424.9;0.2547787;False;11/23/2025 9:23:53 AM:902;1763861033902;;
1327;364;0.817701;0.3985429;0.7998289;0.381993;426.2;0.2629647;False;11/23/2025 9:23:53 AM:928;1763861033928;;
1327;363;0.8174497;0.3974952;0.8039415;0.3519872;425.5;0.282813;False;11/23/2025 9:23:53 AM:951;1763861033951;;
1327;362;0.817242;0.3966186;0.8040173;0.3519041;424.8;0.2829878;False;11/23/2025 9:23:53 AM:973;1763861033973;;
1318;370;0.8120218;0.4051129;0.753838;0.4933454;425.5;0.2744761;False;11/23/2025 9:23:53 AM:999;1763861033999;;
1319;364;0.8126528;0.3984773;0.831971;0.2995056;424.1;0.2699855;False;11/23/2025 9:23:54 AM:22;1763861034022;;
1317;375;0.8112664;0.4103462;0.7780472;0.5230227;423.7;0.2780491;False;11/23/2025 9:23:54 AM:45;1763861034045;;
1315;383;0.8101916;0.4191158;0.7780578;0.5230057;423.2;0.2780661;False;11/23/2025 9:23:54 AM:67;1763861034067;;
1313;370;0.8085264;0.4053114;0.7692006;0.2715429;423.8;0.2620146;False;11/23/2025 9:23:54 AM:89;1763861034089;;
1313;369;0.808883;0.403987;0.8208072;0.3578373;424.2;0.2586209;False;11/23/2025 9:23:54 AM:114;1763861034114;;
1314;368;0.8091215;0.4033001;0.8196665;0.3652128;424.5;0.2586597;False;11/23/2025 9:23:54 AM:134;1763861034134;;
1314;365;0.809243;0.4003937;0.8163435;0.3309429;423.7;0.2491739;False;11/23/2025 9:23:54 AM:157;1763861034157;;
1310;366;0.8068895;0.4005814;0.7636529;0.4094914;424.3;0.2540043;False;11/23/2025 9:23:54 AM:180;1763861034180;;
1307;366;0.8050224;0.400734;0.7636647;0.4094685;424.9;0.2540137;False;11/23/2025 9:23:54 AM:203;1763861034203;;
1312;360;0.8084784;0.3940271;0.8543695;0.2941056;423.9;0.2591862;False;11/23/2025 9:23:54 AM:226;1763861034226;;
1317;355;0.8112286;0.3887804;0.8537899;0.2962676;423.0;0.2593124;False;11/23/2025 9:23:54 AM:248;1763861034248;;
1317;354;0.8112657;0.3882505;0.8154361;0.3485744;422.5;0.2626784;False;11/23/2025 9:23:54 AM:272;1763861034272;;
1318;350;0.8119859;0.3835505;0.833204;0.2970105;422.3;0.2571789;False;11/23/2025 9:23:54 AM:298;1763861034298;;
1318;349;0.811878;0.3823774;0.8034323;0.3267164;421.2;0.2593132;False;11/23/2025 9:23:54 AM:322;1763861034322;;
1318;347;0.8118709;0.3796844;0.8094301;0.3010268;420.2;0.259383;False;11/23/2025 9:23:54 AM:343;1763861034343;;
1319;343;0.8122452;0.3753325;0.8287331;0.2818793;421.0;0.2547483;False;11/23/2025 9:23:54 AM:366;1763861034366;;
1289;337;0.7939094;0.3697147;0.6844226;0.2642002;422.4;0.2562065;False;11/23/2025 9:23:54 AM:390;1763861034390;;
1249;337;0.7694545;0.3697013;0.6436659;0.3280661;424.9;0.2634486;False;11/23/2025 9:23:54 AM:412;1763861034412;;
1222;337;0.7529412;0.3693492;0.6484379;0.3180226;427.2;0.2635558;False;11/23/2025 9:23:54 AM:433;1763861034433;;
1202;337;0.7406653;0.3690037;0.656002;0.3478181;427.0;0.2625926;False;11/23/2025 9:23:54 AM:457;1763861034457;;
1196;336;0.7366874;0.3678874;0.6862074;0.3047776;427.3;0.264416;False;11/23/2025 9:23:54 AM:480;1763861034480;;
1191;335;0.7336677;0.3669837;0.6865231;0.3047166;427.5;0.264575;False;11/23/2025 9:23:54 AM:501;1763861034501;;
1185;334;0.7301929;0.3660831;0.6815634;0.3047374;428.3;0.2618205;False;11/23/2025 9:23:54 AM:525;1763861034525;;
1188;347;0.7320654;0.3803439;0.7661343;0.4875244;428.3;0.2685197;False;11/23/2025 9:23:54 AM:551;1763861034551;;
1192;347;0.7343572;0.3801183;0.775386;0.3584009;428.5;0.2516929;False;11/23/2025 9:23:54 AM:574;1763861034574;;
1193;347;0.7347999;0.3800912;0.7555173;0.3473042;428.7;0.2518739;False;11/23/2025 9:23:54 AM:597;1763861034597;;
1191;344;0.7338784;0.3771886;0.7101982;0.2966243;428.7;0.2596518;False;11/23/2025 9:23:54 AM:620;1763861034620;;
1191;339;0.7337232;0.3717455;0.7239313;0.2660824;428.7;0.2598028;False;11/23/2025 9:23:54 AM:641;1763861034641;;
1197;336;0.7376354;0.3680349;0.7908805;0.2766254;428.9;0.2607335;False;11/23/2025 9:23:54 AM:665;1763861034665;;
1197;333;0.7375309;0.3654158;0.730706;0.2817439;430.1;0.2596799;False;11/23/2025 9:23:54 AM:689;1763861034689;;
1191;329;0.7336702;0.360582;0.6815522;0.254216;431.1;0.2598656;False;11/23/2025 9:23:54 AM:711;1763861034711;;
1187;339;0.7310479;0.3713718;0.6885462;0.4633257;431.3;0.2645456;False;11/23/2025 9:23:54 AM:735;1763861034735;;
1189;335;0.7322036;0.3674142;0.7593333;0.2747265;431.4;0.2641955;False;11/23/2025 9:23:54 AM:758;1763861034758;;
1198;335;0.7381295;0.3673664;0.8009633;0.3658846;432.8;0.2401455;False;11/23/2025 9:23:54 AM:783;1763861034783;;
1205;335;0.7424132;0.3673299;0.8009735;0.3658752;434.1;0.2401644;False;11/23/2025 9:23:54 AM:805;1763861034805;;
1205;352;0.7424478;0.3855796;0.7508557;0.5118114;432.7;0.2284424;False;11/23/2025 9:23:54 AM:831;1763861034831;;
1191;399;0.7333815;0.4367528;0.6631462;0.6462019;437.4;0.2048818;False;11/23/2025 9:23:54 AM:859;1763861034859;;
1156;434;0.712257;0.4752168;0.6013837;0.6610658;436.4;0.1613597;True;11/23/2025 9:23:54 AM:885;1763861034885;;
1127;464;0.6940772;0.5082423;0.5968735;0.6703782;440.2;0.1661729;True;11/23/2025 9:23:54 AM:913;1763861034913;;
1106;485;0.6816018;0.5306581;0.5968747;0.6704153;443.5;0.1661308;True;11/23/2025 9:23:54 AM:939;1763861034939;;
1113;530;0.6859381;0.5808046;0.7397887;0.7915635;441.5;0.1732666;False;11/23/2025 9:23:54 AM:965;1763861034965;;
1121;573;0.690513;0.6271455;0.7459161;0.8198025;437.8;0.2003328;False;11/23/2025 9:23:54 AM:993;1763861034993;;
1150;622;0.7085105;0.6806895;0.7998905;0.8568738;433.1;0.2107695;False;11/23/2025 9:23:55 AM:32;1763861035032;;
1152;637;0.7097394;0.6975729;0.7449422;0.8178331;431.1;0.2186068;False;11/23/2025 9:23:55 AM:57;1763861035057;;
1154;650;0.7107667;0.7111709;0.7461685;0.8272743;429.2;0.2189263;False;11/23/2025 9:23:55 AM:79;1763861035079;;
1165;656;0.717533;0.7182845;0.7940096;0.800298;427.5;0.2399797;False;11/23/2025 9:23:55 AM:102;1763861035102;;
1189;663;0.732474;0.7256369;0.841914;0.8135502;424.3;0.2328549;False;11/23/2025 9:23:55 AM:125;1763861035125;;
1197;666;0.7375178;0.7287394;0.8046122;0.785061;422.9;0.2410265;False;11/23/2025 9:23:55 AM:149;1763861035149;;
1203;668;0.7412961;0.7310981;0.8046232;0.7850572;421.7;0.2410475;False;11/23/2025 9:23:55 AM:170;1763861035170;;
1219;673;0.750756;0.7372797;0.8414316;0.8249029;420.8;0.2364232;False;11/23/2025 9:23:55 AM:194;1763861035194;;
1219;675;0.7510034;0.7395149;0.7784956;0.796559;421.3;0.231822;False;11/23/2025 9:23:55 AM:215;1763861035215;;
1220;677;0.751487;0.7409084;0.784551;0.7901241;421.8;0.2319417;False;11/23/2025 9:23:55 AM:235;1763861035235;;
1227;679;0.7556887;0.7432305;0.823212;0.8053244;417.8;0.2264793;False;11/23/2025 9:23:55 AM:258;1763861035258;;
1259;682;0.7758074;0.746421;0.898968;0.8172473;418.7;0.2476831;False;11/23/2025 9:23:55 AM:282;1763861035282;;
1274;677;0.7848782;0.7412629;0.8702368;0.6728855;416.9;0.235821;False;11/23/2025 9:23:55 AM:309;1763861035309;;
1287;676;0.792639;0.739994;0.8798803;0.7031212;415.4;0.2358714;False;11/23/2025 9:23:55 AM:330;1763861035330;;
1301;663;0.8013384;0.7255716;0.8903661;0.5954617;416.6;0.2446144;False;11/23/2025 9:23:55 AM:353;1763861035353;;
1328;665;0.8179751;0.7283129;0.9347882;0.7897494;415.9;0.2551327;False;11/23/2025 9:23:55 AM:376;1763861035376;;
1348;667;0.8302636;0.7304893;0.9348288;0.7896827;415.4;0.2551985;False;11/23/2025 9:23:55 AM:398;1763861035398;;
1360;667;0.8379441;0.7305146;0.9209055;0.7383478;413.6;0.2480045;False;11/23/2025 9:23:55 AM:421;1763861035421;;
1369;670;0.843444;0.7333468;0.9168182;0.800143;412.5;0.2566605;False;11/23/2025 9:23:55 AM:444;1763861035444;;
1376;672;0.847622;0.7355478;0.916865;0.8001164;411.6;0.2567667;False;11/23/2025 9:23:55 AM:465;1763861035465;;
1385;676;0.8529784;0.7398942;0.9268033;0.8242277;411.1;0.2585072;False;11/23/2025 9:23:55 AM:489;1763861035489;;
1392;679;0.8574368;0.7435775;0.9267986;0.8242303;410.6;0.2584967;False;11/23/2025 9:23:55 AM:514;1763861035514;;
1395;679;0.8592592;0.7436579;0.9122675;0.7677332;411.8;0.2541338;False;11/23/2025 9:23:55 AM:536;1763861035536;;
1406;681;0.8663564;0.7458268;0.9529496;0.8150275;412.1;0.2416207;False;11/23/2025 9:23:55 AM:558;1763861035558;;
1410;682;0.8682271;0.7469904;0.9236977;0.8051966;412.3;0.2513208;False;11/23/2025 9:23:55 AM:581;1763861035581;;
1415;683;0.8714654;0.7475374;0.9374016;0.7956547;412.5;0.2514016;False;11/23/2025 9:23:55 AM:605;1763861035605;;
1415;685;0.8718346;0.7504654;0.8906103;0.8302849;411.4;0.2449929;False;11/23/2025 9:23:55 AM:629;1763861035629;;
1417;688;0.8727034;0.7528854;0.9180391;0.8316002;410.9;0.2454153;False;11/23/2025 9:23:55 AM:652;1763861035652;;
1416;692;0.8720306;0.7571831;0.8606437;0.85352;409.3;0.2318877;False;11/23/2025 9:23:55 AM:676;1763861035676;;
1415;697;0.8717021;0.7628872;0.8644355;0.8727624;407.8;0.231945;False;11/23/2025 9:23:55 AM:699;1763861035699;;
1414;714;0.8710669;0.7821496;0.8575684;0.9617302;406.9;0.2424042;False;11/23/2025 9:23:55 AM:721;1763861035721;;
1412;737;0.8698715;0.807375;0.8483098;1.002847;405.5;0.2268434;False;11/23/2025 9:23:55 AM:744;1763861035744;;
1410;754;0.8685877;0.8253047;0.8430306;1.001931;404.3;0.226844;False;11/23/2025 9:23:55 AM:766;1763861035766;;
1410;756;0.868607;0.8276458;0.8701131;0.9087177;401.7;0.2408117;False;11/23/2025 9:23:55 AM:789;1763861035789;;
1410;757;0.8685587;0.8286365;0.8656269;0.8953627;401.8;0.2511487;False;11/23/2025 9:23:55 AM:812;1763861035812;;
1410;758;0.8687145;0.8301474;0.8845833;0.9051735;402.0;0.2435166;False;11/23/2025 9:23:55 AM:835;1763861035835;;
1411;759;0.8690525;0.8313188;0.890874;0.9044856;402.2;0.2435721;False;11/23/2025 9:23:55 AM:856;1763861035856;;
1411;759;0.8690687;0.830675;0.8782173;0.8177475;401.4;0.2293197;False;11/23/2025 9:23:55 AM:880;1763861035880;;
1411;758;0.8690822;0.8301732;0.8782138;0.817749;400.7;0.2293119;False;11/23/2025 9:23:55 AM:902;1763861035902;;
1408;759;0.8675799;0.8314043;0.8394929;0.8937088;401.8;0.2167971;False;11/23/2025 9:23:55 AM:926;1763861035926;;
1408;763;0.8675084;0.8349226;0.8626695;0.9246082;402.5;0.2190153;False;11/23/2025 9:23:55 AM:948;1763861035948;;
1408;765;0.8674487;0.8378425;0.8627216;0.92457;403.1;0.2191094;False;11/23/2025 9:23:55 AM:972;1763861035972;;
1407;767;0.8665128;0.8397046;0.842482;0.9158826;404.3;0.2131913;False;11/23/2025 9:23:55 AM:996;1763861035996;;
1408;766;0.8672315;0.8390863;0.8910937;0.8253276;404.7;0.2137954;False;11/23/2025 9:23:56 AM:19;1763861036019;;
1408;769;0.8672591;0.8420141;0.8734906;0.9253893;406.0;0.2268069;False;11/23/2025 9:23:56 AM:43;1763861036043;;
1408;773;0.8674259;0.8467986;0.8810771;0.9537334;407.2;0.2267834;False;11/23/2025 9:23:56 AM:64;1763861036064;;
1408;774;0.867078;0.847181;0.8525589;0.8693415;407.7;0.2328871;False;11/23/2025 9:23:56 AM:86;1763861036086;;
1407;774;0.8667188;0.8476268;0.8514252;0.9022961;411.2;0.2216975;False;11/23/2025 9:23:56 AM:109;1763861036109;;
1407;775;0.866433;0.8479866;0.8514259;0.9022955;414.4;0.2216988;False;11/23/2025 9:23:56 AM:130;1763861036130;;
1403;775;0.8643086;0.8484175;0.8239351;0.9043481;416.4;0.2133584;False;11/23/2025 9:23:56 AM:153;1763861036153;;
1403;774;0.8642959;0.8475553;0.8586869;0.8291056;417.2;0.2258473;False;11/23/2025 9:23:56 AM:175;1763861036175;;
1403;774;0.8642786;0.8470472;0.8580032;0.8332089;417.9;0.2258772;False;11/23/2025 9:23:56 AM:196;1763861036196;;
1403;776;0.8639867;0.8500825;0.846701;0.9321585;417.9;0.2162;False;11/23/2025 9:23:56 AM:219;1763861036219;;
1405;780;0.8655337;0.853831;0.8963712;0.9433963;416.9;0.2154679;False;11/23/2025 9:23:56 AM:242;1763861036242;;
1407;783;0.8667778;0.8568648;0.8963726;0.9433833;415.9;0.2154197;False;11/23/2025 9:23:56 AM:265;1763861036265;;
1405;783;0.8653153;0.8571779;0.8344837;0.8879561;418.9;0.218263;False;11/23/2025 9:23:56 AM:291;1763861036291;;
1403;783;0.8643776;0.8568702;0.8375754;0.8489668;420.6;0.2235033;False;11/23/2025 9:23:56 AM:316;1763861036316;;
1402;782;0.8636847;0.8566434;0.8375801;0.8489637;422.1;0.2235127;False;11/23/2025 9:23:56 AM:337;1763861036337;;
1402;782;0.8633648;0.8561168;0.8439637;0.8404747;422.3;0.210885;False;11/23/2025 9:23:56 AM:360;1763861036360;;
1402;783;0.8633432;0.8572394;0.8534909;0.9095973;423.7;0.2083275;False;11/23/2025 9:23:56 AM:383;1763861036383;;
1402;784;0.8633015;0.8580408;0.8520217;0.9072706;424.8;0.2083344;False;11/23/2025 9:23:56 AM:407;1763861036407;;
1401;778;0.8632065;0.8520846;0.8494672;0.7793722;425.0;0.2164093;False;11/23/2025 9:23:56 AM:431;1763861036431;;
1404;779;0.8647672;0.8526306;0.8945957;0.8921188;426.6;0.2079499;False;11/23/2025 9:23:56 AM:454;1763861036454;;
1403;779;0.8643605;0.8523253;0.843686;0.8403398;425.1;0.2127522;False;11/23/2025 9:23:56 AM:476;1763861036476;;
1402;778;0.8637877;0.8521237;0.8390986;0.8424622;423.7;0.2127632;False;11/23/2025 9:23:56 AM:499;1763861036499;;
1401;778;0.8629114;0.8521644;0.8322116;0.8615755;424.9;0.2201119;False;11/23/2025 9:23:56 AM:522;1763861036522;;
1401;777;0.8628757;0.8510864;0.8557518;0.8197059;426.7;0.2083496;False;11/23/2025 9:23:56 AM:544;1763861036544;;
1401;777;0.8628436;0.8501433;0.8557482;0.8197104;428.3;0.2083447;False;11/23/2025 9:23:56 AM:569;1763861036569;;
1400;777;0.8621826;0.8505626;0.8347635;0.8767539;427.5;0.2103716;False;11/23/2025 9:23:56 AM:593;1763861036593;;
1398;775;0.8610022;0.8486;0.8280911;0.8063992;426.9;0.2222784;False;11/23/2025 9:23:56 AM:622;1763861036622;;
1397;778;0.860596;0.8513041;0.8343222;0.9137783;427.2;0.2193302;False;11/23/2025 9:23:56 AM:644;1763861036644;;
1396;781;0.8601913;0.8555338;0.8328474;0.9371416;427.5;0.2193798;False;11/23/2025 9:23:56 AM:663;1763861036663;;
1394;781;0.8584815;0.855549;0.8149945;0.8680412;428.3;0.2234405;False;11/23/2025 9:23:56 AM:688;1763861036688;;
1193;779;0.7349198;0.8525079;0.4699587;0.7938527;429.2;0.2011771;False;11/23/2025 9:23:56 AM:710;1763861036710;;
829;739;0.510868;0.8088743;0.2132713;0.5875276;430.7;0.1968552;False;11/23/2025 9:23:56 AM:733;1763861036733;;
638;709;0.3931662;0.7764961;0.2132789;0.5875248;432.0;0.1968712;False;11/23/2025 9:23:56 AM:756;1763861036756;;
548;661;0.3378505;0.7238193;0.2407296;0.4950388;433.9;0.2041098;False;11/23/2025 9:23:56 AM:780;1763861036780;;
485;633;0.2987109;0.6932821;0.2164824;0.5120204;435.7;0.204154;False;11/23/2025 9:23:56 AM:802;1763861036802;;
430;616;0.2647985;0.6748551;0.1913069;0.5372805;438.0;0.2136977;False;11/23/2025 9:23:56 AM:825;1763861036825;;
395;605;0.2435143;0.6624027;0.1935986;0.5523912;438.7;0.2053221;False;11/23/2025 9:23:56 AM:849;1763861036849;;
374;597;0.2307687;0.6532203;0.1936125;0.5523967;439.3;0.2053652;False;11/23/2025 9:23:56 AM:872;1763861036872;;
354;584;0.2182272;0.6393584;0.1803589;0.5146208;439.5;0.2190011;False;11/23/2025 9:23:56 AM:895;1763861036895;;
346;579;0.2132476;0.6342997;0.1944043;0.5562301;439.0;0.2217857;False;11/23/2025 9:23:56 AM:918;1763861036918;;
341;577;0.2103823;0.6322113;0.197865;0.579997;438.7;0.2095664;False;11/23/2025 9:23:56 AM:941;1763861036941;;
334;574;0.2059836;0.6290624;0.1844814;0.5607277;438.5;0.2096342;False;11/23/2025 9:23:56 AM:963;1763861036963;;
330;568;0.2035672;0.6219494;0.19053;0.5225009;437.2;0.2064748;False;11/23/2025 9:23:56 AM:985;1763861036985;;
324;560;0.1998371;0.6130178;0.1782073;0.498219;436.5;0.2092496;False;11/23/2025 9:23:57 AM:8;1763861037008;;
320;555;0.197491;0.6074253;0.1820094;0.5133846;435.9;0.2093454;False;11/23/2025 9:23:57 AM:31;1763861037031;;
320;553;0.1975527;0.6058675;0.1981227;0.5470011;436.7;0.2022357;False;11/23/2025 9:23:57 AM:55;1763861037055;;
321;553;0.1979252;0.6054816;0.2759662;0.5660294;438.2;0.1951156;False;11/23/2025 9:23:57 AM:77;1763861037077;;
319;547;0.1968292;0.5994351;0.1873384;0.4986159;437.3;0.2074252;False;11/23/2025 9:23:57 AM:102;1763861037102;;
318;543;0.1959389;0.5942908;0.1873384;0.4986161;436.5;0.2074247;False;11/23/2025 9:23:57 AM:128;1763861037128;;
316;542;0.1949165;0.5940818;0.1832502;0.5511566;436.3;0.2087767;False;11/23/2025 9:23:57 AM:150;1763861037150;;
316;542;0.194754;0.5938754;0.1922058;0.5679387;436.2;0.2090667;False;11/23/2025 9:23:57 AM:172;1763861037172;;
315;540;0.1944446;0.5917901;0.1894805;0.5195459;435.7;0.200634;False;11/23/2025 9:23:57 AM:196;1763861037196;;
352;540;0.2167575;0.5915825;0.3558043;0.5814245;436.9;0.1905992;False;11/23/2025 9:23:57 AM:219;1763861037219;;
546;543;0.336695;0.5941623;0.5984204;0.6376336;438.3;0.08748303;True;11/23/2025 9:23:57 AM:242;1763861037242;;
673;545;0.4148017;0.596395;0.6149819;0.6408957;439.6;0.08753095;True;11/23/2025 9:23:57 AM:264;1763861037264;;
708;552;0.4362595;0.6046244;0.5152065;0.6911728;439.6;0.1039563;True;11/23/2025 9:23:57 AM:290;1763861037290;;
715;552;0.4408506;0.604616;0.4721442;0.5931615;440.8;0.1390783;True;11/23/2025 9:23:57 AM:313;1763861037313;;
718;552;0.4421928;0.6047221;0.454828;0.6122272;441.9;0.1392322;True;11/23/2025 9:23:57 AM:335;1763861037335;;
712;553;0.4385557;0.6050584;0.3503033;0.6215448;442.9;0.1644;True;11/23/2025 9:23:57 AM:359;1763861037359;;
711;548;0.4384213;0.6005298;0.4366383;0.5195103;442.4;0.1762408;False;11/23/2025 9:23:57 AM:381;1763861037381;;
711;548;0.4378738;0.6005026;0.4287123;0.5946285;441.5;0.183997;False;11/23/2025 9:23:57 AM:406;1763861037406;;
710;548;0.4374582;0.600481;0.4287154;0.5946276;440.6;0.1839988;False;11/23/2025 9:23:57 AM:427;1763861037427;;
684;548;0.4217791;0.6003639;0.2988476;0.5818374;442.6;0.1946473;False;11/23/2025 9:23:57 AM:451;1763861037451;;
682;529;0.4200015;0.5794016;0.3592524;0.4132451;444.5;0.2152942;False;11/23/2025 9:23:57 AM:474;1763861037474;;
679;515;0.4185925;0.5636811;0.3595527;0.4131755;446.3;0.2155712;False;11/23/2025 9:23:57 AM:494;1763861037494;;
667;516;0.4109476;0.5649344;0.3139713;0.5997995;447.1;0.1941263;False;11/23/2025 9:23:57 AM:517;1763861037517;;
667;511;0.4110807;0.5592409;0.4134654;0.467623;447.6;0.2051289;False;11/23/2025 9:23:57 AM:540;1763861037540;;
633;503;0.3903004;0.5512051;0.2569138;0.4438779;446.0;0.2051399;False;11/23/2025 9:23:57 AM:563;1763861037563;;
610;498;0.375629;0.5451859;0.2569227;0.4438757;444.6;0.2051452;False;11/23/2025 9:23:57 AM:585;1763861037585;;
591;493;0.3639806;0.5401375;0.2570202;0.4438521;443.3;0.2052006;False;11/23/2025 9:23:57 AM:606;1763861037606;;
667;499;0.4110557;0.5469189;0.5627609;0.6246683;444.1;0.2037714;False;11/23/2025 9:23:57 AM:630;1763861037630;;
619;501;0.3811987;0.5485003;0.2200257;0.5861452;443.9;0.1915147;False;11/23/2025 9:23:57 AM:653;1763861037653;;
603;502;0.3718192;0.5500441;0.2745573;0.5888019;444.8;0.190737;False;11/23/2025 9:23:57 AM:676;1763861037676;;
592;503;0.3647204;0.5512711;0.2747457;0.5888034;445.6;0.19084;False;11/23/2025 9:23:57 AM:698;1763861037698;;
579;501;0.3565506;0.5484362;0.2629061;0.4846729;443.8;0.2005549;False;11/23/2025 9:23:57 AM:721;1763861037721;;
581;501;0.358245;0.5489392;0.3813545;0.5710784;444.5;0.2022844;False;11/23/2025 9:23:57 AM:743;1763861037743;;
581;502;0.358077;0.5492697;0.3521766;0.567584;445.1;0.2024383;False;11/23/2025 9:23:57 AM:766;1763861037766;;
578;503;0.3563222;0.5510063;0.3060699;0.5976364;444.5;0.1897159;False;11/23/2025 9:23:57 AM:788;1763861037788;;
577;497;0.3555724;0.5445693;0.3153005;0.4540101;443.7;0.2012038;False;11/23/2025 9:23:57 AM:811;1763861037811;;
569;497;0.3504903;0.5446942;0.275205;0.5558062;443.3;0.188004;False;11/23/2025 9:23:57 AM:835;1763861037835;;
566;497;0.3488084;0.5447034;0.2953474;0.5473039;442.9;0.1881669;False;11/23/2025 9:23:57 AM:855;1763861037855;;
540;500;0.3325548;0.5473104;0.2134728;0.6047164;442.7;0.2037303;False;11/23/2025 9:23:57 AM:879;1763861037879;;
537;500;0.3312228;0.547852;0.2832789;0.5766979;442.5;0.1907512;False;11/23/2025 9:23:57 AM:901;1763861037901;;
536;501;0.3303872;0.5482377;0.2867726;0.5747799;442.4;0.1909149;False;11/23/2025 9:23:57 AM:923;1763861037923;;
550;501;0.3387251;0.548946;0.4028255;0.584353;443.2;0.2014329;False;11/23/2025 9:23:57 AM:946;1763861037946;;
549;503;0.3385932;0.5505197;0.3095858;0.6025059;443.5;0.2017119;False;11/23/2025 9:23:57 AM:969;1763861037969;;
549;504;0.3384851;0.5518231;0.3096869;0.6024976;443.8;0.2017927;False;11/23/2025 9:23:57 AM:990;1763861037990;;
565;504;0.3482498;0.5515096;0.4183288;0.5381414;444.4;0.1834938;False;11/23/2025 9:23:58 AM:12;1763861038012;;
577;503;0.3554811;0.5512556;0.4184202;0.538125;444.9;0.1835334;False;11/23/2025 9:23:58 AM:35;1763861038035;;
577;504;0.3553749;0.5520763;0.345621;0.5912789;446.4;0.2029229;False;11/23/2025 9:23:58 AM:59;1763861038059;;
571;505;0.3516591;0.5525789;0.2906519;0.5863854;446.6;0.2009593;False;11/23/2025 9:23:58 AM:80;1763861038080;;
566;505;0.3488107;0.5529807;0.2907918;0.5863819;446.7;0.2010468;False;11/23/2025 9:23:58 AM:102;1763861038102;;
573;504;0.3530946;0.5524577;0.3993019;0.5332327;446.2;0.2026992;False;11/23/2025 9:23:58 AM:125;1763861038125;;
572;504;0.3527038;0.5515499;0.3253478;0.5223102;446.1;0.199348;False;11/23/2025 9:23:58 AM:148;1763861038148;;
573;497;0.3528813;0.5444237;0.3584476;0.4558084;447.2;0.1909898;False;11/23/2025 9:23:58 AM:172;1763861038172;;
573;492;0.3530124;0.5393076;0.3584174;0.4558136;448.3;0.1909743;False;11/23/2025 9:23:58 AM:193;1763861038193;;
640;494;0.3945622;0.5410281;0.5514299;0.5877355;447.0;0.1931493;False;11/23/2025 9:23:58 AM:215;1763861038215;;
635;494;0.3914369;0.5411665;0.3284628;0.5553581;447.8;0.1941603;False;11/23/2025 9:23:58 AM:238;1763861038238;;
631;494;0.3889431;0.5412809;0.3285122;0.5553512;448.5;0.1941874;False;11/23/2025 9:23:58 AM:260;1763861038260;;
633;489;0.3900161;0.5360936;0.4062364;0.4583283;448.1;0.2038061;False;11/23/2025 9:23:58 AM:285;1763861038285;;
602;490;0.3708062;0.5366912;0.2432324;0.5643513;448.2;0.1969979;False;11/23/2025 9:23:58 AM:307;1763861038307;;
613;492;0.3775799;0.5384906;0.4378941;0.588076;447.7;0.2081672;False;11/23/2025 9:23:58 AM:329;1763861038329;;
620;493;0.3823412;0.5394344;0.4361238;0.5794272;447.2;0.2082426;False;11/23/2025 9:23:58 AM:351;1763861038351;;
621;493;0.3824472;0.5396104;0.3868062;0.5592704;448.7;0.2086186;False;11/23/2025 9:23:58 AM:375;1763861038375;;
633;493;0.389963;0.5402368;0.4477001;0.5706171;447.3;0.1956713;False;11/23/2025 9:23:58 AM:407;1763861038407;;
638;494;0.3930766;0.5410017;0.4364325;0.5788618;448.5;0.2056399;False;11/23/2025 9:23:58 AM:431;1763861038431;;
642;495;0.3955505;0.5416371;0.4364089;0.5788685;449.6;0.2056277;False;11/23/2025 9:23:58 AM:455;1763861038455;;
652;495;0.4020101;0.5426308;0.4706012;0.5889266;450.1;0.1914358;False;11/23/2025 9:23:58 AM:478;1763861038478;;
657;496;0.4046679;0.5427448;0.4504046;0.5687591;450.6;0.1916155;False;11/23/2025 9:23:58 AM:502;1763861038502;;
653;497;0.402709;0.5443618;0.368201;0.6020978;448.3;0.1986556;False;11/23/2025 9:23:58 AM:525;1763861038525;;
664;496;0.4092866;0.5437257;0.4748583;0.525793;446.4;0.1982024;False;11/23/2025 9:23:58 AM:552;1763861038552;;
666;496;0.4103274;0.5437604;0.4403905;0.5643759;446.1;0.1924526;False;11/23/2025 9:23:58 AM:578;1763861038578;;
670;497;0.4127426;0.5438243;0.4593259;0.5554797;445.8;0.1926625;False;11/23/2025 9:23:58 AM:601;1763861038601;;
670;497;0.41294;0.5438612;0.432355;0.5586576;444.9;0.197047;False;11/23/2025 9:23:58 AM:624;1763861038624;;
686;497;0.4224854;0.5438893;0.5112411;0.5465338;445.7;0.198346;False;11/23/2025 9:23:58 AM:646;1763861038646;;
745;505;0.4592651;0.5532163;0.5951561;0.6550187;446.4;0.1334758;True;11/23/2025 9:23:58 AM:679;1763861038679;;
759;514;0.4677543;0.5629876;0.5442443;0.6822953;444.8;0.09496804;True;11/23/2025 9:23:58 AM:703;1763861038703;;
780;522;0.480909;0.5711964;0.5845408;0.693692;443.4;0.09492499;True;11/23/2025 9:23:58 AM:723;1763861038723;;
804;525;0.4952638;0.5753195;0.5983859;0.66626;446.0;0.09464836;True;11/23/2025 9:23:58 AM:745;1763861038745;;
814;531;0.5012493;0.5811713;0.5700319;0.6879271;446.6;0.1508478;True;11/23/2025 9:23:58 AM:767;1763861038767;;
828;536;0.5102277;0.5870445;0.5953861;0.6970986;447.1;0.1509417;True;11/23/2025 9:23:58 AM:788;1763861038788;;
837;537;0.5156374;0.5879552;0.5799624;0.6476768;446.5;0.1454118;True;11/23/2025 9:23:58 AM:813;1763861038813;;
837;537;0.5156765;0.5880677;0.5202245;0.6338347;447.0;0.149934;True;11/23/2025 9:23:58 AM:836;1763861038836;;
837;538;0.5156013;0.5886371;0.5115646;0.6448398;447.5;0.149999;True;11/23/2025 9:23:58 AM:859;1763861038859;;
834;538;0.5137393;0.5889261;0.4804738;0.6404057;446.9;0.1780168;False;11/23/2025 9:23:58 AM:882;1763861038882;;
833;538;0.5132672;0.5890496;0.4959128;0.6294007;446.3;0.1781577;False;11/23/2025 9:23:58 AM:903;1763861038903;;
833;538;0.5133692;0.5893968;0.5237995;0.6424886;444.8;0.1761333;False;11/23/2025 9:23:58 AM:925;1763861038925;;
831;538;0.5119162;0.5886475;0.480951;0.5722294;446.0;0.1830277;False;11/23/2025 9:23:58 AM:948;1763861038948;;
817;539;0.5033618;0.589939;0.4241339;0.6550658;446.0;0.1769383;False;11/23/2025 9:23:58 AM:969;1763861038969;;
809;540;0.4986928;0.5912616;0.4368649;0.6593791;446.0;0.1770093;False;11/23/2025 9:23:58 AM:991;1763861038991;;
800;540;0.4927295;0.5914022;0.4259722;0.6372163;446.5;0.1764563;False;11/23/2025 9:23:59 AM:13;1763861039013;;
780;541;0.4809034;0.5922542;0.3853104;0.6535834;447.4;0.1810465;False;11/23/2025 9:23:59 AM:35;1763861039035;;
776;541;0.4779715;0.592542;0.427086;0.6225845;448.3;0.181141;False;11/23/2025 9:23:59 AM:57;1763861039057;;
785;545;0.4834409;0.597153;0.5395055;0.6955286;447.1;0.1812021;False;11/23/2025 9:23:59 AM:81;1763861039081;;
773;550;0.4763185;0.6027139;0.4018031;0.7132585;446.3;0.1849582;False;11/23/2025 9:23:59 AM:104;1763861039104;;
764;554;0.4708363;0.6071566;0.401951;0.7131532;445.5;0.1850322;False;11/23/2025 9:23:59 AM:125;1763861039125;;
769;555;0.4739092;0.6073855;0.5172206;0.6148111;444.4;0.1950697;False;11/23/2025 9:23:59 AM:148;1763861039148;;
769;554;0.4741266;0.6072202;0.4842548;0.6026142;444.1;0.1904948;False;11/23/2025 9:23:59 AM:170;1763861039170;;
770;554;0.4743248;0.6070725;0.4843056;0.6026075;443.9;0.1905256;False;11/23/2025 9:23:59 AM:194;1763861039194;;
713;554;0.4392878;0.6071754;0.2931514;0.6369866;442.2;0.2012753;False;11/23/2025 9:23:59 AM:218;1763861039218;;
717;555;0.4420452;0.6074169;0.4870483;0.626547;441.7;0.2045302;False;11/23/2025 9:23:59 AM:246;1763861039246;;
766;545;0.4719146;0.5965832;0.6145876;0.4942271;441.7;0.1925695;False;11/23/2025 9:23:59 AM:269;1763861039269;;
812;537;0.5001062;0.5884042;0.6277117;0.5026302;441.8;0.192806;False;11/23/2025 9:23:59 AM:296;1763861039296;;
818;540;0.5039424;0.5910652;0.5484548;0.6513454;443.7;0.1975303;False;11/23/2025 9:23:59 AM:326;1763861039326;;
818;546;0.5038968;0.5983914;0.4981565;0.7063729;445.8;0.2060509;False;11/23/2025 9:23:59 AM:349;1763861039349;;
817;547;0.5032646;0.5985002;0.4812958;0.6091756;445.7;0.1950038;False;11/23/2025 9:23:59 AM:372;1763861039372;;
816;547;0.5027642;0.5985882;0.4813588;0.6091354;445.6;0.1950623;False;11/23/2025 9:23:59 AM:393;1763861039393;;
841;545;0.5181124;0.5969909;0.6163331;0.5608294;446.3;0.2012787;False;11/23/2025 9:23:59 AM:417;1763861039417;;
841;544;0.5180548;0.5955095;0.5091122;0.5589292;446.3;0.1958284;False;11/23/2025 9:23:59 AM:441;1763861039441;;
841;543;0.5179964;0.5940957;0.5090365;0.5589465;446.2;0.1957874;False;11/23/2025 9:23:59 AM:469;1763861039469;;
838;540;0.5164238;0.5908316;0.4823658;0.5328309;444.7;0.2039349;False;11/23/2025 9:23:59 AM:497;1763861039497;;
831;538;0.5117409;0.5889997;0.4493578;0.5383355;443.4;0.1914918;False;11/23/2025 9:23:59 AM:520;1763861039520;;
801;538;0.4933241;0.5889935;0.3778819;0.5835689;442.2;0.2162745;False;11/23/2025 9:23:59 AM:543;1763861039543;;
852;506;0.524879;0.5539584;0.6607188;0.3507587;441.0;0.2118653;False;11/23/2025 9:23:59 AM:567;1763861039567;;
887;483;0.5462506;0.5292869;0.6609105;0.3507467;439.8;0.2119595;False;11/23/2025 9:23:59 AM:588;1763861039588;;
887;475;0.5462357;0.5199654;0.5263768;0.4277638;441.1;0.203891;False;11/23/2025 9:23:59 AM:622;1763861039622;;
869;475;0.5354294;0.5204973;0.4499802;0.5399076;439.7;0.2136116;False;11/23/2025 9:23:59 AM:652;1763861039652;;
841;484;0.5179971;0.5300241;0.4058355;0.6313753;439.8;0.2168941;False;11/23/2025 9:23:59 AM:678;1763861039678;;
834;483;0.5138027;0.528602;0.4496939;0.4867997;436.7;0.2239811;False;11/23/2025 9:23:59 AM:703;1763861039703;;
827;481;0.509692;0.5265871;0.4448904;0.4746591;433.9;0.2239039;False;11/23/2025 9:23:59 AM:727;1763861039727;;
819;481;0.5043181;0.526665;0.4318651;0.5335887;430.7;0.2199754;False;11/23/2025 9:23:59 AM:751;1763861039751;;
755;493;0.4649712;0.5394867;0.305188;0.6572801;426.8;0.2206324;False;11/23/2025 9:23:59 AM:777;1763861039777;;
725;507;0.4467216;0.5554047;0.3377769;0.6883373;423.4;0.2206398;False;11/23/2025 9:23:59 AM:803;1763861039803;;
692;508;0.426214;0.5563701;0.3151229;0.59242;419.4;0.2302155;False;11/23/2025 9:23:59 AM:831;1763861039831;;
706;515;0.4349799;0.5640233;0.5060522;0.6620851;418.0;0.2455016;False;11/23/2025 9:23:59 AM:856;1763861039856;;
750;540;0.4623688;0.5917044;0.578684;0.7604148;411.7;0.2598669;False;11/23/2025 9:23:59 AM:886;1763861039886;;
766;551;0.471895;0.6037557;0.5431417;0.7243323;407.7;0.2462575;False;11/23/2025 9:23:59 AM:914;1763861039914;;
770;551;0.4743971;0.6038494;0.5127436;0.6141967;403.2;0.2587299;False;11/23/2025 9:23:59 AM:941;1763861039941;;
754;557;0.4643024;0.6098217;0.3894662;0.6987336;397.5;0.2582955;False;11/23/2025 9:23:59 AM:970;1763861039970;;
752;557;0.4633504;0.6098488;0.4366846;0.6361756;392.3;0.2582792;False;11/23/2025 9:23:59 AM:996;1763861039996;;
703;557;0.4333889;0.6099166;0.3154276;0.6324571;386.6;0.2572764;False;11/23/2025 9:24:00 AM:30;1763861040030;;
704;569;0.4337244;0.6231633;0.4490633;0.7603977;381.1;0.2556362;False;11/23/2025 9:24:00 AM:55;1763861040055;;
693;569;0.4267612;0.6233269;0.3642028;0.6415485;376.2;0.2532658;False;11/23/2025 9:24:00 AM:83;1763861040083;;
660;577;0.4069454;0.6314346;0.3051329;0.7350571;370.7;0.265478;False;11/23/2025 9:24:00 AM:113;1763861040113;;
645;577;0.3976801;0.6321304;0.3197116;0.6814749;364.9;0.2496976;False;11/23/2025 9:24:00 AM:138;1763861040138;;
622;577;0.3834217;0.6323696;0.2907534;0.6478609;359.6;0.2495509;False;11/23/2025 9:24:00 AM:165;1763861040165;;
622;584;0.3833394;0.6399902;0.373228;0.747964;356.1;0.2636298;False;11/23/2025 9:24:00 AM:192;1763861040192;;
619;585;0.3816404;0.6407725;0.3461426;0.693087;352.5;0.2644212;False;11/23/2025 9:24:00 AM:220;1763861040220;;
618;585;0.381059;0.6410874;0.3577652;0.6590524;349.8;0.2637963;False;11/23/2025 9:24:00 AM:250;1763861040250;;
617;592;0.3802253;0.6483498;0.3510841;0.7570246;347.3;0.2598773;False;11/23/2025 9:24:00 AM:275;1763861040275;;
617;596;0.3799847;0.6531662;0.3603517;0.7451409;346.3;0.2543265;False;11/23/2025 9:24:00 AM:306;1763861040306;;
616;600;0.3798;0.6567194;0.3603174;0.745121;345.3;0.2543118;False;11/23/2025 9:24:00 AM:331;1763861040331;;
594;602;0.366182;0.6586915;0.270939;0.7336981;345.0;0.2465176;False;11/23/2025 9:24:00 AM:359;1763861040359;;
593;603;0.3653806;0.6604692;0.3341626;0.73615;344.7;0.2648772;False;11/23/2025 9:24:00 AM:386;1763861040386;;
649;603;0.39968;0.6607;0.528105;0.7055416;345.0;0.260526;False;11/23/2025 9:24:00 AM:412;1763861040412;;
663;604;0.4084642;0.6608872;0.4724244;0.6661503;346.6;0.2563396;False;11/23/2025 9:24:00 AM:438;1763861040438;;
663;601;0.4086033;0.6586248;0.4124777;0.6252736;348.4;0.2359174;False;11/23/2025 9:24:00 AM:466;1763861040466;;
663;599;0.4087279;0.6558638;0.4132145;0.610882;350.0;0.2361279;False;11/23/2025 9:24:00 AM:490;1763861040490;;
702;597;0.4322886;0.6541175;0.5378138;0.6214531;353.0;0.2268233;False;11/23/2025 9:24:00 AM:519;1763861040519;;
705;592;0.4345278;0.6478087;0.4646706;0.5745481;355.3;0.2241364;False;11/23/2025 9:24:00 AM:548;1763861040548;;
708;587;0.4360352;0.6432153;0.4635745;0.5735824;357.3;0.2240078;False;11/23/2025 9:24:00 AM:572;1763861040572;;
728;588;0.4484909;0.6441833;0.5281253;0.678073;359.9;0.202035;False;11/23/2025 9:24:00 AM:602;1763861040602;;
775;593;0.4777051;0.6497127;0.5737085;0.7148672;359.0;0.2007072;False;11/23/2025 9:24:00 AM:650;1763861040650;;
807;608;0.4972427;0.665366;0.5711635;0.7663391;365.2;0.09783052;True;11/23/2025 9:24:00 AM:708;1763861040708;;
830;597;0.5113231;0.6540744;0.6083582;0.549911;367.6;0.1111928;True;11/23/2025 9:24:00 AM:732;1763861040732;;
847;589;0.5220287;0.6452336;0.608341;0.5498734;369.8;0.1112794;True;11/23/2025 9:24:00 AM:756;1763861040756;;
863;576;0.5315444;0.6310115;0.6141745;0.5054715;374.8;0.1136804;True;11/23/2025 9:24:00 AM:780;1763861040780;;
878;575;0.5410366;0.629141;0.6224204;0.5845462;376.8;0.1290125;True;11/23/2025 9:24:00 AM:804;1763861040804;;
883;568;0.5439053;0.6220731;0.5936552;0.5284702;377.8;0.145638;True;11/23/2025 9:24:00 AM:828;1763861040828;;
886;563;0.5457303;0.6169995;0.5886355;0.5332862;378.7;0.1457362;True;11/23/2025 9:24:00 AM:851;1763861040851;;
892;615;0.5495454;0.6731516;0.5764252;0.7555265;373.4;0.2521916;False;11/23/2025 9:24:01 AM:472;1763861041472;;
892;626;0.5496753;0.6852077;0.5655356;0.8469306;368.7;0.2530067;False;11/23/2025 9:24:01 AM:491;1763861041491;;
900;626;0.5543565;0.6859616;0.6117017;0.7059916;365.9;0.2625459;False;11/23/2025 9:24:01 AM:531;1763861041531;;
941;626;0.5799505;0.6859726;0.7239608;0.7316067;363.3;0.2624608;False;11/23/2025 9:24:01 AM:554;1763861041554;;
1083;591;0.6672387;0.6475518;0.7720158;0.562933;359.8;0.266174;False;11/23/2025 9:24:01 AM:692;1763861041692;;
1137;599;0.7003663;0.6562158;0.8593376;0.7698599;356.7;0.2647271;False;11/23/2025 9:24:01 AM:713;1763861041713;;
1088;619;0.6705186;0.6773732;0.59003;0.7771772;351.9;0.2771347;False;11/23/2025 9:24:01 AM:792;1763861041792;;
1076;619;0.6630638;0.6776647;0.5890027;0.7134067;347.5;0.2763963;False;11/23/2025 9:24:01 AM:817;1763861041817;;
1055;619;0.6499507;0.6780483;0.5998973;0.7085443;349.7;0.2896444;False;11/23/2025 9:24:01 AM:962;1763861041962;;
1056;618;0.6503438;0.676499;0.6605558;0.640754;351.7;0.2892735;False;11/23/2025 9:24:01 AM:983;1763861041983;;
1056;623;0.6502547;0.682493;0.6284958;0.7815981;350.2;0.2787997;False;11/23/2025 9:24:02 AM:6;1763861042006;;
1065;574;0.6557949;0.6287217;0.6806939;0.5175823;349.0;0.2768417;False;11/23/2025 9:24:02 AM:131;1763861042131;;
1070;564;0.6591535;0.6172706;0.7080892;0.4932196;347.9;0.2769754;False;11/23/2025 9:24:02 AM:152;1763861042152;;
1132;565;0.6974058;0.6185909;0.8572171;0.6580557;347.2;0.2756584;False;11/23/2025 9:24:02 AM:174;1763861042174;;
1356;554;0.8354689;0.6063484;0.9485624;0.541859;343.9;0.3112454;False;11/23/2025 9:24:02 AM:305;1763861042305;;
1389;554;0.8558378;0.6062751;0.967284;0.5997053;340.9;0.3108633;False;11/23/2025 9:24:02 AM:324;1763861042324;;
1541;554;0.9490201;0.6065467;1.048463;0.6108654;340.2;0.3013864;False;11/23/2025 9:24:02 AM:431;1763861042431;;
1550;551;0.9544611;0.6033773;1.005381;0.528965;339.6;0.3007626;False;11/23/2025 9:24:02 AM:450;1763861042450;;
1543;550;0.95042;0.6026829;0.8769467;0.5621789;337.1;0.2967945;False;11/23/2025 9:24:02 AM:472;1763861042472;;
1572;541;0.9683618;0.5923504;1.059869;0.4728654;335.2;0.2950558;False;11/23/2025 9:24:02 AM:497;1763861042497;;
1587;531;0.9773524;0.5818597;1.048499;0.4470198;333.4;0.2950442;False;11/23/2025 9:24:02 AM:517;1763861042517;;
1516;563;0.9338773;0.6162405;0.7496147;0.8151979;330.0;0.3001173;False;11/23/2025 9:24:02 AM:537;1763861042537;;
1520;547;0.9361373;0.5993266;0.961288;0.483436;327.9;0.2982365;False;11/23/2025 9:24:02 AM:590;1763861042590;;
1537;539;0.9468609;0.5897185;1.03441;0.4563537;326.0;0.2983752;False;11/23/2025 9:24:02 AM:612;1763861042612;;
1479;566;0.9109404;0.6198139;0.7646165;0.7862154;325.0;0.3084955;False;11/23/2025 9:24:02 AM:636;1763861042636;;
1479;589;0.9109393;0.6446972;0.9108618;0.805195;322.6;0.2809237;False;11/23/2025 9:24:02 AM:658;1763861042658;;
1477;608;0.9097699;0.6653398;0.8824472;0.8205603;320.4;0.2808193;False;11/23/2025 9:24:02 AM:676;1763861042676;;
1519;592;0.9356998;0.6487339;1.063791;0.4926374;320.1;0.3061779;False;11/23/2025 9:24:02 AM:702;1763861042702;;
1546;578;0.9525121;0.6331902;1.067454;0.4647453;319.9;0.3062176;False;11/23/2025 9:24:02 AM:722;1763861042722;;
1512;585;0.931425;0.6401318;0.8280305;0.7067409;318.7;0.2869273;False;11/23/2025 9:24:02 AM:752;1763861042752;;
1520;586;0.9363864;0.6415636;0.9896445;0.6697667;316.1;0.3035499;False;11/23/2025 9:24:02 AM:782;1763861042782;;
1545;576;0.951921;0.6305586;1.048686;0.5113308;316.8;0.3149801;False;11/23/2025 9:24:02 AM:808;1763861042808;;
1531;576;0.9428456;0.6305078;0.8702356;0.6086075;315.0;0.3040339;False;11/23/2025 9:24:02 AM:835;1763861042835;;
1480;601;0.9114018;0.6582295;0.780348;0.8172392;312.0;0.2884427;False;11/23/2025 9:24:02 AM:862;1763861042862;;
1445;619;0.8903857;0.6776084;0.7804248;0.8171429;309.3;0.2885101;False;11/23/2025 9:24:02 AM:886;1763861042886;;
1449;609;0.8927999;0.6669978;0.9380897;0.5500758;310.2;0.3033324;False;11/23/2025 9:24:02 AM:912;1763861042912;;
1447;628;0.8915747;0.6879809;0.8701971;0.822318;308.5;0.3057773;False;11/23/2025 9:24:02 AM:941;1763861042941;;
1449;619;0.892284;0.6774705;0.9191709;0.5615589;310.9;0.3058685;False;11/23/2025 9:24:02 AM:968;1763861042968;;
1482;612;0.9130543;0.6704708;1.027734;0.5709828;312.3;0.292533;False;11/23/2025 9:24:02 AM:995;1763861042995;;
1482;613;0.9126495;0.6709988;0.9002054;0.6857521;314.0;0.2948809;False;11/23/2025 9:24:03 AM:22;1763861043022;;
1481;613;0.9123248;0.6714222;0.9002265;0.6857502;315.6;0.2949291;False;11/23/2025 9:24:03 AM:49;1763861043049;;
1488;621;0.9167071;0.6795465;0.9703484;0.7666104;317.3;0.3068095;False;11/23/2025 9:24:03 AM:77;1763861043077;;
1514;619;0.9327105;0.6780137;1.028398;0.6335668;320.2;0.276153;False;11/23/2025 9:24:03 AM:106;1763861043106;;
1531;618;0.9431239;0.6769251;1.028375;0.6336426;322.7;0.2761888;False;11/23/2025 9:24:03 AM:131;1763861043131;;
1531;616;0.9430363;0.6740633;0.9387066;0.6095633;323.3;0.2987496;False;11/23/2025 9:24:03 AM:159;1763861043159;;
1531;617;0.9429526;0.67531;0.9380433;0.7055008;325.7;0.2927601;False;11/23/2025 9:24:03 AM:184;1763861043184;;
1540;621;0.9486062;0.6803737;1.010609;0.7496162;326.1;0.2854238;False;11/23/2025 9:24:03 AM:211;1763861043211;;
1583;644;0.9748152;0.7047955;1.100308;0.8622894;329.6;0.2773178;False;11/23/2025 9:24:03 AM:238;1763861043238;;
1584;636;0.9759806;0.6965975;0.9969136;0.6275625;329.2;0.2646632;False;11/23/2025 9:24:03 AM:301;1763861043301;;
1581;637;0.973765;0.6970268;0.9392084;0.7128646;328.0;0.2883296;False;11/23/2025 9:24:03 AM:326;1763861043326;;
1578;637;0.9720984;0.6973587;0.9391794;0.7128697;326.9;0.28826;False;11/23/2025 9:24:03 AM:351;1763861043351;;
1601;649;0.9863932;0.7110058;1.079855;0.830973;327.3;0.265048;False;11/23/2025 9:24:03 AM:377;1763861043377;;
1611;659;0.9923908;0.7211092;1.053955;0.8259884;327.2;0.29318;False;11/23/2025 9:24:03 AM:403;1763861043403;;
1567;663;0.9652069;0.7256528;0.8442634;0.7991364;326.5;0.2809433;False;11/23/2025 9:24:03 AM:430;1763861043430;;
1583;640;0.9747707;0.7012966;1.060378;0.5351523;327.3;0.2964472;False;11/23/2025 9:24:03 AM:453;1763861043453;;
1589;623;0.9789994;0.6825824;1.03642;0.5438054;328.1;0.2961385;False;11/23/2025 9:24:03 AM:479;1763861043479;;
1605;618;0.988759;0.6769941;1.07298;0.5987213;326.4;0.2785456;False;11/23/2025 9:24:03 AM:505;1763861043505;;
1607;642;0.9898741;0.7027951;1.025711;0.8687906;328.3;0.3022875;False;11/23/2025 9:24:03 AM:530;1763861043530;;
1609;660;0.9908116;0.72246;1.025684;0.8687856;330.0;0.302223;False;11/23/2025 9:24:03 AM:556;1763861043556;;
1609;605;0.9910429;0.6630045;1.004327;0.5110626;331.3;0.2784697;False;11/23/2025 9:24:03 AM:631;1763861043631;;
1619;598;0.9969969;0.6545876;1.067132;0.5534455;332.5;0.2790889;False;11/23/2025 9:24:03 AM:657;1763861043657;;
1620;679;0.9980335;0.7429702;1.035043;1.022534;332.5;0.2777081;False;11/23/2025 9:24:03 AM:684;1763861043684;;
1624;687;1.000466;0.7523445;1.053313;0.8398106;333.9;0.2734805;False;11/23/2025 9:24:03 AM:708;1763861043708;Offscreen;
1647;693;1.014678;0.7590747;1.118271;0.8308982;333.7;0.2938608;False;11/23/2025 9:24:03 AM:734;1763861043734;Offscreen;
1629;698;1.003396;0.7638572;0.9278513;0.8282827;333.6;0.2885088;False;11/23/2025 9:24:03 AM:759;1763861043759;Offscreen;
1608;702;0.9903015;0.7682267;0.9062577;0.833472;333.6;0.2885106;False;11/23/2025 9:24:03 AM:783;1763861043783;;
1501;705;0.9244264;0.7718136;0.7508923;0.8301662;334.5;0.2683554;False;11/23/2025 9:24:03 AM:810;1763861043810;;
1499;711;0.923479;0.7787619;0.9120669;0.8658568;334.0;0.2900457;False;11/23/2025 9:24:03 AM:836;1763861043836;;
1511;723;0.9306989;0.7917153;1.020518;0.9164152;333.0;0.3074827;False;11/23/2025 9:24:03 AM:860;1763861043860;;
1491;734;0.918292;0.8039707;0.8471618;0.9251882;336.0;0.2730949;False;11/23/2025 9:24:03 AM:885;1763861043885;;
1476;743;0.9088752;0.8138186;0.8471487;0.9251877;338.6;0.2730559;False;11/23/2025 9:24:03 AM:912;1763861043912;;
1472;743;0.9068002;0.8139513;0.8908443;0.8358413;337.2;0.2880159;False;11/23/2025 9:24:03 AM:972;1763861043972;;
1495;748;0.9206022;0.8193337;1.016523;0.9045886;338.6;0.2624341;False;11/23/2025 9:24:04 AM:1;1763861044001;;
1507;751;0.9285475;0.8218803;1.008598;0.8904097;339.8;0.2624851;False;11/23/2025 9:24:04 AM:26;1763861044026;;
1519;751;0.9354619;0.8227065;1.013039;0.8719788;340.4;0.2726097;False;11/23/2025 9:24:04 AM:52;1763861044052;;
1518;752;0.9352604;0.8228962;0.9302645;0.8351109;339.7;0.2658238;False;11/23/2025 9:24:04 AM:79;1763861044079;;
1538;755;0.947427;0.8266729;1.033255;0.9013302;339.3;0.2796079;False;11/23/2025 9:24:04 AM:112;1763861044112;;
1547;752;0.9529074;0.8232959;1.029166;0.7672998;338.0;0.2831756;False;11/23/2025 9:24:04 AM:133;1763861044133;;
1541;755;0.9493058;0.8269729;0.9054046;0.9128704;340.2;0.2598443;False;11/23/2025 9:24:04 AM:154;1763861044154;;
1537;758;0.9464547;0.8299715;0.9053538;0.9128711;342.1;0.2597782;False;11/23/2025 9:24:04 AM:173;1763861044173;;
1546;758;0.9521029;0.8297757;1.023293;0.8228031;343.8;0.2754456;False;11/23/2025 9:24:04 AM:195;1763861044195;;
1547;750;0.9526256;0.8208595;0.975504;0.7609081;344.6;0.2691689;False;11/23/2025 9:24:04 AM:253;1763861044253;;
1551;750;0.9554676;0.8207075;1.011399;0.8104708;345.4;0.2698537;False;11/23/2025 9:24:04 AM:275;1763861044275;;
1549;750;0.9538646;0.8206443;0.9283022;0.8150302;343.5;0.2772708;False;11/23/2025 9:24:04 AM:299;1763861044299;;
1555;720;0.9577001;0.7883726;1.019886;0.5879111;341.3;0.2961829;False;11/23/2025 9:24:04 AM:320;1763861044320;;
1562;693;0.9624178;0.7583936;1.033516;0.5598876;339.3;0.2960899;False;11/23/2025 9:24:04 AM:340;1763861044340;;
1573;694;0.9688637;0.7603912;1.047798;0.8211537;341.5;0.2853827;False;11/23/2025 9:24:04 AM:361;1763861044361;;
1581;696;0.9740742;0.7620727;1.047796;0.8211514;343.5;0.2853663;False;11/23/2025 9:24:04 AM:383;1763861044383;;
1575;705;0.9699917;0.7713527;0.9233369;0.8945834;341.9;0.2698306;False;11/23/2025 9:24:04 AM:404;1763861044404;;
1596;721;0.9829732;0.7897524;1.088182;0.957068;341.6;0.2853783;False;11/23/2025 9:24:04 AM:425;1763861044425;;
1612;733;0.9928772;0.8024023;1.090273;0.9513185;341.4;0.2853198;False;11/23/2025 9:24:04 AM:444;1763861044444;;
1612;732;0.9927394;0.8017035;0.9877215;0.7819118;339.5;0.2722001;False;11/23/2025 9:24:04 AM:468;1763861044468;;
1618;733;0.9964484;0.8022043;1.055659;0.8421599;338.2;0.2789328;False;11/23/2025 9:24:04 AM:491;1763861044491;;
1620;734;0.9978567;0.8031161;1.040987;0.8543717;337.0;0.2788024;False;11/23/2025 9:24:04 AM:510;1763861044510;;
1581;744;0.9736518;0.8144681;0.9088475;0.8985718;336.8;0.2621;False;11/23/2025 9:24:04 AM:594;1763861044594;;
1573;745;0.9689674;0.8155578;0.9110245;0.8790559;336.6;0.2630463;False;11/23/2025 9:24:04 AM:614;1763861044614;;
1578;757;0.9717675;0.8291309;1.018769;0.9820899;337.5;0.2615929;False;11/23/2025 9:24:04 AM:636;1763861044636;;
1574;757;0.969557;0.8288863;0.9310312;0.8219038;336.9;0.2598808;False;11/23/2025 9:24:04 AM:658;1763861044658;;
1569;757;0.9661887;0.8286365;0.9162366;0.8206006;336.4;0.2597378;False;11/23/2025 9:24:04 AM:680;1763861044680;;
1572;757;0.9682704;0.828717;1.007403;0.8328379;334.8;0.2821255;False;11/23/2025 9:24:04 AM:702;1763861044702;;
1313;751;0.8089367;0.8222595;0.6133102;0.7667171;333.9;0.2453816;False;11/23/2025 9:24:04 AM:747;1763861044747;;
1248;742;0.7688622;0.8124067;0.645226;0.7089738;333.0;0.2453109;False;11/23/2025 9:24:04 AM:771;1763861044771;;
1250;738;0.7697515;0.8075216;0.7784464;0.731201;333.8;0.2739516;False;11/23/2025 9:24:04 AM:794;1763861044794;;
1244;732;0.766299;0.8011143;0.7381461;0.703835;334.5;0.2739624;False;11/23/2025 9:24:04 AM:813;1763861044813;;
1246;732;0.7675859;0.8018558;0.8116112;0.8333855;333.8;0.2756073;False;11/23/2025 9:24:04 AM:834;1763861044834;;
1248;733;0.7687483;0.8025273;0.8116305;0.8333359;333.2;0.2756088;False;11/23/2025 9:24:04 AM:855;1763861044855;;
1246;695;0.767727;0.7607148;0.7568898;0.5401278;333.1;0.2699878;False;11/23/2025 9:24:04 AM:879;1763861044879;;
1208;695;0.7444555;0.7609419;0.6485081;0.7845813;330.9;0.2667627;False;11/23/2025 9:24:04 AM:904;1763861044904;;
1209;680;0.7446027;0.7441195;0.7469995;0.6006113;330.8;0.2635508;False;11/23/2025 9:24:04 AM:925;1763861044925;;
1202;673;0.7405954;0.7372252;0.7013769;0.64092;330.8;0.2633425;False;11/23/2025 9:24:04 AM:945;1763861044945;;
1194;667;0.7354374;0.7307523;0.6891024;0.6379271;330.2;0.2662656;False;11/23/2025 9:24:04 AM:966;1763861044966;;
1110;670;0.6840671;0.7333573;0.5837368;0.7724311;329.5;0.2771179;False;11/23/2025 9:24:05 AM:24;1763861045024;;
1091;671;0.6722924;0.7342312;0.5944019;0.7736499;328.8;0.2771615;False;11/23/2025 9:24:05 AM:45;1763861045045;;
1116;671;0.6877404;0.7342231;0.8086413;0.7332429;328.7;0.2672541;False;11/23/2025 9:24:05 AM:67;1763861045067;;
1119;673;0.6890805;0.7363655;0.7394916;0.7944103;329.3;0.2770872;False;11/23/2025 9:24:05 AM:89;1763861045089;;
1119;669;0.6892579;0.732898;0.7255445;0.6674738;329.8;0.2771879;False;11/23/2025 9:24:05 AM:110;1763861045110;;
1093;663;0.673445;0.7262886;0.5797206;0.6337071;333.5;0.28883;False;11/23/2025 9:24:05 AM:130;1763861045130;;
1023;653;0.6305045;0.7150449;0.4784304;0.5947378;338.1;0.2756915;False;11/23/2025 9:24:05 AM:153;1763861045153;;
978;645;0.6023434;0.7066271;0.478433;0.5947375;342.3;0.2756927;False;11/23/2025 9:24:05 AM:173;1763861045173;;
795;629;0.489796;0.6885365;0.259589;0.5322983;343.4;0.2764631;False;11/23/2025 9:24:05 AM:195;1763861045195;;
798;627;0.4917381;0.6865253;0.5927725;0.6299737;344.8;0.2758841;False;11/23/2025 9:24:05 AM:218;1763861045218;;
801;626;0.4932494;0.6849846;0.5927767;0.630043;346.0;0.2758138;False;11/23/2025 9:24:05 AM:239;1763861045239;;
791;603;0.4873405;0.6607065;0.4561091;0.4803933;344.9;0.2863482;False;11/23/2025 9:24:05 AM:260;1763861045260;;
784;588;0.4832988;0.6434611;0.4561008;0.4803919;343.9;0.2863451;False;11/23/2025 9:24:05 AM:281;1763861045281;;
703;587;0.4330994;0.6425651;0.2991527;0.5992516;343.7;0.2702094;False;11/23/2025 9:24:05 AM:306;1763861045306;;
659;589;0.4058301;0.6453469;0.3132072;0.6957125;343.5;0.2814681;False;11/23/2025 9:24:05 AM:331;1763861045331;;
642;591;0.3958398;0.6475967;0.3417773;0.6996487;343.4;0.2813726;False;11/23/2025 9:24:05 AM:349;1763861045349;;
664;597;0.409314;0.6535667;0.5589958;0.7384979;344.5;0.2711474;False;11/23/2025 9:24:05 AM:372;1763861045372;;
665;597;0.4099845;0.6536661;0.4897552;0.6643067;344.4;0.2952734;False;11/23/2025 9:24:05 AM:395;1763861045395;;
669;596;0.4119613;0.6531565;0.4673056;0.6264567;343.7;0.2791857;False;11/23/2025 9:24:05 AM:417;1763861045417;;
671;596;0.4136005;0.6527288;0.4672505;0.6264715;343.2;0.2791684;False;11/23/2025 9:24:05 AM:438;1763861045438;;
674;597;0.415245;0.6533644;0.4574215;0.68052;344.6;0.2901837;False;11/23/2025 9:24:05 AM:461;1763861045461;;
608;582;0.3745477;0.6369435;0.2419863;0.4918543;346.8;0.2780004;False;11/23/2025 9:24:05 AM:484;1763861045484;;
562;570;0.3464996;0.6238779;0.2419983;0.4918537;348.6;0.2780084;False;11/23/2025 9:24:05 AM:506;1763861045506;;
563;570;0.3466828;0.6240872;0.3486117;0.6374437;349.4;0.280662;False;11/23/2025 9:24:05 AM:527;1763861045527;;
613;573;0.3779128;0.6275658;0.5588341;0.6929705;350.5;0.2698689;False;11/23/2025 9:24:05 AM:549;1763861045549;;
652;576;0.4020314;0.630529;0.5587912;0.6929841;351.4;0.2698527;False;11/23/2025 9:24:05 AM:572;1763861045572;;
683;576;0.4207112;0.63108;0.5586571;0.6604822;352.3;0.2992793;False;11/23/2025 9:24:05 AM:594;1763861045594;;
714;580;0.4396874;0.6346985;0.575992;0.7077518;352.5;0.2785857;False;11/23/2025 9:24:05 AM:616;1763861045616;;
728;581;0.4485002;0.6362498;0.5527741;0.6906357;352.7;0.2786809;False;11/23/2025 9:24:05 AM:636;1763861045636;;
760;584;0.4681132;0.6394849;0.6041403;0.7139029;353.2;0.2675969;False;11/23/2025 9:24:05 AM:658;1763861045658;;
783;585;0.4826923;0.6407281;0.6050966;0.6944768;353.6;0.2677653;False;11/23/2025 9:24:05 AM:678;1763861045678;;
800;585;0.4928518;0.6410847;0.5952717;0.6771377;355.4;0.2971119;False;11/23/2025 9:24:05 AM:699;1763861045699;;
770;582;0.4747255;0.6373339;0.375728;0.5766565;355.0;0.2815987;False;11/23/2025 9:24:05 AM:721;1763861045721;;
750;579;0.4619748;0.6344401;0.375838;0.5766232;354.6;0.2816463;False;11/23/2025 9:24:05 AM:741;1763861045741;;
750;580;0.4619268;0.6346067;0.4605461;0.656219;352.9;0.2952873;False;11/23/2025 9:24:05 AM:762;1763861045762;;
749;581;0.461556;0.6357089;0.4525502;0.6813172;351.3;0.2953869;False;11/23/2025 9:24:05 AM:784;1763861045784;;
736;588;0.4536507;0.6434344;0.3869134;0.7520517;350.1;0.2931359;False;11/23/2025 9:24:05 AM:806;1763861045806;;
711;584;0.4380731;0.6400145;0.3402364;0.5799786;350.4;0.2761188;False;11/23/2025 9:24:05 AM:827;1763861045827;;
716;585;0.4412176;0.6408979;0.4979036;0.6821337;349.3;0.2696483;False;11/23/2025 9:24:05 AM:851;1763861045851;;
720;586;0.4437703;0.6416349;0.4979226;0.6821269;348.3;0.2696458;False;11/23/2025 9:24:05 AM:872;1763861045872;;
684;590;0.4213364;0.6464269;0.3065513;0.7363718;348.6;0.2887938;False;11/23/2025 9:24:05 AM:895;1763861045895;;
728;590;0.4482884;0.6464681;0.5920181;0.6710882;350.3;0.2740371;False;11/23/2025 9:24:05 AM:917;1763861045917;;
759;590;0.4673766;0.6465015;0.5920138;0.6710622;351.9;0.2740796;False;11/23/2025 9:24:05 AM:939;1763861045939;;
757;591;0.4662453;0.6471517;0.4418265;0.6907606;351.6;0.2753176;False;11/23/2025 9:24:05 AM:961;1763861045961;;
759;590;0.4676971;0.6455981;0.5050123;0.610653;352.2;0.2934335;False;11/23/2025 9:24:05 AM:983;1763861045983;;
761;588;0.4688673;0.6443571;0.5050992;0.6106334;352.8;0.2934717;False;11/23/2025 9:24:06 AM:5;1763861046005;;
763;591;0.4700507;0.6468275;0.5072268;0.7119306;351.3;0.3021279;False;11/23/2025 9:24:06 AM:27;1763861046027;;
758;578;0.4672516;0.6329825;0.4281871;0.508327;351.2;0.2990708;False;11/23/2025 9:24:06 AM:50;1763861046050;;
755;569;0.4651698;0.6229542;0.4282414;0.5083154;351.1;0.2990924;False;11/23/2025 9:24:06 AM:69;1763861046069;;
755;570;0.4649602;0.6243802;0.4553562;0.6717082;350.4;0.2891311;False;11/23/2025 9:24:06 AM:92;1763861046092;;
754;571;0.4647888;0.6255278;0.4552911;0.6717362;349.7;0.2891075;False;11/23/2025 9:24:06 AM:113;1763861046113;;
711;571;0.4382238;0.6255565;0.313558;0.629022;350.1;0.277273;False;11/23/2025 9:24:06 AM:138;1763861046138;;
721;574;0.4445557;0.6283724;0.5187185;0.6979237;349.2;0.3016103;False;11/23/2025 9:24:06 AM:159;1763861046159;;
732;581;0.4512781;0.6364311;0.5302708;0.7526745;348.3;0.3018478;False;11/23/2025 9:24:06 AM:180;1763861046180;;
745;581;0.4592402;0.6364972;0.5430398;0.6435642;347.6;0.2872629;False;11/23/2025 9:24:06 AM:201;1763861046201;;
768;584;0.4733388;0.6398746;0.5811793;0.7183651;349.1;0.284512;False;11/23/2025 9:24:06 AM:223;1763861046223;;
789;587;0.4858828;0.642486;0.5854143;0.7139328;350.4;0.2848275;False;11/23/2025 9:24:06 AM:245;1763861046245;;
794;586;0.4891168;0.6419843;0.5440526;0.6261343;350.9;0.3060575;False;11/23/2025 9:24:06 AM:268;1763861046268;;
792;595;0.4882479;0.652025;0.4702014;0.7708508;352.0;0.2635708;False;11/23/2025 9:24:06 AM:293;1763861046293;;
792;599;0.4882611;0.6556146;0.4988284;0.7404664;353.6;0.2843728;False;11/23/2025 9:24:06 AM:315;1763861046315;;
792;602;0.4878949;0.6594157;0.474805;0.7512746;355.0;0.2845546;False;11/23/2025 9:24:06 AM:335;1763861046335;;
808;601;0.4980516;0.6584827;0.5882336;0.6352832;355.9;0.2788458;False;11/23/2025 9:24:06 AM:355;1763861046355;;
751;604;0.4627829;0.6609675;0.3197673;0.7328277;355.7;0.2735032;False;11/23/2025 9:24:06 AM:380;1763861046380;;
714;605;0.439881;0.6628394;0.3197642;0.7328281;355.5;0.2735021;False;11/23/2025 9:24:06 AM:400;1763861046400;;
670;600;0.4129211;0.6567172;0.2932383;0.5835067;356.4;0.2806798;False;11/23/2025 9:24:06 AM:423;1763861046423;;
681;600;0.4193752;0.6565344;0.5033023;0.6489201;355.0;0.2954537;False;11/23/2025 9:24:06 AM:446;1763861046446;;
695;599;0.4284239;0.6562155;0.5248347;0.6433512;353.7;0.2957944;False;11/23/2025 9:24:06 AM:469;1763861046469;;
711;600;0.4378674;0.6568872;0.5377474;0.6977161;352.3;0.3123867;False;11/23/2025 9:24:06 AM:490;1763861046490;;
728;601;0.4488056;0.6585038;0.5579832;0.7187812;351.1;0.3125553;False;11/23/2025 9:24:06 AM:509;1763861046509;;
709;599;0.4369663;0.6558944;0.3567298;0.6054056;351.3;0.2941107;False;11/23/2025 9:24:06 AM:531;1763861046531;;
748;599;0.4608252;0.6560631;0.5958702;0.6810232;350.6;0.2786426;False;11/23/2025 9:24:06 AM:556;1763861046556;;
775;599;0.4775616;0.6561118;0.5964267;0.6766686;349.9;0.2786039;False;11/23/2025 9:24:06 AM:577;1763861046577;;
777;603;0.4786633;0.6604558;0.517117;0.7439113;350.1;0.2939951;False;11/23/2025 9:24:06 AM:600;1763861046600;;
797;603;0.4908525;0.6604909;0.5867024;0.6626125;350.1;0.3013964;False;11/23/2025 9:24:06 AM:627;1763861046627;;
804;601;0.495225;0.6576467;0.5608675;0.6061382;351.2;0.287153;False;11/23/2025 9:24:06 AM:650;1763861046650;;
810;595;0.4992912;0.6518678;0.5634168;0.5741283;352.2;0.2874995;False;11/23/2025 9:24:06 AM:675;1763861046675;;
802;586;0.4944384;0.642163;0.4443227;0.5309221;350.9;0.2745062;False;11/23/2025 9:24:06 AM:697;1763861046697;;
808;587;0.4977441;0.6423269;0.5567703;0.6571751;351.0;0.2836378;False;11/23/2025 9:24:06 AM:720;1763861046720;;
812;587;0.5002641;0.6424563;0.5567842;0.6571705;351.2;0.2836438;False;11/23/2025 9:24:06 AM:741;1763861046741;;
814;587;0.501735;0.6424578;0.5490652;0.646156;352.3;0.2862883;False;11/23/2025 9:24:06 AM:763;1763861046763;;
761;580;0.4686193;0.6354072;0.3357488;0.5425327;353.0;0.300077;False;11/23/2025 9:24:06 AM:785;1763861046785;;
724;575;0.4459977;0.6299351;0.3358154;0.5425078;353.6;0.30011;False;11/23/2025 9:24:06 AM:808;1763861046808;;
727;578;0.4479581;0.633364;0.5085561;0.6981926;354.7;0.2960099;False;11/23/2025 9:24:06 AM:830;1763861046830;;
728;577;0.4483128;0.6322559;0.4748047;0.5919386;353.8;0.2908922;False;11/23/2025 9:24:06 AM:852;1763861046852;;
679;577;0.418195;0.6323662;0.2966924;0.6417497;352.1;0.2889699;False;11/23/2025 9:24:06 AM:875;1763861046875;;
647;578;0.3985793;0.6324511;0.2967409;0.6417298;350.6;0.2889835;False;11/23/2025 9:24:06 AM:896;1763861046896;;
596;572;0.3673871;0.62651;0.2422136;0.5364174;350.2;0.2706953;False;11/23/2025 9:24:06 AM:919;1763861046919;;
562;568;0.3461301;0.621876;0.2422996;0.536408;349.8;0.270743;False;11/23/2025 9:24:06 AM:939;1763861046939;;
615;565;0.3792939;0.6185512;0.5515636;0.5446415;350.2;0.2464427;False;11/23/2025 9:24:06 AM:961;1763861046961;;
655;562;0.4033614;0.6158454;0.55152;0.5446269;350.6;0.2464063;False;11/23/2025 9:24:06 AM:982;1763861046982;;
712;559;0.4386458;0.6121592;0.6017717;0.5310038;353.5;0.2153638;False;11/23/2025 9:24:07 AM:5;1763861047005;;
760;554;0.4683576;0.6064813;0.6156856;0.5057003;354.4;0.1931545;False;11/23/2025 9:24:07 AM:27;1763861047027;;
809;553;0.4983628;0.6053842;0.6382026;0.5498262;355.1;0.2086671;False;11/23/2025 9:24:07 AM:50;1763861047050;;
842;552;0.5189643;0.6043751;0.6349249;0.5481278;355.7;0.2086005;False;11/23/2025 9:24:07 AM:72;1763861047072;;
852;552;0.5247615;0.6042114;0.5853186;0.579136;355.9;0.2279842;False;11/23/2025 9:24:07 AM:95;1763861047095;;
745;545;0.4587781;0.5968325;0.329771;0.5132424;358.4;0.2846567;False;11/23/2025 9:24:07 AM:152;1763861047152;;
676;546;0.4168453;0.5976722;0.2528214;0.6180575;360.6;0.284095;False;11/23/2025 9:24:07 AM:172;1763861047172;;
721;551;0.4442115;0.6033265;0.5871119;0.6719105;360.6;0.2457097;False;11/23/2025 9:24:07 AM:197;1763861047197;;
750;560;0.4621579;0.6135655;0.5836906;0.718479;360.0;0.2576663;False;11/23/2025 9:24:07 AM:218;1763861047218;;
714;574;0.4398035;0.6285604;0.3271018;0.7549302;362.0;0.251946;False;11/23/2025 9:24:07 AM:242;1763861047242;;
676;583;0.4164477;0.638272;0.2972786;0.7464273;363.8;0.2521141;False;11/23/2025 9:24:07 AM:263;1763861047263;;
679;578;0.4186897;0.633187;0.4707487;0.5509155;365.2;0.2751483;False;11/23/2025 9:24:07 AM:288;1763861047288;;
704;576;0.4336671;0.6308807;0.5453018;0.5695602;363.9;0.2708725;False;11/23/2025 9:24:07 AM:312;1763861047312;;
726;576;0.4474639;0.6302745;0.5576256;0.5913901;362.7;0.2710446;False;11/23/2025 9:24:07 AM:334;1763861047334;;
766;576;0.4717644;0.6302029;0.6133135;0.6065064;362.4;0.2780578;False;11/23/2025 9:24:07 AM:355;1763861047355;;
796;575;0.4902507;0.6301426;0.6127076;0.6169711;362.1;0.278255;False;11/23/2025 9:24:07 AM:376;1763861047376;;
815;576;0.502153;0.6306527;0.5966809;0.648874;359.7;0.2856848;False;11/23/2025 9:24:07 AM:400;1763861047400;;
815;576;0.5020268;0.630532;0.4961522;0.6084767;357.5;0.2778774;False;11/23/2025 9:24:07 AM:422;1763861047422;;
815;576;0.501893;0.630505;0.4948651;0.6272379;355.6;0.2780199;False;11/23/2025 9:24:07 AM:443;1763861047443;;
830;577;0.5116692;0.6313783;0.5978073;0.6594761;354.4;0.2858699;False;11/23/2025 9:24:07 AM:466;1763861047466;;
803;565;0.4946487;0.6187341;0.3910248;0.4874112;354.5;0.2704014;False;11/23/2025 9:24:07 AM:488;1763861047488;;
780;555;0.4806087;0.6082638;0.3853711;0.4843154;354.5;0.2705937;False;11/23/2025 9:24:07 AM:511;1763861047511;;
794;559;0.489013;0.6121311;0.5692796;0.6743373;354.6;0.2824627;False;11/23/2025 9:24:07 AM:534;1763861047534;;
796;559;0.4903094;0.6121272;0.5277828;0.6008932;351.3;0.2877103;False;11/23/2025 9:24:07 AM:556;1763861047556;;
900;592;0.5546363;0.6481031;0.7555962;0.8502935;346.1;0.2818162;False;11/23/2025 9:24:07 AM:578;1763861047578;;
967;615;0.5956224;0.6732861;0.755613;0.8502083;341.4;0.2818251;False;11/23/2025 9:24:07 AM:598;1763861047598;;
1159;605;0.7142377;0.6629814;0.9582104;0.5374693;338.5;0.284434;False;11/23/2025 9:24:07 AM:621;1763861047621;;
1237;624;0.7622921;0.6836239;0.8911992;0.831432;335.5;0.2912843;False;11/23/2025 9:24:07 AM:644;1763861047644;;
1285;638;0.7914268;0.6982003;0.8911995;0.8314316;332.8;0.2912848;False;11/23/2025 9:24:07 AM:664;1763861047664;;
1353;641;0.8336567;0.7018398;0.9487451;0.7640383;329.7;0.2815332;False;11/23/2025 9:24:07 AM:688;1763861047688;;
1351;651;0.8320485;0.7128663;0.8210873;0.8273937;326.8;0.2828006;False;11/23/2025 9:24:07 AM:712;1763861047712;;
1345;658;0.8288046;0.7205728;0.796629;0.81691;324.2;0.2827525;False;11/23/2025 9:24:07 AM:735;1763861047735;;
1432;648;0.881915;0.7099516;1.026705;0.5951232;323.0;0.2917217;False;11/23/2025 9:24:07 AM:758;1763861047758;;
1502;640;0.9248856;0.7007942;1.050667;0.5897764;321.9;0.2917761;False;11/23/2025 9:24:07 AM:780;1763861047780;;
1497;642;0.9218888;0.7032499;0.898519;0.7571183;319.8;0.2848502;False;11/23/2025 9:24:07 AM:804;1763861047804;;
1494;654;0.9201766;0.715721;0.9055176;0.8414236;318.9;0.2848071;False;11/23/2025 9:24:07 AM:827;1763861047827;;
1532;654;0.9434345;0.7158688;1.029221;0.7328618;318.1;0.2962419;False;11/23/2025 9:24:07 AM:851;1763861047851;;
1545;654;0.9519359;0.7158771;0.9992918;0.7205697;317.3;0.296288;False;11/23/2025 9:24:07 AM:872;1763861047872;;
1547;649;0.952731;0.7102574;0.9595878;0.6285246;316.9;0.2907051;False;11/23/2025 9:24:07 AM:894;1763861047894;;
1544;649;0.9512055;0.710425;0.9236276;0.7255502;314.8;0.2948712;False;11/23/2025 9:24:07 AM:918;1763861047918;;
1542;649;0.9500117;0.7105602;0.9236392;0.72551;312.9;0.2948768;False;11/23/2025 9:24:07 AM:940;1763861047940;;
1541;660;0.9491454;0.7228168;0.9067567;0.8471283;313.9;0.288663;False;11/23/2025 9:24:07 AM:963;1763861047963;;
1499;688;0.9233286;0.7538285;0.7628412;0.9542825;312.8;0.2960686;False;11/23/2025 9:24:07 AM:986;1763861047986;;
1472;706;0.9068598;0.7724913;0.7736925;0.9324058;311.9;0.2962022;False;11/23/2025 9:24:08 AM:7;1763861048007;;
1540;703;0.9487277;0.7691765;1.091023;0.7065752;312.2;0.2843545;False;11/23/2025 9:24:08 AM:30;1763861048030;;
1539;704;0.9478484;0.7709767;0.9256859;0.820474;310.2;0.2973084;False;11/23/2025 9:24:08 AM:52;1763861048052;;
1545;652;0.9516551;0.7140278;0.984787;0.466828;309.5;0.2834301;False;11/23/2025 9:24:08 AM:76;1763861048076;;
1550;617;0.9544423;0.6755856;0.9847881;0.4668268;308.9;0.2834301;False;11/23/2025 9:24:08 AM:97;1763861048097;;
1557;638;0.9589481;0.6986812;1.002143;0.8826489;308.2;0.2865269;False;11/23/2025 9:24:08 AM:120;1763861048120;;
1562;638;0.9619409;0.6987714;0.997211;0.7192028;307.6;0.2912715;False;11/23/2025 9:24:08 AM:141;1763861048141;;
1562;638;0.9620281;0.6987783;0.9646728;0.7243986;307.1;0.2913337;False;11/23/2025 9:24:08 AM:163;1763861048163;;
1555;639;0.9577196;0.6992278;0.8897585;0.7399889;309.4;0.2809224;False;11/23/2025 9:24:08 AM:185;1763861048185;;
1550;639;0.954739;0.6992366;0.8958887;0.7267139;311.5;0.2809808;False;11/23/2025 9:24:08 AM:209;1763861048209;;
1544;645;0.951333;0.7060484;0.8885182;0.8118817;311.2;0.2930882;False;11/23/2025 9:24:08 AM:233;1763861048233;;
1512;623;0.9316342;0.6822578;0.8067742;0.5308373;310.4;0.2818244;False;11/23/2025 9:24:08 AM:257;1763861048257;;
1488;607;0.9167308;0.6642536;0.8067365;0.5308007;309.6;0.2820168;False;11/23/2025 9:24:08 AM:281;1763861048281;;
1357;593;0.835651;0.6496767;0.6183437;0.5285277;313.9;0.2523688;False;11/23/2025 9:24:08 AM:305;1763861048305;;
1120;585;0.6900964;0.6407955;0.4274938;0.5419816;318.5;0.2735436;False;11/23/2025 9:24:08 AM:328;1763861048328;;
1071;585;0.6597326;0.6407222;0.5605259;0.6343296;321.2;0.2755396;False;11/23/2025 9:24:08 AM:350;1763861048350;;
1038;585;0.6394457;0.6406599;0.5606063;0.6342385;323.6;0.2755392;False;11/23/2025 9:24:08 AM:372;1763861048372;;
1034;581;0.6369405;0.6361596;0.6211531;0.5610774;327.8;0.2618254;False;11/23/2025 9:24:08 AM:393;1763861048393;;
999;577;0.6152096;0.6313062;0.529841;0.5507954;328.1;0.2786078;False;11/23/2025 9:24:08 AM:416;1763861048416;;
965;572;0.5945128;0.6260305;0.5096337;0.5385739;328.3;0.2786815;False;11/23/2025 9:24:08 AM:438;1763861048438;;
883;568;0.5440627;0.6223518;0.4052648;0.5479777;331.4;0.2845623;False;11/23/2025 9:24:08 AM:461;1763861048461;;
888;569;0.5472449;0.6226617;0.6058183;0.6370413;333.6;0.3000173;False;11/23/2025 9:24:08 AM:483;1763861048483;;
867;566;0.5339097;0.6193321;0.4761575;0.5493324;333.0;0.282228;False;11/23/2025 9:24:08 AM:508;1763861048508;;
853;563;0.5254652;0.6169493;0.4761228;0.5493484;332.4;0.2822154;False;11/23/2025 9:24:08 AM:528;1763861048528;;
854;563;0.5259016;0.6168883;0.6084305;0.6111612;334.5;0.2672529;False;11/23/2025 9:24:08 AM:551;1763861048551;;
856;562;0.5276634;0.6153244;0.6193157;0.5599285;336.1;0.2800306;False;11/23/2025 9:24:08 AM:574;1763861048574;;
858;561;0.528914;0.6140568;0.6180474;0.5594386;337.6;0.2799804;False;11/23/2025 9:24:08 AM:596;1763861048596;;
765;556;0.4711762;0.6083499;0.3806098;0.5378998;339.7;0.2730605;False;11/23/2025 9:24:08 AM:656;1763861048656;;
778;556;0.4795099;0.6093777;0.6017714;0.6346024;341.5;0.2723093;False;11/23/2025 9:24:08 AM:677;1763861048677;;
779;556;0.4800769;0.6092222;0.5457655;0.5759273;344.5;0.2832285;False;11/23/2025 9:24:08 AM:701;1763861048701;;
782;568;0.4820056;0.6219814;0.5686497;0.7360253;343.4;0.278474;False;11/23/2025 9:24:08 AM:724;1763861048724;;
954;567;0.5877345;0.620586;0.850247;0.5669019;340.5;0.2859776;False;11/23/2025 9:24:08 AM:749;1763861048749;;
1056;566;0.6505677;0.6195147;0.8502609;0.566864;337.9;0.2859915;False;11/23/2025 9:24:08 AM:771;1763861048771;;
1235;591;0.7609238;0.6473815;0.973978;0.8049659;334.9;0.2788879;False;11/23/2025 9:24:08 AM:797;1763861048797;;
1306;590;0.8042862;0.6455339;0.9181007;0.5875087;331.6;0.2887613;False;11/23/2025 9:24:08 AM:826;1763861048826;;
1304;615;0.8029711;0.6739378;0.792685;0.8267246;328.0;0.2802313;False;11/23/2025 9:24:08 AM:855;1763861048855;;
1444;626;0.8895018;0.6855847;1.032161;0.7718465;327.6;0.2807524;False;11/23/2025 9:24:08 AM:893;1763861048893;;
1399;644;0.8619246;0.7052273;0.6686795;0.8580596;326.0;0.2857572;False;11/23/2025 9:24:08 AM:915;1763861048915;;
1408;647;0.8675254;0.7087988;0.9001108;0.7720324;324.7;0.2853629;False;11/23/2025 9:24:08 AM:939;1763861048939;;
1415;650;0.8714266;0.7115061;0.9001068;0.7720454;323.5;0.2853615;False;11/23/2025 9:24:08 AM:960;1763861048960;;
1414;658;0.8710489;0.7209197;0.796326;0.829643;321.8;0.2838456;False;11/23/2025 9:24:08 AM:984;1763861048984;;
1416;669;0.8719447;0.7327715;0.8809348;0.8619155;318.7;0.2945802;False;11/23/2025 9:24:09 AM:6;1763861049006;;
1422;680;0.8761439;0.744306;0.9121217;0.87885;315.8;0.2946289;False;11/23/2025 9:24:09 AM:25;1763861049025;;
1428;689;0.8797559;0.7545009;0.9121197;0.8788523;313.2;0.2946277;False;11/23/2025 9:24:09 AM:47;1763861049047;;
1427;690;0.8791221;0.7554454;0.863166;0.802231;311.6;0.2967922;False;11/23/2025 9:24:09 AM:68;1763861049068;;
1427;704;0.8787893;0.7702893;0.8426448;0.9176518;310.7;0.2849257;False;11/23/2025 9:24:09 AM:92;1763861049092;;
1426;704;0.8786354;0.7709233;0.875802;0.8137878;308.7;0.2915489;False;11/23/2025 9:24:09 AM:117;1763861049117;;
1426;705;0.878527;0.7713833;0.8758063;0.8137785;306.9;0.2915512;False;11/23/2025 9:24:09 AM:137;1763861049137;;
1436;691;0.8847086;0.7563805;0.9374697;0.6316839;309.3;0.2716653;False;11/23/2025 9:24:09 AM:160;1763861049160;;
1315;678;0.8102878;0.7421403;0.5936806;0.6198609;313.8;0.2668192;False;11/23/2025 9:24:09 AM:183;1763861049183;;
1234;666;0.7602519;0.7296009;0.5822274;0.6049044;317.9;0.2668248;False;11/23/2025 9:24:09 AM:204;1763861049204;;
732;630;0.45076;0.6903555;0.3168741;0.5927902;321.1;0.2717234;False;11/23/2025 9:24:09 AM:346;1763861049346;;
733;628;0.4518908;0.6873106;0.4598709;0.6138929;324.1;0.271355;False;11/23/2025 9:24:09 AM:369;1763861049369;;
700;612;0.4310437;0.6700771;0.3906292;0.5678923;325.5;0.2743023;False;11/23/2025 9:24:09 AM:440;1763861049440;;
693;600;0.4269356;0.6571419;0.393634;0.5011929;326.8;0.274911;False;11/23/2025 9:24:09 AM:459;1763861049459;;
692;600;0.4261286;0.6567304;0.4219291;0.6137596;328.1;0.3017927;False;11/23/2025 9:24:09 AM:517;1763861049517;;
697;599;0.4296164;0.6555148;0.5105135;0.5903882;329.2;0.301798;False;11/23/2025 9:24:09 AM:538;1763861049538;;
677;598;0.4174207;0.6548092;0.386112;0.6245206;331.5;0.2884009;False;11/23/2025 9:24:09 AM:649;1763861049649;;
676;596;0.4165987;0.6523252;0.3998818;0.5731764;333.6;0.2883857;False;11/23/2025 9:24:09 AM:670;1763861049670;;
733;607;0.4515301;0.6641169;0.5731072;0.7420897;335.2;0.3051975;False;11/23/2025 9:24:09 AM:711;1763861049711;;
744;618;0.4582464;0.6761553;0.537161;0.7951462;336.6;0.3054291;False;11/23/2025 9:24:09 AM:732;1763861049732;;
702;593;0.4322795;0.6495416;0.3698438;0.5456936;338.6;0.2941533;False;11/23/2025 9:24:09 AM:836;1763861049836;;
687;592;0.4230354;0.6486388;0.3409958;0.5908114;340.3;0.2946487;False;11/23/2025 9:24:09 AM:859;1763861049859;;
604;585;0.3723134;0.6400852;0.1897137;0.5119163;343.1;0.2449868;False;11/23/2025 9:24:09 AM:881;1763861049881;;
549;578;0.3381599;0.6333574;0.1896946;0.5118007;345.7;0.2448249;False;11/23/2025 9:24:09 AM:901;1763861049901;;
551;581;0.3395449;0.6366462;0.3929376;0.6879181;348.6;0.2586808;False;11/23/2025 9:24:09 AM:921;1763861049921;;
553;584;0.3407427;0.6393874;0.3929646;0.6878381;351.3;0.2586944;False;11/23/2025 9:24:09 AM:941;1763861049941;;
511;581;0.3148484;0.636606;0.1983619;0.5592564;354.6;0.2533143;False;11/23/2025 9:24:09 AM:963;1763861049963;;
483;580;0.2977165;0.6355826;0.1994357;0.5766186;357.7;0.2361593;False;11/23/2025 9:24:09 AM:983;1763861049983;;
462;580;0.28503;0.6347221;0.1994254;0.5765654;360.4;0.2361026;False;11/23/2025 9:24:10 AM:2;1763861050002;;
442;576;0.272562;0.6310365;0.1948564;0.5408165;361.6;0.2292732;False;11/23/2025 9:24:10 AM:24;1763861050024;;
426;572;0.2628708;0.6265268;0.1919596;0.5251328;362.4;0.2341179;False;11/23/2025 9:24:10 AM:45;1763861050045;;
414;569;0.2551996;0.622674;0.1919543;0.5251164;363.2;0.234047;False;11/23/2025 9:24:10 AM:67;1763861050067;;
411;568;0.2531971;0.6223046;0.2251849;0.595173;365.4;0.2143207;False;11/23/2025 9:24:10 AM:90;1763861050090;;
481;565;0.2962338;0.6186366;0.4755912;0.5221922;365.8;0.2134637;False;11/23/2025 9:24:10 AM:110;1763861050110;;
525;562;0.3237735;0.6152742;0.4733092;0.5153059;366.2;0.2132785;False;11/23/2025 9:24:10 AM:129;1763861050129;;
519;562;0.3201959;0.6149016;0.261749;0.5938872;368.2;0.2239199;False;11/23/2025 9:24:10 AM:148;1763861050148;;
513;560;0.3162559;0.6137616;0.2872663;0.5632467;372.0;0.2123396;False;11/23/2025 9:24:10 AM:381;1763861050381;;
519;560;0.3196255;0.613497;0.3630295;0.6025537;375.4;0.2127896;False;11/23/2025 9:24:10 AM:401;1763861050401;;
542;560;0.3340174;0.6132906;0.4316746;0.6039938;380.0;0.2138065;False;11/23/2025 9:24:10 AM:421;1763861050421;;
507;388;0.3122405;0.4249037;0.2372667;0.1845869;381.6;0.2130084;False;11/23/2025 9:24:10 AM:507;1763861050507;;
498;367;0.3069475;0.401927;0.229555;0.2289182;383.0;0.2134809;False;11/23/2025 9:24:10 AM:527;1763861050527;;
480;367;0.2961379;0.4020986;0.1953825;0.425004;384.5;0.2069078;False;11/23/2025 9:24:10 AM:549;1763861050549;;
467;367;0.2879075;0.4022371;0.1927964;0.425264;386.9;0.2221313;False;11/23/2025 9:24:10 AM:568;1763861050568;;
454;368;0.2800324;0.4031874;0.1887245;0.4488404;389.0;0.2220115;False;11/23/2025 9:24:10 AM:587;1763861050587;;
444;368;0.2738208;0.4032298;0.194152;0.4080814;389.8;0.2278909;False;11/23/2025 9:24:10 AM:610;1763861050610;;
437;368;0.2694038;0.4032614;0.1941615;0.4080103;390.6;0.227842;False;11/23/2025 9:24:10 AM:629;1763861050629;;
432;367;0.2661822;0.4019889;0.1991997;0.3640419;391.9;0.2199366;False;11/23/2025 9:24:10 AM:648;1763861050648;;
425;370;0.2617157;0.4048707;0.1857366;0.4756766;392.0;0.2336587;False;11/23/2025 9:24:10 AM:668;1763861050668;;
419;370;0.2583621;0.405643;0.1879372;0.4483949;392.1;0.2336149;False;11/23/2025 9:24:10 AM:687;1763861050687;;
415;381;0.2559631;0.4171601;0.1944805;0.550986;392.0;0.2350373;False;11/23/2025 9:24:10 AM:708;1763861050708;;
413;396;0.2546553;0.4334215;0.2016073;0.5958002;391.8;0.2349098;False;11/23/2025 9:24:10 AM:727;1763861050727;;
410;395;0.2526192;0.4332117;0.1916925;0.4228116;390.9;0.2376647;False;11/23/2025 9:24:10 AM:747;1763861050747;;
406;396;0.2503637;0.4336037;0.1865526;0.4684207;390.1;0.2375213;False;11/23/2025 9:24:10 AM:767;1763861050767;;
403;398;0.2485764;0.4363874;0.1904512;0.5072364;390.1;0.235903;False;11/23/2025 9:24:10 AM:789;1763861050789;;
401;401;0.2472714;0.4397125;0.1905504;0.5236041;389.6;0.2338572;False;11/23/2025 9:24:10 AM:809;1763861050809;;
400;409;0.2465769;0.4485624;0.1979018;0.5697902;389.1;0.2336185;False;11/23/2025 9:24:10 AM:831;1763861050831;;
398;410;0.2453281;0.4495381;0.1899164;0.5042445;388.3;0.2321002;False;11/23/2025 9:24:10 AM:853;1763861050853;;
397;415;0.2448568;0.4540522;0.1966838;0.5551865;386.8;0.2499101;False;11/23/2025 9:24:10 AM:872;1763861050872;;
397;420;0.2446331;0.4603355;0.2001238;0.5776003;385.5;0.2499016;False;11/23/2025 9:24:10 AM:891;1763861050891;;
397;428;0.2444983;0.4684497;0.2017748;0.5918772;383.6;0.2381887;False;11/23/2025 9:24:10 AM:913;1763861050913;;
396;434;0.2443846;0.4749177;0.2017762;0.5918857;381.9;0.2381936;False;11/23/2025 9:24:10 AM:935;1763861050935;;
395;434;0.2436415;0.47496;0.1920924;0.521428;381.0;0.233118;False;11/23/2025 9:24:10 AM:957;1763861050957;;
394;449;0.2431708;0.4914636;0.2159507;0.6597041;380.9;0.2276326;False;11/23/2025 9:24:10 AM:979;1763861050979;;
394;449;0.242718;0.491813;0.2241948;0.5467475;380.9;0.2434812;False;11/23/2025 9:24:11 AM:1;1763861051001;;
394;451;0.2426125;0.4944844;0.239904;0.5841904;380.9;0.2434428;False;11/23/2025 9:24:11 AM:21;1763861051021;;
392;452;0.2419011;0.4945413;0.1966414;0.5421233;379.4;0.2387081;False;11/23/2025 9:24:11 AM:41;1763861051041;;
391;452;0.2413426;0.4950503;0.1976936;0.5560976;378.1;0.2387098;False;11/23/2025 9:24:11 AM:62;1763861051062;;
390;452;0.2406868;0.4951602;0.195242;0.5416494;377.6;0.2484488;False;11/23/2025 9:24:11 AM:83;1763861051083;;
389;452;0.2399756;0.4954603;0.1932919;0.5328981;378.5;0.2387409;False;11/23/2025 9:24:11 AM:104;1763861051104;;
388;453;0.2393519;0.4957256;0.1932885;0.5328778;379.2;0.2387265;False;11/23/2025 9:24:11 AM:125;1763861051125;;
388;453;0.2390189;0.4963542;0.1969691;0.5565302;378.0;0.2404894;False;11/23/2025 9:24:11 AM:148;1763861051148;;
387;454;0.2387568;0.4968912;0.1971673;0.5570014;377.0;0.2404768;False;11/23/2025 9:24:11 AM:168;1763861051168;;
393;459;0.2423058;0.5031822;0.2807359;0.6242278;376.9;0.2398722;False;11/23/2025 9:24:11 AM:189;1763861051189;;
391;459;0.2410345;0.5029119;0.1892585;0.4957161;375.7;0.2473973;False;11/23/2025 9:24:11 AM:209;1763861051209;;
389;459;0.2399543;0.5026832;0.1892552;0.4956701;374.6;0.2474038;False;11/23/2025 9:24:11 AM:228;1763861051228;;
388;459;0.2394307;0.5031216;0.1963115;0.5546237;374.4;0.2395207;False;11/23/2025 9:24:11 AM:249;1763861051249;;
388;459;0.2389524;0.5032545;0.1952566;0.548262;374.2;0.2394846;False;11/23/2025 9:24:11 AM:269;1763861051269;;
387;461;0.2386611;0.5046019;0.2124787;0.5713412;374.3;0.2385979;False;11/23/2025 9:24:11 AM:291;1763861051291;;
500;461;0.3079937;0.5047371;0.5007315;0.5426269;376.1;0.1985102;False;11/23/2025 9:24:11 AM:313;1763861051313;;
568;461;0.350268;0.5049077;0.4935733;0.539778;377.8;0.198474;False;11/23/2025 9:24:11 AM:334;1763861051334;;
793;461;0.488463;0.5049232;0.7278151;0.5465397;377.9;0.1324405;True;11/23/2025 9:24:11 AM:356;1763861051356;;
832;468;0.5126392;0.5126474;0.5878868;0.6364781;379.2;0.1406229;True;11/23/2025 9:24:11 AM:378;1763861051378;;
860;474;0.5301042;0.5195034;0.5879112;0.6364344;380.4;0.1406382;True;11/23/2025 9:24:11 AM:401;1763861051401;;
880;474;0.5421118;0.5196341;0.5902666;0.5707834;382.7;0.1566745;True;11/23/2025 9:24:11 AM:424;1763861051424;;
887;502;0.546695;0.55014;0.569772;0.766995;384.9;0.1784996;False;11/23/2025 9:24:11 AM:446;1763861051446;;
897;502;0.5524529;0.5502402;0.5839643;0.5884631;384.8;0.1886069;False;11/23/2025 9:24:11 AM:466;1763861051466;;
904;502;0.5567241;0.5502594;0.5835467;0.5912272;384.7;0.1890122;False;11/23/2025 9:24:11 AM:487;1763861051487;;
891;645;0.5490195;0.7064796;0.4981433;0.9051434;387.6;0.2410113;False;11/23/2025 9:24:11 AM:611;1763861051611;;
897;662;0.5523662;0.7246304;0.5806288;0.892863;390.2;0.2363528;False;11/23/2025 9:24:11 AM:630;1763861051630;;
897;663;0.5525112;0.726319;0.5542966;0.7863013;389.4;0.18586;False;11/23/2025 9:24:11 AM:654;1763861051654;;
902;664;0.5554308;0.7267818;0.5853287;0.7691672;389.4;0.2263997;False;11/23/2025 9:24:11 AM:673;1763861051673;;
905;664;0.5578625;0.7271827;0.585211;0.7686899;389.4;0.2266788;False;11/23/2025 9:24:11 AM:694;1763861051694;;
906;667;0.558024;0.7308351;0.5611417;0.8187011;396.6;0.2376764;False;11/23/2025 9:24:11 AM:715;1763861051715;;
906;670;0.5583151;0.7334138;0.5644686;0.8139598;403.0;0.2379007;False;11/23/2025 9:24:11 AM:734;1763861051734;;
908;676;0.5591427;0.7405061;0.5740647;0.8593011;404.0;0.1919662;False;11/23/2025 9:24:11 AM:755;1763861051755;;
906;677;0.5579585;0.7407442;0.5105779;0.7586127;406.6;0.212742;False;11/23/2025 9:24:11 AM:775;1763861051775;;
906;677;0.5578831;0.7407521;0.5274274;0.7763376;409.0;0.212631;False;11/23/2025 9:24:11 AM:794;1763861051794;;
908;677;0.5596232;0.7407898;0.586587;0.7778885;410.9;0.2362703;False;11/23/2025 9:24:11 AM:814;1763861051814;;
902;681;0.5556468;0.7453441;0.4854021;0.8471305;412.7;0.2805578;False;11/23/2025 9:24:11 AM:833;1763861051833;;
896;685;0.5519938;0.7499506;0.4821197;0.855517;414.3;0.2802653;False;11/23/2025 9:24:11 AM:852;1763861051852;;
877;694;0.5405915;0.7602323;0.4383579;0.8962387;411.9;0.2480992;False;11/23/2025 9:24:11 AM:876;1763861051876;;
876;699;0.5400037;0.7655678;0.5017128;0.8751534;411.0;0.2712295;False;11/23/2025 9:24:11 AM:897;1763861051897;;
870;704;0.5358186;0.7706957;0.4624875;0.8840643;410.2;0.2697905;False;11/23/2025 9:24:11 AM:917;1763861051917;;
785;704;0.4837532;0.7711177;0.2850539;0.794811;411.7;0.2656753;False;11/23/2025 9:24:11 AM:939;1763861051939;;
729;705;0.4489597;0.7714736;0.2975656;0.8019428;413.1;0.2648049;False;11/23/2025 9:24:11 AM:960;1763861051960;;
700;705;0.4314351;0.7717816;0.3279038;0.8029492;411.7;0.2697708;False;11/23/2025 9:24:11 AM:983;1763861051983;;
655;705;0.4038903;0.7719563;0.2756751;0.8082014;410.8;0.276314;False;11/23/2025 9:24:12 AM:6;1763861052006;;
627;705;0.3863567;0.7721232;0.27583;0.8059957;410.0;0.2755307;False;11/23/2025 9:24:12 AM:26;1763861052026;;
615;708;0.379195;0.7756804;0.3127485;0.8703946;409.5;0.2611825;False;11/23/2025 9:24:12 AM:45;1763861052045;;
606;711;0.3735847;0.7786127;0.3126606;0.8702787;409.1;0.2609087;False;11/23/2025 9:24:12 AM:66;1763861052066;;
577;710;0.3558483;0.7775541;0.2497858;0.7555422;408.3;0.251511;False;11/23/2025 9:24:12 AM:87;1763861052087;;
551;708;0.3395274;0.7747433;0.2361073;0.7274401;409.1;0.2476007;False;11/23/2025 9:24:12 AM:108;1763861052108;;
533;707;0.3287092;0.773675;0.2420916;0.7456604;409.9;0.2465982;False;11/23/2025 9:24:12 AM:128;1763861052128;;
510;699;0.3143373;0.7653111;0.2167306;0.6687982;411.5;0.2614371;False;11/23/2025 9:24:12 AM:148;1763861052148;;
491;692;0.3025467;0.7572808;0.2147787;0.6606869;414.6;0.2441192;False;11/23/2025 9:24:12 AM:169;1763861052169;;
476;686;0.2935126;0.7508743;0.2147691;0.660661;417.3;0.2437119;False;11/23/2025 9:24:12 AM:189;1763861052189;;
466;683;0.2872796;0.7477371;0.2215312;0.6833618;419.3;0.2453087;False;11/23/2025 9:24:12 AM:210;1763861052210;;
456;678;0.2812266;0.7427846;0.2149915;0.6588768;421.1;0.2441026;False;11/23/2025 9:24:12 AM:230;1763861052230;;
450;677;0.2772563;0.7409756;0.2227552;0.6877074;424.9;0.2467602;False;11/23/2025 9:24:12 AM:250;1763861052250;;
436;650;0.2686758;0.711266;0.1880531;0.5108567;428.8;0.2539071;False;11/23/2025 9:24:12 AM:270;1763861052270;;
424;628;0.261641;0.6877099;0.1880382;0.5107896;432.4;0.2534838;False;11/23/2025 9:24:12 AM:293;1763861052293;;
421;628;0.2596483;0.6876509;0.2185176;0.6766977;431.6;0.2594231;False;11/23/2025 9:24:12 AM:314;1763861052314;;
419;628;0.2581502;0.68765;0.2212936;0.6833179;436.2;0.2505012;False;11/23/2025 9:24:12 AM:337;1763861052337;;
417;628;0.2569943;0.6876491;0.2212898;0.6833075;440.4;0.2504071;False;11/23/2025 9:24:12 AM:357;1763861052357;;
416;629;0.2566405;0.6884463;0.233533;0.7203919;442.4;0.2564285;False;11/23/2025 9:24:12 AM:377;1763861052377;;
415;629;0.2557965;0.6884575;0.2236647;0.692032;443.2;0.2445537;False;11/23/2025 9:24:12 AM:400;1763861052400;;
414;629;0.2552636;0.6885042;0.225638;0.6970459;443.8;0.2443857;False;11/23/2025 9:24:12 AM:419;1763861052419;;
413;629;0.2546271;0.6885046;0.2233366;0.6895917;444.4;0.2440317;False;11/23/2025 9:24:12 AM:440;1763861052440;;
413;629;0.2544175;0.6888784;0.2309742;0.7127362;442.6;0.2341505;False;11/23/2025 9:24:12 AM:460;1763861052460;;
411;629;0.2534671;0.688455;0.2155972;0.6644699;442.5;0.2535332;False;11/23/2025 9:24:12 AM:480;1763861052480;;
410;628;0.2526392;0.6881255;0.2161208;0.666349;442.4;0.2525951;False;11/23/2025 9:24:12 AM:501;1763861052501;;
409;628;0.2522178;0.6881247;0.2224906;0.6871735;442.4;0.2669207;False;11/23/2025 9:24:12 AM:525;1763861052525;;
407;626;0.25081;0.6851752;0.205243;0.618885;443.5;0.2521951;False;11/23/2025 9:24:12 AM:546;1763861052546;;
406;625;0.2501797;0.6847581;0.2138623;0.6564742;444.5;0.2510287;False;11/23/2025 9:24:12 AM:567;1763861052567;;
405;625;0.2496804;0.6845095;0.2146568;0.660436;448.0;0.2514779;False;11/23/2025 9:24:12 AM:587;1763861052587;;
404;625;0.2490534;0.6839609;0.2114469;0.6500839;450.0;0.2456364;False;11/23/2025 9:24:12 AM:607;1763861052607;;
403;624;0.2486061;0.6836619;0.2126699;0.6549268;451.7;0.2454719;False;11/23/2025 9:24:12 AM:627;1763861052627;;
403;624;0.2482814;0.6835483;0.2147933;0.6621723;454.0;0.2381661;False;11/23/2025 9:24:12 AM:648;1763861052648;;
402;624;0.2480991;0.6835327;0.2170326;0.6703804;453.6;0.2392535;False;11/23/2025 9:24:12 AM:670;1763861052670;;
402;624;0.2480589;0.6835065;0.2200318;0.6797924;453.2;0.2386842;False;11/23/2025 9:24:12 AM:690;1763861052690;;
398;603;0.245428;0.6608183;0.1844201;0.4802564;455.2;0.2676111;False;11/23/2025 9:24:12 AM:710;1763861052710;;
395;584;0.2433065;0.6398863;0.1860836;0.4682353;461.0;0.2777575;False;11/23/2025 9:24:12 AM:731;1763861052731;;
392;571;0.2414913;0.6256372;0.1847287;0.4760446;466.2;0.276827;False;11/23/2025 9:24:12 AM:751;1763861052751;;
389;562;0.2397795;0.6151404;0.1835133;0.4850513;469.5;0.2388527;False;11/23/2025 9:24:12 AM:771;1763861052771;;
389;564;0.2395412;0.6171983;0.2149851;0.6625912;469.9;0.243633;False;11/23/2025 9:24:12 AM:792;1763861052792;;
388;565;0.2393609;0.6186924;0.2142423;0.6602639;470.3;0.2440799;False;11/23/2025 9:24:12 AM:812;1763861052812;;
388;567;0.2391432;0.6206258;0.2167781;0.6694048;469.1;0.2236182;False;11/23/2025 9:24:12 AM:834;1763861052834;;
388;568;0.2389428;0.6223828;0.2174617;0.6713041;468.0;0.2225626;False;11/23/2025 9:24:12 AM:855;1763861052855;;
387;568;0.2386116;0.6223243;0.2027147;0.6136446;469.5;0.2057909;False;11/23/2025 9:24:12 AM:875;1763861052875;;
387;569;0.2385193;0.6230236;0.2128689;0.6563991;470.8;0.2042065;False;11/23/2025 9:24:12 AM:895;1763861052895;;
387;570;0.2383576;0.6243974;0.2159292;0.6703181;471.6;0.1740452;False;11/23/2025 9:24:12 AM:916;1763861052916;;
385;568;0.2375146;0.6214905;0.1944935;0.5607277;470.4;0.1879717;False;11/23/2025 9:24:12 AM:936;1763861052936;;
384;566;0.2368248;0.6196015;0.1948309;0.5677614;469.3;0.1876968;False;11/23/2025 9:24:12 AM:958;1763861052958;;
384;566;0.2368099;0.6197586;0.2069176;0.6336544;467.6;0.1829259;False;11/23/2025 9:24:12 AM:978;1763861052978;;
384;566;0.23671;0.6197767;0.2046803;0.6244146;466.1;0.182699;False;11/23/2025 9:24:12 AM:999;1763861052999;;
384;566;0.2366244;0.6197782;0.2047453;0.6210461;466.3;0.1901375;False;11/23/2025 9:24:13 AM:20;1763861053020;;
382;560;0.2354826;0.6132277;0.1890051;0.5247439;464.0;0.1935332;False;11/23/2025 9:24:13 AM:45;1763861053045;;
380;554;0.23451;0.6069381;0.1875836;0.5118136;461.1;0.1919533;False;11/23/2025 9:24:13 AM:66;1763861053066;;
379;550;0.2336246;0.6020141;0.1865383;0.5129054;458.5;0.1914986;False;11/23/2025 9:24:13 AM:87;1763861053087;;
378;551;0.2333637;0.6035479;0.2096792;0.6435314;456.4;0.1835238;False;11/23/2025 9:24:13 AM:109;1763861053109;;
377;547;0.232651;0.5990504;0.1881264;0.5137481;453.6;0.2034526;False;11/23/2025 9:24:13 AM:129;1763861053129;;
376;543;0.2320192;0.594872;0.1871531;0.5065207;451.0;0.2033202;False;11/23/2025 9:24:13 AM:149;1763861053149;;
376;541;0.2315613;0.592862;0.1891623;0.5272648;449.2;0.2261561;False;11/23/2025 9:24:13 AM:169;1763861053169;;
375;539;0.2310857;0.5907989;0.1877261;0.5218799;447.6;0.2259899;False;11/23/2025 9:24:13 AM:188;1763861053188;;
374;540;0.2308098;0.5909362;0.2053157;0.5971013;445.7;0.2243774;False;11/23/2025 9:24:13 AM:209;1763861053209;;
374;540;0.2307535;0.5908494;0.1988611;0.5795003;444.1;0.2264921;False;11/23/2025 9:24:13 AM:230;1763861053230;;
374;539;0.2307266;0.5907849;0.1982376;0.575911;442.6;0.2263243;False;11/23/2025 9:24:13 AM:251;1763861053251;;
374;539;0.2306352;0.5905212;0.195991;0.5598734;439.0;0.2410468;False;11/23/2025 9:24:13 AM:278;1763861053278;;
374;539;0.2305332;0.590177;0.1952081;0.5548201;435.8;0.2413184;False;11/23/2025 9:24:13 AM:299;1763861053299;;
374;548;0.2303848;0.5999957;0.2266431;0.6986881;433.9;0.2526545;False;11/23/2025 9:24:13 AM:323;1763861053323;;
373;547;0.2300956;0.5989515;0.1953802;0.5551442;431.3;0.2325692;False;11/23/2025 9:24:13 AM:349;1763861053349;;
373;547;0.2300888;0.5989239;0.2002186;0.5824072;430.1;0.2374886;False;11/23/2025 9:24:13 AM:372;1763861053372;;
373;547;0.2299757;0.5986345;0.1976508;0.5678066;429.0;0.237187;False;11/23/2025 9:24:13 AM:396;1763861053396;;
373;547;0.229838;0.5988804;0.2036834;0.6093588;424.2;0.2435973;False;11/23/2025 9:24:13 AM:421;1763861053421;;
371;542;0.2290603;0.5934883;0.1869028;0.5040307;419.1;0.2314074;False;11/23/2025 9:24:13 AM:445;1763861053445;;
371;542;0.2289078;0.5934039;0.1954477;0.5684504;416.1;0.2392747;False;11/23/2025 9:24:13 AM:470;1763861053470;;
371;543;0.2286855;0.5946684;0.206484;0.6280946;413.3;0.2389026;False;11/23/2025 9:24:13 AM:490;1763861053490;;
370;538;0.2280847;0.5894501;0.1876595;0.4987597;409.5;0.2377168;False;11/23/2025 9:24:13 AM:513;1763861053513;;
369;534;0.2274695;0.5847555;0.1856923;0.4934018;405.3;0.2357329;False;11/23/2025 9:24:13 AM:534;1763861053534;;
368;531;0.2269075;0.5811633;0.1859109;0.4997641;401.6;0.2356239;False;11/23/2025 9:24:13 AM:557;1763861053557;;
367;525;0.226378;0.5749255;0.184807;0.4682827;398.4;0.2398905;False;11/23/2025 9:24:13 AM:580;1763861053580;;
366;518;0.225836;0.5676559;0.1834136;0.4512955;394.5;0.2232792;False;11/23/2025 9:24:13 AM:602;1763861053602;;
365;515;0.2252359;0.5639201;0.1816799;0.4731457;391.0;0.2232018;False;11/23/2025 9:24:13 AM:624;1763861053624;;
365;511;0.225015;0.5591243;0.1868744;0.4591548;385.9;0.2308381;False;11/23/2025 9:24:13 AM:647;1763861053647;;
365;510;0.224873;0.5588756;0.1938606;0.5493643;382.0;0.2347838;False;11/23/2025 9:24:13 AM:672;1763861053672;;
364;514;0.2245072;0.5625632;0.2040831;0.6137672;381.4;0.225179;False;11/23/2025 9:24:13 AM:696;1763861053696;;
364;517;0.2242423;0.5657842;0.2050815;0.6226459;380.9;0.2251634;False;11/23/2025 9:24:13 AM:716;1763861053716;;
363;517;0.2241187;0.5657405;0.1912424;0.5452792;379.3;0.2323425;False;11/23/2025 9:24:13 AM:738;1763861053738;;
363;517;0.2239898;0.5656888;0.1905894;0.5399323;377.9;0.2323413;False;11/23/2025 9:24:13 AM:759;1763861053759;;
363;516;0.2239548;0.5656003;0.192589;0.5520281;377.6;0.2389777;False;11/23/2025 9:24:13 AM:780;1763861053780;;
363;516;0.2239245;0.5655112;0.1939849;0.5555733;378.3;0.2333976;False;11/23/2025 9:24:13 AM:804;1763861053804;;
363;517;0.2237626;0.5660279;0.1985952;0.5849343;379.1;0.2333985;False;11/23/2025 9:24:13 AM:825;1763861053825;;
362;516;0.2234925;0.5647564;0.1883257;0.5154065;377.8;0.2308589;False;11/23/2025 9:24:13 AM:849;1763861053849;;
362;516;0.2234622;0.5647283;0.1926393;0.5474133;377.6;0.2338721;False;11/23/2025 9:24:13 AM:871;1763861053871;;
362;514;0.2231652;0.5634243;0.186783;0.51069;377.4;0.2338683;False;11/23/2025 9:24:13 AM:893;1763861053893;;
361;511;0.222705;0.5597873;0.1828251;0.4763967;378.2;0.2305018;False;11/23/2025 9:24:13 AM:915;1763861053915;;
361;510;0.2224448;0.5588815;0.1860187;0.5094239;376.3;0.231943;False;11/23/2025 9:24:13 AM:939;1763861053939;;
360;510;0.2222528;0.5582214;0.1860256;0.5094829;374.6;0.2319453;False;11/23/2025 9:24:13 AM:958;1763861053958;;
360;504;0.2221399;0.5515699;0.1874183;0.4385056;373.2;0.2396634;False;11/23/2025 9:24:13 AM:978;1763861053978;;
360;504;0.2220681;0.5514556;0.1917146;0.5450578;371.3;0.2333672;False;11/23/2025 9:24:14 AM:0;1763861054000;;
360;504;0.2219347;0.5517142;0.1943316;0.5619614;369.7;0.2333714;False;11/23/2025 9:24:14 AM:19;1763861054019;;
360;503;0.2217954;0.5512666;0.1872997;0.5100051;368.1;0.2335405;False;11/23/2025 9:24:14 AM:40;1763861054040;;
359;502;0.2216169;0.5502707;0.1859569;0.4961054;367.5;0.2565204;False;11/23/2025 9:24:14 AM:61;1763861054061;;
359;501;0.2214365;0.5489819;0.1854112;0.4881777;367.0;0.2565798;False;11/23/2025 9:24:14 AM:81;1763861054081;;
359;503;0.2211531;0.5508957;0.1990943;0.5881326;366.9;0.2535219;False;11/23/2025 9:24:14 AM:104;1763861054104;;
358;504;0.2209068;0.5525053;0.199101;0.5881782;366.9;0.253492;False;11/23/2025 9:24:14 AM:126;1763861054126;;
358;491;0.2208947;0.5372687;0.191273;0.3893896;365.7;0.2358779;False;11/23/2025 9:24:14 AM:149;1763861054149;;
358;463;0.220638;0.5066729;0.2081213;0.3003563;364.2;0.2522092;False;11/23/2025 9:24:14 AM:171;1763861054171;;
357;441;0.2204067;0.4832509;0.2073807;0.30524;362.8;0.2522274;False;11/23/2025 9:24:14 AM:193;1763861054193;;
357;414;0.2203185;0.4535721;0.2173519;0.2613954;362.7;0.2414456;False;11/23/2025 9:24:14 AM:218;1763861054218;;
356;415;0.2196033;0.4542133;0.1832172;0.4773738;362.5;0.2667343;False;11/23/2025 9:24:14 AM:241;1763861054241;;
355;415;0.2190752;0.4546802;0.1832146;0.4772699;362.4;0.2670428;False;11/23/2025 9:24:14 AM:261;1763861054261;;
355;430;0.2189037;0.4712944;0.2020861;0.6072471;362.1;0.2677915;False;11/23/2025 9:24:14 AM:285;1763861054285;;
355;442;0.2187627;0.4840778;0.2024575;0.6111619;360.8;0.267765;False;11/23/2025 9:24:14 AM:308;1763861054308;;
355;462;0.2186594;0.5060241;0.2146013;0.6636264;360.3;0.265606;False;11/23/2025 9:24:14 AM:334;1763861054334;;
354;477;0.2185763;0.5221996;0.2146018;0.6636323;359.8;0.2654924;False;11/23/2025 9:24:14 AM:357;1763861054357;;
354;486;0.2184765;0.5322051;0.2111136;0.6471331;360.5;0.2646249;False;11/23/2025 9:24:14 AM:381;1763861054381;;
354;486;0.2182493;0.5324512;0.1954399;0.5582571;360.0;0.273228;False;11/23/2025 9:24:14 AM:407;1763861054407;;
354;499;0.2183408;0.5465051;0.2216614;0.6829985;359.8;0.2779634;False;11/23/2025 9:24:14 AM:431;1763861054431;;
354;509;0.2183567;0.5572043;0.2190749;0.6756229;359.6;0.2781084;False;11/23/2025 9:24:14 AM:458;1763861054458;;
354;514;0.218325;0.563392;0.2158989;0.6634993;359.1;0.2723486;False;11/23/2025 9:24:14 AM:481;1763861054481;;
353;502;0.2177121;0.5493366;0.1904105;0.430906;357.3;0.2812873;False;11/23/2025 9:24:14 AM:505;1763861054505;;
353;503;0.2177003;0.5507902;0.2047326;0.6072534;358.1;0.263029;False;11/23/2025 9:24:14 AM:527;1763861054527;;
353;504;0.2176897;0.552027;0.2047291;0.607232;358.7;0.2631133;False;11/23/2025 9:24:14 AM:551;1763861054551;;
353;505;0.2176005;0.5525414;0.2011213;0.596128;357.5;0.269004;False;11/23/2025 9:24:14 AM:573;1763861054573;;
353;505;0.217521;0.5529945;0.2011173;0.5960966;356.3;0.269076;False;11/23/2025 9:24:14 AM:598;1763861054598;;
352;498;0.2168868;0.5450613;0.1879814;0.4602933;357.4;0.272202;False;11/23/2025 9:24:14 AM:620;1763861054620;;
532;500;0.3278169;0.5471814;0.5597864;0.6113935;356.7;0.2775913;False;11/23/2025 9:24:14 AM:646;1763861054646;;
970;495;0.5977268;0.5420849;0.9115335;0.4728472;356.2;0.2717611;False;11/23/2025 9:24:14 AM:668;1763861054668;;
1178;491;0.7254203;0.5382442;0.9115283;0.4728508;355.9;0.2716981;False;11/23/2025 9:24:14 AM:689;1763861054689;;
1388;492;0.8547847;0.5390139;1.023351;0.578409;355.4;0.268709;False;11/23/2025 9:24:14 AM:711;1763861054711;;
1503;488;0.9256514;0.5348984;1.031032;0.4661437;354.6;0.2763098;False;11/23/2025 9:24:14 AM:732;1763861054732;;
1564;485;0.9634146;0.5316422;1.03106;0.4661338;353.8;0.2763683;False;11/23/2025 9:24:14 AM:753;1763861054753;;
1609;485;0.9913583;0.5316299;1.040385;0.5288545;352.2;0.2910455;False;11/23/2025 9:24:14 AM:776;1763861054776;;
1639;484;1.009753;0.5302525;1.048465;0.4870025;351.7;0.2772574;False;11/23/2025 9:24:14 AM:797;1763861054797;Offscreen;
1658;483;1.021079;0.5290852;1.048501;0.4869688;351.2;0.2773897;False;11/23/2025 9:24:14 AM:818;1763861054818;Offscreen;
1657;483;1.020759;0.5290924;1.019884;0.5305063;350.1;0.2619595;False;11/23/2025 9:24:14 AM:841;1763861054841;Offscreen;
1663;483;1.024314;0.5285251;1.035264;0.498151;349.0;0.2731515;False;11/23/2025 9:24:14 AM:863;1763861054863;Offscreen;
1667;482;1.026787;0.5280235;1.035278;0.4981338;347.9;0.2731813;False;11/23/2025 9:24:14 AM:886;1763861054886;Offscreen;
1674;481;1.031329;0.5264595;1.047933;0.4759004;347.7;0.2701728;False;11/23/2025 9:24:14 AM:909;1763861054909;Offscreen;
1663;481;1.02463;0.5266766;0.9738992;0.5391306;347.4;0.2678301;False;11/23/2025 9:24:14 AM:930;1763861054930;Offscreen;
1655;481;1.019537;0.5268567;0.9739363;0.5390913;347.2;0.2678849;False;11/23/2025 9:24:14 AM:949;1763861054949;Offscreen;
1657;483;1.020804;0.5286678;1.02805;0.5749836;345.6;0.2732049;False;11/23/2025 9:24:14 AM:972;1763861054972;Offscreen;
1659;484;1.021759;0.5301945;1.02804;0.5749941;344.1;0.273188;False;11/23/2025 9:24:14 AM:993;1763861054993;Offscreen;
1663;485;1.024318;0.5309228;1.040607;0.562824;342.6;0.2791235;False;11/23/2025 9:24:15 AM:15;1763861055015;Offscreen;
1668;483;1.027207;0.5295258;1.046997;0.4884162;341.9;0.2795622;False;11/23/2025 9:24:15 AM:39;1763861055039;Offscreen;
1671;482;1.029295;0.5284261;1.046997;0.4884163;341.3;0.2795618;False;11/23/2025 9:24:15 AM:60;1763861055060;Offscreen;
1684;497;1.037367;0.5442965;1.08814;0.6859909;338.9;0.2763664;False;11/23/2025 9:24:15 AM:81;1763861055081;Offscreen;
1683;507;1.036446;0.5554159;0.9905436;0.6749179;338.5;0.2781692;False;11/23/2025 9:24:15 AM:104;1763861055104;Offscreen;
1681;511;1.035446;0.5593325;1.002287;0.6367049;338.1;0.2782792;False;11/23/2025 9:24:15 AM:124;1763861055124;Offscreen;
1683;515;1.036335;0.5644317;1.046573;0.6503319;336.7;0.2785477;False;11/23/2025 9:24:15 AM:147;1763861055147;Offscreen;
1682;526;1.036299;0.5760242;1.035767;0.6987422;337.3;0.279657;False;11/23/2025 9:24:15 AM:173;1763861055173;Offscreen;
1682;535;1.035902;0.5859224;1.003524;0.7040973;336.0;0.2802637;False;11/23/2025 9:24:15 AM:198;1763861055198;Offscreen;
1681;541;1.03544;0.5928382;1.014704;0.7040479;334.9;0.280299;False;11/23/2025 9:24:15 AM:219;1763861055219;Offscreen;
1561;539;0.9616892;0.5897769;0.7403033;0.5387923;336.2;0.2906333;False;11/23/2025 9:24:15 AM:241;1763861055241;;
960;542;0.5917296;0.593003;0.2158219;0.6684324;339.0;0.2839757;False;11/23/2025 9:24:15 AM:266;1763861055266;;
680;544;0.4188412;0.5957009;0.2158521;0.6684818;341.5;0.2841279;False;11/23/2025 9:24:15 AM:288;1763861055288;;
542;547;0.3338549;0.5993152;0.2203557;0.6826035;341.9;0.2763703;False;11/23/2025 9:24:15 AM:312;1763861055312;;
469;550;0.288843;0.6020482;0.2191518;0.6796818;343.7;0.2623865;False;11/23/2025 9:24:15 AM:336;1763861055336;;
433;553;0.2671376;0.6058605;0.225526;0.6978259;346.1;0.2800781;False;11/23/2025 9:24:15 AM:357;1763861055357;;
411;556;0.253331;0.6093529;0.2255255;0.6978221;348.4;0.2801819;False;11/23/2025 9:24:15 AM:381;1763861055381;;
397;559;0.2445322;0.6122837;0.2249608;0.6966112;349.6;0.2832644;False;11/23/2025 9:24:15 AM:406;1763861055406;;
386;561;0.2381738;0.6142974;0.222714;0.6903893;350.7;0.2833235;False;11/23/2025 9:24:15 AM:432;1763861055432;;
380;563;0.2340875;0.6164166;0.2237325;0.6927952;351.5;0.2795975;False;11/23/2025 9:24:15 AM:463;1763861055463;;
372;563;0.2294211;0.6168312;0.2178469;0.6741083;352.5;0.2910211;False;11/23/2025 9:24:15 AM:500;1763861055500;;
370;565;0.2284387;0.6181831;0.2238039;0.6932812;353.7;0.279777;False;11/23/2025 9:24:15 AM:524;1763861055524;;
367;565;0.2264782;0.6182857;0.2162275;0.6694091;355.4;0.2788872;False;11/23/2025 9:24:15 AM:547;1763861055547;;
366;565;0.2255497;0.6186695;0.219712;0.6803464;356.6;0.2839107;False;11/23/2025 9:24:15 AM:568;1763861055568;;
365;565;0.2248283;0.6190086;0.2197111;0.6803423;357.7;0.2839601;False;11/23/2025 9:24:15 AM:591;1763861055591;;
365;567;0.2250356;0.6206679;0.2267651;0.7012742;358.2;0.2707766;False;11/23/2025 9:24:15 AM:614;1763861055614;;
363;567;0.2240955;0.620939;0.2159877;0.6697624;359.1;0.2522266;False;11/23/2025 9:24:15 AM:637;1763861055637;;
363;568;0.2239385;0.6214834;0.2222207;0.6876979;359.8;0.275193;False;11/23/2025 9:24:15 AM:660;1763861055660;;
363;568;0.2238204;0.6219203;0.2222186;0.6876904;360.4;0.275217;False;11/23/2025 9:24:15 AM:681;1763861055681;;
362;568;0.2231034;0.6223557;0.215011;0.6664274;360.9;0.2672708;False;11/23/2025 9:24:15 AM:705;1763861055705;;
361;569;0.2224069;0.6228778;0.2128784;0.6542104;361.4;0.2757245;False;11/23/2025 9:24:15 AM:728;1763861055728;;
360;569;0.2218457;0.623319;0.2128793;0.6542104;361.9;0.275777;False;11/23/2025 9:24:15 AM:751;1763861055751;;
360;570;0.2219107;0.6243681;0.2233895;0.6923862;361.9;0.2847197;False;11/23/2025 9:24:15 AM:774;1763861055774;;
360;570;0.2217224;0.6243898;0.217456;0.6740472;362.2;0.2801402;False;11/23/2025 9:24:15 AM:797;1763861055797;;
359;570;0.2215133;0.624543;0.2161727;0.6696881;362.5;0.280174;False;11/23/2025 9:24:15 AM:817;1763861055817;;
359;570;0.2213549;0.6245779;0.2169082;0.6730613;361.8;0.272467;False;11/23/2025 9:24:15 AM:841;1763861055841;;
359;570;0.2212312;0.6246083;0.2170018;0.6730335;361.3;0.272502;False;11/23/2025 9:24:15 AM:864;1763861055864;;
359;573;0.2213035;0.6277645;0.2332739;0.7204177;360.3;0.2746844;False;11/23/2025 9:24:15 AM:887;1763861055887;;
358;574;0.2209741;0.6282777;0.2116872;0.6555017;361.6;0.2700293;False;11/23/2025 9:24:15 AM:912;1763861055912;;
358;574;0.2208989;0.6283844;0.2174273;0.6732955;362.6;0.2727617;False;11/23/2025 9:24:15 AM:934;1763861055934;;
358;574;0.2208193;0.6285433;0.2165459;0.67062;363.6;0.2727746;False;11/23/2025 9:24:15 AM:957;1763861055957;;
358;574;0.2205835;0.6289523;0.2112682;0.6541157;363.3;0.2653055;False;11/23/2025 9:24:15 AM:980;1763861055980;;
358;575;0.220599;0.630146;0.2247397;0.6962423;362.1;0.2689516;False;11/23/2025 9:24:16 AM:5;1763861056005;;
358;576;0.2206126;0.6311533;0.2245942;0.6962517;361.1;0.2766623;False;11/23/2025 9:24:16 AM:28;1763861056028;;
358;577;0.2206239;0.6319745;0.2245899;0.6962391;360.2;0.2766418;False;11/23/2025 9:24:16 AM:50;1763861056050;;
358;577;0.2205955;0.6321771;0.2181743;0.6745765;359.6;0.2830067;False;11/23/2025 9:24:16 AM:76;1763861056076;;
357;577;0.2201605;0.6316967;0.20477;0.62107;360.9;0.2729978;False;11/23/2025 9:24:16 AM:100;1763861056100;;
357;577;0.2200796;0.6319361;0.2134449;0.660835;361.4;0.2700109;False;11/23/2025 9:24:16 AM:123;1763861056123;;
357;577;0.220055;0.6319541;0.2163766;0.6708414;361.8;0.2700567;False;11/23/2025 9:24:16 AM:147;1763861056147;;
357;577;0.2198854;0.6320782;0.208783;0.6373163;360.8;0.2643929;False;11/23/2025 9:24:16 AM:170;1763861056170;;
357;577;0.2198552;0.63216;0.2146619;0.6626814;360.6;0.2714109;False;11/23/2025 9:24:16 AM:191;1763861056191;;
357;577;0.2198465;0.6322533;0.216559;0.6695682;360.3;0.2713841;False;11/23/2025 9:24:16 AM:212;1763861056212;;
357;577;0.2198381;0.6323355;0.2166466;0.6690957;360.5;0.2770432;False;11/23/2025 9:24:16 AM:236;1763861056236;;
357;578;0.2198313;0.6324023;0.216648;0.669101;360.7;0.2770593;False;11/23/2025 9:24:16 AM:258;1763861056258;;
357;578;0.2198425;0.6331358;0.2219303;0.6853744;359.9;0.2734016;False;11/23/2025 9:24:16 AM:282;1763861056282;;
357;578;0.2198422;0.6334165;0.2186418;0.6776935;359.2;0.2709271;False;11/23/2025 9:24:16 AM:306;1763861056306;;
357;579;0.2198417;0.6337525;0.2194556;0.6805035;358.5;0.2708002;False;11/23/2025 9:24:16 AM:327;1763861056327;;
356;579;0.2197823;0.6340268;0.2127375;0.6559455;359.8;0.2707098;False;11/23/2025 9:24:16 AM:353;1763861056353;;
356;579;0.219767;0.634117;0.2153882;0.666019;360.0;0.2695969;False;11/23/2025 9:24:16 AM:377;1763861056377;;
356;579;0.2197649;0.6341745;0.2170545;0.67098;361.9;0.268757;False;11/23/2025 9:24:16 AM:401;1763861056401;;
356;579;0.2197653;0.6344965;0.2199167;0.6799516;363.6;0.2687486;False;11/23/2025 9:24:16 AM:421;1763861056421;;
356;580;0.219764;0.6346036;0.2183652;0.6741415;363.5;0.2666393;False;11/23/2025 9:24:16 AM:444;1763861056444;;
356;580;0.2196249;0.6347318;0.208214;0.640694;361.2;0.2755062;False;11/23/2025 9:24:16 AM:467;1763861056467;;
356;579;0.219467;0.6345489;0.2070414;0.6282148;359.5;0.2644412;False;11/23/2025 9:24:16 AM:489;1763861056489;;
356;579;0.2193494;0.6344138;0.2070358;0.6281887;358.0;0.2644089;False;11/23/2025 9:24:16 AM:510;1763861056510;;
356;580;0.2193433;0.6345746;0.2156266;0.6653677;357.5;0.2772903;False;11/23/2025 9:24:16 AM:533;1763861056533;;
356;580;0.2193378;0.6347232;0.2157152;0.6658361;354.8;0.2628546;False;11/23/2025 9:24:16 AM:556;1763861056556;;
356;580;0.219331;0.6350093;0.2170534;0.6712357;352.3;0.2628175;False;11/23/2025 9:24:16 AM:578;1763861056578;;
356;580;0.2193275;0.6350706;0.2157006;0.6642767;352.7;0.2762675;False;11/23/2025 9:24:16 AM:601;1763861056601;;
355;580;0.2191591;0.6349343;0.2065338;0.6300064;351.8;0.2691236;False;11/23/2025 9:24:16 AM:629;1763861056629;;
355;580;0.2190471;0.6348403;0.2069218;0.6301556;351.5;0.2711053;False;11/23/2025 9:24:16 AM:653;1763861056653;;
355;580;0.2189919;0.6348822;0.2085682;0.6392062;351.2;0.271144;False;11/23/2025 9:24:16 AM:674;1763861056674;;
355;580;0.2189873;0.6349681;0.2129182;0.6570869;351.0;0.2711497;False;11/23/2025 9:24:16 AM:696;1763861056696;;
355;580;0.2189349;0.635016;0.2087867;0.6399171;352.2;0.2528146;False;11/23/2025 9:24:16 AM:721;1763861056721;;
355;580;0.2188599;0.6349975;0.2070393;0.6334998;354.3;0.2356262;False;11/23/2025 9:24:16 AM:742;1763861056742;;
355;580;0.2188565;0.6350621;0.2116543;0.6533963;353.1;0.261855;False;11/23/2025 9:24:16 AM:766;1763861056766;;
355;580;0.2188537;0.6351143;0.2116551;0.6533995;351.9;0.2618642;False;11/23/2025 9:24:16 AM:788;1763861056788;;
355;579;0.2186073;0.6341767;0.2011252;0.6060901;350.5;0.2593867;False;11/23/2025 9:24:16 AM:812;1763861056812;;
354;577;0.2183099;0.6320102;0.1987084;0.583778;349.4;0.2600699;False;11/23/2025 9:24:16 AM:836;1763861056836;;
354;577;0.2182841;0.6322622;0.2116096;0.6532281;348.7;0.2651287;False;11/23/2025 9:24:16 AM:858;1763861056858;;
354;577;0.2182681;0.6323686;0.2106898;0.6483222;348.0;0.2650502;False;11/23/2025 9:24:16 AM:878;1763861056878;;
353;571;0.2176069;0.6254352;0.1898579;0.5320663;347.6;0.2643055;False;11/23/2025 9:24:16 AM:900;1763861056900;;
353;570;0.217424;0.6246864;0.1996479;0.5949426;346.9;0.2685453;False;11/23/2025 9:24:16 AM:925;1763861056925;;
352;570;0.2172913;0.6241499;0.1996538;0.5949717;346.3;0.2685649;False;11/23/2025 9:24:16 AM:946;1763861056946;;
352;569;0.2170751;0.623082;0.1970138;0.5830233;346.6;0.2632804;False;11/23/2025 9:24:16 AM:970;1763861056970;;
352;569;0.2169525;0.6226079;0.1987911;0.5923017;346.0;0.2643791;False;11/23/2025 9:24:16 AM:992;1763861056992;;
352;569;0.2169407;0.622589;0.20405;0.6192206;345.5;0.2643715;False;11/23/2025 9:24:17 AM:16;1763861057016;;
352;569;0.2168844;0.6233152;0.2105481;0.65053;345.6;0.2626304;False;11/23/2025 9:24:17 AM:37;1763861057037;;
350;559;0.2160129;0.6122642;0.1836252;0.4914401;347.3;0.2616451;False;11/23/2025 9:24:17 AM:60;1763861057060;;
351;563;0.2161741;0.6169144;0.2219229;0.6867461;347.6;0.2628129;False;11/23/2025 9:24:17 AM:85;1763861057085;;
351;566;0.2162923;0.6202315;0.2219216;0.686742;347.8;0.2628116;False;11/23/2025 9:24:17 AM:106;1763861057106;;
351;569;0.2163878;0.6231092;0.2213714;0.685418;347.9;0.2628068;False;11/23/2025 9:24:17 AM:130;1763861057130;;
349;555;0.2152758;0.6080667;0.1831676;0.4786605;348.7;0.2735887;False;11/23/2025 9:24:17 AM:154;1763861057154;;
349;554;0.2150242;0.6071687;0.1950766;0.5727051;348.5;0.2637181;False;11/23/2025 9:24:17 AM:177;1763861057177;;
349;560;0.2153127;0.6128694;0.225787;0.6990294;348.7;0.2699973;False;11/23/2025 9:24:17 AM:197;1763861057197;;
350;564;0.2155706;0.6177925;0.2257852;0.6990235;348.9;0.2700019;False;11/23/2025 9:24:17 AM:222;1763861057222;;
350;564;0.215556;0.6179242;0.2076742;0.6363192;350.4;0.2661365;False;11/23/2025 9:24:17 AM:246;1763861057246;;
350;566;0.215605;0.6201409;0.2192096;0.67942;349.0;0.26811;False;11/23/2025 9:24:17 AM:269;1763861057269;;
349;563;0.215027;0.6164329;0.1921283;0.5563194;350.3;0.26882;False;11/23/2025 9:24:17 AM:293;1763861057293;;
348;560;0.2145933;0.6137255;0.1921267;0.5563096;351.5;0.2688115;False;11/23/2025 9:24:17 AM:316;1763861057316;;
348;560;0.2145055;0.6136027;0.2009641;0.6018697;351.5;0.2758265;False;11/23/2025 9:24:17 AM:340;1763861057340;;
348;559;0.2143115;0.6125578;0.1967496;0.5755363;351.2;0.2763463;False;11/23/2025 9:24:17 AM:362;1763861057362;;
347;559;0.2141842;0.6120844;0.1980551;0.5850722;351.0;0.2762796;False;11/23/2025 9:24:17 AM:386;1763861057386;;
347;561;0.2142038;0.6145127;0.2154227;0.6676162;350.5;0.2652339;False;11/23/2025 9:24:17 AM:409;1763861057409;;
347;560;0.2139849;0.6136213;0.1959112;0.5794429;351.8;0.2643606;False;11/23/2025 9:24:17 AM:433;1763861057433;;
347;560;0.2139263;0.613563;0.2004263;0.602411;351.4;0.2660545;False;11/23/2025 9:24:17 AM:456;1763861057456;;
347;560;0.2138999;0.6137501;0.205562;0.6270882;350.9;0.2660447;False;11/23/2025 9:24:17 AM:480;1763861057480;;
350;560;0.2155728;0.6133806;0.2447858;0.5905087;352.8;0.2551026;False;11/23/2025 9:24:17 AM:504;1763861057504;;
352;560;0.2169139;0.6130677;0.2466357;0.5891129;354.4;0.2551381;False;11/23/2025 9:24:17 AM:526;1763861057526;;
399;557;0.2459596;0.609443;0.3808895;0.53702;354.6;0.2605896;False;11/23/2025 9:24:17 AM:549;1763861057549;;
472;471;0.2910098;0.515493;0.4501773;0.197543;353.3;0.2485691;False;11/23/2025 9:24:17 AM:572;1763861057572;;
531;467;0.3272125;0.5112798;0.4612771;0.4523898;354.6;0.2619546;False;11/23/2025 9:24:17 AM:597;1763861057597;;
571;458;0.3516484;0.5021666;0.4650213;0.4017483;355.7;0.2619494;False;11/23/2025 9:24:17 AM:619;1763861057619;;
639;415;0.3939324;0.4550882;0.5403486;0.2261837;357.4;0.264447;False;11/23/2025 9:24:17 AM:641;1763861057641;;
645;382;0.3973757;0.4183499;0.4278608;0.2202799;357.6;0.2727498;False;11/23/2025 9:24:17 AM:663;1763861057663;;
649;357;0.4000386;0.3914412;0.4278625;0.2202408;357.9;0.2727355;False;11/23/2025 9:24:17 AM:685;1763861057685;;
705;340;0.4341429;0.3724415;0.5605072;0.2365536;358.5;0.2627524;False;11/23/2025 9:24:17 AM:709;1763861057709;;
710;320;0.437644;0.350285;0.4702608;0.1957574;359.6;0.2521822;False;11/23/2025 9:24:17 AM:731;1763861057731;;
721;310;0.4443353;0.3394353;0.497053;0.2309748;359.9;0.2566631;False;11/23/2025 9:24:17 AM:754;1763861057754;;
728;299;0.4486224;0.3271399;0.4907494;0.2073556;360.2;0.2566489;False;11/23/2025 9:24:17 AM:775;1763861057775;;
737;288;0.4540707;0.3155185;0.5025467;0.2015083;361.3;0.2429235;False;11/23/2025 9:24:17 AM:799;1763861057799;;
755;292;0.4655033;0.3195501;0.5405937;0.3921765;360.9;0.264806;False;11/23/2025 9:24:17 AM:824;1763861057824;;
777;292;0.4789628;0.3194843;0.5692075;0.3134767;360.6;0.2647759;False;11/23/2025 9:24:17 AM:844;1763861057844;;
682;279;0.4203008;0.3061996;0.2267241;0.1822447;361.2;0.2655424;False;11/23/2025 9:24:17 AM:868;1763861057868;;
596;284;0.3674861;0.311287;0.1910987;0.394852;361.0;0.2608419;False;11/23/2025 9:24:17 AM:890;1763861057890;;
542;284;0.3339753;0.3116379;0.1999885;0.3382257;360.8;0.2607802;False;11/23/2025 9:24:17 AM:912;1763861057912;;
497;288;0.3064546;0.3160156;0.1908459;0.3965455;362.6;0.2570104;False;11/23/2025 9:24:17 AM:935;1763861057935;;
465;293;0.2866015;0.3206631;0.1890204;0.4073942;364.3;0.2570019;False;11/23/2025 9:24:17 AM:958;1763861057958;;
440;302;0.2713367;0.3309104;0.1897194;0.4534538;365.6;0.2515599;False;11/23/2025 9:24:17 AM:981;1763861057981;;
423;309;0.260592;0.3381729;0.1938638;0.4449185;367.0;0.2640243;False;11/23/2025 9:24:18 AM:5;1763861058005;;
408;311;0.2513485;0.3411457;0.1888346;0.4177147;368.9;0.2589495;False;11/23/2025 9:24:18 AM:30;1763861058030;;
397;313;0.2450204;0.3433439;0.1888401;0.4176841;370.5;0.2589284;False;11/23/2025 9:24:18 AM:51;1763861058051;;
388;317;0.2393321;0.347001;0.1877341;0.4352295;371.6;0.2472037;False;11/23/2025 9:24:18 AM:75;1763861058075;;
381;330;0.234766;0.3612362;0.1879183;0.5123199;372.5;0.2353705;False;11/23/2025 9:24:18 AM:98;1763861058098;;
375;339;0.2313712;0.3718359;0.1879128;0.5122715;373.2;0.23534;False;11/23/2025 9:24:18 AM:120;1763861058120;;
373;339;0.229971;0.3714064;0.2040264;0.3610146;374.8;0.2520958;False;11/23/2025 9:24:18 AM:144;1763861058144;;
368;345;0.2271198;0.3784736;0.1865611;0.4913328;376.5;0.2644676;False;11/23/2025 9:24:18 AM:168;1763861058168;;
365;346;0.2252929;0.3785653;0.1907513;0.4220746;378.2;0.2622529;False;11/23/2025 9:24:18 AM:190;1763861058190;;
363;346;0.22394;0.3786929;0.1919627;0.4146594;379.7;0.2621514;False;11/23/2025 9:24:18 AM:212;1763861058212;;
362;365;0.2232936;0.3996959;0.2008126;0.578746;383.9;0.2394854;False;11/23/2025 9:24:18 AM:235;1763861058235;;
361;363;0.2228376;0.397813;0.2024358;0.3632802;382.6;0.2550137;False;11/23/2025 9:24:18 AM:258;1763861058258;;
361;362;0.2224634;0.396189;0.2029855;0.3629233;381.5;0.2549472;False;11/23/2025 9:24:18 AM:280;1763861058280;;
361;352;0.2224503;0.3858625;0.2179312;0.2862754;383.9;0.235073;False;11/23/2025 9:24:18 AM:305;1763861058305;;
361;346;0.2224225;0.3792722;0.2137775;0.2951774;384.9;0.2532177;False;11/23/2025 9:24:18 AM:328;1763861058328;;
360;346;0.2220419;0.3789126;0.2020172;0.3621216;385.2;0.2426704;False;11/23/2025 9:24:18 AM:353;1763861058353;;
360;346;0.2217567;0.3786436;0.2020169;0.3621229;385.5;0.242671;False;11/23/2025 9:24:18 AM:374;1763861058374;;
360;338;0.2217657;0.3707213;0.2224673;0.2725686;386.4;0.250067;False;11/23/2025 9:24:18 AM:396;1763861058396;;
360;335;0.2217485;0.3668506;0.2188624;0.2914461;387.2;0.2499995;False;11/23/2025 9:24:18 AM:417;1763861058417;;
358;353;0.2210403;0.3872494;0.1941606;0.5417836;386.3;0.245625;False;11/23/2025 9:24:18 AM:440;1763861058440;;
358;351;0.2209949;0.3850834;0.2090942;0.3303106;388.3;0.2545446;False;11/23/2025 9:24:18 AM:464;1763861058464;;
358;350;0.2209557;0.3832729;0.2091;0.3302814;390.1;0.2545246;False;11/23/2025 9:24:18 AM:487;1763861058487;;
358;350;0.2204581;0.3837383;0.1954879;0.403556;390.8;0.2465769;False;11/23/2025 9:24:18 AM:509;1763861058509;;
357;350;0.2202126;0.3834649;0.1996405;0.3588041;389.8;0.2415274;False;11/23/2025 9:24:18 AM:531;1763861058531;;
357;349;0.2200326;0.3828948;0.200791;0.349133;388.0;0.2656444;False;11/23/2025 9:24:18 AM:553;1763861058553;;
357;348;0.2199695;0.3813021;0.2040776;0.3272999;386.3;0.2656274;False;11/23/2025 9:24:18 AM:576;1763861058576;;
357;391;0.2199124;0.4281218;0.2119913;0.6451586;382.9;0.2455488;False;11/23/2025 9:24:18 AM:600;1763861058600;;
357;430;0.2199043;0.4705657;0.2194047;0.6752937;380.3;0.2386982;False;11/23/2025 9:24:18 AM:625;1763861058625;;
357;457;0.2199239;0.5005352;0.2212458;0.6816452;378.1;0.2386736;False;11/23/2025 9:24:18 AM:645;1763861058645;;
357;472;0.2199101;0.5171899;0.211702;0.6444629;376.8;0.2490113;False;11/23/2025 9:24:18 AM:670;1763861058670;;
357;486;0.2198834;0.532432;0.2146112;0.6596339;374.6;0.2416674;False;11/23/2025 9:24:18 AM:691;1763861058691;;
357;498;0.2198582;0.5451903;0.2153446;0.6610091;371.7;0.2415077;False;11/23/2025 9:24:18 AM:715;1763861058715;;
357;507;0.219839;0.5553468;0.2167121;0.6659064;369.0;0.2414878;False;11/23/2025 9:24:18 AM:735;1763861058735;;
357;522;0.2200655;0.5716932;0.229952;0.7093608;366.4;0.2500675;False;11/23/2025 9:24:18 AM:759;1763861058759;;
357;530;0.2200805;0.5805301;0.2216452;0.6827769;364.6;0.247708;False;11/23/2025 9:24:18 AM:782;1763861058782;;
357;536;0.2200918;0.586888;0.2216437;0.6827726;363.0;0.2476934;False;11/23/2025 9:24:18 AM:802;1763861058802;;
357;540;0.2200902;0.5908818;0.2163628;0.6648325;363.8;0.2620876;False;11/23/2025 9:24:18 AM:827;1763861058827;;
357;542;0.2200888;0.5939939;0.2163661;0.6648441;364.4;0.2621182;False;11/23/2025 9:24:18 AM:849;1763861058849;;
357;545;0.2200852;0.5966757;0.2156945;0.6635482;363.1;0.254688;False;11/23/2025 9:24:18 AM:873;1763861058873;;
356;545;0.2195786;0.5964473;0.198129;0.5863665;362.6;0.2625641;False;11/23/2025 9:24:18 AM:896;1763861058896;;
356;546;0.2195216;0.5974083;0.2095149;0.6424156;362.1;0.2624356;False;11/23/2025 9:24:18 AM:919;1763861058919;;
355;545;0.2191652;0.5971872;0.1993482;0.5869688;359.5;0.2552701;False;11/23/2025 9:24:18 AM:942;1763861058942;;
355;546;0.2191072;0.5977345;0.2078668;0.6330593;359.0;0.2695594;False;11/23/2025 9:24:18 AM:967;1763861058967;;
355;547;0.2190919;0.5986353;0.2098701;0.6433642;357.8;0.2628558;False;11/23/2025 9:24:18 AM:990;1763861058990;;
355;547;0.2190585;0.5992161;0.2084571;0.6396762;356.7;0.2626959;False;11/23/2025 9:24:19 AM:12;1763861059012;;
355;546;0.2186161;0.5978736;0.1959097;0.565643;357.9;0.2633851;False;11/23/2025 9:24:19 AM:35;1763861059035;;
355;547;0.2186039;0.5987873;0.2096611;0.6428912;357.2;0.2559545;False;11/23/2025 9:24:19 AM:58;1763861059058;;
354;548;0.2185851;0.5997221;0.2107407;0.6473345;356.6;0.2558976;False;11/23/2025 9:24:19 AM:79;1763861059079;;
366;547;0.2254682;0.5986524;0.2916055;0.5696269;358.0;0.2443538;False;11/23/2025 9:24:19 AM:101;1763861059101;;
784;547;0.4832716;0.59853;0.8200361;0.5913779;358.3;0.2449299;False;11/23/2025 9:24:19 AM:124;1763861059124;;
1071;547;0.6600301;0.5985341;0.8901293;0.6118668;357.5;0.2369958;False;11/23/2025 9:24:19 AM:146;1763861059146;;
1232;546;0.7587067;0.5974667;0.909012;0.5646965;356.8;0.2369081;False;11/23/2025 9:24:19 AM:169;1763861059169;;
1279;552;0.7875652;0.6039402;0.842135;0.6993349;356.5;0.2451361;False;11/23/2025 9:24:19 AM:192;1763861059192;;
1307;556;0.805012;0.6093678;0.8421165;0.699315;356.2;0.2450817;False;11/23/2025 9:24:19 AM:214;1763861059214;;
1376;558;0.8477113;0.6111746;0.9300856;0.6702598;355.5;0.2596467;False;11/23/2025 9:24:19 AM:238;1763861059238;;
1376;575;0.8476111;0.629724;0.8473177;0.7916792;355.0;0.2546735;False;11/23/2025 9:24:19 AM:261;1763861059261;;
1376;588;0.8475413;0.6441128;0.847301;0.7916677;354.4;0.2546303;False;11/23/2025 9:24:19 AM:284;1763861059284;;
1396;583;0.8598984;0.638381;0.8986737;0.5630953;353.3;0.2638912;False;11/23/2025 9:24:19 AM:306;1763861059306;;
1391;599;0.856954;0.6557279;0.8433751;0.8110427;351.5;0.2515025;False;11/23/2025 9:24:19 AM:329;1763861059329;;
1388;612;0.8547329;0.6699376;0.8433709;0.8110394;349.8;0.251491;False;11/23/2025 9:24:19 AM:353;1763861059353;;
1399;611;0.8617473;0.669563;0.8925564;0.6561804;348.4;0.2665821;False;11/23/2025 9:24:19 AM:376;1763861059376;;
1410;611;0.8682603;0.6695758;0.8999455;0.6903732;348.5;0.2502747;False;11/23/2025 9:24:19 AM:399;1763861059399;;
1432;619;0.8818257;0.6772606;0.9374084;0.7837101;349.7;0.2611507;False;11/23/2025 9:24:19 AM:423;1763861059423;;
1449;619;0.8925761;0.6775997;0.9457073;0.715117;350.8;0.2609951;False;11/23/2025 9:24:19 AM:445;1763861059445;;
1448;633;0.891794;0.6935903;0.8843886;0.8475431;350.0;0.259667;False;11/23/2025 9:24:19 AM:468;1763861059468;;
1445;638;0.8900015;0.6982429;0.8596484;0.7921702;348.5;0.2539178;False;11/23/2025 9:24:19 AM:490;1763861059490;;
1442;638;0.8884934;0.6984876;0.8590428;0.7389359;347.2;0.2538247;False;11/23/2025 9:24:19 AM:513;1763861059513;;
1427;595;0.8788268;0.6519404;0.7622836;0.4417878;349.6;0.2463464;False;11/23/2025 9:24:19 AM:537;1763861059537;;
1045;566;0.6438388;0.6195085;0.2911113;0.4402741;352.2;0.2271296;False;11/23/2025 9:24:19 AM:560;1763861059560;;
760;513;0.4684523;0.5620207;0.2090593;0.3217013;352.9;0.2406664;False;11/23/2025 9:24:19 AM:582;1763861059582;;
594;489;0.3661751;0.5353867;0.1995788;0.3799743;353.5;0.2406216;False;11/23/2025 9:24:19 AM:604;1763861059604;;
496;470;0.3055859;0.514562;0.1973167;0.3803286;353.6;0.2462871;False;11/23/2025 9:24:19 AM:628;1763861059628;;
440;457;0.271;0.500527;0.1957344;0.3862166;353.7;0.2462264;False;11/23/2025 9:24:19 AM:650;1763861059650;;
403;447;0.2483143;0.489586;0.1939396;0.3890706;356.7;0.2555531;False;11/23/2025 9:24:19 AM:672;1763861059672;;
388;426;0.2390123;0.4663694;0.2118782;0.311908;358.0;0.2584368;False;11/23/2025 9:24:19 AM:694;1763861059694;;
376;414;0.2318433;0.4535277;0.2074769;0.3365556;359.1;0.2583893;False;11/23/2025 9:24:19 AM:716;1763861059716;;
363;412;0.2236063;0.4518459;0.1945134;0.4142897;361.0;0.2693346;False;11/23/2025 9:24:19 AM:738;1763861059738;;
353;417;0.2176222;0.4571669;0.1938393;0.5500723;363.0;0.2535086;False;11/23/2025 9:24:19 AM:761;1763861059761;;
347;424;0.2140555;0.4647154;0.1976326;0.5750185;364.9;0.2534815;False;11/23/2025 9:24:19 AM:784;1763861059784;;
340;424;0.209487;0.4647258;0.1868106;0.4920013;365.8;0.2618667;False;11/23/2025 9:24:19 AM:806;1763861059806;;
338;416;0.2084729;0.4558503;0.2020034;0.3602476;365.7;0.2566397;False;11/23/2025 9:24:19 AM:828;1763861059828;;
340;391;0.2098876;0.4279284;0.2220363;0.2548739;365.9;0.2585187;False;11/23/2025 9:24:19 AM:852;1763861059852;;
341;376;0.2105081;0.4123229;0.2163315;0.2810739;366.1;0.258492;False;11/23/2025 9:24:19 AM:874;1763861059874;;
337;383;0.2079761;0.4194509;0.1888885;0.5213209;367.6;0.2535369;False;11/23/2025 9:24:19 AM:898;1763861059898;;
335;392;0.2067714;0.4295899;0.1952978;0.5526317;370.7;0.263078;False;11/23/2025 9:24:19 AM:921;1763861059921;;
334;400;0.2058063;0.4383562;0.1957749;0.5531121;373.5;0.263043;False;11/23/2025 9:24:19 AM:945;1763861059945;;
331;401;0.2041898;0.4397065;0.1864066;0.498292;374.3;0.2395513;False;11/23/2025 9:24:19 AM:969;1763861059969;;
331;396;0.2040945;0.4342376;0.2024226;0.3621402;375.6;0.2469229;False;11/23/2025 9:24:19 AM:990;1763861059990;;
329;398;0.2031064;0.4363872;0.1888854;0.502201;373.9;0.2513145;False;11/23/2025 9:24:20 AM:12;1763861060012;;
328;400;0.2023211;0.438149;0.1888871;0.5022151;372.3;0.2513227;False;11/23/2025 9:24:20 AM:35;1763861060035;;
328;397;0.2020212;0.4345373;0.1954233;0.3791451;371.8;0.2618752;False;11/23/2025 9:24:20 AM:58;1763861060058;;
327;394;0.2017853;0.4317376;0.1954249;0.3791354;371.3;0.2618685;False;11/23/2025 9:24:20 AM:80;1763861060080;;
327;388;0.2018635;0.424914;0.2054799;0.338644;373.5;0.2512887;False;11/23/2025 9:24:20 AM:103;1763861060103;;
327;393;0.2014053;0.4300479;0.1896536;0.5161014;374.8;0.2543478;False;11/23/2025 9:24:20 AM:126;1763861060126;;
326;400;0.2012066;0.4378073;0.1939554;0.5468231;376.0;0.2543036;False;11/23/2025 9:24:20 AM:148;1763861060148;;
326;398;0.2010575;0.4359027;0.1948531;0.3937263;374.6;0.2547062;False;11/23/2025 9:24:20 AM:170;1763861060170;;
326;385;0.2010894;0.4218855;0.2131807;0.2934409;374.9;0.26173;False;11/23/2025 9:24:20 AM:192;1763861060192;;
326;375;0.2011047;0.4112709;0.2123673;0.2992619;375.2;0.2616726;False;11/23/2025 9:24:20 AM:216;1763861060216;;
326;375;0.2009845;0.4110757;0.1953267;0.3957338;375.6;0.2548432;False;11/23/2025 9:24:20 AM:239;1763861060239;;
326;375;0.2007485;0.4111456;0.190702;0.4208361;374.8;0.2609226;False;11/23/2025 9:24:20 AM:261;1763861060261;;
326;372;0.200758;0.4074188;0.2059334;0.3396703;374.4;0.2614596;False;11/23/2025 9:24:20 AM:285;1763861060285;;
326;369;0.2007657;0.4045826;0.2059276;0.3397049;374.2;0.2614798;False;11/23/2025 9:24:20 AM:308;1763861060308;;
326;365;0.2007883;0.399591;0.2089658;0.3134408;373.2;0.2593617;False;11/23/2025 9:24:20 AM:330;1763861060330;;
326;362;0.2008294;0.3970605;0.2104205;0.3311526;372.2;0.2552665;False;11/23/2025 9:24:20 AM:352;1763861060352;;
326;361;0.2008643;0.3950016;0.2104542;0.3309766;371.3;0.2552225;False;11/23/2025 9:24:20 AM:374;1763861060374;;
326;380;0.2008186;0.4166535;0.1975792;0.5646727;370.5;0.2565233;False;11/23/2025 9:24:20 AM:398;1763861060398;;
326;378;0.2008292;0.4140236;0.2039105;0.3445103;371.1;0.2535731;False;11/23/2025 9:24:20 AM:421;1763861060421;;
325;384;0.2005927;0.42118;0.1897479;0.5056351;369.1;0.263855;False;11/23/2025 9:24:20 AM:443;1763861060443;;
325;390;0.200398;0.4267757;0.1897462;0.5056207;367.2;0.2638464;False;11/23/2025 9:24:20 AM:467;1763861060467;;
325;390;0.200211;0.4273346;0.1896872;0.4498617;366.8;0.2512057;False;11/23/2025 9:24:20 AM:491;1763861060491;;
324;390;0.2000682;0.4277584;0.1896897;0.4498386;366.4;0.2511946;False;11/23/2025 9:24:20 AM:514;1763861060514;;
324;391;0.1998606;0.4279874;0.1872259;0.4442982;367.2;0.2586247;False;11/23/2025 9:24:20 AM:538;1763861060538;;
325;377;0.2003038;0.4131336;0.2176247;0.276769;367.1;0.2574772;False;11/23/2025 9:24:20 AM:561;1763861060561;;
325;373;0.2003554;0.4091173;0.2067141;0.3328451;367.0;0.2573998;False;11/23/2025 9:24:20 AM:582;1763861060582;;
325;372;0.2003577;0.4072373;0.2019055;0.3540907;366.6;0.2568996;False;11/23/2025 9:24:20 AM:607;1763861060607;;
325;371;0.2003505;0.4066919;0.1983308;0.3721061;367.3;0.2577345;False;11/23/2025 9:24:20 AM:629;1763861060629;;
325;373;0.2002145;0.4090466;0.190177;0.4582524;366.6;0.26187;False;11/23/2025 9:24:20 AM:652;1763861060652;;
324;377;0.2000343;0.4134159;0.1876943;0.4861264;365.9;0.2618257;False;11/23/2025 9:24:20 AM:673;1763861060673;;
324;389;0.1999997;0.4259992;0.1938355;0.5486487;366.0;0.2575961;False;11/23/2025 9:24:20 AM:697;1763861060697;;
325;375;0.2006005;0.410382;0.2204762;0.2733634;366.1;0.2518615;False;11/23/2025 9:24:20 AM:720;1763861060720;;
326;364;0.2010611;0.3987396;0.2192446;0.2791191;366.2;0.2518232;False;11/23/2025 9:24:20 AM:745;1763861060745;;
326;361;0.2011133;0.3952389;0.2081584;0.3260548;367.7;0.2535285;False;11/23/2025 9:24:20 AM:769;1763861060769;;
327;355;0.201371;0.3890561;0.2158188;0.2986695;367.8;0.2478783;False;11/23/2025 9:24:20 AM:796;1763861060796;;
328;340;0.2021311;0.3720759;0.2284043;0.2159479;367.7;0.2542211;False;11/23/2025 9:24:20 AM:817;1763861060817;;
328;330;0.2025633;0.3618842;0.2246762;0.2326494;367.7;0.2540481;False;11/23/2025 9:24:20 AM:839;1763861060839;;
329;327;0.2027372;0.3582944;0.2184541;0.2774859;367.3;0.2552367;False;11/23/2025 9:24:20 AM:862;1763861060862;;
328;330;0.2024229;0.3619351;0.19058;0.4187452;368.3;0.2693668;False;11/23/2025 9:24:20 AM:885;1763861060885;;
327;336;0.2019265;0.3683569;0.1854834;0.4493625;369.1;0.2693191;False;11/23/2025 9:24:20 AM:908;1763861060908;;
327;336;0.201876;0.3686455;0.1973448;0.382603;369.2;0.2588653;False;11/23/2025 9:24:20 AM:932;1763861060932;;
327;336;0.2018744;0.3684403;0.2015294;0.3473795;370.4;0.2651544;False;11/23/2025 9:24:20 AM:958;1763861060958;;
327;336;0.2018764;0.3681353;0.2027932;0.3430907;371.4;0.2652209;False;11/23/2025 9:24:20 AM:987;1763861060987;;
328;334;0.202003;0.366351;0.2117255;0.3164805;371.4;0.2587535;False;11/23/2025 9:24:21 AM:17;1763861061017;;
328;334;0.2020071;0.3663061;0.2035926;0.352366;371.4;0.2527663;False;11/23/2025 9:24:21 AM:46;1763861061046;;
328;334;0.20201;0.365934;0.2044345;0.3380052;370.9;0.2674709;False;11/23/2025 9:24:21 AM:85;1763861061085;;
329;324;0.2027381;0.3555193;0.2272076;0.2330522;372.7;0.2575576;False;11/23/2025 9:24:21 AM:109;1763861061109;;
329;326;0.2026851;0.356737;0.1983489;0.3872367;372.1;0.2517201;False;11/23/2025 9:24:21 AM:132;1763861061132;;
329;323;0.2028341;0.3542253;0.2156112;0.2870949;373.3;0.2586635;False;11/23/2025 9:24:21 AM:154;1763861061154;;
329;322;0.2028805;0.3527545;0.2114193;0.2985944;373.0;0.2576073;False;11/23/2025 9:24:21 AM:180;1763861061180;;
329;321;0.2029156;0.3516637;0.2114173;0.2986042;372.8;0.2576162;False;11/23/2025 9:24:21 AM:201;1763861061201;;
329;320;0.2029196;0.3506281;0.2089626;0.2979347;373.8;0.2530687;False;11/23/2025 9:24:21 AM:225;1763861061225;;
328;341;0.202566;0.3731547;0.188949;0.5236195;370.8;0.274009;False;11/23/2025 9:24:21 AM:249;1763861061249;;
328;357;0.2022617;0.3906527;0.1889444;0.5235884;368.0;0.2739907;False;11/23/2025 9:24:21 AM:272;1763861061272;;
328;400;0.2023998;0.4384807;0.2132167;0.6575882;367.1;0.2720674;False;11/23/2025 9:24:21 AM:296;1763861061296;;
331;454;0.2040785;0.4973446;0.2407493;0.7419591;365.7;0.2529918;False;11/23/2025 9:24:21 AM:319;1763861061319;;
333;494;0.205642;0.5414683;0.2425509;0.7473272;364.4;0.2529649;False;11/23/2025 9:24:21 AM:342;1763861061342;;
334;512;0.2059167;0.5612339;0.2248652;0.6935248;362.7;0.2548059;False;11/23/2025 9:24:21 AM:365;1763861061365;;
334;527;0.2061715;0.5773064;0.2249669;0.6936118;362.4;0.2429246;False;11/23/2025 9:24:21 AM:389;1763861061389;;
335;538;0.2063716;0.5887902;0.2249657;0.6936081;362.1;0.2429171;False;11/23/2025 9:24:21 AM:412;1763861061412;;
335;545;0.2064344;0.5963224;0.2207736;0.68045;360.0;0.233238;False;11/23/2025 9:24:21 AM:433;1763861061433;;
337;564;0.208093;0.6174586;0.2491704;0.7670097;358.3;0.2456004;False;11/23/2025 9:24:21 AM:458;1763861061458;;
340;579;0.209503;0.6340016;0.2491653;0.7669951;356.7;0.2455827;False;11/23/2025 9:24:21 AM:480;1763861061480;;
340;582;0.2095407;0.6375919;0.2269032;0.6995444;358.9;0.2482561;False;11/23/2025 9:24:21 AM:503;1763861061503;;
340;585;0.2095934;0.6408951;0.2276454;0.7022415;356.6;0.2540276;False;11/23/2025 9:24:21 AM:525;1763861061525;;
340;586;0.2096808;0.6419784;0.2195081;0.6768862;356.5;0.2546907;False;11/23/2025 9:24:21 AM:551;1763861061551;;
340;587;0.2097494;0.6428149;0.2195107;0.6768942;356.5;0.254705;False;11/23/2025 9:24:21 AM:573;1763861061573;;
340;587;0.2098164;0.643101;0.2158771;0.6648877;356.6;0.2437544;False;11/23/2025 9:24:21 AM:597;1763861061597;;
344;595;0.2120899;0.6514985;0.2588231;0.7551216;357.8;0.2188647;False;11/23/2025 9:24:21 AM:622;1763861061622;;
790;596;0.4866577;0.6531543;0.833028;0.7059124;359.0;0.2293544;False;11/23/2025 9:24:21 AM:645;1763861061645;;
1026;597;0.6321912;0.653208;0.8464093;0.672677;360.1;0.2292905;False;11/23/2025 9:24:21 AM:668;1763861061668;;
1194;599;0.7355306;0.6554184;0.8899735;0.7178927;357.7;0.2389678;False;11/23/2025 9:24:21 AM:690;1763861061690;;
1343;603;0.8271415;0.6601553;0.9625412;0.7489265;358.0;0.2431669;False;11/23/2025 9:24:21 AM:714;1763861061714;;
1422;606;0.8761767;0.6639569;0.9625466;0.7488852;358.2;0.2431264;False;11/23/2025 9:24:21 AM:736;1763861061736;;
1450;610;0.8933522;0.6675149;0.9295343;0.7512515;358.0;0.2485518;False;11/23/2025 9:24:21 AM:759;1763861061759;;
1467;610;0.9035817;0.6678491;0.9290993;0.7108966;357.8;0.2484706;False;11/23/2025 9:24:21 AM:780;1763861061780;;
1472;612;0.9065046;0.6700022;0.9144385;0.7406585;357.4;0.2500634;False;11/23/2025 9:24:21 AM:805;1763861061805;;
1451;629;0.893479;0.6889324;0.822861;0.858511;356.7;0.2416167;False;11/23/2025 9:24:21 AM:829;1763861061829;;
1454;639;0.8955057;0.6998675;0.9031372;0.8355924;355.6;0.2354035;False;11/23/2025 9:24:21 AM:851;1763861061851;;
1468;647;0.9045019;0.7080999;0.9375635;0.8318987;354.7;0.2353171;False;11/23/2025 9:24:21 AM:874;1763861061874;;
1459;647;0.8989214;0.7082263;0.8574176;0.755106;353.2;0.2415335;False;11/23/2025 9:24:21 AM:897;1763861061897;;
1481;654;0.9121261;0.7163392;0.9619308;0.8389787;354.4;0.2443619;False;11/23/2025 9:24:21 AM:922;1763861061922;;
1495;660;0.9208319;0.7224966;0.9619363;0.8389838;355.5;0.2443846;False;11/23/2025 9:24:21 AM:943;1763861061943;;
1492;662;0.9193254;0.725111;0.9078985;0.811559;353.5;0.2461322;False;11/23/2025 9:24:21 AM:969;1763861061969;;
1496;670;0.9212998;0.7332446;0.9348553;0.8622699;351.3;0.2409642;False;11/23/2025 9:24:21 AM:992;1763861061992;;
1495;674;0.9211075;0.7379783;0.9192932;0.8470234;350.1;0.2337031;False;11/23/2025 9:24:22 AM:15;1763861062015;;
1493;675;0.9198272;0.7392746;0.8977131;0.8199586;349.0;0.2336333;False;11/23/2025 9:24:22 AM:37;1763861062037;;
1493;677;0.9196692;0.741245;0.9178131;0.8284778;352.9;0.2554561;False;11/23/2025 9:24:22 AM:61;1763861062061;;
1491;691;0.9186428;0.7568707;0.8888136;0.9245912;353.2;0.2443903;False;11/23/2025 9:24:22 AM:86;1763861062086;;
1491;704;0.9181311;0.7704473;0.8605878;0.929859;353.0;0.2355526;False;11/23/2025 9:24:22 AM:110;1763861062110;;
1491;712;0.9181201;0.7790346;0.8661957;0.9228569;352.8;0.2354835;False;11/23/2025 9:24:22 AM:132;1763861062132;;
1478;712;0.9103805;0.7793914;0.8083396;0.7879269;352.5;0.2288725;False;11/23/2025 9:24:22 AM:155;1763861062155;;
1480;712;0.9115127;0.7799304;0.9247601;0.8178446;352.4;0.2302447;False;11/23/2025 9:24:22 AM:178;1763861062178;;
1481;710;0.9124647;0.7773789;0.9261934;0.7376019;352.3;0.2301604;False;11/23/2025 9:24:22 AM:199;1763861062199;;
1481;713;0.9119939;0.780721;0.8943016;0.8730617;355.0;0.2076987;False;11/23/2025 9:24:22 AM:222;1763861062222;;
1480;716;0.9115909;0.7835572;0.8942977;0.873059;357.4;0.2076908;False;11/23/2025 9:24:22 AM:245;1763861062245;;
1477;716;0.9097385;0.7837343;0.8535526;0.8303957;355.6;0.238466;False;11/23/2025 9:24:22 AM:269;1763861062269;;
1477;719;0.9095392;0.7869118;0.9044073;0.8798749;354.7;0.2229307;False;11/23/2025 9:24:22 AM:293;1763861062293;;
1477;726;0.9096081;0.7945209;0.9112486;0.9215399;355.3;0.2406783;False;11/23/2025 9:24:22 AM:316;1763861062316;;
1477;729;0.909606;0.7985886;0.9095438;0.9042876;355.8;0.2406406;False;11/23/2025 9:24:22 AM:339;1763861062339;;
1477;733;0.9095581;0.802143;0.8853564;0.903195;357.6;0.2356142;False;11/23/2025 9:24:22 AM:364;1763861062364;;
1476;742;0.9094572;0.8128257;0.9055079;0.9600846;358.6;0.2288771;False;11/23/2025 9:24:22 AM:388;1763861062388;;
1474;743;0.9080056;0.8135704;0.8649155;0.8517619;356.2;0.2138068;False;11/23/2025 9:24:22 AM:412;1763861062412;;
1472;744;0.9069024;0.8141425;0.8649074;0.8517569;354.0;0.2137904;False;11/23/2025 9:24:22 AM:435;1763861062435;;
1475;744;0.9084208;0.8144714;0.9325901;0.8606758;353.7;0.2197952;False;11/23/2025 9:24:22 AM:458;1763861062458;;
1475;744;0.9083485;0.8149619;0.8926823;0.8332025;353.8;0.2302166;False;11/23/2025 9:24:22 AM:481;1763861062481;;
1475;745;0.908289;0.8153573;0.8926823;0.8332005;353.8;0.2302136;False;11/23/2025 9:24:22 AM:502;1763861062502;;
1474;745;0.9081913;0.8153527;0.8963017;0.8152155;352.6;0.2193075;False;11/23/2025 9:24:22 AM:526;1763861062526;;
1474;745;0.9080954;0.8156876;0.9000754;0.8642665;353.3;0.2306494;False;11/23/2025 9:24:22 AM:549;1763861062549;;
1474;745;0.9079345;0.8159379;0.8863272;0.8438272;352.5;0.2145872;False;11/23/2025 9:24:22 AM:573;1763861062573;;
1474;745;0.9077923;0.8161571;0.8862832;0.8437878;351.9;0.2145014;False;11/23/2025 9:24:22 AM:595;1763861062595;;
1475;746;0.9083646;0.8163843;0.9219539;0.8414051;354.5;0.2152616;False;11/23/2025 9:24:22 AM:620;1763861062620;;
1476;746;0.9089096;0.8165853;0.9235587;0.8283827;356.8;0.215193;False;11/23/2025 9:24:22 AM:642;1763861062642;;
1474;749;0.9077474;0.8204944;0.8734323;0.90764;356.5;0.2165968;False;11/23/2025 9:24:22 AM:667;1763861062667;;
1469;749;0.9048045;0.8205362;0.8528566;0.857804;356.5;0.2173135;False;11/23/2025 9:24:22 AM:691;1763861062691;;
1469;750;0.9046047;0.8206476;0.8825743;0.8603988;356.4;0.2172599;False;11/23/2025 9:24:22 AM:713;1763861062713;;
1460;751;0.8993749;0.8220024;0.83048;0.885903;356.8;0.2158955;False;11/23/2025 9:24:22 AM:736;1763861062736;;
1460;757;0.8993306;0.8284134;0.897135;0.9407636;356.8;0.2142347;False;11/23/2025 9:24:22 AM:759;1763861062759;;
1460;757;0.8993084;0.8286998;0.8842371;0.8581197;357.1;0.2120981;False;11/23/2025 9:24:22 AM:783;1763861062783;;
1460;757;0.8992899;0.828935;0.8842373;0.8581202;357.3;0.2120995;False;11/23/2025 9:24:22 AM:806;1763861062806;;
1460;757;0.8992134;0.8291515;0.8930114;0.874155;357.0;0.2175931;False;11/23/2025 9:24:22 AM:829;1763861062829;;
1462;761;0.9005133;0.8334003;0.925467;0.9297764;356.9;0.2179997;False;11/23/2025 9:24:22 AM:852;1763861062852;;
1461;760;0.9000763;0.8318284;0.8761225;0.8030558;358.5;0.2189205;False;11/23/2025 9:24:22 AM:875;1763861062875;;
1461;759;0.8999262;0.830608;0.8816558;0.8036244;359.9;0.2189097;False;11/23/2025 9:24:22 AM:898;1763861062898;;
1461;758;0.899918;0.8302394;0.899389;0.8177451;359.4;0.2202371;False;11/23/2025 9:24:22 AM:920;1763861062920;;
1461;758;0.8999119;0.8302702;0.8994823;0.8519091;359.7;0.2043217;False;11/23/2025 9:24:22 AM:944;1763861062944;;
1461;758;0.8998873;0.8303119;0.8928918;0.8333248;360.0;0.20428;False;11/23/2025 9:24:22 AM:964;1763861062964;;
1461;762;0.9000656;0.8345468;0.9077724;0.9185246;361.3;0.2117933;False;11/23/2025 9:24:22 AM:989;1763861062989;;
1462;771;0.9004279;0.8438954;0.9137707;0.9659579;362.2;0.2234205;False;11/23/2025 9:24:23 AM:12;1763861063012;;
1466;780;0.9030626;0.8542151;0.9452688;0.9852091;363.1;0.223305;False;11/23/2025 9:24:23 AM:34;1763861063034;;
1465;781;0.9022112;0.8549964;0.876257;0.9071511;362.9;0.2300487;False;11/23/2025 9:24:23 AM:57;1763861063057;;
1464;782;0.9015155;0.8556432;0.8762484;0.907128;362.7;0.2300025;False;11/23/2025 9:24:23 AM:79;1763861063079;;
1460;783;0.8995787;0.8576777;0.8589323;0.9299345;362.0;0.2303563;False;11/23/2025 9:24:23 AM:102;1763861063102;;
1451;784;0.8938649;0.8578414;0.8287486;0.8641949;359.8;0.2386307;False;11/23/2025 9:24:23 AM:128;1763861063128;;
1451;784;0.8936313;0.8586203;0.8735619;0.911644;358.3;0.2209886;False;11/23/2025 9:24:23 AM:151;1763861063151;;
1451;785;0.8936172;0.8590158;0.8804367;0.9061538;357.0;0.2208475;False;11/23/2025 9:24:23 AM:174;1763861063174;;
1451;786;0.8936184;0.8606862;0.8936923;0.9292721;358.2;0.2217002;False;11/23/2025 9:24:23 AM:197;1763861063197;;
1450;783;0.8934118;0.8576728;0.8743;0.8107745;358.4;0.2165234;False;11/23/2025 9:24:23 AM:219;1763861063219;;
1450;783;0.8933239;0.8577073;0.8774797;0.8902768;358.4;0.2245082;False;11/23/2025 9:24:23 AM:243;1763861063243;;
1450;783;0.8932498;0.857737;0.8774795;0.8902738;358.4;0.2245006;False;11/23/2025 9:24:23 AM:265;1763861063265;;
1460;784;0.8990833;0.857811;0.9546732;0.8862543;356.4;0.2321953;False;11/23/2025 9:24:23 AM:291;1763861063291;;
1462;785;0.9002993;0.85929;0.9265648;0.9213806;358.4;0.2115336;False;11/23/2025 9:24:23 AM:314;1763861063314;;
1464;785;0.9016976;0.8594074;0.9312707;0.897034;360.2;0.2114312;False;11/23/2025 9:24:23 AM:337;1763861063337;;
1459;784;0.8984918;0.8583374;0.8499658;0.8341043;357.4;0.2195303;False;11/23/2025 9:24:23 AM:361;1763861063361;;
1458;785;0.8981274;0.8595194;0.879425;0.9139714;356.5;0.2206472;False;11/23/2025 9:24:23 AM:386;1763861063386;;
1457;785;0.8975608;0.8596794;0.8733823;0.8728551;356.2;0.2109118;False;11/23/2025 9:24:23 AM:408;1763861063408;;
1457;785;0.8976079;0.8597516;0.9008479;0.8906305;356.0;0.2107888;False;11/23/2025 9:24:23 AM:431;1763861063431;;
1455;778;0.8965216;0.8519368;0.8646407;0.7649063;354.3;0.2311737;False;11/23/2025 9:24:23 AM:454;1763861063454;;
1455;772;0.8961076;0.8455527;0.8728718;0.7611755;352.7;0.2310201;False;11/23/2025 9:24:23 AM:475;1763861063475;;
1457;772;0.8976347;0.8455831;0.9255489;0.8553367;351.9;0.2292528;False;11/23/2025 9:24:23 AM:500;1763861063500;;
1457;777;0.897477;0.8510641;0.8830917;0.9399165;350.4;0.2298366;False;11/23/2025 9:24:23 AM:525;1763861063525;;
1464;778;0.9017093;0.8512927;0.9511659;0.8794682;349.3;0.2236789;False;11/23/2025 9:24:23 AM:550;1763861063550;;
1470;778;0.9056537;0.8517018;0.95919;0.8873768;348.2;0.2235999;False;11/23/2025 9:24:23 AM:571;1763861063571;;
1470;778;0.9057697;0.8517802;0.9151717;0.8768581;346.9;0.220598;False;11/23/2025 9:24:23 AM:594;1763861063594;;
1493;782;0.9197658;0.8563736;1.014683;0.9424521;345.2;0.2262249;False;11/23/2025 9:24:23 AM:618;1763861063618;;
1509;785;0.9296147;0.8598359;1.01469;0.9424555;343.6;0.2262468;False;11/23/2025 9:24:23 AM:640;1763861063640;;
1509;785;0.9296179;0.8594332;0.9311956;0.8471296;342.7;0.2203579;False;11/23/2025 9:24:23 AM:665;1763861063665;;
1516;785;0.9335172;0.8599003;0.9855632;0.8989913;343.8;0.2326005;False;11/23/2025 9:24:23 AM:690;1763861063690;;
1516;786;0.933549;0.8608549;0.9424173;0.9117528;344.6;0.2154932;False;11/23/2025 9:24:23 AM:712;1763861063712;;
1517;787;0.9341667;0.8615977;0.9595432;0.910774;345.3;0.2153748;False;11/23/2025 9:24:23 AM:735;1763861063735;;
1517;787;0.9344023;0.8616311;0.9525868;0.8905828;344.5;0.2388459;False;11/23/2025 9:24:23 AM:758;1763861063758;;
1516;788;0.9339266;0.8622842;0.9189302;0.9105147;343.8;0.2388537;False;11/23/2025 9:24:23 AM:780;1763861063780;;
1515;788;0.933489;0.8626045;0.9183507;0.9044799;342.6;0.2391396;False;11/23/2025 9:24:23 AM:804;1763861063804;;
1515;788;0.9331108;0.8628861;0.9183325;0.9044737;341.4;0.2391059;False;11/23/2025 9:24:23 AM:827;1763861063827;;
1516;788;0.9337021;0.8629101;0.9558549;0.8973776;342.0;0.2499613;False;11/23/2025 9:24:23 AM:850;1763861063850;;
1520;788;0.9365311;0.8628167;0.9844596;0.8593261;342.4;0.2399728;False;11/23/2025 9:24:23 AM:873;1763861063873;;
1524;788;0.9384601;0.8629566;0.9812668;0.8750017;342.8;0.2399666;False;11/23/2025 9:24:23 AM:894;1763861063894;;
1522;788;0.9372391;0.8631746;0.911096;0.8985692;342.9;0.2388416;False;11/23/2025 9:24:23 AM:916;1763861063916;;
1518;789;0.935177;0.8633565;0.8976014;0.8986174;342.9;0.2387683;False;11/23/2025 9:24:23 AM:937;1763861063937;;
1520;789;0.9360623;0.8635757;0.9634947;0.9001935;342.4;0.2381895;False;11/23/2025 9:24:23 AM:960;1763861063960;;
1520;789;0.936068;0.8641285;0.9419279;0.9093339;342.2;0.2350483;False;11/23/2025 9:24:23 AM:983;1763861063983;;
1520;790;0.9360728;0.8645766;0.941929;0.9093328;342.1;0.235048;False;11/23/2025 9:24:24 AM:5;1763861064005;;
1524;795;0.9384801;0.869877;0.9833007;0.9700778;340.7;0.2502698;False;11/23/2025 9:24:24 AM:28;1763861064028;;
1524;795;0.9388229;0.8699939;0.9595054;0.875212;340.4;0.2320728;False;11/23/2025 9:24:24 AM:51;1763861064051;;
1525;796;0.9392428;0.8711263;0.9622774;0.9288659;341.2;0.2345765;False;11/23/2025 9:24:24 AM:74;1763861064074;;
1526;796;0.9399396;0.8712255;0.9690927;0.9090739;341.9;0.234572;False;11/23/2025 9:24:24 AM:96;1763861064096;;
1527;793;0.9402907;0.8678472;0.9638566;0.8161285;341.0;0.2442976;False;11/23/2025 9:24:24 AM:120;1763861064120;;
1527;793;0.9403157;0.8680648;0.955053;0.9029948;339.7;0.2455359;False;11/23/2025 9:24:24 AM:142;1763861064142;;
1527;793;0.9403381;0.8682594;0.9550428;0.9029881;338.6;0.2454974;False;11/23/2025 9:24:24 AM:166;1763861064166;;
1528;787;0.9414793;0.8619347;0.9778678;0.7853338;339.9;0.2584121;False;11/23/2025 9:24:24 AM:190;1763861064190;;
1539;787;0.9481569;0.8610929;1.024574;0.8361585;341.1;0.2372274;False;11/23/2025 9:24:24 AM:213;1763861064213;;
1543;785;0.9504322;0.8598284;1.000496;0.8258768;341.9;0.2384005;False;11/23/2025 9:24:24 AM:236;1763861064236;;
1546;784;0.9522498;0.8588113;1.000507;0.8258613;342.5;0.2384177;False;11/23/2025 9:24:24 AM:258;1763861064258;;
1546;782;0.952396;0.8562161;0.9662896;0.8023186;342.9;0.2306754;False;11/23/2025 9:24:24 AM:283;1763861064283;;
1546;780;0.952509;0.8542707;0.9662908;0.8023164;343.1;0.2306771;False;11/23/2025 9:24:24 AM:305;1763861064305;;
1547;779;0.9531382;0.8531451;0.9867002;0.8118553;341.8;0.2521709;False;11/23/2025 9:24:24 AM:327;1763861064327;;
1548;779;0.9536014;0.8529202;0.985298;0.8309166;340.7;0.2420512;False;11/23/2025 9:24:24 AM:350;1763861064350;;
1549;779;0.9539856;0.8527326;0.9853002;0.8309039;339.8;0.2420475;False;11/23/2025 9:24:24 AM:371;1763861064371;;
1552;778;0.9562069;0.8521348;1.007695;0.8188522;339.4;0.23313;False;11/23/2025 9:24:24 AM:396;1763861064396;;
1552;778;0.9557917;0.8521294;0.9464241;0.8390906;337.8;0.2383125;False;11/23/2025 9:24:24 AM:419;1763861064419;;
1553;778;0.9564437;0.8512191;0.991003;0.8090183;338.3;0.2532392;False;11/23/2025 9:24:24 AM:442;1763861064442;;
1555;777;0.9576973;0.8507433;1.002132;0.8150515;338.8;0.2532954;False;11/23/2025 9:24:24 AM:463;1763861064463;;
1560;777;0.9607301;0.8506402;1.019477;0.8271112;339.1;0.2474509;False;11/23/2025 9:24:24 AM:487;1763861064487;;
1543;776;0.9504864;0.849407;0.8803404;0.8000451;340.4;0.2248204;False;11/23/2025 9:24:24 AM:511;1763861064511;;
1532;775;0.943368;0.8484704;0.8803468;0.8000418;341.5;0.2248356;False;11/23/2025 9:24:24 AM:534;1763861064534;;
1337;772;0.8233012;0.8450488;0.5763715;0.7647078;344.9;0.09957177;True;11/23/2025 9:24:24 AM:556;1763861064556;;
1213;771;0.7471272;0.8441612;0.5685418;0.7924834;349.7;0.09838086;True;11/23/2025 9:24:24 AM:578;1763861064578;;
1127;770;0.6944965;0.8429075;0.5559503;0.7831966;354.0;0.09844372;True;11/23/2025 9:24:24 AM:599;1763861064599;;
1085;764;0.6684074;0.8359833;0.5851675;0.7235891;359.8;0.09778079;True;11/23/2025 9:24:24 AM:622;1763861064622;;
1068;749;0.6578342;0.8202375;0.6156154;0.6648315;362.3;0.1454079;True;11/23/2025 9:24:24 AM:645;1763861064645;;
1074;703;0.6613577;0.7691563;0.7470741;0.5105516;364.5;0.2010746;False;11/23/2025 9:24:24 AM:668;1763861064668;;
1078;670;0.664144;0.7331564;0.7471492;0.5105172;366.4;0.201193;False;11/23/2025 9:24:24 AM:690;1763861064690;;
1084;650;0.6675467;0.7121447;0.7121869;0.5452999;365.1;0.2299268;False;11/23/2025 9:24:24 AM:713;1763861064713;;
1088;635;0.6703797;0.6953428;0.7122448;0.5452545;364.0;0.2300111;False;11/23/2025 9:24:24 AM:736;1763861064736;;
1090;631;0.6715378;0.6907968;0.7453576;0.6051628;364.4;0.2356156;False;11/23/2025 9:24:24 AM:759;1763861064759;;
1088;623;0.6702728;0.6823639;0.6600022;0.5674718;363.5;0.2430377;False;11/23/2025 9:24:24 AM:782;1763861064782;;
1086;617;0.6693144;0.6756465;0.6601028;0.5674599;362.8;0.2430847;False;11/23/2025 9:24:24 AM:804;1763861064804;;
1087;612;0.669817;0.6698212;0.7390015;0.5686734;362.6;0.2773905;False;11/23/2025 9:24:24 AM:828;1763861064828;;
1076;611;0.66261;0.6692759;0.614697;0.6199431;361.7;0.2643969;False;11/23/2025 9:24:24 AM:850;1763861064850;;
1069;611;0.6583127;0.6692659;0.6239161;0.6688818;359.6;0.2632522;False;11/23/2025 9:24:24 AM:874;1763861064874;;
1063;611;0.6551026;0.6692576;0.6239792;0.6688711;357.8;0.2632891;False;11/23/2025 9:24:24 AM:896;1763861064896;;
1064;612;0.6556491;0.6698086;0.6740832;0.6868202;357.1;0.2782441;False;11/23/2025 9:24:24 AM:919;1763861064919;;
1054;618;0.6494499;0.6761582;0.599064;0.7563326;355.6;0.2705023;False;11/23/2025 9:24:24 AM:942;1763861064942;;
1047;622;0.6449599;0.6809198;0.5991677;0.7562914;354.2;0.2705665;False;11/23/2025 9:24:24 AM:962;1763861064962;;
1016;623;0.6258048;0.6824135;0.5253222;0.7227842;353.0;0.2760819;False;11/23/2025 9:24:24 AM:984;1763861064984;;
988;627;0.6084674;0.687056;0.5145445;0.7618086;351.4;0.2717088;False;11/23/2025 9:24:25 AM:9;1763861065009;;
968;631;0.5961381;0.690676;0.5145893;0.761804;349.9;0.271738;False;11/23/2025 9:24:25 AM:31;1763861065031;;
949;634;0.5844832;0.694438;0.5057215;0.7684782;349.4;0.2668377;False;11/23/2025 9:24:25 AM:54;1763861065054;;
945;635;0.5821373;0.6947545;0.5504038;0.7223336;349.4;0.2595422;False;11/23/2025 9:24:25 AM:77;1763861065077;;
930;641;0.5732134;0.7022789;0.5004868;0.8094849;349.1;0.2721382;False;11/23/2025 9:24:25 AM:100;1763861065100;;
919;646;0.5661521;0.7078742;0.5005913;0.8042619;348.9;0.2723438;False;11/23/2025 9:24:25 AM:121;1763861065121;;
915;646;0.5638489;0.7069412;0.5275722;0.681206;350.6;0.2666237;False;11/23/2025 9:24:25 AM:144;1763861065144;;
905;644;0.557687;0.7047668;0.4944123;0.6589457;352.2;0.2666765;False;11/23/2025 9:24:25 AM:167;1763861065167;;
901;647;0.5550138;0.7083634;0.5119804;0.7837909;354.0;0.2651613;False;11/23/2025 9:24:25 AM:189;1763861065189;;
925;648;0.5698866;0.7091351;0.6696402;0.7503469;354.6;0.2596375;False;11/23/2025 9:24:25 AM:212;1763861065212;;
941;649;0.5797398;0.7104446;0.6641528;0.7635137;355.2;0.2596409;False;11/23/2025 9:24:25 AM:234;1763861065234;;
1053;631;0.6486589;0.6914005;0.8424884;0.5529609;354.5;0.2607682;False;11/23/2025 9:24:25 AM:259;1763861065259;;
1093;633;0.6730383;0.6927988;0.7855573;0.7453654;355.3;0.2679535;False;11/23/2025 9:24:25 AM:281;1763861065281;;
1123;635;0.6915965;0.6949152;0.7872611;0.7586385;356.0;0.2679561;False;11/23/2025 9:24:25 AM:305;1763861065305;;
1167;631;0.7189504;0.6904554;0.8370526;0.6248087;355.6;0.2465926;False;11/23/2025 9:24:25 AM:327;1763861065327;;
1178;638;0.7257552;0.6980466;0.7792825;0.8058364;355.6;0.252028;False;11/23/2025 9:24:25 AM:350;1763861065350;;
1195;646;0.7362916;0.7076062;0.8066357;0.8279245;357.0;0.2722162;False;11/23/2025 9:24:25 AM:373;1763861065373;;
1208;654;0.7441086;0.7158438;0.8077953;0.8349708;358.3;0.2722108;False;11/23/2025 9:24:25 AM:395;1763861065395;;
1224;664;0.7540596;0.7266334;0.8245219;0.8564582;357.7;0.257877;False;11/23/2025 9:24:25 AM:418;1763861065418;;
1229;666;0.75715;0.7296174;0.7951956;0.810585;356.5;0.2645883;False;11/23/2025 9:24:25 AM:441;1763861065441;;
1235;669;0.7606161;0.7322791;0.8030514;0.8119018;355.5;0.2645631;False;11/23/2025 9:24:25 AM:464;1763861065464;;
1246;670;0.7674562;0.7337112;0.8309132;0.8008716;355.0;0.2621867;False;11/23/2025 9:24:25 AM:487;1763861065487;;
1246;672;0.7674868;0.7362843;0.7695332;0.8178214;353.7;0.2591731;False;11/23/2025 9:24:25 AM:510;1763861065510;;
1246;680;0.7672932;0.7443092;0.7508441;0.8688103;354.7;0.2526039;False;11/23/2025 9:24:25 AM:533;1763861065533;;
1246;683;0.7672689;0.7482615;0.7624011;0.8471766;355.7;0.2525734;False;11/23/2025 9:24:25 AM:557;1763861065557;;
1245;684;0.7671286;0.7487032;0.7518952;0.7701181;355.8;0.2443638;False;11/23/2025 9:24:25 AM:579;1763861065579;;
1245;684;0.7671092;0.7487421;0.7606943;0.7500345;355.8;0.2442931;False;11/23/2025 9:24:25 AM:600;1763861065600;;
1246;683;0.7678452;0.7476545;0.7869576;0.7255805;355.9;0.2635716;False;11/23/2025 9:24:25 AM:624;1763861065624;;
1246;683;0.7676067;0.7476897;0.7515666;0.7805732;358.6;0.2499184;False;11/23/2025 9:24:25 AM:649;1763861065649;;
1246;683;0.7674257;0.7477175;0.751573;0.780566;361.0;0.249906;False;11/23/2025 9:24:25 AM:670;1763861065670;;
1246;685;0.7672992;0.7505383;0.7530555;0.829648;362.8;0.2594499;False;11/23/2025 9:24:25 AM:694;1763861065694;;
1242;688;0.7653418;0.7533785;0.7231036;0.8352003;363.1;0.2623881;False;11/23/2025 9:24:25 AM:717;1763861065717;;
1243;688;0.7654064;0.7534762;0.7688342;0.7902109;363.1;0.2537304;False;11/23/2025 9:24:25 AM:740;1763861065740;;
1243;688;0.7659155;0.7531204;0.78236;0.7425615;363.1;0.2537279;False;11/23/2025 9:24:25 AM:761;1763861065761;;
1244;688;0.766022;0.7531278;0.7718515;0.7874604;362.2;0.2723581;False;11/23/2025 9:24:25 AM:787;1763861065787;;
1244;691;0.7662976;0.7566013;0.7785518;0.8432494;362.5;0.2571431;False;11/23/2025 9:24:25 AM:809;1763861065809;;
1246;693;0.7678453;0.7586526;0.8011042;0.8338178;362.8;0.2570617;False;11/23/2025 9:24:25 AM:831;1763861065831;;
1245;700;0.7670378;0.7668899;0.7425082;0.8901611;360.3;0.2549364;False;11/23/2025 9:24:25 AM:855;1763861065855;;
892;695;0.5498533;0.7609102;0.2262869;0.6902707;359.7;0.2560375;False;11/23/2025 9:24:25 AM:877;1763861065877;;
690;691;0.4251821;0.7567126;0.2264037;0.6989392;360.0;0.2563934;False;11/23/2025 9:24:25 AM:900;1763861065900;;
579;688;0.3567673;0.7534007;0.2264036;0.6989391;360.3;0.2563933;False;11/23/2025 9:24:25 AM:923;1763861065923;;
504;682;0.3106605;0.7466057;0.2149177;0.6624509;359.8;0.2664399;False;11/23/2025 9:24:25 AM:947;1763861065947;;
458;677;0.2824782;0.7416999;0.2168343;0.6690204;358.7;0.2686154;False;11/23/2025 9:24:25 AM:970;1763861065970;;
432;674;0.2661657;0.7381141;0.21711;0.6693339;357.7;0.2686076;False;11/23/2025 9:24:25 AM:991;1763861065991;;
416;673;0.2565505;0.7368305;0.2249919;0.6951858;357.9;0.2719452;False;11/23/2025 9:24:26 AM:14;1763861066014;;
405;672;0.2495636;0.7353572;0.2225154;0.6877498;358.1;0.2719316;False;11/23/2025 9:24:26 AM:36;1763861066036;;
394;669;0.2427682;0.7325188;0.2151824;0.6669482;357.6;0.263721;False;11/23/2025 9:24:26 AM:58;1763861066058;;
386;667;0.2381513;0.7303772;0.2164778;0.6700714;358.0;0.2814533;False;11/23/2025 9:24:26 AM:80;1763861066080;;
381;665;0.2348246;0.7286066;0.2164747;0.6700623;358.4;0.281422;False;11/23/2025 9:24:26 AM:102;1763861066102;;
375;663;0.2314792;0.725695;0.212089;0.6531188;357.2;0.2808387;False;11/23/2025 9:24:26 AM:126;1763861066126;;
368;655;0.2271789;0.7170624;0.2005375;0.5984122;356.6;0.2607028;False;11/23/2025 9:24:26 AM:148;1763861066148;;
367;655;0.2262749;0.7167069;0.2189471;0.6768062;356.3;0.2587847;False;11/23/2025 9:24:26 AM:171;1763861066171;;
366;654;0.2255744;0.7163959;0.2186887;0.676226;356.0;0.2587639;False;11/23/2025 9:24:26 AM:192;1763861066192;;
365;654;0.2248333;0.7158947;0.2171556;0.6708598;356.0;0.261842;False;11/23/2025 9:24:26 AM:216;1763861066216;;
366;655;0.2255908;0.7166819;0.238678;0.7365567;356.5;0.2269588;False;11/23/2025 9:24:26 AM:239;1763861066239;;
367;655;0.2261695;0.7172919;0.238678;0.7365566;357.0;0.2269589;False;11/23/2025 9:24:26 AM:262;1763861066262;;
367;655;0.2265826;0.7174243;0.2344544;0.7235519;355.9;0.2245687;False;11/23/2025 9:24:26 AM:287;1763861066287;;
368;655;0.226746;0.7173702;0.230069;0.7107847;356.0;0.2337912;False;11/23/2025 9:24:26 AM:311;1763861066311;;
368;655;0.226908;0.7173311;0.2309717;0.7125105;355.7;0.2369653;False;11/23/2025 9:24:26 AM:333;1763861066333;;
368;655;0.2270444;0.717298;0.230986;0.7127116;355.4;0.2369135;False;11/23/2025 9:24:26 AM:357;1763861066357;;
368;655;0.2269409;0.7171052;0.2242903;0.6931526;355.1;0.2333169;False;11/23/2025 9:24:26 AM:380;1763861066380;;
368;656;0.2271202;0.7178466;0.2407012;0.7429927;354.2;0.2313892;False;11/23/2025 9:24:26 AM:403;1763861066403;;
369;656;0.2272671;0.7185723;0.2413999;0.7454973;353.4;0.2313704;False;11/23/2025 9:24:26 AM:425;1763861066425;;
369;657;0.2274098;0.7189448;0.2393865;0.7385034;353.3;0.236981;False;11/23/2025 9:24:26 AM:449;1763861066449;;
369;658;0.2274691;0.7206451;0.2494404;0.767893;353.2;0.236962;False;11/23/2025 9:24:26 AM:470;1763861066470;;
369;658;0.2274594;0.7203534;0.2270949;0.7011737;351.7;0.2370151;False;11/23/2025 9:24:26 AM:492;1763861066492;;
369;659;0.2274873;0.7214609;0.2459419;0.757156;353.0;0.2204873;False;11/23/2025 9:24:26 AM:520;1763861066520;;
369;658;0.22732;0.7203903;0.222046;0.6853012;354.1;0.2251321;False;11/23/2025 9:24:26 AM:544;1763861066544;;
368;657;0.2271476;0.7194174;0.2208909;0.6830227;355.1;0.2250311;False;11/23/2025 9:24:26 AM:567;1763861066567;;
368;657;0.2270981;0.7189828;0.2245688;0.692698;356.0;0.2371861;False;11/23/2025 9:24:26 AM:590;1763861066590;;
397;659;0.2445665;0.7216156;0.3566341;0.77675;359.1;0.2283399;False;11/23/2025 9:24:26 AM:614;1763861066614;;
688;659;0.4239275;0.7216177;0.6048597;0.7222455;362.9;0.2504126;False;11/23/2025 9:24:26 AM:675;1763861066675;;
684;663;0.4214002;0.7258558;0.3944269;0.7832403;363.0;0.2468529;False;11/23/2025 9:24:26 AM:716;1763861066716;;
806;661;0.496655;0.7239991;0.6118165;0.692871;365.5;0.2475706;False;11/23/2025 9:24:26 AM:770;1763861066770;;
806;673;0.4963811;0.7367071;0.4935873;0.8577182;365.9;0.2461419;False;11/23/2025 9:24:26 AM:794;1763861066794;;
825;678;0.508542;0.7425147;0.5758977;0.8324905;365.3;0.247471;False;11/23/2025 9:24:26 AM:816;1763861066816;;
844;679;0.5201424;0.7432705;0.5861667;0.7805164;365.5;0.2361142;False;11/23/2025 9:24:26 AM:840;1763861066840;;
858;679;0.5284799;0.7438823;0.5861659;0.780513;365.7;0.2361117;False;11/23/2025 9:24:26 AM:861;1763861066861;;
1033;677;0.6363558;0.7417908;0.8603876;0.6958091;363.3;0.241944;False;11/23/2025 9:24:26 AM:884;1763861066884;;
1216;656;0.7492775;0.7177289;0.9584788;0.5493422;361.2;0.2426214;False;11/23/2025 9:24:26 AM:907;1763861066907;;
1339;637;0.8250784;0.6979241;0.9772514;0.5444822;359.3;0.2426222;False;11/23/2025 9:24:26 AM:929;1763861066929;;
1408;640;0.8670484;0.7002606;0.9674079;0.7598977;357.9;0.2513291;False;11/23/2025 9:24:26 AM:951;1763861066951;;
1449;632;0.8926025;0.6919482;0.9600346;0.5949743;355.8;0.2565252;False;11/23/2025 9:24:26 AM:974;1763861066974;;
1474;626;0.9080986;0.6858165;0.9600318;0.5949785;353.9;0.2565248;False;11/23/2025 9:24:26 AM:995;1763861066995;;
1473;627;0.9075815;0.6868554;0.9054856;0.7208695;350.5;0.2580039;False;11/23/2025 9:24:27 AM:23;1763861067023;;
1503;600;0.9258852;0.6565478;0.9875327;0.4701146;350.3;0.2606504;False;11/23/2025 9:24:27 AM:46;1763861067046;;
1518;600;0.9347922;0.6565153;0.972293;0.6518682;349.8;0.2594241;False;11/23/2025 9:24:27 AM:70;1763861067070;;
1530;597;0.9421945;0.6541999;0.9805951;0.597522;349.3;0.2594137;False;11/23/2025 9:24:27 AM:89;1763861067089;;
1547;571;0.9530783;0.6250077;0.998674;0.4488428;348.1;0.2492839;False;11/23/2025 9:24:27 AM:115;1763861067115;;
1561;568;0.9613261;0.6222072;1.005996;0.5597437;348.1;0.2550711;False;11/23/2025 9:24:27 AM:138;1763861067138;;
1570;551;0.96696;0.6031385;1.002662;0.4438236;348.0;0.254895;False;11/23/2025 9:24:27 AM:160;1763861067160;;
1570;536;0.967107;0.5872945;0.9684501;0.4493653;347.9;0.2484354;False;11/23/2025 9:24:27 AM:185;1763861067185;;
1570;536;0.9670355;0.5872681;0.9662141;0.5821171;349.1;0.2423589;False;11/23/2025 9:24:27 AM:209;1763861067209;;
1568;565;0.9660177;0.6183914;0.9353567;0.8069288;350.9;0.2288503;False;11/23/2025 9:24:27 AM:231;1763861067231;;
1567;579;0.9653894;0.6340533;0.9536614;0.7664486;352.5;0.2288122;False;11/23/2025 9:24:27 AM:255;1763861067255;;
1566;625;0.9646204;0.6847777;0.9081755;0.911;354.5;0.2225215;False;11/23/2025 9:24:27 AM:280;1763861067280;;
1565;654;0.9638562;0.7161666;0.9053688;0.9109468;356.4;0.2224902;False;11/23/2025 9:24:27 AM:301;1763861067301;;
1564;663;0.963085;0.7257043;0.904684;0.82728;356.7;0.222551;False;11/23/2025 9:24:27 AM:322;1763861067322;;
1560;681;0.9608383;0.7460631;0.8889911;0.8987845;359.5;0.2176287;False;11/23/2025 9:24:27 AM:344;1763861067344;;
1557;696;0.9589403;0.7618869;0.8889911;0.8987665;362.0;0.2176168;False;11/23/2025 9:24:27 AM:366;1763861067366;;
1546;701;0.95206;0.7673356;0.8572946;0.8426069;362.3;0.2249867;False;11/23/2025 9:24:27 AM:392;1763861067392;;
1546;704;0.9520382;0.7708907;0.9013728;0.8368409;361.9;0.2212911;False;11/23/2025 9:24:27 AM:415;1763861067415;;
1545;706;0.9516918;0.7729275;0.8964784;0.8262393;362.4;0.2082398;False;11/23/2025 9:24:27 AM:439;1763861067439;;
1545;707;0.9514198;0.7744845;0.8964825;0.8262272;363.0;0.2082367;False;11/23/2025 9:24:27 AM:459;1763861067459;;
1544;708;0.9513326;0.775481;0.8989041;0.8185985;362.7;0.2131382;False;11/23/2025 9:24:27 AM:482;1763861067482;;
1536;709;0.9463196;0.7758529;0.8577363;0.8061938;362.2;0.2162791;False;11/23/2025 9:24:27 AM:505;1763861067505;;
1533;709;0.944021;0.7758622;0.868936;0.7928267;361.7;0.2162782;False;11/23/2025 9:24:27 AM:528;1763861067528;;
1532;710;0.9433951;0.7768183;0.9027273;0.8207191;363.0;0.2285859;False;11/23/2025 9:24:27 AM:551;1763861067551;;
1532;714;0.9434394;0.7818557;0.9440639;0.8695863;361.1;0.226516;False;11/23/2025 9:24:27 AM:577;1763861067577;;
1531;713;0.94295;0.7800947;0.9109961;0.7434954;361.3;0.2184487;False;11/23/2025 9:24:27 AM:601;1763861067601;;
1530;711;0.9425551;0.7787042;0.9110048;0.7433668;361.4;0.2184354;False;11/23/2025 9:24:27 AM:624;1763861067624;;
1529;716;0.9421076;0.7840253;0.9290516;0.8730425;362.0;0.2222518;False;11/23/2025 9:24:27 AM:646;1763861067646;;
1530;723;0.9423132;0.7918701;0.9461667;0.899244;360.9;0.2256845;False;11/23/2025 9:24:27 AM:670;1763861067670;;
1531;726;0.9432042;0.7947179;0.9582041;0.8683244;360.0;0.2256768;False;11/23/2025 9:24:27 AM:693;1763861067693;;
1534;728;0.9450399;0.797187;0.97106;0.8680337;359.0;0.2222601;False;11/23/2025 9:24:27 AM:717;1763861067717;;
1534;732;0.9450002;0.8013666;0.9252481;0.8900071;357.1;0.2201072;False;11/23/2025 9:24:27 AM:739;1763861067739;;
1534;737;0.9451216;0.8072458;0.9490004;0.9135039;355.4;0.2200987;False;11/23/2025 9:24:27 AM:762;1763861067762;;
1544;744;0.9508868;0.8145608;1.007019;0.9311588;353.1;0.2406828;False;11/23/2025 9:24:27 AM:785;1763861067785;;
1547;744;0.9528969;0.8146544;0.9847956;0.85807;350.4;0.2266966;False;11/23/2025 9:24:27 AM:808;1763861067808;;
1550;744;0.9544487;0.8147309;0.984793;0.8580735;347.9;0.2266991;False;11/23/2025 9:24:27 AM:830;1763861067830;;
1550;747;0.9547796;0.8175903;0.9674374;0.9007955;345.8;0.2331634;False;11/23/2025 9:24:27 AM:855;1763861067855;;
1555;754;0.9576108;0.825048;1.000422;0.9448727;344.4;0.23883;False;11/23/2025 9:24:27 AM:878;1763861067878;;
1555;756;0.9576275;0.8282205;0.9610174;0.9201468;343.5;0.2372259;False;11/23/2025 9:24:27 AM:901;1763861067901;;
1555;757;0.9576579;0.8291045;0.9623865;0.8958858;342.8;0.2372309;False;11/23/2025 9:24:27 AM:926;1763861067926;;
1556;764;0.9585949;0.836509;0.9849099;0.9603334;340.2;0.2196918;False;11/23/2025 9:24:27 AM:950;1763861067950;;
1567;766;0.965097;0.8383452;1.034221;0.9214635;339.1;0.2273338;False;11/23/2025 9:24:27 AM:974;1763861067974;;
1568;766;0.9659998;0.8386261;0.9946981;0.9010752;339.2;0.2188676;False;11/23/2025 9:24:27 AM:997;1763861067997;;
1569;766;0.9667157;0.8388545;0.9946902;0.901069;339.3;0.2188274;False;11/23/2025 9:24:28 AM:18;1763861068018;;
1573;767;0.969121;0.8391907;1.015447;0.8875508;338.7;0.2377707;False;11/23/2025 9:24:28 AM:43;1763861068043;;
1583;768;0.9747788;0.8404093;1.042562;0.9161205;337.3;0.2271687;False;11/23/2025 9:24:28 AM:67;1763861068067;;
1599;772;0.98461;0.8447047;1.072332;0.9509414;335.6;0.2294235;False;11/23/2025 9:24:28 AM:92;1763861068092;;
1611;775;0.9921637;0.8481984;1.072332;0.9509403;334.1;0.2294247;False;11/23/2025 9:24:28 AM:115;1763861068115;;
1611;777;0.9923721;0.8510163;1.016433;0.9491681;332.6;0.2296771;False;11/23/2025 9:24:28 AM:139;1763861068139;;
1611;779;0.992541;0.853255;1.016439;0.9491543;331.4;0.2297017;False;11/23/2025 9:24:28 AM:160;1763861068160;;
1619;781;0.9973424;0.855496;1.06248;0.9493086;331.0;0.2381781;False;11/23/2025 9:24:28 AM:187;1763861068187;;
1623;783;0.9999747;0.8573188;1.054291;0.9498058;328.8;0.2409026;False;11/23/2025 9:24:28 AM:212;1763861068212;;
1624;787;1.000177;0.8618914;1.012442;0.9758535;327.5;0.2337379;False;11/23/2025 9:24:28 AM:239;1763861068239;Offscreen;
1623;789;0.9999933;0.8633146;0.9946753;0.9560341;326.2;0.2338205;False;11/23/2025 9:24:28 AM:262;1763861068262;;
1628;790;1.002707;0.8643864;1.054834;0.8990161;324.5;0.2357178;False;11/23/2025 9:24:28 AM:287;1763861068287;Offscreen;
1628;790;1.002867;0.8651367;1.014429;0.8836795;324.6;0.232327;False;11/23/2025 9:24:28 AM:315;1763861068315;Offscreen;
1628;791;1.0025;0.8654346;0.9936089;0.8724517;325.0;0.2311924;False;11/23/2025 9:24:28 AM:341;1763861068341;Offscreen;
1635;797;1.006929;0.8720383;1.070065;0.9905808;324.5;0.2224865;False;11/23/2025 9:24:28 AM:364;1763861068364;Offscreen;
1642;798;1.011328;0.8731522;1.078467;0.9484469;324.1;0.2224476;False;11/23/2025 9:24:28 AM:386;1763861068386;Offscreen;
1642;798;1.011556;0.8737684;1.037526;0.9068781;324.7;0.2289137;False;11/23/2025 9:24:28 AM:413;1763861068413;Offscreen;
1644;799;1.012521;0.8746565;1.050334;0.9427444;326.2;0.2369035;False;11/23/2025 9:24:28 AM:438;1763861068438;Offscreen;
1643;803;1.012303;0.87929;1.006533;0.9862861;325.3;0.2319169;False;11/23/2025 9:24:28 AM:462;1763861068462;Offscreen;
1643;807;1.011987;0.8834878;1.00307;0.9912235;324.5;0.2317689;False;11/23/2025 9:24:28 AM:484;1763861068484;Offscreen;
1643;807;1.011876;0.8838975;1.007748;0.931982;325.0;0.2350148;False;11/23/2025 9:24:28 AM:509;1763861068509;Offscreen;
1642;808;1.011494;0.8845321;1.000434;0.9163452;326.1;0.2250529;False;11/23/2025 9:24:28 AM:534;1763861068534;Offscreen;
1642;808;1.011518;0.8845833;1.013787;0.9369915;327.0;0.224925;False;11/23/2025 9:24:28 AM:557;1763861068557;Offscreen;
1642;808;1.011465;0.8850171;1.008392;0.9469249;328.4;0.2148996;False;11/23/2025 9:24:28 AM:581;1763861068581;Offscreen;
1643;809;1.011975;0.8853786;1.034693;0.9463927;329.5;0.2290493;False;11/23/2025 9:24:28 AM:607;1763861068607;Offscreen;
1644;809;1.012403;0.8856881;1.034707;0.9464043;330.5;0.2290919;False;11/23/2025 9:24:28 AM:632;1763861068632;Offscreen;
1642;811;1.011276;0.8879115;0.9876066;0.9748626;330.7;0.2341689;False;11/23/2025 9:24:28 AM:656;1763861068656;Offscreen;
1640;811;1.009994;0.8883579;0.9828516;0.931914;330.6;0.2316111;False;11/23/2025 9:24:28 AM:680;1763861068680;Offscreen;
1635;812;1.007162;0.8886518;0.9642015;0.9355249;330.3;0.2329277;False;11/23/2025 9:24:28 AM:704;1763861068704;Offscreen;
1631;812;1.004816;0.8889087;0.9642001;0.9355229;330.1;0.2329231;False;11/23/2025 9:24:28 AM:728;1763861068728;Offscreen;
1630;812;1.004239;0.889314;0.9829541;0.9294016;329.6;0.239022;False;11/23/2025 9:24:28 AM:753;1763861068753;Offscreen;
1630;813;1.004296;0.8901062;1.008583;0.9552547;329.7;0.2318129;False;11/23/2025 9:24:28 AM:779;1763861068779;Offscreen;
1632;813;1.005024;0.8902551;1.025873;0.9382586;330.9;0.2147406;False;11/23/2025 9:24:28 AM:804;1763861068804;Offscreen;
1630;813;1.003828;0.8905401;0.9743764;0.9331308;331.4;0.2236591;False;11/23/2025 9:24:28 AM:828;1763861068828;Offscreen;
1629;814;1.003133;0.8909168;0.9776971;0.9242726;331.9;0.2236729;False;11/23/2025 9:24:28 AM:849;1763861068849;Offscreen;
1629;814;1.003636;0.8913152;1.019909;0.921212;332.2;0.2187784;False;11/23/2025 9:24:28 AM:875;1763861068875;Offscreen;
1634;815;1.006425;0.892652;1.049778;0.9623309;333.6;0.220681;False;11/23/2025 9:24:28 AM:897;1763861068897;Offscreen;
1635;816;1.007096;0.8935944;1.029022;0.9584315;334.8;0.220633;False;11/23/2025 9:24:28 AM:922;1763861068922;Offscreen;
1637;817;1.008033;0.8940527;1.034553;0.9184657;335.4;0.2105749;False;11/23/2025 9:24:28 AM:947;1763861068947;Offscreen;
1637;817;1.008038;0.8941428;1.012182;0.9362906;335.6;0.2233668;False;11/23/2025 9:24:28 AM:972;1763861068972;Offscreen;
1637;817;1.008042;0.8942176;1.012176;0.9362871;335.7;0.2233537;False;11/23/2025 9:24:28 AM:997;1763861068997;Offscreen;
1636;818;1.007406;0.8953122;0.9882755;0.9601184;336.1;0.2282277;False;11/23/2025 9:24:29 AM:21;1763861069021;Offscreen;
1635;820;1.006842;0.8982329;0.9876182;0.9854763;337.2;0.2167834;False;11/23/2025 9:24:29 AM:45;1763861069045;Offscreen;
1636;821;1.007406;0.8986904;1.027089;0.9240717;336.3;0.2255161;False;11/23/2025 9:24:29 AM:71;1763861069071;Offscreen;
1636;821;1.00788;0.8990425;1.027541;0.9158329;335.4;0.2255135;False;11/23/2025 9:24:29 AM:95;1763861069095;Offscreen;
1637;821;1.008043;0.8991398;1.021106;0.936856;336.1;0.2332893;False;11/23/2025 9:24:29 AM:118;1763861069118;Offscreen;
1637;823;1.008046;0.9005587;1.012567;0.9672908;335.4;0.2217222;False;11/23/2025 9:24:29 AM:142;1763861069142;Offscreen;
1636;823;1.007577;0.9009013;0.9920107;0.916706;334.9;0.225569;False;11/23/2025 9:24:29 AM:168;1763861069168;Offscreen;
1636;823;1.007508;0.9010442;1.001354;0.9440733;334.5;0.2256191;False;11/23/2025 9:24:29 AM:191;1763861069191;Offscreen;
1636;824;1.00741;0.9022118;0.9997623;0.9641532;334.7;0.2296252;False;11/23/2025 9:24:29 AM:216;1763861069216;Offscreen;
1636;825;1.00741;0.9029807;1.00783;0.9599224;334.8;0.2292482;False;11/23/2025 9:24:29 AM:242;1763861069242;Offscreen;
