X Filtered Pixel; Y Filtered Pixel; X Filtered Normalized; Y Filtered Normalized; X Raw Normalized; Y Raw Normalized; Distance to Camera in mm; Eye Aspect Ratio (Height/Width); Blinking; Timestamp With Milliseconds; Unix Timestamp In Milliseconds; AOI List; Additional Notes
510;547;0.3144454;0.5993638;0.3144454;0.5993638;432.2;0.1742205;False;11/23/2025 9:19:18 AM:539;1763860758539;;
540;574;0.3330173;0.6284121;0.4407167;0.8088296;431.3;0.1451772;True;11/23/2025 9:19:18 AM:563;1763860758563;;
555;577;0.3419547;0.6316428;0.4236666;0.6990998;430.6;0.1460078;True;11/23/2025 9:19:18 AM:584;1763860758584;;
556;576;0.3426036;0.6305746;0.3660114;0.5925356;430.7;0.164395;True;11/23/2025 9:19:18 AM:604;1763860758604;;
577;568;0.355745;0.6221853;0.4557936;0.5141977;431.3;0.1612203;True;11/23/2025 9:19:18 AM:625;1763860758625;;
593;562;0.3655618;0.6156592;0.455824;0.5141885;431.8;0.1612305;True;11/23/2025 9:19:18 AM:644;1763860758644;;
602;562;0.371142;0.6158119;0.4365531;0.6264349;430.8;0.1627912;True;11/23/2025 9:19:18 AM:667;1763860758667;;
612;562;0.3770107;0.6150668;0.444185;0.57976;431.9;0.1665658;True;11/23/2025 9:19:18 AM:690;1763860758690;;
621;561;0.3828583;0.6145077;0.4524757;0.5812113;432.8;0.166561;True;11/23/2025 9:19:18 AM:711;1763860758711;;
627;561;0.3864159;0.6139836;0.4441841;0.5797593;433.7;0.1665659;True;11/23/2025 9:19:18 AM:733;1763860758733;;
628;561;0.3871956;0.6139694;0.4195417;0.6008366;432.4;0.1632101;True;11/23/2025 9:19:18 AM:754;1763860758754;;
629;561;0.3878574;0.613951;0.4199062;0.6017884;432.6;0.1655901;True;11/23/2025 9:19:18 AM:773;1763860758773;;
630;561;0.3882649;0.61388;0.4161703;0.5944614;432.8;0.1655847;True;11/23/2025 9:19:18 AM:794;1763860758794;;
636;561;0.3919891;0.614286;0.4556651;0.6327788;434.1;0.1629505;True;11/23/2025 9:19:18 AM:814;1763860758814;;
636;560;0.392059;0.6131388;0.4069368;0.5659698;433.9;0.1702039;True;11/23/2025 9:19:18 AM:835;1763860758835;;
636;559;0.3921261;0.6120598;0.4069471;0.565943;433.6;0.1702028;True;11/23/2025 9:19:18 AM:857;1763860758857;;
696;559;0.4290116;0.6120549;0.5954874;0.5949847;432.4;0.1569215;True;11/23/2025 9:19:18 AM:879;1763860758879;;
776;557;0.4782646;0.6095693;0.6653545;0.5392294;430.2;0.1762469;False;11/23/2025 9:19:18 AM:897;1763860758897;;
833;555;0.5130281;0.6074695;0.6654084;0.5390932;428.3;0.1762632;False;11/23/2025 9:19:18 AM:917;1763860758917;;
893;553;0.5501781;0.6057905;0.6964125;0.5429991;424.2;0.1844839;False;11/23/2025 9:19:18 AM:937;1763860758937;;
939;553;0.5782667;0.6056437;0.7028705;0.5720607;424.8;0.1922649;False;11/23/2025 9:19:18 AM:958;1763860758958;;
970;552;0.5975174;0.6050317;0.7013042;0.5568858;425.2;0.1922917;False;11/23/2025 9:19:18 AM:975;1763860758975;;
1020;553;0.6284408;0.605599;0.754968;0.6236287;422.2;0.1964262;False;11/23/2025 9:19:18 AM:996;1763860758996;;
1057;553;0.6509916;0.6060881;0.7549811;0.6236072;419.5;0.1964377;False;11/23/2025 9:19:19 AM:17;1763860759017;;
1064;553;0.6556605;0.6060624;0.6930518;0.6039765;417.6;0.2096419;False;11/23/2025 9:19:19 AM:39;1763860759039;;
1081;553;0.6658411;0.6055847;0.7325671;0.56872;414.7;0.2202613;False;11/23/2025 9:19:19 AM:59;1763860759059;;
1094;553;0.6736971;0.6055576;0.733726;0.5841497;412.2;0.2203621;False;11/23/2025 9:19:19 AM:79;1763860759079;;
1101;552;0.6781792;0.6044349;0.7204137;0.5529466;410.0;0.2016558;False;11/23/2025 9:19:19 AM:100;1763860759100;;
1125;540;0.6927525;0.5914301;0.7799847;0.4477786;409.6;0.2053702;False;11/23/2025 9:19:19 AM:121;1763860759121;;
1142;531;0.7035275;0.5812345;0.780004;0.4477336;409.3;0.2053787;False;11/23/2025 9:19:19 AM:141;1763860759141;;
1156;523;0.7122961;0.5724759;0.780009;0.4477216;409.0;0.205381;False;11/23/2025 9:19:19 AM:162;1763860759162;;
1170;523;0.7208906;0.5722528;0.7878377;0.5327773;409.6;0.2064872;False;11/23/2025 9:19:19 AM:184;1763860759184;;
1197;521;0.7371985;0.5703493;0.8342534;0.5002437;409.9;0.2087231;False;11/23/2025 9:19:19 AM:205;1763860759205;;
1219;519;0.7510146;0.5678445;0.8414907;0.4880735;410.2;0.208653;False;11/23/2025 9:19:19 AM:226;1763860759226;;
1232;518;0.7589016;0.5676377;0.8177792;0.5593289;410.6;0.2135898;False;11/23/2025 9:19:19 AM:253;1763860759253;;
1233;528;0.7593662;0.5781126;0.769735;0.6686774;410.9;0.2015073;False;11/23/2025 9:19:19 AM:281;1763860759281;;
1261;537;0.7768547;0.5882185;0.8678756;0.6797005;410.0;0.2119809;False;11/23/2025 9:19:19 AM:309;1763860759309;;
1266;537;0.7798595;0.5881891;0.8127307;0.5860153;410.6;0.2128787;False;11/23/2025 9:19:19 AM:344;1763860759344;;
1267;537;0.7805725;0.5878806;0.7983053;0.5621067;412.0;0.1939563;False;11/23/2025 9:19:19 AM:373;1763860759373;;
1280;536;0.7884083;0.587507;0.8538717;0.5587752;411.1;0.205742;False;11/23/2025 9:19:19 AM:402;1763860759402;;
1291;536;0.7950951;0.5871515;0.8538458;0.5586844;410.2;0.2056904;False;11/23/2025 9:19:19 AM:434;1763860759434;;
1297;538;0.7989579;0.5896617;0.8459479;0.6307194;411.2;0.2107588;False;11/23/2025 9:19:19 AM:467;1763860759467;;
1311;534;0.807348;0.5852898;0.8852531;0.5075719;410.4;0.2125484;False;11/23/2025 9:19:19 AM:493;1763860759493;;
1320;534;0.813023;0.5852516;0.885156;0.5762904;409.7;0.2122111;False;11/23/2025 9:19:19 AM:513;1763860759513;;
1322;532;0.8143712;0.583069;0.8537374;0.5201057;413.3;0.191737;False;11/23/2025 9:19:19 AM:534;1763860759534;;
1324;531;0.8154361;0.5813421;0.8537481;0.5200313;416.5;0.1917297;False;11/23/2025 9:19:19 AM:554;1763860759554;;
1328;531;0.8183214;0.5815001;0.8713626;0.5885916;416.2;0.1978636;False;11/23/2025 9:19:19 AM:578;1763860759578;;
1329;531;0.8187844;0.5815448;0.8494631;0.5846831;414.7;0.200713;False;11/23/2025 9:19:19 AM:600;1763860759600;;
1330;531;0.819456;0.5812291;0.8536743;0.5515529;413.4;0.200739;False;11/23/2025 9:19:19 AM:622;1763860759622;;
1333;523;0.8209828;0.5732005;0.8667562;0.4622556;413.8;0.204829;False;11/23/2025 9:19:19 AM:645;1763860759645;;
1333;523;0.8212431;0.5730489;0.8506593;0.5443292;412.8;0.1986411;False;11/23/2025 9:19:19 AM:666;1763860759666;;
1333;523;0.8213875;0.5729718;0.8359462;0.5641363;412.0;0.1986137;False;11/23/2025 9:19:19 AM:687;1763860759687;;
1334;523;0.8214904;0.5729314;0.8390619;0.5697859;411.7;0.211157;False;11/23/2025 9:19:19 AM:710;1763860759710;;
1334;518;0.8215281;0.5667935;0.8415709;0.4681037;410.8;0.2154903;False;11/23/2025 9:19:19 AM:733;1763860759733;;
1334;513;0.8215622;0.5615483;0.8415782;0.4680753;410.0;0.215483;False;11/23/2025 9:19:19 AM:756;1763860759756;;
1289;511;0.7939327;0.5600595;0.6692219;0.4998117;410.7;0.1873625;False;11/23/2025 9:19:19 AM:779;1763860759779;;
1153;514;0.7102273;0.5623959;0.5003647;0.6060216;413.8;0.1692752;True;11/23/2025 9:19:19 AM:800;1763860759800;;
963;512;0.5930859;0.5611677;0.3614872;0.5062077;416.4;0.1714006;False;11/23/2025 9:19:19 AM:823;1763860759823;;
819;511;0.5043646;0.559508;0.3170176;0.4951547;418.8;0.1714451;False;11/23/2025 9:19:19 AM:842;1763860759842;;
756;511;0.4660219;0.5594912;0.3662194;0.5586037;421.2;0.1689773;True;11/23/2025 9:19:19 AM:864;1763860759864;;
650;512;0.4003372;0.5603092;0.2631015;0.5837264;422.7;0.179065;False;11/23/2025 9:19:19 AM:886;1763860759886;;
591;512;0.3640929;0.5609066;0.2631026;0.5837152;424.1;0.1790643;False;11/23/2025 9:19:19 AM:903;1763860759903;;
582;512;0.3588091;0.560907;0.3391247;0.5609442;425.5;0.1751631;False;11/23/2025 9:19:19 AM:925;1763860759925;;
576;512;0.3548526;0.5609075;0.3391149;0.5609497;426.8;0.1751591;False;11/23/2025 9:19:19 AM:947;1763860759947;;
573;512;0.3531278;0.5605987;0.3446957;0.5322752;428.5;0.1813477;False;11/23/2025 9:19:19 AM:969;1763860759969;;
545;511;0.3361095;0.5598026;0.2748138;0.519016;430.0;0.1814088;False;11/23/2025 9:19:19 AM:991;1763860759991;;
537;514;0.3307343;0.5624677;0.3061749;0.6126409;430.5;0.1664989;True;11/23/2025 9:19:20 AM:15;1763860760015;;
526;515;0.3240675;0.5641134;0.2883864;0.608211;430.7;0.1798214;False;11/23/2025 9:19:20 AM:36;1763860760036;;
499;515;0.307698;0.564413;0.2383081;0.5823748;430.8;0.1798236;False;11/23/2025 9:19:20 AM:58;1763860760058;;
498;515;0.3067081;0.5645473;0.298896;0.5772045;433.0;0.1776375;False;11/23/2025 9:19:20 AM:79;1763860760079;;
496;516;0.3058142;0.5653973;0.2976698;0.600515;433.8;0.1792797;False;11/23/2025 9:19:20 AM:100;1763860760100;;
495;517;0.305048;0.5661868;0.2977109;0.6004801;434.5;0.1792917;False;11/23/2025 9:19:20 AM:121;1763860760121;;
481;512;0.2963652;0.5612572;0.2438404;0.4839598;435.0;0.1681564;True;11/23/2025 9:19:20 AM:145;1763860760145;;
475;512;0.2925764;0.5607812;0.2618193;0.5353397;436.5;0.1746697;False;11/23/2025 9:19:20 AM:168;1763860760168;;
482;516;0.2969923;0.565008;0.3859008;0.6412225;436.3;0.1678651;True;11/23/2025 9:19:20 AM:189;1763860760189;;
485;518;0.2990992;0.5674195;0.3735116;0.6287847;436.2;0.1680167;True;11/23/2025 9:19:20 AM:208;1763860760208;;
476;517;0.2935387;0.5666659;0.2497059;0.5373426;435.7;0.1786145;False;11/23/2025 9:19:20 AM:230;1763860760230;;
469;517;0.2892615;0.5660374;0.2497015;0.5373479;435.3;0.1786146;False;11/23/2025 9:19:20 AM:252;1763860760252;;
456;517;0.2809184;0.5664828;0.2225854;0.5900736;435.3;0.1613581;True;11/23/2025 9:19:20 AM:275;1763860760275;;
459;519;0.2830106;0.5678506;0.3415837;0.6114417;434.3;0.1832733;False;11/23/2025 9:19:20 AM:299;1763860760299;;
442;519;0.2727507;0.5678577;0.2022865;0.5703279;433.4;0.187749;False;11/23/2025 9:19:20 AM:322;1763860760322;;
426;518;0.2627082;0.5671635;0.1933119;0.539695;432.6;0.1877498;False;11/23/2025 9:19:20 AM:345;1763860760345;;
430;520;0.265234;0.5693486;0.3231007;0.624184;431.7;0.1859193;False;11/23/2025 9:19:20 AM:368;1763860760368;;
429;520;0.2644573;0.569719;0.2496361;0.5966027;431.1;0.180542;False;11/23/2025 9:19:20 AM:389;1763860760389;;
424;520;0.2613099;0.5697558;0.220606;0.5828074;430.7;0.1806238;False;11/23/2025 9:19:20 AM:409;1763860760409;;
409;520;0.2523536;0.5697638;0.1819347;0.5711252;428.7;0.1830904;False;11/23/2025 9:19:20 AM:432;1763860760432;;
398;520;0.2455246;0.5697706;0.1819452;0.5711524;426.9;0.1830996;False;11/23/2025 9:19:20 AM:454;1763860760454;;
406;532;0.250118;0.582819;0.3154699;0.7179175;427.1;0.1802254;False;11/23/2025 9:19:20 AM:476;1763860760476;;
415;535;0.2557211;0.5858832;0.3266128;0.6553152;427.6;0.1817269;False;11/23/2025 9:19:20 AM:498;1763860760498;;
422;537;0.2598574;0.5882032;0.3266343;0.6553057;428.0;0.1817338;False;11/23/2025 9:19:20 AM:518;1763860760518;;
456;523;0.2808233;0.5724503;0.4076953;0.4411474;430.1;0.1698378;True;11/23/2025 9:19:20 AM:541;1763860760541;;
552;520;0.3400601;0.5696962;0.5301442;0.5169328;429.1;0.1566498;True;11/23/2025 9:19:20 AM:565;1763860760565;;
619;518;0.3813621;0.567347;0.5301429;0.5168816;428.2;0.1566419;True;11/23/2025 9:19:20 AM:590;1763860760590;;
623;508;0.3836487;0.5559916;0.4135385;0.4356947;428.6;0.1788607;False;11/23/2025 9:19:20 AM:612;1763860760612;;
622;479;0.3835743;0.5245335;0.362622;0.3282956;428.2;0.1906754;False;11/23/2025 9:19:20 AM:634;1763860760634;;
621;457;0.3825271;0.5008801;0.3403597;0.3287784;428.6;0.206682;False;11/23/2025 9:19:20 AM:656;1763860760656;;
618;424;0.3809307;0.4648349;0.3318607;0.2558696;429.0;0.2066898;False;11/23/2025 9:19:20 AM:678;1763860760678;;
582;424;0.3589508;0.4645936;0.2197465;0.4486534;427.2;0.2000961;False;11/23/2025 9:19:20 AM:699;1763860760699;;
582;396;0.3589082;0.4332642;0.3377729;0.2437552;428.4;0.2111972;False;11/23/2025 9:19:20 AM:721;1763860760721;;
582;385;0.3588845;0.4214829;0.3399427;0.2989658;429.5;0.2111659;False;11/23/2025 9:19:20 AM:744;1763860760744;;
582;384;0.3588709;0.4204405;0.3386746;0.3825312;429.3;0.1954691;False;11/23/2025 9:19:20 AM:765;1763860760765;;
671;422;0.4133898;0.4622713;0.5881935;0.6850281;432.4;0.1144761;True;11/23/2025 9:19:20 AM:787;1763860760787;;
736;453;0.4537265;0.4963503;0.5881938;0.6850263;435.2;0.1144758;True;11/23/2025 9:19:20 AM:812;1763860760812;;
773;473;0.4760977;0.5178788;0.5761262;0.6751891;435.3;0.09092122;True;11/23/2025 9:19:20 AM:834;1763860760834;;
810;488;0.4991085;0.5339433;0.5991895;0.6695784;435.4;0.09099079;True;11/23/2025 9:19:20 AM:857;1763860760857;;
832;489;0.5126538;0.5352833;0.5849413;0.5737205;436.1;0.1280176;True;11/23/2025 9:19:20 AM:880;1763860760880;;
831;476;0.5122082;0.521746;0.470625;0.385664;433.2;0.1862792;False;11/23/2025 9:19:20 AM:902;1763860760902;;
830;467;0.511488;0.5111591;0.4859521;0.3890793;430.6;0.1863468;False;11/23/2025 9:19:20 AM:923;1763860760923;;
830;467;0.5113925;0.5111763;0.5097031;0.5130931;430.6;0.1924613;False;11/23/2025 9:19:20 AM:946;1763860760946;;
827;466;0.5092368;0.5104069;0.4461989;0.4745966;429.3;0.2197419;False;11/23/2025 9:19:20 AM:971;1763860760971;;
826;466;0.5087156;0.5106015;0.4859074;0.5222042;425.5;0.2313964;False;11/23/2025 9:19:20 AM:993;1763860760993;;
825;466;0.5082847;0.5107585;0.4860278;0.5220066;422.1;0.2314125;False;11/23/2025 9:19:21 AM:15;1763860761015;;
809;461;0.4983647;0.5046166;0.3926007;0.4082544;421.9;0.2085955;False;11/23/2025 9:19:21 AM:35;1763860761035;;
808;458;0.4980612;0.501703;0.4720168;0.4324701;420.0;0.2153542;False;11/23/2025 9:19:21 AM:57;1763860761057;;
808;456;0.4977951;0.4992182;0.4720114;0.4324763;418.3;0.2153529;False;11/23/2025 9:19:21 AM:79;1763860761079;;
775;456;0.4777769;0.499527;0.3424364;0.5128836;417.2;0.2249049;False;11/23/2025 9:19:21 AM:100;1763860761100;;
775;457;0.4776198;0.5003123;0.4718201;0.5260642;415.3;0.2205424;False;11/23/2025 9:19:21 AM:123;1763860761123;;
775;457;0.4774907;0.5009558;0.4718139;0.5260812;413.5;0.220542;False;11/23/2025 9:19:21 AM:144;1763860761144;;
778;458;0.4791903;0.5017976;0.5066085;0.5327541;412.1;0.2145726;False;11/23/2025 9:19:21 AM:165;1763860761165;;
940;432;0.5793496;0.4728895;0.8050467;0.2853985;410.4;0.2229824;False;11/23/2025 9:19:21 AM:188;1763860761188;;
1045;411;0.6440694;0.4505985;0.8106569;0.2838121;408.8;0.2229798;False;11/23/2025 9:19:21 AM:210;1763860761210;;
1135;411;0.6989307;0.4506156;0.8465752;0.4541794;405.3;0.2343267;False;11/23/2025 9:19:21 AM:233;1763860761233;;
1209;409;0.7444757;0.4480726;0.8751667;0.3862948;402.2;0.234446;False;11/23/2025 9:19:21 AM:253;1763860761253;;
1217;409;0.7499125;0.4478589;0.7748595;0.4274772;398.7;0.2242958;False;11/23/2025 9:19:21 AM:277;1763860761277;;
1227;408;0.7557209;0.447003;0.7872288;0.4075621;394.3;0.2277115;False;11/23/2025 9:19:21 AM:299;1763860761299;;
1234;407;0.7600038;0.4462801;0.7873052;0.407384;390.3;0.227733;False;11/23/2025 9:19:21 AM:318;1763860761318;;
1268;399;0.7813389;0.4372415;0.8657985;0.3227121;388.1;0.2287666;False;11/23/2025 9:19:21 AM:341;1763860761341;;
1267;404;0.7806718;0.4426344;0.7742819;0.5178898;386.3;0.2322742;False;11/23/2025 9:19:21 AM:365;1763860761365;;
1272;405;0.7836393;0.4435912;0.8064397;0.4745427;384.6;0.2323893;False;11/23/2025 9:19:21 AM:388;1763860761388;;
1271;393;0.782818;0.4308648;0.7722056;0.3051827;383.4;0.2317695;False;11/23/2025 9:19:21 AM:411;1763860761411;;
1269;394;0.7818155;0.4317884;0.7424069;0.4609727;384.3;0.2319751;False;11/23/2025 9:19:21 AM:436;1763860761436;;
1278;395;0.7874306;0.4329206;0.8276687;0.4670984;383.2;0.2320382;False;11/23/2025 9:19:21 AM:460;1763860761460;;
1285;396;0.7915067;0.4338167;0.8276347;0.467176;382.2;0.2320296;False;11/23/2025 9:19:21 AM:483;1763860761483;;
1288;391;0.7936378;0.4285132;0.8186574;0.3447628;380.7;0.2332064;False;11/23/2025 9:19:21 AM:506;1763860761506;;
1294;389;0.7970944;0.4266842;0.8331469;0.375055;379.0;0.2385367;False;11/23/2025 9:19:21 AM:528;1763860761528;;
1295;392;0.7976359;0.4298822;0.8075046;0.4877733;378.4;0.2316485;False;11/23/2025 9:19:21 AM:554;1763860761554;;
1296;395;0.7980945;0.4325889;0.8075075;0.4877657;377.9;0.2316492;False;11/23/2025 9:19:21 AM:579;1763860761579;;
1294;458;0.7971994;0.5013967;0.761732;0.7552447;375.0;0.2503841;False;11/23/2025 9:19:21 AM:608;1763860761608;;
1294;485;0.7971694;0.5307434;0.7753167;0.6743169;371.8;0.2513877;False;11/23/2025 9:19:21 AM:644;1763860761644;;
1281;523;0.789385;0.5724255;0.7031608;0.7911081;370.3;0.2380603;False;11/23/2025 9:19:21 AM:666;1763860761666;;
1300;538;0.8005127;0.5886231;0.8805584;0.7245324;369.0;0.2383671;False;11/23/2025 9:19:21 AM:687;1763860761687;;
1311;548;0.8073571;0.600271;0.8689067;0.7152362;366.6;0.242826;False;11/23/2025 9:19:21 AM:710;1763860761710;;
1311;553;0.8072752;0.6051747;0.7987507;0.6796839;365.8;0.2481166;False;11/23/2025 9:19:21 AM:733;1763860761733;;
1312;557;0.8082958;0.6094956;0.8300993;0.684176;365.2;0.248125;False;11/23/2025 9:19:21 AM:755;1763860761755;;
1313;577;0.8087001;0.6313482;0.8214146;0.7947184;363.8;0.2429682;False;11/23/2025 9:19:21 AM:777;1763860761777;;
1324;576;0.8153226;0.63026;0.8809662;0.5930796;364.4;0.2437667;False;11/23/2025 9:19:21 AM:800;1763860761800;;
1326;581;0.8169798;0.6359158;0.8494818;0.7211037;363.1;0.2453414;False;11/23/2025 9:19:21 AM:823;1763860761823;;
1329;586;0.8184643;0.642193;0.8525774;0.7399292;362.0;0.2453965;False;11/23/2025 9:19:21 AM:843;1763860761843;;
1329;599;0.8184503;0.6558976;0.8154387;0.7959118;360.6;0.2384034;False;11/23/2025 9:19:21 AM:865;1763860761865;;
1352;605;0.8325261;0.6624371;0.9309189;0.7613222;360.1;0.2344406;False;11/23/2025 9:19:21 AM:887;1763860761887;;
1368;615;0.8428758;0.6738409;0.9301853;0.8063859;359.7;0.2343906;False;11/23/2025 9:19:21 AM:909;1763860761909;;
1368;622;0.8428762;0.6810343;0.8442377;0.7904687;359.8;0.2359876;False;11/23/2025 9:19:21 AM:930;1763860761930;;
1364;627;0.8403401;0.6863631;0.7980899;0.7827879;358.0;0.2532219;False;11/23/2025 9:19:21 AM:953;1763860761953;;
1361;631;0.8382999;0.690666;0.7980843;0.7827918;356.3;0.2532141;False;11/23/2025 9:19:21 AM:976;1763860761976;;
1349;631;0.8307688;0.6908751;0.755563;0.7095739;356.8;0.2598757;False;11/23/2025 9:19:21 AM:999;1763860761999;;
1350;632;0.8313379;0.6917408;0.8495846;0.746257;355.5;0.2473482;False;11/23/2025 9:19:22 AM:21;1763860762021;;
1353;632;0.8333638;0.6919905;0.8705232;0.7339861;354.3;0.2473649;False;11/23/2025 9:19:22 AM:43;1763860762043;;
1352;636;0.8330737;0.6964787;0.8177425;0.7909455;355.6;0.2434644;False;11/23/2025 9:19:22 AM:66;1763860762066;;
1352;639;0.8330536;0.6995433;0.8275284;0.7846636;358.7;0.2428097;False;11/23/2025 9:19:22 AM:88;1763860762088;;
1353;640;0.8333595;0.700258;0.8482077;0.7599963;361.4;0.2428067;False;11/23/2025 9:19:22 AM:107;1763860762107;;
1347;642;0.8298305;0.7024153;0.7770211;0.7824597;360.5;0.2474298;False;11/23/2025 9:19:22 AM:130;1763860762130;;
1342;643;0.8268593;0.7042951;0.7770224;0.7824534;359.7;0.2474218;False;11/23/2025 9:19:22 AM:152;1763860762152;;
1346;641;0.8294303;0.7014443;0.8692178;0.6594165;358.6;0.2492856;False;11/23/2025 9:19:22 AM:174;1763860762174;;
1345;644;0.828261;0.7046496;0.7971464;0.7907994;359.1;0.2416357;False;11/23/2025 9:19:22 AM:198;1763860762198;;
1340;646;0.8253629;0.7074307;0.7764996;0.7917865;359.5;0.2416341;False;11/23/2025 9:19:22 AM:222;1763860762222;;
1344;647;0.8276817;0.7085531;0.8651993;0.7757541;358.8;0.2392847;False;11/23/2025 9:19:22 AM:243;1763860762243;;
1347;648;0.8295169;0.7092209;0.8647339;0.7708258;358.9;0.2569838;False;11/23/2025 9:19:22 AM:266;1763860762266;;
1349;649;0.8307508;0.7103477;0.8603974;0.7798401;357.4;0.2485628;False;11/23/2025 9:19:22 AM:288;1763860762288;;
1351;649;0.8324361;0.7107263;0.870437;0.7698134;356.1;0.2485659;False;11/23/2025 9:19:22 AM:308;1763860762308;;
1361;645;0.8384311;0.7060367;0.9075518;0.6461741;354.1;0.2435494;False;11/23/2025 9:19:22 AM:330;1763860762330;;
1362;645;0.8387061;0.7058589;0.8563437;0.7006714;354.0;0.2316434;False;11/23/2025 9:19:22 AM:352;1763860762352;;
1360;645;0.8376178;0.7060753;0.8123833;0.7484309;353.9;0.2316399;False;11/23/2025 9:19:22 AM:375;1763860762375;;
1361;645;0.8384262;0.705883;0.8650525;0.6997289;351.4;0.243842;False;11/23/2025 9:19:22 AM:399;1763860762399;;
1362;648;0.838783;0.7092566;0.8583925;0.7919123;350.6;0.2415333;False;11/23/2025 9:19:22 AM:422;1763860762422;;
1362;651;0.8391107;0.7122919;0.8583877;0.7919186;349.9;0.2415374;False;11/23/2025 9:19:22 AM:447;1763860762447;;
1359;652;0.8371202;0.7139356;0.8033318;0.7827943;349.7;0.2484169;False;11/23/2025 9:19:22 AM:471;1763860762471;;
1363;660;0.8395624;0.7227582;0.8824074;0.8450127;352.5;0.2484493;False;11/23/2025 9:19:22 AM:497;1763860762497;;
1343;666;0.8270556;0.7291514;0.7406032;0.8419366;351.1;0.244858;False;11/23/2025 9:19:22 AM:521;1763860762521;;
1336;669;0.8231635;0.7326005;0.77201;0.8287871;349.9;0.2449105;False;11/23/2025 9:19:22 AM:543;1763860762543;;
1346;668;0.8288615;0.731207;0.8928703;0.7070001;349.6;0.2421036;False;11/23/2025 9:19:22 AM:567;1763860762567;;
1337;669;0.8233741;0.7323116;0.7625295;0.7974681;349.6;0.2325409;False;11/23/2025 9:19:22 AM:589;1763860762589;;
1337;669;0.8233649;0.732554;0.8216541;0.743843;349.7;0.2325361;False;11/23/2025 9:19:22 AM:609;1763860762609;;
1339;666;0.8248597;0.7297409;0.8598544;0.6843711;352.4;0.227485;False;11/23/2025 9:19:22 AM:631;1763860762631;;
1340;637;0.8253843;0.69777;0.8482688;0.5131639;352.5;0.2523141;False;11/23/2025 9:19:22 AM:653;1763860762653;;
1348;618;0.8303998;0.6762445;0.8961693;0.5224885;352.6;0.2523692;False;11/23/2025 9:19:22 AM:674;1763860762674;;
1348;570;0.8304095;0.62375;0.8386909;0.3866415;353.7;0.2310435;False;11/23/2025 9:19:22 AM:696;1763860762696;;
1342;558;0.8266777;0.6105431;0.7811547;0.5072412;354.2;0.24582;False;11/23/2025 9:19:22 AM:721;1763860762721;;
1336;551;0.8229577;0.6032398;0.7710044;0.5180531;354.6;0.2458186;False;11/23/2025 9:19:22 AM:743;1763860762743;;
1343;539;0.8275484;0.5900172;0.8866956;0.4719411;355.4;0.2431304;False;11/23/2025 9:19:22 AM:765;1763860762765;;
1345;554;0.8284391;0.6065853;0.8569478;0.7629858;356.1;0.2462086;False;11/23/2025 9:19:22 AM:786;1763860762786;;
1352;567;0.8327558;0.6205584;0.8949376;0.7720744;356.7;0.246237;False;11/23/2025 9:19:22 AM:807;1763860762807;;
1343;570;0.8269743;0.6245311;0.7692165;0.707964;357.5;0.2314885;False;11/23/2025 9:19:22 AM:831;1763860762831;;
1332;568;0.8205783;0.6215026;0.7585198;0.5740775;356.8;0.2385358;False;11/23/2025 9:19:22 AM:857;1763860762857;;
1328;563;0.8178526;0.6168025;0.7739544;0.548838;354.8;0.2355254;False;11/23/2025 9:19:22 AM:880;1763860762880;;
1325;562;0.8163475;0.6157458;0.7811334;0.5839166;353.0;0.2355679;False;11/23/2025 9:19:22 AM:902;1763860762902;;
1326;562;0.8166178;0.6156847;0.8289177;0.6103237;353.7;0.2423105;False;11/23/2025 9:19:22 AM:924;1763860762924;;
1327;561;0.8175879;0.6140857;0.8435403;0.5713382;354.2;0.242317;False;11/23/2025 9:19:22 AM:947;1763860762947;;
1328;545;0.8180009;0.5973679;0.8346262;0.4636928;356.1;0.2418675;False;11/23/2025 9:19:22 AM:973;1763860762973;;
1326;545;0.8170578;0.5971562;0.7906655;0.5790302;355.4;0.2399559;False;11/23/2025 9:19:22 AM:995;1763860762995;;
1330;545;0.8192299;0.5971624;0.8614197;0.5989786;354.6;0.2400376;False;11/23/2025 9:19:23 AM:13;1763860763013;;
1330;563;0.8191586;0.616484;0.8127286;0.7712708;354.2;0.243517;False;11/23/2025 9:19:23 AM:36;1763860763036;;
1327;559;0.8172253;0.6116912;0.7807125;0.5339886;352.8;0.2414279;False;11/23/2025 9:19:23 AM:61;1763860763061;;
1320;552;0.813296;0.6048006;0.7587686;0.5071882;351.5;0.2414257;False;11/23/2025 9:19:23 AM:83;1763860763083;;
1317;558;0.8110339;0.6105338;0.7666776;0.6933421;351.5;0.2452665;False;11/23/2025 9:19:23 AM:105;1763860763105;;
1314;556;0.8095424;0.6087931;0.7717991;0.5574174;352.0;0.252727;False;11/23/2025 9:19:23 AM:128;1763860763128;;
1308;556;0.8059182;0.6092007;0.7493998;0.6284668;351.6;0.2405618;False;11/23/2025 9:19:23 AM:149;1763860763149;;
1308;559;0.8057338;0.6121132;0.7858744;0.6713972;351.2;0.2405466;False;11/23/2025 9:19:23 AM:173;1763860763173;;
1307;558;0.8053597;0.6113668;0.7804255;0.579182;350.4;0.2487975;False;11/23/2025 9:19:23 AM:196;1763860763196;;
1313;546;0.8088439;0.5973826;0.8531439;0.4618794;351.3;0.2461656;False;11/23/2025 9:19:23 AM:217;1763860763217;;
1317;536;0.8114647;0.5870531;0.8531771;0.4617772;352.0;0.2461747;False;11/23/2025 9:19:23 AM:238;1763860763238;;
1314;539;0.8093926;0.5898339;0.7670897;0.6444345;351.4;0.2411036;False;11/23/2025 9:19:23 AM:262;1763860763262;;
1314;539;0.8093064;0.5898598;0.7954217;0.5933424;353.0;0.2494677;False;11/23/2025 9:19:23 AM:286;1763860763286;;
1314;539;0.8092412;0.5898799;0.7953982;0.5934145;354.4;0.2494579;False;11/23/2025 9:19:23 AM:308;1763860763308;;
1312;547;0.8082213;0.5986487;0.7750389;0.7023722;354.7;0.2462371;False;11/23/2025 9:19:23 AM:331;1763860763331;;
1312;547;0.8081596;0.598628;0.7929555;0.5946531;356.2;0.2509324;False;11/23/2025 9:19:23 AM:356;1763860763356;;
1312;547;0.8081121;0.5986129;0.7929243;0.5947413;357.5;0.2509187;False;11/23/2025 9:19:23 AM:378;1763860763378;;
1312;547;0.8080204;0.5985683;0.7912433;0.591561;356.2;0.2462954;False;11/23/2025 9:19:23 AM:403;1763860763403;;
1317;549;0.8111334;0.6012547;0.8526525;0.6606305;356.8;0.2422011;False;11/23/2025 9:19:23 AM:426;1763860763426;;
1323;550;0.8151375;0.6023741;0.867076;0.6453037;357.4;0.242287;False;11/23/2025 9:19:23 AM:447;1763860763447;;
1335;550;0.8224626;0.6025844;0.8939909;0.6245949;356.5;0.2534989;False;11/23/2025 9:19:23 AM:469;1763860763469;;
1339;549;0.824951;0.600996;0.8668406;0.5589246;357.2;0.2419827;False;11/23/2025 9:19:23 AM:491;1763860763491;;
1346;548;0.8289581;0.5998701;0.8809759;0.5647476;357.8;0.2421609;False;11/23/2025 9:19:23 AM:515;1763860763515;;
1337;533;0.8235399;0.5834225;0.764401;0.4439176;357.7;0.2418542;False;11/23/2025 9:19:23 AM:540;1763860763540;;
1329;543;0.8183585;0.5942858;0.7568464;0.7111257;357.8;0.2547543;False;11/23/2025 9:19:23 AM:563;1763860763563;;
1328;542;0.8182917;0.5933398;0.8098217;0.5594291;356.6;0.2479357;False;11/23/2025 9:19:23 AM:586;1763860763586;;
1327;541;0.8175622;0.592176;0.7916245;0.5503628;355.5;0.2479353;False;11/23/2025 9:19:23 AM:608;1763860763608;;
1322;550;0.8145095;0.601845;0.7653725;0.7080023;355.3;0.2381416;False;11/23/2025 9:19:23 AM:631;1763860763631;;
1322;555;0.8144875;0.6081983;0.8087427;0.6972805;355.7;0.2429176;False;11/23/2025 9:19:23 AM:656;1763860763656;;
1322;556;0.8144838;0.6085864;0.8066008;0.6349937;356.7;0.2421572;False;11/23/2025 9:19:23 AM:678;1763860763678;;
1326;554;0.8169273;0.6067647;0.8570366;0.5598075;357.5;0.2421823;False;11/23/2025 9:19:23 AM:699;1763860763699;;
1326;553;0.8169869;0.6051325;0.8218262;0.5601525;359.0;0.2510642;False;11/23/2025 9:19:23 AM:723;1763860763723;;
1331;557;0.8197949;0.6099445;0.8607;0.6836941;358.4;0.249979;False;11/23/2025 9:19:23 AM:749;1763860763749;;
1331;565;0.8199131;0.6184103;0.8299543;0.7289078;357.7;0.2499624;False;11/23/2025 9:19:23 AM:769;1763860763769;;
1332;571;0.8205349;0.625309;0.8433161;0.7264215;358.1;0.242903;False;11/23/2025 9:19:23 AM:791;1763860763791;;
1333;576;0.8210626;0.6309526;0.8433303;0.7263859;358.5;0.242906;False;11/23/2025 9:19:23 AM:813;1763860763813;;
1332;576;0.8203332;0.6309633;0.7988859;0.6502088;357.0;0.237386;False;11/23/2025 9:19:23 AM:835;1763860763835;;
1340;543;0.8253179;0.5941086;0.8880564;0.3890782;355.8;0.2126635;False;11/23/2025 9:19:23 AM:856;1763860763856;;
1348;518;0.8305439;0.5669435;0.8948163;0.3964234;354.7;0.2126836;False;11/23/2025 9:19:23 AM:880;1763860763880;;
1342;512;0.8268832;0.5602091;0.7801962;0.4801352;354.1;0.1833699;False;11/23/2025 9:19:23 AM:903;1763860763903;;
1341;516;0.8260683;0.5653973;0.8029871;0.6571854;356.6;0.1946012;False;11/23/2025 9:19:23 AM:925;1763860763925;;
1341;519;0.8260075;0.5680214;0.8196192;0.6411827;358.8;0.1947167;False;11/23/2025 9:19:23 AM:946;1763860763946;;
1340;527;0.8252243;0.5768843;0.8012031;0.6964661;357.5;0.1994996;False;11/23/2025 9:19:23 AM:969;1763860763969;;
1344;537;0.8276619;0.5884894;0.8689584;0.7235888;358.2;0.2049007;False;11/23/2025 9:19:23 AM:991;1763860763991;;
1346;547;0.8289827;0.5988097;0.8613456;0.7304863;357.6;0.2018398;False;11/23/2025 9:19:24 AM:15;1763860764015;;
1347;551;0.8299452;0.6036964;0.8585382;0.7013701;357.1;0.2018636;False;11/23/2025 9:19:24 AM:38;1763860764038;;
1347;557;0.8299226;0.6103523;0.8278161;0.7267886;357.5;0.2095216;False;11/23/2025 9:19:24 AM:60;1763860764060;;
1349;572;0.8309872;0.6265706;0.8623533;0.7915789;356.6;0.2224977;False;11/23/2025 9:19:24 AM:82;1763860764082;;
1350;585;0.8318124;0.6403583;0.8614511;0.7973925;355.9;0.222477;False;11/23/2025 9:19:24 AM:104;1763860764104;;
1348;600;0.8304071;0.6572538;0.8018184;0.8279667;355.9;0.2000013;False;11/23/2025 9:19:24 AM:126;1763860764126;;
1359;599;0.8368441;0.6553832;0.9076631;0.6229417;355.1;0.2176882;False;11/23/2025 9:19:24 AM:148;1763860764148;;
1367;597;0.8420177;0.6538399;0.907643;0.6229793;354.4;0.2176761;False;11/23/2025 9:19:24 AM:172;1763860764172;;
1368;597;0.8423849;0.6532886;0.8651757;0.6377211;354.7;0.199856;False;11/23/2025 9:19:24 AM:196;1763860764196;;
1347;591;0.829955;0.6468462;0.7435544;0.5670214;356.4;0.1681921;True;11/23/2025 9:19:24 AM:219;1763860764219;;
1337;587;0.8233159;0.6430807;0.7586361;0.5795976;357.9;0.1682101;True;11/23/2025 9:19:24 AM:241;1763860764241;;
1235;589;0.7606677;0.6453883;0.5759746;0.7050596;362.7;0.08303343;True;11/23/2025 9:19:24 AM:265;1763860764265;;
1176;589;0.7242746;0.6453824;0.5889825;0.6448631;368.7;0.05982449;True;11/23/2025 9:19:24 AM:287;1763860764287;;
1136;589;0.699559;0.6453773;0.5889823;0.6448422;374.1;0.05983296;True;11/23/2025 9:19:24 AM:310;1763860764310;;
1109;589;0.6830729;0.6453965;0.5981416;0.6585633;385.2;0.08587744;True;11/23/2025 9:19:24 AM:333;1763860764333;;
1097;581;0.6757687;0.6366394;0.6208932;0.5332825;388.2;0.1049026;True;11/23/2025 9:19:24 AM:354;1763860764354;;
1087;576;0.6694189;0.6302261;0.6174578;0.5396028;391.0;0.1049286;True;11/23/2025 9:19:24 AM:375;1763860764375;;
1082;573;0.6662931;0.6270609;0.6328741;0.5625312;392.0;0.1690105;True;11/23/2025 9:19:24 AM:399;1763860764399;;
1102;556;0.6787534;0.6083546;0.7861685;0.4541778;392.6;0.1773933;False;11/23/2025 9:19:24 AM:421;1763860764421;;
1116;543;0.6877776;0.5948612;0.7861668;0.4541931;393.2;0.1773614;False;11/23/2025 9:19:24 AM:442;1763860764442;;
1131;546;0.6969821;0.5977118;0.7884061;0.6511898;392.6;0.1831823;False;11/23/2025 9:19:24 AM:467;1763860764467;;
1158;516;0.7134685;0.5654736;0.8335961;0.3671642;394.2;0.1871283;False;11/23/2025 9:19:24 AM:490;1763860764490;;
1172;506;0.7222455;0.554168;0.8132871;0.4355374;394.6;0.1851453;False;11/23/2025 9:19:24 AM:513;1763860764513;;
1184;501;0.7294802;0.5487901;0.8139738;0.4634421;395.0;0.1851501;False;11/23/2025 9:19:24 AM:537;1763860764537;;
1187;498;0.7310949;0.5458217;0.7807989;0.4798991;393.4;0.1866009;False;11/23/2025 9:19:24 AM:563;1763860764563;;
1197;492;0.7373795;0.5393807;0.8214338;0.4378601;392.1;0.2033218;False;11/23/2025 9:19:24 AM:584;1763860764584;;
1225;492;0.754333;0.5393101;0.8765794;0.5145031;391.1;0.1929575;False;11/23/2025 9:19:24 AM:607;1763860764607;;
1247;492;0.7680002;0.5392457;0.8765786;0.5145055;390.3;0.1929569;False;11/23/2025 9:19:24 AM:631;1763860764631;;
1250;502;0.770286;0.5497864;0.8232502;0.6475648;391.2;0.1945111;False;11/23/2025 9:19:24 AM:657;1763860764657;;
1253;509;0.7719051;0.5569372;0.8232322;0.6476133;392.0;0.1945024;False;11/23/2025 9:19:24 AM:680;1763860764680;;
1260;500;0.7762016;0.547246;0.849442;0.4295816;391.9;0.1882175;False;11/23/2025 9:19:24 AM:702;1763860764702;;
1261;500;0.7767959;0.5480561;0.8182675;0.5760661;391.3;0.183488;False;11/23/2025 9:19:24 AM:724;1763860764724;;
1262;501;0.7773004;0.5487353;0.8182641;0.5760708;390.8;0.1834853;False;11/23/2025 9:19:24 AM:746;1763860764746;;
1262;493;0.7773665;0.5399796;0.8110479;0.4311041;391.0;0.1770516;False;11/23/2025 9:19:24 AM:768;1763860764768;;
1259;493;0.7752551;0.5399645;0.7477645;0.5353289;391.0;0.1802713;False;11/23/2025 9:19:24 AM:790;1763860764790;;
1256;493;0.7736267;0.539952;0.7478261;0.5351923;391.0;0.1803033;False;11/23/2025 9:19:24 AM:810;1763860764810;;
1249;494;0.7691808;0.5413542;0.722425;0.5807181;392.7;0.1847284;False;11/23/2025 9:19:24 AM:833;1763860764833;;
1162;488;0.7155699;0.5346333;0.5472487;0.4416045;392.2;0.179492;False;11/23/2025 9:19:24 AM:857;1763860764857;;
1057;485;0.6513256;0.5312765;0.4693857;0.4588561;393.6;0.1803683;False;11/23/2025 9:19:24 AM:879;1763860764879;;
999;484;0.615555;0.5300939;0.4829264;0.4803105;394.9;0.1803312;False;11/23/2025 9:19:24 AM:899;1763860764899;;
988;478;0.6085141;0.5237046;0.5629759;0.4201158;396.9;0.1899882;False;11/23/2025 9:19:24 AM:920;1763860764920;;
988;482;0.6088922;0.5278159;0.6134947;0.5927705;397.1;0.1791271;False;11/23/2025 9:19:24 AM:942;1763860764942;;
989;485;0.6091914;0.5310882;0.613537;0.5927486;397.2;0.1791557;False;11/23/2025 9:19:24 AM:963;1763860764963;;
989;487;0.6092427;0.5331153;0.6639904;0.5829201;398.4;0.1890418;False;11/23/2025 9:19:24 AM:984;1763860764984;;
990;491;0.6101537;0.5376449;0.6409066;0.6141303;399.9;0.183689;False;11/23/2025 9:19:25 AM:6;1763860765006;;
990;493;0.6100344;0.5403239;0.6081893;0.6029496;401.3;0.1837161;False;11/23/2025 9:19:25 AM:28;1763860765028;;
991;493;0.6105272;0.5402911;0.6224493;0.5362469;402.0;0.1989902;False;11/23/2025 9:19:25 AM:49;1763860765049;;
991;493;0.6107881;0.5402972;0.6451739;0.5428113;402.6;0.1990047;False;11/23/2025 9:19:25 AM:70;1763860765070;;
997;497;0.6142877;0.5445815;0.6861439;0.6197287;403.3;0.1898162;False;11/23/2025 9:19:25 AM:95;1763860765095;;
998;497;0.614817;0.5445964;0.663052;0.5466279;403.1;0.1870981;False;11/23/2025 9:19:25 AM:121;1763860765121;;
999;497;0.6152241;0.5446079;0.663039;0.5466416;403.0;0.1870916;False;11/23/2025 9:19:25 AM:143;1763860765143;;
999;500;0.6156781;0.5470473;0.6462157;0.6072159;403.3;0.1991877;False;11/23/2025 9:19:25 AM:167;1763860765167;;
1005;498;0.6192284;0.5456827;0.6920452;0.5100074;403.9;0.182315;False;11/23/2025 9:19:25 AM:192;1763860765192;;
1006;497;0.6196339;0.5439186;0.6306817;0.498133;404.4;0.1975706;False;11/23/2025 9:19:25 AM:213;1763860765213;;
1004;490;0.6186902;0.5364707;0.6047616;0.4406802;404.9;0.1975372;False;11/23/2025 9:19:25 AM:236;1763860765236;;
1007;493;0.6205756;0.5400489;0.6757306;0.60569;405.7;0.1996122;False;11/23/2025 9:19:25 AM:260;1763860765260;;
1007;493;0.6206787;0.5403426;0.651163;0.561843;406.9;0.1935119;False;11/23/2025 9:19:25 AM:284;1763860765284;;
1008;494;0.6207616;0.5405799;0.6512164;0.5617849;407.9;0.1935497;False;11/23/2025 9:19:25 AM:305;1763860765305;;
1011;500;0.6226608;0.5478419;0.6777578;0.6437921;407.9;0.2032095;False;11/23/2025 9:19:25 AM:330;1763860765330;;
1011;501;0.6230153;0.5490822;0.6406993;0.5968848;408.5;0.1826536;False;11/23/2025 9:19:25 AM:352;1763860765352;;
1012;501;0.623381;0.5484645;0.6622049;0.5255795;408.6;0.1852875;False;11/23/2025 9:19:25 AM:373;1763860765373;;
1012;500;0.6236932;0.5479477;0.6623124;0.5253886;408.7;0.1851977;False;11/23/2025 9:19:25 AM:394;1763860765394;;
1014;499;0.6246644;0.5463148;0.672327;0.5031198;407.6;0.1963847;False;11/23/2025 9:19:25 AM:417;1763860765417;;
1023;508;0.6300827;0.5563728;0.7089037;0.6680005;408.8;0.2056692;False;11/23/2025 9:19:25 AM:440;1763860765440;;
1029;515;0.634174;0.5638531;0.708887;0.6680155;409.9;0.2056485;False;11/23/2025 9:19:25 AM:463;1763860765463;;
1025;516;0.6312121;0.5647268;0.59774;0.6075525;410.1;0.1994463;False;11/23/2025 9:19:25 AM:484;1763860765484;;
1021;516;0.628698;0.5650761;0.5973427;0.5969492;410.3;0.1995232;False;11/23/2025 9:19:25 AM:506;1763860765506;;
1030;516;0.6345962;0.5651778;0.7129537;0.5891448;410.0;0.2021366;False;11/23/2025 9:19:25 AM:529;1763860765529;;
1010;516;0.6221607;0.5655147;0.5448527;0.5974722;409.9;0.1900997;False;11/23/2025 9:19:25 AM:554;1763860765554;;
1006;517;0.6200203;0.5656541;0.589195;0.5930555;409.8;0.190057;False;11/23/2025 9:19:25 AM:576;1763860765576;;
1007;517;0.6204091;0.5657347;0.6490393;0.5776299;408.9;0.193105;False;11/23/2025 9:19:25 AM:599;1763860765599;;
1008;516;0.6210175;0.5653432;0.6543614;0.5498955;410.5;0.1816648;False;11/23/2025 9:19:25 AM:621;1763860765621;;
1010;515;0.6223722;0.5641974;0.6655163;0.532486;412.1;0.1816767;False;11/23/2025 9:19:25 AM:644;1763860765644;;
1012;515;0.623404;0.5642148;0.6642697;0.5721492;411.1;0.2106259;False;11/23/2025 9:19:25 AM:668;1763860765668;;
1012;517;0.6235425;0.5658054;0.6291316;0.6158543;408.1;0.2000432;False;11/23/2025 9:19:25 AM:691;1763860765691;;
994;516;0.6124395;0.5651534;0.5424534;0.5443566;407.9;0.1884835;False;11/23/2025 9:19:25 AM:720;1763860765720;;
982;516;0.6052152;0.5645798;0.5446604;0.5423505;407.7;0.1884616;False;11/23/2025 9:19:25 AM:746;1763860765746;;
961;515;0.5922121;0.5635507;0.5085592;0.5309986;407.6;0.1962596;False;11/23/2025 9:19:25 AM:771;1763860765771;;
956;514;0.5888061;0.5634229;0.5464367;0.5515893;406.7;0.1951184;False;11/23/2025 9:19:25 AM:798;1763860765798;;
958;515;0.5903825;0.5640044;0.6273768;0.5916424;404.8;0.1832673;False;11/23/2025 9:19:25 AM:821;1763860765821;;
960;515;0.5916994;0.5643229;0.6269852;0.586125;403.6;0.2031843;False;11/23/2025 9:19:25 AM:845;1763860765845;;
966;515;0.5952841;0.5644585;0.6529315;0.5808507;402.5;0.2031941;False;11/23/2025 9:19:25 AM:866;1763860765866;;
973;515;0.5992638;0.5644631;0.6589534;0.565723;405.1;0.1821252;False;11/23/2025 9:19:25 AM:889;1763860765889;;
922;515;0.5681708;0.5644684;0.4371955;0.5664009;406.4;0.1931183;False;11/23/2025 9:19:25 AM:914;1763860765914;;
900;514;0.5543121;0.5630677;0.4648785;0.5210775;407.6;0.1931132;False;11/23/2025 9:19:25 AM:936;1763860765936;;
900;513;0.5543927;0.5619023;0.5788688;0.5232487;408.1;0.1860208;False;11/23/2025 9:19:25 AM:959;1763860765959;;
900;512;0.554462;0.5609275;0.5788746;0.5231751;408.6;0.1860173;False;11/23/2025 9:19:25 AM:982;1763860765982;;
900;513;0.5543153;0.5621806;0.5502789;0.5987706;407.4;0.1981445;False;11/23/2025 9:19:26 AM:7;1763860766007;;
885;513;0.5452576;0.5621559;0.4744204;0.5551796;409.0;0.1928966;False;11/23/2025 9:19:26 AM:30;1763860766030;;
880;513;0.5424693;0.5623075;0.5068553;0.5744491;409.9;0.2019185;False;11/23/2025 9:19:26 AM:56;1763860766056;;
895;514;0.5514971;0.5624125;0.638029;0.5741519;410.6;0.206463;False;11/23/2025 9:19:26 AM:77;1763860766077;;
903;513;0.5565946;0.5620854;0.625746;0.5404492;411.2;0.2065907;False;11/23/2025 9:19:26 AM:98;1763860766098;;
910;517;0.5606166;0.5658813;0.6216551;0.6353266;411.6;0.1850939;False;11/23/2025 9:19:26 AM:121;1763860766121;;
911;518;0.5612047;0.5671649;0.5917339;0.6100559;411.6;0.2129457;False;11/23/2025 9:19:26 AM:144;1763860766144;;
911;518;0.5613059;0.5676791;0.5688464;0.5980391;411.5;0.2129707;False;11/23/2025 9:19:26 AM:168;1763860766168;;
913;513;0.5623829;0.5620794;0.6004436;0.480263;412.6;0.2044474;False;11/23/2025 9:19:26 AM:190;1763860766190;;
923;513;0.5688166;0.5620351;0.6459233;0.5560119;413.7;0.1861857;False;11/23/2025 9:19:26 AM:213;1763860766213;;
932;513;0.5741201;0.5619962;0.6459075;0.5560224;414.7;0.1861799;False;11/23/2025 9:19:26 AM:236;1763860766236;;
943;513;0.5808411;0.5617303;0.6572914;0.5446015;417.0;0.1997105;False;11/23/2025 9:19:26 AM:261;1763860766261;;
947;512;0.5835521;0.5609753;0.6405342;0.5291852;416.9;0.2140932;False;11/23/2025 9:19:26 AM:285;1763860766285;;
947;512;0.5835663;0.5604644;0.6088346;0.5316697;418.5;0.2020352;False;11/23/2025 9:19:26 AM:307;1763860766307;;
947;511;0.5835726;0.5600058;0.6092132;0.5315894;419.9;0.2022562;False;11/23/2025 9:19:26 AM:330;1763860766330;;
947;512;0.583564;0.5606202;0.5833096;0.5851145;422.0;0.2165827;False;11/23/2025 9:19:26 AM:354;1763860766354;;
947;512;0.5835648;0.5611378;0.5835925;0.5851069;423.8;0.2167988;False;11/23/2025 9:19:26 AM:376;1763860766376;;
953;509;0.5874197;0.5575934;0.6479645;0.4917246;426.6;0.2190941;False;11/23/2025 9:19:26 AM:401;1763860766401;;
969;511;0.5967021;0.5591508;0.6841915;0.5988644;430.8;0.2079861;False;11/23/2025 9:19:26 AM:427;1763860766427;;
965;512;0.5946954;0.5606252;0.5648971;0.6047615;433.3;0.214243;False;11/23/2025 9:19:26 AM:449;1763860766449;;
962;512;0.5926573;0.5606262;0.5599018;0.5628622;435.6;0.2148689;False;11/23/2025 9:19:26 AM:470;1763860766470;;
983;509;0.6056145;0.5579044;0.704012;0.5004978;441.1;0.2018237;False;11/23/2025 9:19:26 AM:494;1763860766494;;
1016;510;0.6262003;0.5580098;0.7512034;0.5683989;446.9;0.2252803;False;11/23/2025 9:19:26 AM:516;1763860766516;;
1036;510;0.638445;0.5582394;0.7371246;0.5752836;452.1;0.2260375;False;11/23/2025 9:19:26 AM:538;1763860766538;;
1036;505;0.6382923;0.5535917;0.6314004;0.4767272;458.9;0.2163562;False;11/23/2025 9:19:26 AM:561;1763860766561;;
1037;494;0.6390132;0.541501;0.665227;0.4217541;465.8;0.1956786;False;11/23/2025 9:19:26 AM:587;1763860766587;;
1021;495;0.6289578;0.5416909;0.5543058;0.5523058;473.8;0.1981331;False;11/23/2025 9:19:26 AM:613;1763860766613;;
1010;495;0.6220295;0.5418322;0.5544082;0.5522314;480.9;0.1982297;False;11/23/2025 9:19:26 AM:635;1763860766635;;
1011;499;0.6226017;0.5460497;0.6444555;0.6148874;486.1;0.2041166;False;11/23/2025 9:19:26 AM:660;1763860766660;;
1009;499;0.6217523;0.5460403;0.5989801;0.5426391;494.7;0.2334128;False;11/23/2025 9:19:26 AM:683;1763860766683;;
1001;502;0.6165674;0.5500525;0.5576598;0.621442;499.4;0.2288854;False;11/23/2025 9:19:26 AM:706;1763860766706;;
985;505;0.6070355;0.5531788;0.5229387;0.6217811;503.6;0.2290856;False;11/23/2025 9:19:26 AM:728;1763860766728;;
979;509;0.6032556;0.5576152;0.549248;0.6395913;510.4;0.235801;False;11/23/2025 9:19:26 AM:751;1763860766751;;
974;513;0.6001315;0.5613562;0.5494398;0.6395709;516.6;0.2360691;False;11/23/2025 9:19:26 AM:773;1763860766773;;
930;532;0.5731833;0.5831038;0.4367155;0.7563213;523.8;0.2329571;False;11/23/2025 9:19:26 AM:796;1763860766796;;
938;532;0.5781671;0.5831254;0.6385055;0.6042929;530.3;0.2241831;False;11/23/2025 9:19:26 AM:818;1763860766818;;
945;532;0.5819599;0.5821968;0.6360518;0.5550954;536.2;0.2243901;False;11/23/2025 9:19:26 AM:841;1763860766841;;
941;545;0.5794592;0.5971395;0.5393523;0.7402891;542.5;0.2170356;False;11/23/2025 9:19:26 AM:864;1763860766864;;
940;566;0.57922;0.6193957;0.5662428;0.7977136;548.3;0.2438737;False;11/23/2025 9:19:26 AM:885;1763860766885;;
939;580;0.5786182;0.6353449;0.5569672;0.7880903;553.5;0.2449548;False;11/23/2025 9:19:26 AM:908;1763860766908;;
893;589;0.5502582;0.6454569;0.4177797;0.7659308;559.8;0.2261623;False;11/23/2025 9:19:26 AM:931;1763860766931;;
896;601;0.5520027;0.6576874;0.5896254;0.7898827;565.8;0.2215475;False;11/23/2025 9:19:26 AM:956;1763860766956;;
896;601;0.5520096;0.6580751;0.5527516;0.6994897;569.7;0.2157203;False;11/23/2025 9:19:26 AM:977;1763860766977;;
897;601;0.5527268;0.6582401;0.5804051;0.6940153;573.2;0.2170473;False;11/23/2025 9:19:26 AM:999;1763860766999;;
906;591;0.5583258;0.6470548;0.6244931;0.5447543;581.5;0.1730421;False;11/23/2025 9:19:27 AM:24;1763860767024;;
908;590;0.559392;0.6462504;0.5946246;0.6219482;586.9;0.1455534;True;11/23/2025 9:19:27 AM:45;1763860767045;;
909;590;0.5599253;0.6462986;0.5883504;0.6576366;591.8;0.1463574;True;11/23/2025 9:19:27 AM:67;1763860767067;;
912;587;0.5618096;0.6426127;0.6055467;0.5838469;593.2;0.1418178;True;11/23/2025 9:19:27 AM:93;1763860767093;;
912;587;0.5620728;0.6429305;0.5876445;0.6694093;596.4;0.1648193;True;11/23/2025 9:19:27 AM:115;1763860767115;;
907;596;0.559067;0.6524986;0.5205829;0.7672282;594.8;0.2130809;False;11/23/2025 9:19:27 AM:137;1763860767137;;
907;602;0.5589932;0.6592145;0.5553697;0.7646325;593.4;0.2127101;False;11/23/2025 9:19:27 AM:158;1763860767158;;
906;601;0.5584886;0.6581392;0.5441235;0.6294169;591.4;0.2128055;False;11/23/2025 9:19:27 AM:182;1763860767182;;
905;601;0.5576093;0.6577435;0.5352998;0.640397;589.6;0.2125119;False;11/23/2025 9:19:27 AM:204;1763860767204;;
913;599;0.5626183;0.655438;0.6238412;0.6068713;589.7;0.2314206;False;11/23/2025 9:19:27 AM:227;1763860767227;;
908;589;0.559184;0.6445157;0.5117686;0.5260894;588.7;0.2201165;False;11/23/2025 9:19:27 AM:249;1763860767249;;
904;581;0.5571311;0.6359451;0.5206766;0.5317221;587.8;0.2209105;False;11/23/2025 9:19:27 AM:273;1763860767273;;
893;586;0.5500587;0.6411888;0.4814616;0.7195986;585.3;0.2130968;False;11/23/2025 9:19:27 AM:297;1763860767297;;
874;592;0.5387912;0.6484759;0.4508454;0.7447782;586.7;0.2345448;False;11/23/2025 9:19:27 AM:320;1763860767320;;
884;592;0.5444425;0.6478631;0.6065369;0.622408;586.2;0.2328543;False;11/23/2025 9:19:27 AM:343;1763860767343;;
888;616;0.5473657;0.6741837;0.5828938;0.8099899;585.8;0.2282412;False;11/23/2025 9:19:27 AM:386;1763860767386;;
886;614;0.545735;0.6722194;0.5141129;0.6268373;584.4;0.2123406;False;11/23/2025 9:19:27 AM:409;1763860767409;;
884;612;0.5443665;0.6705356;0.5143182;0.6267956;583.2;0.2125887;False;11/23/2025 9:19:27 AM:434;1763860767434;;
781;608;0.4813824;0.6662188;0.3075491;0.5978233;583.8;0.2235724;False;11/23/2025 9:19:27 AM:462;1763860767462;;
691;607;0.4256495;0.6644644;0.2556274;0.6131451;583.4;0.2211096;False;11/23/2025 9:19:27 AM:485;1763860767485;;
615;606;0.3791551;0.663859;0.2426359;0.6313456;585.6;0.2136518;False;11/23/2025 9:19:27 AM:511;1763860767511;;
617;602;0.380494;0.6595787;0.39917;0.5870795;587.2;0.2224385;False;11/23/2025 9:19:27 AM:542;1763860767542;;
617;600;0.3805394;0.6569037;0.4359748;0.5949031;588.5;0.2210443;False;11/23/2025 9:19:27 AM:573;1763860767573;;
622;599;0.383005;0.65552;0.456301;0.6037779;588.7;0.2002369;False;11/23/2025 9:19:27 AM:604;1763860767604;;
633;583;0.3898354;0.6382127;0.4893884;0.4827235;590.7;0.2093456;False;11/23/2025 9:19:27 AM:628;1763860767628;;
586;579;0.3610417;0.6338048;0.2495237;0.5433177;589.0;0.2010159;False;11/23/2025 9:19:27 AM:651;1763860767651;;
552;575;0.3403425;0.6300547;0.2498628;0.543339;587.5;0.2013147;False;11/23/2025 9:19:27 AM:676;1763860767676;;
543;575;0.3345956;0.6297922;0.29254;0.5850829;588.9;0.2084816;False;11/23/2025 9:19:27 AM:699;1763860767699;;
539;575;0.3323749;0.6296625;0.3100415;0.6243597;586.8;0.2030831;False;11/23/2025 9:19:27 AM:723;1763860767723;;
534;575;0.329322;0.6301823;0.300631;0.6437004;588.1;0.2035017;False;11/23/2025 9:19:27 AM:748;1763860767748;;
531;576;0.3270868;0.6305824;0.3006083;0.6436996;589.4;0.2034834;False;11/23/2025 9:19:27 AM:771;1763860767771;;
531;580;0.3272627;0.6351814;0.3325509;0.6991322;586.3;0.198633;False;11/23/2025 9:19:27 AM:797;1763860767797;;
519;582;0.3201497;0.6369298;0.2587573;0.6796324;587.5;0.2079439;False;11/23/2025 9:19:27 AM:819;1763860767819;;
520;581;0.3202896;0.6364344;0.3291782;0.6053671;587.5;0.2118193;False;11/23/2025 9:19:27 AM:842;1763860767842;;
520;581;0.3204149;0.6359896;0.3290491;0.6053758;587.5;0.2117155;False;11/23/2025 9:19:27 AM:865;1763860767865;;
513;581;0.3159094;0.6365045;0.2685678;0.6563222;583.5;0.2023716;False;11/23/2025 9:19:27 AM:889;1763860767889;;
513;583;0.3159646;0.6382489;0.3251085;0.6801376;581.2;0.1950467;False;11/23/2025 9:19:27 AM:915;1763860767915;;
508;583;0.3128594;0.6379827;0.271111;0.6169404;581.0;0.2053194;False;11/23/2025 9:19:27 AM:938;1763860767938;;
495;583;0.3049671;0.6379095;0.2372222;0.6249443;580.8;0.2055216;False;11/23/2025 9:19:27 AM:963;1763860767963;;
495;582;0.3049347;0.6378003;0.3021502;0.6224898;579.8;0.1879083;False;11/23/2025 9:19:27 AM:989;1763860767989;;
495;582;0.3053564;0.6372887;0.324636;0.6078076;579.7;0.1924065;False;11/23/2025 9:19:28 AM:14;1763860768014;;
496;582;0.3056696;0.6369159;0.324856;0.6077532;579.6;0.1926355;False;11/23/2025 9:19:28 AM:35;1763860768035;;
498;582;0.3069739;0.6368973;0.3419309;0.6229709;582.6;0.1870029;False;11/23/2025 9:19:28 AM:57;1763860768057;;
500;583;0.3083955;0.6383044;0.3411201;0.6697796;580.9;0.1944188;False;11/23/2025 9:19:28 AM:90;1763860768090;;
565;584;0.3483338;0.6392088;0.505773;0.6700521;578.6;0.2091981;False;11/23/2025 9:19:28 AM:114;1763860768114;;
597;584;0.367954;0.6399974;0.478587;0.6710174;576.4;0.2100561;False;11/23/2025 9:19:28 AM:139;1763860768139;;
631;586;0.3886684;0.6411891;0.4954158;0.6793879;578.1;0.2012868;False;11/23/2025 9:19:28 AM:164;1763860768164;;
651;586;0.4008833;0.6411783;0.4829682;0.6394994;578.8;0.1947002;False;11/23/2025 9:19:28 AM:192;1763860768192;;
646;594;0.3981654;0.6509429;0.3574698;0.7490367;577.2;0.1987937;False;11/23/2025 9:19:28 AM:223;1763860768223;;
839;541;0.5170428;0.5927761;0.6878983;0.4147247;574.5;0.2053334;False;11/23/2025 9:19:28 AM:271;1763860768271;;
832;542;0.512356;0.5930452;0.4344172;0.6148544;575.5;0.2119895;False;11/23/2025 9:19:28 AM:324;1763860768324;;
829;540;0.5107909;0.590867;0.491592;0.5555381;576.6;0.2220581;False;11/23/2025 9:19:28 AM:364;1763860768364;;
834;540;0.5139814;0.590837;0.5342652;0.5882695;577.0;0.2127589;False;11/23/2025 9:19:28 AM:405;1763860768405;;
822;571;0.5063635;0.6251278;0.4318733;0.7724486;577.1;0.2271271;False;11/23/2025 9:19:28 AM:453;1763860768453;;
837;568;0.5159684;0.6215339;0.5760061;0.5621599;578.0;0.2120649;False;11/23/2025 9:19:28 AM:479;1763860768479;;
812;567;0.5006148;0.6214252;0.39048;0.6122807;579.3;0.2143691;False;11/23/2025 9:19:28 AM:507;1763860768507;;
812;567;0.5002829;0.6213989;0.4925669;0.617299;577.6;0.2019433;False;11/23/2025 9:19:28 AM:539;1763860768539;;
812;568;0.5000809;0.6224731;0.477055;0.6570214;576.9;0.2095757;False;11/23/2025 9:19:28 AM:569;1763860768569;;
814;568;0.5015882;0.6216765;0.522286;0.5936745;576.2;0.2038357;False;11/23/2025 9:19:28 AM:596;1763860768596;;
814;567;0.5014246;0.6211936;0.4886563;0.5975449;577.2;0.2226148;False;11/23/2025 9:19:28 AM:621;1763860768621;;
763;563;0.4698995;0.6162264;0.3259611;0.5389661;579.3;0.2154055;False;11/23/2025 9:19:28 AM:646;1763860768646;;
725;563;0.4464465;0.6169141;0.3537988;0.6355852;581.1;0.2126129;False;11/23/2025 9:19:28 AM:695;1763860768695;;
747;560;0.4604975;0.6136671;0.5449821;0.5524514;580.7;0.2031879;False;11/23/2025 9:19:28 AM:723;1763860768723;;
740;562;0.4558224;0.6151414;0.3983432;0.6517697;581.1;0.1959295;False;11/23/2025 9:19:28 AM:750;1763860768750;;
722;562;0.4447518;0.6154758;0.3623549;0.6328937;580.2;0.2175379;False;11/23/2025 9:19:28 AM:782;1763860768782;;
718;561;0.4421906;0.614144;0.397514;0.5785175;580.1;0.2170625;False;11/23/2025 9:19:28 AM:816;1763860768816;;
718;561;0.4421759;0.6141046;0.4238892;0.6050742;580.7;0.2181789;False;11/23/2025 9:19:28 AM:847;1763860768847;;
674;560;0.4150601;0.6127492;0.2830664;0.5700961;581.4;0.2100014;False;11/23/2025 9:19:28 AM:874;1763860768874;;
641;557;0.3952475;0.6104009;0.2885025;0.5557887;582.1;0.2103232;False;11/23/2025 9:19:28 AM:903;1763860768903;;
648;557;0.3993172;0.6103789;0.4410738;0.597213;581.7;0.2151501;False;11/23/2025 9:19:28 AM:936;1763860768936;;
649;558;0.3999106;0.6114601;0.416851;0.6388751;579.9;0.2201945;False;11/23/2025 9:19:28 AM:967;1763860768967;;
647;559;0.3983995;0.6116602;0.3687022;0.6223688;580.6;0.2224599;False;11/23/2025 9:19:28 AM:998;1763860768998;;
622;565;0.3836183;0.6181992;0.2908326;0.6989835;581.7;0.2363193;False;11/23/2025 9:19:29 AM:27;1763860769027;;
626;548;0.3860801;0.600069;0.4217157;0.4673335;581.1;0.2257846;False;11/23/2025 9:19:29 AM:56;1763860769056;;
638;547;0.3934557;0.5994797;0.4570065;0.5724812;579.5;0.2369418;False;11/23/2025 9:19:29 AM:85;1763860769085;;
677;543;0.4172983;0.594512;0.5318282;0.5178417;578.3;0.2268607;False;11/23/2025 9:19:29 AM:114;1763860769114;;
682;543;0.4201863;0.5944775;0.4633527;0.5890907;579.9;0.2184064;False;11/23/2025 9:19:29 AM:140;1763860769140;;
682;543;0.4202308;0.594778;0.4270358;0.6072907;581.3;0.2178165;False;11/23/2025 9:19:29 AM:172;1763860769172;;
636;543;0.3921197;0.5951214;0.2754914;0.6106262;580.3;0.2183468;False;11/23/2025 9:19:29 AM:201;1763860769201;;
583;542;0.3595947;0.5935675;0.2375618;0.5509849;581.1;0.2309774;False;11/23/2025 9:19:29 AM:233;1763860769233;;
568;542;0.3502768;0.5932379;0.28346;0.568719;582.0;0.2258845;False;11/23/2025 9:19:29 AM:260;1763860769260;;
567;542;0.349474;0.5933616;0.3328854;0.6001547;581.8;0.2290689;False;11/23/2025 9:19:29 AM:293;1763860769293;;
558;540;0.3440288;0.5918242;0.2913897;0.5470347;581.5;0.2097113;False;11/23/2025 9:19:29 AM:323;1763860769323;;
549;540;0.3381321;0.5910766;0.2832859;0.556689;583.2;0.2340328;False;11/23/2025 9:19:29 AM:355;1763860769355;;
547;540;0.3369057;0.5908813;0.3085365;0.5665712;583.7;0.2081734;False;11/23/2025 9:19:29 AM:385;1763860769385;;
533;497;0.3287699;0.5441058;0.2620754;0.3416681;582.5;0.2264019;False;11/23/2025 9:19:29 AM:418;1763860769418;;
540;502;0.3328021;0.5502822;0.3746815;0.6220028;581.5;0.2099108;False;11/23/2025 9:19:29 AM:451;1763860769451;;
529;503;0.3260345;0.5504787;0.2643736;0.5637733;581.0;0.2156104;False;11/23/2025 9:19:29 AM:483;1763860769483;;
528;502;0.3257143;0.5501001;0.3074405;0.5307096;583.2;0.232899;False;11/23/2025 9:19:29 AM:514;1763860769514;;
516;509;0.3181188;0.557405;0.2458155;0.645853;582.8;0.1982819;False;11/23/2025 9:19:29 AM:541;1763860769541;;
502;516;0.3093774;0.5647495;0.2357458;0.6511591;582.4;0.1985812;False;11/23/2025 9:19:29 AM:573;1763860769573;;
516;515;0.3182485;0.5645156;0.3794347;0.5539455;583.7;0.1758334;False;11/23/2025 9:19:29 AM:605;1763860769605;;
595;516;0.3669751;0.5648797;0.5140359;0.5893178;582.4;0.197583;False;11/23/2025 9:19:29 AM:635;1763860769635;;
719;515;0.4433255;0.5643582;0.6107644;0.5459822;579.5;0.1572063;True;11/23/2025 9:19:29 AM:665;1763860769665;;
779;515;0.4800178;0.564337;0.5972298;0.5616054;576.3;0.1298909;True;11/23/2025 9:19:29 AM:693;1763860769693;;
783;515;0.4823375;0.5642179;0.5006852;0.5547096;575.7;0.1703604;True;11/23/2025 9:19:29 AM:721;1763860769721;;
783;520;0.482304;0.5693426;0.4819172;0.6432182;581.1;0.1610469;True;11/23/2025 9:19:29 AM:750;1763860769750;;
783;523;0.4822779;0.5727572;0.4818464;0.6432364;585.9;0.1609891;True;11/23/2025 9:19:29 AM:775;1763860769775;;
784;522;0.4828831;0.5711372;0.4911694;0.5350537;588.6;0.2274806;False;11/23/2025 9:19:29 AM:801;1763860769801;;
783;507;0.4824807;0.5555347;0.4429184;0.4270614;590.5;0.2092542;False;11/23/2025 9:19:29 AM:827;1763860769827;;
759;501;0.4678802;0.5487974;0.3555217;0.4608915;590.9;0.2169523;False;11/23/2025 9:19:29 AM:853;1763860769853;;
737;490;0.454223;0.5362378;0.345783;0.4141399;588.6;0.2131667;False;11/23/2025 9:19:29 AM:878;1763860769878;;
720;480;0.4434261;0.5261504;0.3456742;0.414162;586.6;0.2130872;False;11/23/2025 9:19:29 AM:903;1763860769903;;
685;474;0.4219512;0.5187044;0.2921613;0.416956;586.4;0.2232566;False;11/23/2025 9:19:29 AM:927;1763860769927;;
669;480;0.4119619;0.5257748;0.316931;0.6111947;585.1;0.2034527;False;11/23/2025 9:19:29 AM:951;1763860769951;;
639;480;0.3935253;0.5258158;0.2792117;0.5289481;586.7;0.2213341;False;11/23/2025 9:19:29 AM:978;1763860769978;;
635;485;0.391131;0.5313339;0.3365225;0.6116842;583.4;0.1975926;False;11/23/2025 9:19:30 AM:1;1763860770001;;
626;488;0.3859667;0.5340436;0.3133479;0.5910317;580.5;0.1978425;False;11/23/2025 9:19:30 AM:26;1763860770026;;
573;488;0.3532352;0.5340444;0.1984809;0.5354871;582.0;0.2455221;False;11/23/2025 9:19:30 AM:49;1763860770049;;
573;492;0.3531845;0.5393389;0.3424398;0.6222823;583.7;0.2141628;False;11/23/2025 9:19:30 AM:71;1763860770071;;
533;492;0.3287347;0.5393412;0.2010076;0.5397316;586.5;0.2196628;False;11/23/2025 9:19:30 AM:97;1763860770097;;
504;492;0.3109078;0.5393431;0.2009964;0.5397264;589.0;0.2196443;False;11/23/2025 9:19:30 AM:121;1763860770121;;
506;481;0.3120691;0.5267524;0.3366592;0.4126331;589.8;0.2222309;False;11/23/2025 9:19:30 AM:148;1763860770148;;
508;473;0.3129679;0.5176948;0.3370224;0.4125771;590.5;0.2225269;False;11/23/2025 9:19:30 AM:173;1763860770173;;
512;473;0.3154776;0.518266;0.357224;0.5421687;590.2;0.2184923;False;11/23/2025 9:19:30 AM:197;1763860770197;;
514;472;0.3170816;0.5168613;0.3516662;0.4740763;588.9;0.2085545;False;11/23/2025 9:19:30 AM:223;1763860770223;;
512;474;0.3157346;0.5189198;0.2884885;0.5652832;590.1;0.2175387;False;11/23/2025 9:19:30 AM:248;1763860770248;;
511;477;0.3149884;0.5220507;0.294552;0.5802796;589.8;0.2204396;False;11/23/2025 9:19:30 AM:276;1763860770276;;
510;479;0.3144237;0.5244059;0.2946309;0.5802734;589.6;0.2205108;False;11/23/2025 9:19:30 AM:301;1763860770301;;
492;476;0.3033581;0.5217519;0.225652;0.4739693;589.0;0.2241535;False;11/23/2025 9:19:30 AM:331;1763860770331;;
492;486;0.3034407;0.5325716;0.308942;0.6455822;587.1;0.2517272;False;11/23/2025 9:19:30 AM:356;1763860770356;;
503;483;0.3099789;0.5291163;0.3723702;0.4695664;586.4;0.2344121;False;11/23/2025 9:19:30 AM:383;1763860770383;;
522;456;0.3219607;0.4994269;0.4064616;0.3250535;584.8;0.2328748;False;11/23/2025 9:19:30 AM:409;1763860770409;;
645;427;0.3975147;0.4677219;0.5928838;0.2858617;586.7;0.2224095;False;11/23/2025 9:19:30 AM:435;1763860770435;;
713;411;0.4395217;0.4507371;0.5811711;0.3111042;588.4;0.2226925;False;11/23/2025 9:19:30 AM:460;1763860770460;;
839;411;0.5166482;0.4506906;0.6959217;0.4426263;584.3;0.2205231;False;11/23/2025 9:19:30 AM:485;1763860770485;;
835;433;0.5147359;0.4747276;0.491612;0.6362653;584.2;0.2122;False;11/23/2025 9:19:30 AM:511;1763860770511;;
854;445;0.5260153;0.4878122;0.5840916;0.6121678;583.1;0.2430932;False;11/23/2025 9:19:30 AM:535;1763860770535;;
860;454;0.5301648;0.4972275;0.5615695;0.6083907;582.1;0.2441758;False;11/23/2025 9:19:30 AM:558;1763860770558;;
880;462;0.5420439;0.5056717;0.6079987;0.6126255;580.0;0.2211932;False;11/23/2025 9:19:30 AM:583;1763860770583;;
879;468;0.5413779;0.5127701;0.5282124;0.6139267;578.1;0.2218035;False;11/23/2025 9:19:30 AM:606;1763860770606;;
892;470;0.549518;0.5143246;0.6025411;0.5687319;576.5;0.2337516;False;11/23/2025 9:19:30 AM:633;1763860770633;;
869;471;0.5351451;0.5155722;0.4203028;0.5685382;577.4;0.226354;False;11/23/2025 9:19:30 AM:658;1763860770658;;
868;472;0.5347509;0.5168898;0.5231137;0.5729592;579.1;0.2323994;False;11/23/2025 9:19:30 AM:683;1763860770683;;
861;472;0.5303909;0.5172771;0.4573196;0.5587896;580.2;0.2088311;False;11/23/2025 9:19:30 AM:707;1763860770707;;
854;472;0.5262413;0.5173399;0.4515757;0.5452235;581.1;0.2090913;False;11/23/2025 9:19:30 AM:728;1763860770728;;
880;472;0.5419262;0.517406;0.6255212;0.5449924;581.1;0.2181189;False;11/23/2025 9:19:30 AM:754;1763860770754;;
873;472;0.5380975;0.517419;0.4698284;0.5477924;583.2;0.2174607;False;11/23/2025 9:19:30 AM:779;1763860770779;;
871;469;0.5366101;0.5132597;0.482191;0.4527442;582.8;0.2175777;False;11/23/2025 9:19:30 AM:803;1763860770803;;
853;466;0.5254064;0.5103365;0.4202546;0.459122;582.4;0.2180773;False;11/23/2025 9:19:30 AM:826;1763860770826;;
852;471;0.5250458;0.5158626;0.5014115;0.605993;579.8;0.209382;False;11/23/2025 9:19:30 AM:850;1763860770850;;
880;474;0.5420358;0.5194502;0.6285398;0.5949599;571.5;0.2250082;False;11/23/2025 9:19:30 AM:877;1763860770877;;
875;478;0.5390204;0.5238916;0.4759998;0.6108561;565.4;0.2161897;False;11/23/2025 9:19:30 AM:901;1763860770901;;
871;482;0.5366501;0.5274576;0.4765071;0.6108412;559.8;0.2166547;False;11/23/2025 9:19:30 AM:925;1763860770925;;
861;488;0.5307277;0.5341961;0.4511981;0.6392352;555.1;0.2142985;False;11/23/2025 9:19:30 AM:952;1763860770952;;
861;478;0.5305538;0.5234073;0.4986427;0.4325762;552.3;0.2212416;False;11/23/2025 9:19:30 AM:979;1763860770979;;
880;479;0.5424338;0.5241995;0.6154494;0.5725697;548.2;0.2312388;False;11/23/2025 9:19:31 AM:3;1763860771003;;
888;479;0.5471321;0.5243617;0.5920271;0.5410859;544.4;0.2320282;False;11/23/2025 9:19:31 AM:27;1763860771027;;
885;481;0.5454621;0.5269524;0.4990243;0.5952586;543.7;0.2249719;False;11/23/2025 9:19:31 AM:55;1763860771055;;
884;476;0.544875;0.5210366;0.506922;0.4496183;542.6;0.2290372;False;11/23/2025 9:19:31 AM:80;1763860771080;;
891;476;0.5489401;0.5208275;0.5906421;0.5122049;540.5;0.217103;False;11/23/2025 9:19:31 AM:103;1763860771103;;
894;476;0.550661;0.5208803;0.5775208;0.5259866;538.5;0.2172398;False;11/23/2025 9:19:31 AM:125;1763860771125;;
894;477;0.550563;0.5222083;0.5291853;0.5739568;538.5;0.2343705;False;11/23/2025 9:19:31 AM:148;1763860771148;;
907;481;0.558798;0.526505;0.6240254;0.6097339;535.2;0.2291542;False;11/23/2025 9:19:31 AM:173;1763860771173;;
917;484;0.5648464;0.5298612;0.6238659;0.6097494;532.3;0.2290539;False;11/23/2025 9:19:31 AM:197;1763860771197;;
909;486;0.5599681;0.5318156;0.4975789;0.597698;531.5;0.2399259;False;11/23/2025 9:19:31 AM:220;1763860771220;;
908;486;0.5593552;0.5319297;0.5314659;0.5595216;531.5;0.2397356;False;11/23/2025 9:19:31 AM:246;1763860771246;;
906;486;0.5581009;0.5328217;0.5202865;0.5858359;530.4;0.2355913;False;11/23/2025 9:19:31 AM:270;1763860771270;;
873;485;0.5377904;0.5311208;0.4217856;0.5001416;529.7;0.2158883;False;11/23/2025 9:19:31 AM:297;1763860771297;;
850;484;0.5235238;0.5298159;0.4217747;0.5001422;529.1;0.2158787;False;11/23/2025 9:19:31 AM:322;1763860771322;;
835;488;0.5145334;0.534773;0.4333613;0.6208947;527.9;0.2310906;False;11/23/2025 9:19:31 AM:348;1763860771348;;
844;488;0.5200324;0.5348118;0.5734852;0.5369785;527.6;0.2159539;False;11/23/2025 9:19:31 AM:373;1763860771373;;
884;487;0.5446871;0.533523;0.664941;0.5018975;527.0;0.2309787;False;11/23/2025 9:19:31 AM:396;1763860771396;;
913;486;0.5627456;0.5324547;0.6654825;0.5018199;526.3;0.2313388;False;11/23/2025 9:19:31 AM:419;1763860771419;;
920;490;0.5666257;0.5370576;0.6093521;0.6150465;525.1;0.2360332;False;11/23/2025 9:19:31 AM:446;1763860771446;;
924;494;0.5695047;0.5405839;0.6091753;0.6150678;524.1;0.2357972;False;11/23/2025 9:19:31 AM:471;1763860771471;;
924;495;0.5695023;0.5421051;0.5633605;0.5974337;525.5;0.2346163;False;11/23/2025 9:19:31 AM:495;1763860771495;;
918;498;0.5658099;0.5454797;0.5136392;0.6216576;526.4;0.2333813;False;11/23/2025 9:19:31 AM:521;1763860771521;;
917;498;0.5648148;0.5452905;0.5331526;0.5383963;527.7;0.2264327;False;11/23/2025 9:19:31 AM:545;1763860771545;;
940;497;0.5791959;0.5447969;0.6735153;0.5281423;527.6;0.2234308;False;11/23/2025 9:19:31 AM:568;1763860771568;;
958;497;0.590055;0.5445816;0.6676413;0.5352894;527.6;0.2238448;False;11/23/2025 9:19:31 AM:593;1763860771593;;
959;498;0.5911235;0.5453878;0.6133831;0.5843865;525.6;0.2051639;False;11/23/2025 9:19:31 AM:621;1763860771621;;
970;491;0.5972955;0.5378875;0.6600031;0.4503564;523.3;0.2227778;False;11/23/2025 9:19:31 AM:645;1763860771645;;
970;493;0.5974975;0.5398914;0.6088703;0.5952222;523.1;0.2276946;False;11/23/2025 9:19:31 AM:670;1763860771670;;
970;494;0.5976575;0.5414387;0.6089253;0.5952193;523.0;0.2277466;False;11/23/2025 9:19:31 AM:693;1763860771693;;
972;499;0.5987855;0.5462406;0.6271926;0.6310872;520.7;0.2073316;False;11/23/2025 9:19:31 AM:719;1763860771719;;
973;501;0.5993578;0.548604;0.6219009;0.6161253;519.0;0.2030583;False;11/23/2025 9:19:31 AM:743;1763860771743;;
979;498;0.6033038;0.5449783;0.6588218;0.4894361;517.1;0.2281924;False;11/23/2025 9:19:31 AM:767;1763860771767;;
982;496;0.6051016;0.5431335;0.644742;0.5045806;515.3;0.2285621;False;11/23/2025 9:19:31 AM:793;1763860771793;;
982;498;0.6051242;0.5455047;0.6156417;0.6052169;513.6;0.2126378;False;11/23/2025 9:19:31 AM:818;1763860771818;;
981;501;0.6042496;0.5482064;0.5842344;0.616135;512.4;0.2376055;False;11/23/2025 9:19:31 AM:843;1763860771843;;
980;502;0.6036091;0.5503014;0.5848752;0.6161252;511.3;0.2382331;False;11/23/2025 9:19:31 AM:863;1763860771863;;
978;490;0.6024944;0.5365136;0.5769386;0.4199806;512.5;0.2362341;False;11/23/2025 9:19:31 AM:888;1763860771888;;
981;492;0.6042123;0.5384471;0.6405208;0.5983486;513.4;0.2332065;False;11/23/2025 9:19:31 AM:913;1763860771913;;
981;496;0.60425;0.5434821;0.6127346;0.6336914;514.5;0.1899556;False;11/23/2025 9:19:31 AM:936;1763860771936;;
981;500;0.6042822;0.5475857;0.6127327;0.6336825;515.4;0.1899918;False;11/23/2025 9:19:31 AM:960;1763860771960;;
980;511;0.604057;0.5597336;0.5941066;0.6944601;520.9;0.1282609;True;11/23/2025 9:19:31 AM:985;1763860771985;;
981;511;0.6041917;0.5598624;0.6156946;0.5648729;524.8;0.1139919;True;11/23/2025 9:19:32 AM:14;1763860772014;;
969;511;0.5970011;0.5598714;0.5301445;0.560261;527.2;0.1588642;True;11/23/2025 9:19:32 AM:37;1763860772037;;
961;511;0.5920917;0.5600026;0.5352398;0.5742995;529.5;0.1592932;True;11/23/2025 9:19:32 AM:63;1763860772063;;
963;513;0.5930699;0.5618618;0.6184607;0.6236024;529.0;0.1766653;False;11/23/2025 9:19:32 AM:87;1763860772087;;
962;513;0.5925356;0.5619929;0.57349;0.5948015;528.2;0.1901862;False;11/23/2025 9:19:32 AM:111;1763860772111;;
946;515;0.5828292;0.5637653;0.505895;0.6250665;527.1;0.2147659;False;11/23/2025 9:19:32 AM:138;1763860772138;;
946;515;0.5829335;0.5645145;0.5897389;0.6142294;526.8;0.2292795;False;11/23/2025 9:19:32 AM:164;1763860772164;;
946;516;0.5830161;0.5650864;0.5898882;0.6142242;526.5;0.2294094;False;11/23/2025 9:19:32 AM:187;1763860772187;;
935;512;0.576324;0.5604005;0.5100139;0.5008521;528.1;0.2191136;False;11/23/2025 9:19:32 AM:212;1763860772212;;
930;444;0.5727258;0.4862252;0.5221382;0.228693;526.7;0.2306778;False;11/23/2025 9:19:32 AM:237;1763860772237;;
932;446;0.5743995;0.4885856;0.6033292;0.5703044;527.2;0.2300472;False;11/23/2025 9:19:32 AM:265;1763860772265;;
935;447;0.5760882;0.4899167;0.6090196;0.5648395;527.7;0.2299894;False;11/23/2025 9:19:32 AM:289;1763860772289;;
906;448;0.5579197;0.4903286;0.453059;0.5027125;527.0;0.2294718;False;11/23/2025 9:19:32 AM:314;1763860772314;;
906;429;0.5579565;0.4701723;0.5634523;0.3363098;527.2;0.211276;False;11/23/2025 9:19:32 AM:338;1763860772338;;
906;415;0.5579927;0.4543179;0.5637129;0.3362906;527.3;0.2114875;False;11/23/2025 9:19:32 AM:363;1763860772363;;
887;419;0.5462967;0.4586466;0.463066;0.548045;528.9;0.2358981;False;11/23/2025 9:19:32 AM:389;1763860772389;;
888;409;0.5469879;0.4477728;0.5682092;0.3549348;527.7;0.2198306;False;11/23/2025 9:19:32 AM:416;1763860772416;;
919;419;0.5661855;0.4589242;0.6753002;0.5874399;526.8;0.2307596;False;11/23/2025 9:19:32 AM:441;1763860772441;;
923;425;0.5687812;0.4656807;0.6085515;0.5679274;526.7;0.2137672;False;11/23/2025 9:19:32 AM:469;1763860772469;;
926;429;0.5704941;0.4701654;0.6084395;0.5679517;526.6;0.2136778;False;11/23/2025 9:19:32 AM:491;1763860772491;;
980;426;0.6037914;0.4667357;0.748756;0.4180952;525.0;0.2319273;False;11/23/2025 9:19:32 AM:516;1763860772516;;
1004;426;0.6187479;0.4668943;0.7104228;0.4745819;523.6;0.221588;False;11/23/2025 9:19:32 AM:543;1763860772543;;
997;442;0.6142722;0.4844681;0.5595184;0.6366882;522.6;0.2210199;False;11/23/2025 9:19:32 AM:568;1763860772568;;
1026;447;0.6319323;0.4891863;0.7359776;0.5831228;521.3;0.228289;False;11/23/2025 9:19:32 AM:593;1763860772593;;
1056;447;0.6505153;0.4892895;0.761175;0.5281675;520.2;0.2290704;False;11/23/2025 9:19:32 AM:614;1763860772614;;
1041;448;0.641485;0.49023;0.561936;0.5456947;517.8;0.2181;False;11/23/2025 9:19:32 AM:640;1763860772640;;
1053;443;0.6488847;0.4855602;0.7149386;0.4244803;516.2;0.214641;False;11/23/2025 9:19:32 AM:664;1763860772664;;
1047;446;0.6448347;0.4887779;0.5885057;0.567266;513.1;0.2192385;False;11/23/2025 9:19:32 AM:689;1763860772689;;
1042;449;0.6416746;0.4913298;0.5882755;0.5672886;510.3;0.2189427;False;11/23/2025 9:19:32 AM:712;1763860772712;;
1040;460;0.6406962;0.5037206;0.6074467;0.6397277;519.0;0.1422701;True;11/23/2025 9:19:32 AM:738;1763860772738;;
1039;468;0.6399906;0.512651;0.6085241;0.6369938;526.8;0.1425852;True;11/23/2025 9:19:32 AM:763;1763860772763;;
1033;472;0.6366206;0.5165423;0.5803484;0.6088011;525.1;0.1466742;True;11/23/2025 9:19:32 AM:787;1763860772787;;
1032;479;0.6355658;0.525104;0.5982797;0.6460683;528.5;0.1398627;True;11/23/2025 9:19:32 AM:816;1763860772816;;
1030;482;0.6348221;0.5279185;0.600162;0.6135311;527.6;0.1313457;True;11/23/2025 9:19:32 AM:844;1763860772844;;
1030;483;0.6346264;0.5285031;0.6267579;0.5637713;527.4;0.1946263;False;11/23/2025 9:19:32 AM:875;1763860772875;;
1030;485;0.6345727;0.5316602;0.6327486;0.6184944;527.4;0.2054694;False;11/23/2025 9:19:32 AM:904;1763860772904;;
1030;486;0.6345236;0.5319677;0.6194779;0.5908837;526.8;0.2107206;False;11/23/2025 9:19:32 AM:930;1763860772930;;
1029;486;0.6341032;0.5323197;0.607421;0.5763961;526.3;0.2111218;False;11/23/2025 9:19:32 AM:958;1763860772958;;
1053;478;0.6484511;0.524058;0.7313876;0.4507415;525.6;0.2177656;False;11/23/2025 9:19:32 AM:985;1763860772985;;
1051;484;0.6477256;0.5296136;0.6169576;0.6310753;523.9;0.2281541;False;11/23/2025 9:19:33 AM:11;1763860773011;;
1054;486;0.649266;0.5327681;0.6736546;0.618418;524.8;0.2194202;False;11/23/2025 9:19:33 AM:39;1763860773039;;
1054;489;0.6496276;0.5358757;0.6598209;0.6218917;520.9;0.2114777;False;11/23/2025 9:19:33 AM:67;1763860773067;;
1056;490;0.6508467;0.536262;0.6760486;0.5500628;520.2;0.2345751;False;11/23/2025 9:19:33 AM:91;1763860773091;;
1058;490;0.6519089;0.5365925;0.6763949;0.5497864;519.4;0.2353857;False;11/23/2025 9:19:33 AM:116;1763860773116;;
1062;491;0.6541782;0.5373203;0.6929981;0.5942905;517.1;0.2225064;False;11/23/2025 9:19:33 AM:141;1763860773141;;
1068;491;0.6579112;0.537773;0.7096149;0.5909483;514.9;0.2231051;False;11/23/2025 9:19:33 AM:164;1763860773164;;
1050;491;0.6469085;0.537868;0.5629468;0.5781714;516.3;0.222137;False;11/23/2025 9:19:33 AM:188;1763860773188;;
1050;492;0.6469597;0.5390591;0.6543254;0.6045721;516.4;0.2252853;False;11/23/2025 9:19:33 AM:212;1763860773212;;
1051;496;0.6472799;0.5430646;0.6641074;0.639249;517.9;0.2247696;False;11/23/2025 9:19:33 AM:236;1763860773236;;
1051;499;0.6475491;0.5463527;0.6641377;0.6392269;519.4;0.224835;False;11/23/2025 9:19:33 AM:259;1763860773259;;
1058;500;0.6515324;0.5480857;0.7073273;0.6267249;521.0;0.2247155;False;11/23/2025 9:19:33 AM:283;1763860773283;;
1063;492;0.6548584;0.5384799;0.7077826;0.4519806;521.6;0.2143251;False;11/23/2025 9:19:33 AM:307;1763860773307;;
1048;500;0.6453585;0.5472863;0.5705831;0.6745148;522.6;0.2353293;False;11/23/2025 9:19:33 AM:331;1763860773331;;
1040;505;0.640505;0.5526673;0.5857669;0.6614124;523.4;0.2355977;False;11/23/2025 9:19:33 AM:353;1763860773353;;
1043;505;0.64276;0.5529276;0.6858598;0.6086244;521.5;0.2244954;False;11/23/2025 9:19:33 AM:376;1763860773376;;
1044;505;0.6428995;0.5532976;0.6576759;0.589218;518.9;0.2396609;False;11/23/2025 9:19:33 AM:399;1763860773399;;
1060;500;0.6530094;0.5479262;0.7371019;0.487975;515.0;0.2263587;False;11/23/2025 9:19:33 AM:425;1763860773425;;
1072;497;0.6603681;0.5439264;0.7369794;0.4880824;511.5;0.2260857;False;11/23/2025 9:19:33 AM:448;1763860773448;;
1070;497;0.6589049;0.5445694;0.6330874;0.5905411;509.7;0.2143271;False;11/23/2025 9:19:33 AM:474;1763860773474;;
1069;497;0.6588653;0.5446393;0.6561829;0.5727025;509.8;0.2208343;False;11/23/2025 9:19:33 AM:498;1763860773498;;
1069;501;0.6587141;0.5481936;0.6510938;0.6312262;512.3;0.2492295;False;11/23/2025 9:19:33 AM:523;1763860773523;;
1069;503;0.6585973;0.5509717;0.651251;0.6311242;514.6;0.2497411;False;11/23/2025 9:19:33 AM:545;1763860773545;;
1069;503;0.6584247;0.5512902;0.6491976;0.597207;512.7;0.2231938;False;11/23/2025 9:19:33 AM:571;1763860773571;;
1069;503;0.6584848;0.5513986;0.6659206;0.5930764;511.0;0.2230449;False;11/23/2025 9:19:33 AM:597;1763860773597;;
1069;504;0.6588565;0.5517666;0.6760373;0.5997189;513.4;0.2386622;False;11/23/2025 9:19:33 AM:623;1763860773623;;
1071;504;0.6600267;0.5521004;0.6895716;0.5721042;514.8;0.229818;False;11/23/2025 9:19:33 AM:650;1763860773650;;
1070;522;0.6590475;0.5717727;0.6362644;0.738971;513.6;0.211292;False;11/23/2025 9:19:33 AM:675;1763860773675;;
1048;540;0.6456388;0.5916755;0.555988;0.7596765;511.3;0.2043758;False;11/23/2025 9:19:33 AM:701;1763860773701;;
1031;554;0.6354322;0.6070494;0.5555638;0.7596524;509.3;0.2040298;False;11/23/2025 9:19:33 AM:725;1763860773725;;
982;561;0.6051891;0.6140702;0.4735346;0.7259802;511.0;0.2156221;False;11/23/2025 9:19:33 AM:751;1763860773751;;
956;561;0.589116;0.6139389;0.4972532;0.6107019;513.8;0.2102089;False;11/23/2025 9:19:33 AM:778;1763860773778;;
929;561;0.5724862;0.6141368;0.4775361;0.6433412;512.4;0.2105494;False;11/23/2025 9:19:33 AM:805;1763860773805;;
927;561;0.5709466;0.614807;0.5411603;0.6667467;512.2;0.2427684;False;11/23/2025 9:19:33 AM:830;1763860773830;;
914;561;0.563297;0.614819;0.4919047;0.6521255;512.0;0.2436675;False;11/23/2025 9:19:33 AM:854;1763860773854;;
899;562;0.5540246;0.6156664;0.4765875;0.671654;511.0;0.2097389;False;11/23/2025 9:19:33 AM:878;1763860773878;;
893;565;0.5501552;0.6184872;0.4995143;0.6979105;513.2;0.2045557;False;11/23/2025 9:19:33 AM:905;1763860773905;;
893;565;0.5504416;0.6188201;0.5623741;0.6393538;513.5;0.2174636;False;11/23/2025 9:19:33 AM:928;1763860773928;;
825;567;0.5084161;0.6206005;0.3486872;0.6916158;514.0;0.20757;False;11/23/2025 9:19:33 AM:951;1763860773951;;
779;568;0.4801522;0.6220305;0.3488583;0.6916181;514.5;0.2077097;False;11/23/2025 9:19:33 AM:975;1763860773975;;
745;568;0.459126;0.6221102;0.3543871;0.6682167;515.9;0.206487;False;11/23/2025 9:19:33 AM:999;1763860773999;;
731;568;0.4501697;0.6223487;0.3791388;0.6568175;517.2;0.2067674;False;11/23/2025 9:19:34 AM:21;1763860774021;;
723;565;0.4455923;0.6187748;0.3975032;0.5697776;519.9;0.2085215;False;11/23/2025 9:19:34 AM:46;1763860774046;;
722;565;0.4445847;0.618647;0.4231814;0.6142357;519.9;0.2061256;False;11/23/2025 9:19:34 AM:70;1763860774070;;
720;565;0.4437276;0.6185362;0.4232205;0.6142333;520.0;0.2061553;False;11/23/2025 9:19:34 AM:94;1763860774094;;
720;565;0.4437335;0.6186556;0.450191;0.6343267;521.7;0.216483;False;11/23/2025 9:19:34 AM:122;1763860774122;;
712;565;0.4389602;0.6187493;0.3891736;0.6358984;521.7;0.2137927;False;11/23/2025 9:19:34 AM:151;1763860774151;;
718;564;0.4423546;0.6172495;0.4890708;0.5852306;524.3;0.1897713;False;11/23/2025 9:19:34 AM:178;1763860774178;;
718;563;0.4423392;0.6170505;0.4408643;0.6079152;524.0;0.2111633;False;11/23/2025 9:19:34 AM:207;1763860774207;;
726;564;0.4471307;0.6175002;0.5042058;0.6473005;525.4;0.1787106;False;11/23/2025 9:19:34 AM:233;1763860774233;;
722;564;0.4451218;0.6171455;0.4118492;0.6020772;526.3;0.1916309;False;11/23/2025 9:19:34 AM:258;1763860774258;;
720;563;0.4435307;0.6168541;0.4119306;0.6020584;527.1;0.1916871;False;11/23/2025 9:19:34 AM:283;1763860774283;;
730;563;0.4495372;0.6169112;0.5125011;0.6296766;528.4;0.1809408;False;11/23/2025 9:19:34 AM:308;1763860774308;;
722;563;0.4449797;0.6168379;0.3917564;0.6104507;528.3;0.2038755;False;11/23/2025 9:19:34 AM:333;1763860774333;;
705;563;0.4341189;0.6168352;0.3531663;0.6163662;528.8;0.1902803;False;11/23/2025 9:19:34 AM:359;1763860774359;;
699;567;0.4304621;0.6213259;0.3800724;0.6969892;528.6;0.2025782;False;11/23/2025 9:19:34 AM:385;1763860774385;;
681;569;0.4196962;0.6234831;0.3348283;0.6800874;528.5;0.2031966;False;11/23/2025 9:19:34 AM:411;1763860774411;;
657;570;0.4045898;0.6237948;0.3045359;0.6524897;528.5;0.2103495;False;11/23/2025 9:19:34 AM:435;1763860774435;;
627;570;0.3866656;0.6238244;0.2725068;0.6267765;528.5;0.2106664;False;11/23/2025 9:19:34 AM:458;1763860774458;;
638;570;0.3930896;0.6238493;0.4584888;0.6365335;527.4;0.2031744;False;11/23/2025 9:19:34 AM:481;1763860774481;;
627;568;0.3864884;0.6216241;0.318124;0.5746906;528.6;0.195559;False;11/23/2025 9:19:34 AM:504;1763860774504;;
617;576;0.3801357;0.6304316;0.3144298;0.7351908;530.7;0.2219213;False;11/23/2025 9:19:34 AM:530;1763860774530;;
609;581;0.3756025;0.6367421;0.3142768;0.7351804;532.6;0.2216946;False;11/23/2025 9:19:34 AM:553;1763860774553;;
592;588;0.3648979;0.6443943;0.2790452;0.7475646;532.0;0.1894195;False;11/23/2025 9:19:34 AM:579;1763860774579;;
599;584;0.3689882;0.6397575;0.4137032;0.5792602;532.2;0.1997779;False;11/23/2025 9:19:34 AM:607;1763860774607;;
628;584;0.3867038;0.6397009;0.4877751;0.6360888;533.0;0.2059487;False;11/23/2025 9:19:34 AM:632;1763860774632;;
634;585;0.3908916;0.6401229;0.4424255;0.6714931;532.6;0.2194148;False;11/23/2025 9:19:34 AM:655;1763860774655;;
638;586;0.3930932;0.641439;0.4310242;0.6908995;532.3;0.2197848;False;11/23/2025 9:19:34 AM:678;1763860774678;;
638;583;0.3932984;0.6385925;0.4056692;0.5861694;531.4;0.1949214;False;11/23/2025 9:19:34 AM:702;1763860774702;;
617;578;0.3800259;0.6326923;0.2860011;0.5514271;533.0;0.2055914;False;11/23/2025 9:19:34 AM:725;1763860774725;;
587;572;0.3619871;0.6267798;0.2532597;0.5423937;534.5;0.2056614;False;11/23/2025 9:19:34 AM:748;1763860774748;;
612;572;0.3770545;0.626646;0.4726863;0.6135591;535.5;0.1945367;False;11/23/2025 9:19:34 AM:774;1763860774774;;
745;562;0.4590455;0.6150435;0.6739134;0.4935448;536.0;0.2037713;False;11/23/2025 9:19:34 AM:798;1763860774798;;
838;548;0.5164175;0.6002621;0.6852642;0.4599993;536.5;0.2043241;False;11/23/2025 9:19:34 AM:821;1763860774821;;
836;548;0.5153914;0.6003343;0.5010659;0.6057245;535.9;0.1943697;False;11/23/2025 9:19:34 AM:846;1763860774846;;
839;548;0.5172036;0.5999652;0.5337955;0.5740163;534.2;0.2110362;False;11/23/2025 9:19:34 AM:873;1763860774873;;
860;547;0.5298287;0.59912;0.6009462;0.5602964;531.7;0.2013312;False;11/23/2025 9:19:34 AM:897;1763860774897;;
860;546;0.5300713;0.5979851;0.5341091;0.550891;529.5;0.2018212;False;11/23/2025 9:19:34 AM:919;1763860774919;;
867;546;0.534171;0.5978825;0.5711752;0.5754318;526.4;0.2145086;False;11/23/2025 9:19:34 AM:944;1763860774944;;
866;548;0.5338407;0.5997055;0.5142953;0.6387323;524.6;0.2194746;False;11/23/2025 9:19:34 AM:969;1763860774969;;
876;547;0.5395086;0.5991207;0.5898547;0.5652278;525.8;0.2267758;False;11/23/2025 9:19:34 AM:993;1763860774993;;
889;546;0.5479936;0.5983397;0.6148129;0.5583537;526.8;0.2277488;False;11/23/2025 9:19:35 AM:15;1763860775015;;
903;529;0.5565348;0.5797924;0.6238642;0.4227538;524.8;0.2069729;False;11/23/2025 9:19:35 AM:39;1763860775039;;
915;532;0.5635918;0.5822891;0.6215224;0.6273302;524.0;0.22992;False;11/23/2025 9:19:35 AM:66;1763860775066;;
924;536;0.568996;0.5864969;0.6262416;0.6558982;521.3;0.2038772;False;11/23/2025 9:19:35 AM:89;1763860775089;;
936;537;0.57678;0.5875871;0.6471936;0.6235052;518.8;0.2045443;False;11/23/2025 9:19:35 AM:112;1763860775112;;
950;539;0.5855137;0.5899859;0.6579288;0.6435369;517.2;0.2202108;False;11/23/2025 9:19:35 AM:136;1763860775136;;
952;542;0.5865905;0.5937573;0.6128394;0.6631814;519.1;0.2165635;False;11/23/2025 9:19:35 AM:163;1763860775163;;
969;533;0.5967168;0.5832875;0.6801302;0.4743031;517.5;0.2312254;False;11/23/2025 9:19:35 AM:186;1763860775186;;
982;525;0.6048633;0.5746963;0.680234;0.4742115;516.0;0.2314842;False;11/23/2025 9:19:35 AM:210;1763860775210;;
974;521;0.5999277;0.5710589;0.5459161;0.5044075;518.4;0.2367272;False;11/23/2025 9:19:35 AM:236;1763860775236;;
968;519;0.5960742;0.5681469;0.5458091;0.5044218;520.5;0.2365702;False;11/23/2025 9:19:35 AM:260;1763860775260;;
968;518;0.5962772;0.5670301;0.6074963;0.5218371;518.6;0.2273781;False;11/23/2025 9:19:35 AM:284;1763860775284;;
978;518;0.6026561;0.5669812;0.6680372;0.5601594;515.2;0.2075011;False;11/23/2025 9:19:35 AM:308;1763860775308;;
991;517;0.6104429;0.5659341;0.6858044;0.5203673;515.7;0.2394538;False;11/23/2025 9:19:35 AM:330;1763860775330;;
1001;516;0.6169683;0.5649908;0.6859915;0.5202429;516.2;0.2399392;False;11/23/2025 9:19:35 AM:354;1763860775354;;
1001;517;0.6169843;0.5658898;0.6224535;0.5908298;516.7;0.207733;False;11/23/2025 9:19:35 AM:380;1763860775380;;
1002;524;0.6169954;0.5737048;0.6250044;0.6595198;517.7;0.2009228;False;11/23/2025 9:19:35 AM:407;1763860775407;;
1002;521;0.6173849;0.5709367;0.6379985;0.5088729;519.7;0.1658147;True;11/23/2025 9:19:35 AM:431;1763860775431;;
1002;521;0.61741;0.5709105;0.6229542;0.5628296;517.8;0.1375735;True;11/23/2025 9:19:35 AM:455;1763860775455;;
1002;521;0.6174296;0.57089;0.6229532;0.5628179;516.0;0.1375986;True;11/23/2025 9:19:35 AM:477;1763860775477;;
1002;521;0.6173096;0.571012;0.6109353;0.5794457;517.1;0.1278207;True;11/23/2025 9:19:35 AM:501;1763860775501;;
1002;519;0.6174656;0.5687049;0.6316577;0.5101197;516.4;0.14189;True;11/23/2025 9:19:35 AM:525;1763860775525;;
1002;518;0.6175879;0.5669072;0.6315729;0.510133;515.7;0.1418184;True;11/23/2025 9:19:35 AM:547;1763860775547;;
1003;518;0.6176658;0.5669019;0.6303033;0.5502034;515.4;0.1955795;False;11/23/2025 9:19:35 AM:570;1763860775570;;
1004;520;0.6183156;0.5694521;0.6449507;0.6198568;516.1;0.1877931;False;11/23/2025 9:19:35 AM:592;1763860775592;;
1004;521;0.6186866;0.5702736;0.641286;0.5988904;514.2;0.1993292;False;11/23/2025 9:19:35 AM:614;1763860775614;;
1004;522;0.61871;0.572179;0.628131;0.6202096;512.5;0.199569;False;11/23/2025 9:19:35 AM:637;1763860775637;;
1004;523;0.6187869;0.5723178;0.6335711;0.5849949;511.0;0.2088601;False;11/23/2025 9:19:35 AM:661;1763860775661;;
1004;522;0.6184061;0.5719807;0.6059649;0.5504748;509.6;0.209146;False;11/23/2025 9:19:35 AM:683;1763860775683;;
994;522;0.6123917;0.5716597;0.5537468;0.5505744;507.2;0.2150601;False;11/23/2025 9:19:35 AM:708;1763860775708;;
994;529;0.6122723;0.5796075;0.6050391;0.6762246;508.9;0.2075703;False;11/23/2025 9:19:35 AM:731;1763860775731;;
994;538;0.6122362;0.5888373;0.6084237;0.6979195;510.4;0.2078807;False;11/23/2025 9:19:35 AM:755;1763860775755;;
994;536;0.6123521;0.5873929;0.6230278;0.5471166;511.6;0.2214184;False;11/23/2025 9:19:35 AM:778;1763860775778;;
994;539;0.612364;0.5902029;0.6174608;0.6516215;515.6;0.1911297;False;11/23/2025 9:19:35 AM:801;1763860775801;;
994;541;0.6123797;0.5922436;0.6179456;0.6463239;514.2;0.2050581;False;11/23/2025 9:19:35 AM:827;1763860775827;;
994;542;0.6123931;0.5938737;0.6179873;0.6463187;513.0;0.2050922;False;11/23/2025 9:19:35 AM:850;1763860775850;;
994;542;0.6123999;0.5938975;0.6174084;0.5962567;514.6;0.2070266;False;11/23/2025 9:19:35 AM:873;1763860775873;;
989;539;0.609488;0.5901554;0.5649887;0.5261617;514.8;0.2289443;False;11/23/2025 9:19:35 AM:896;1763860775896;;
990;539;0.6100519;0.590512;0.6305377;0.6161215;515.8;0.2241175;False;11/23/2025 9:19:35 AM:920;1763860775920;;
991;539;0.6105005;0.5907989;0.6305413;0.6161189;516.8;0.224126;False;11/23/2025 9:19:35 AM:943;1763860775943;;
982;537;0.6051493;0.5883778;0.5467257;0.5382946;516.2;0.205345;False;11/23/2025 9:19:35 AM:966;1763860775966;;
982;538;0.605275;0.5894384;0.6152818;0.6289544;517.2;0.2050867;False;11/23/2025 9:19:35 AM:991;1763860775991;;
987;538;0.6079869;0.5887241;0.6531574;0.5621707;518.5;0.2234148;False;11/23/2025 9:19:36 AM:15;1763860776015;;
990;537;0.6102151;0.5881265;0.6534963;0.5620839;519.6;0.2236676;False;11/23/2025 9:19:36 AM:37;1763860776037;;
960;537;0.591445;0.5882745;0.4850302;0.6031149;521.1;0.2067118;False;11/23/2025 9:19:36 AM:61;1763860776061;;
946;537;0.5829917;0.5884649;0.5094436;0.6064344;522.5;0.2071351;False;11/23/2025 9:19:36 AM:83;1763860776083;;
936;538;0.5764845;0.5887603;0.512391;0.6111396;520.5;0.2000758;False;11/23/2025 9:19:36 AM:107;1763860776107;;
945;538;0.5819222;0.5889311;0.6414659;0.6069341;517.6;0.2150491;False;11/23/2025 9:19:36 AM:133;1763860776133;;
950;538;0.5854073;0.5890468;0.641474;0.6069263;515.0;0.2150641;False;11/23/2025 9:19:36 AM:154;1763860776154;;
950;540;0.5854532;0.5909633;0.5975625;0.6457545;514.3;0.1978226;False;11/23/2025 9:19:36 AM:177;1763860776177;;
950;536;0.585428;0.5871479;0.5837051;0.5221127;516.1;0.2027677;False;11/23/2025 9:19:36 AM:200;1763860776200;;
969;528;0.5968089;0.578223;0.6901905;0.473978;516.1;0.2047299;False;11/23/2025 9:19:36 AM:223;1763860776223;;
979;520;0.6031775;0.5691876;0.677363;0.4584041;516.1;0.2049234;False;11/23/2025 9:19:36 AM:243;1763860776243;;
978;520;0.6025156;0.5693102;0.5850321;0.5803062;519.0;0.2008364;False;11/23/2025 9:19:36 AM:267;1763860776267;;
981;522;0.6042999;0.5713291;0.6444492;0.6217414;517.8;0.2112938;False;11/23/2025 9:19:36 AM:290;1763860776290;;
983;523;0.6057563;0.5729596;0.6446747;0.6217064;516.7;0.2114237;False;11/23/2025 9:19:36 AM:312;1763860776312;;
980;523;0.6035722;0.5732453;0.5694196;0.5964837;514.7;0.2034247;False;11/23/2025 9:19:36 AM:335;1763860776335;;
981;524;0.6041087;0.5734674;0.6285219;0.5953843;513.2;0.2169212;False;11/23/2025 9:19:36 AM:359;1763860776359;;
980;526;0.6038317;0.5758062;0.5935344;0.6365424;513.2;0.204717;False;11/23/2025 9:19:36 AM:382;1763860776382;;
977;526;0.6019676;0.5760834;0.5675704;0.6044237;513.2;0.2048086;False;11/23/2025 9:19:36 AM:404;1763860776404;;
951;527;0.5860233;0.5771949;0.4820694;0.6252584;513.3;0.2078539;False;11/23/2025 9:19:36 AM:426;1763860776426;;
961;527;0.5923021;0.577586;0.6604056;0.6113784;514.7;0.2163638;False;11/23/2025 9:19:36 AM:449;1763860776449;;
963;528;0.5935526;0.5780237;0.6281714;0.6144564;516.0;0.2161389;False;11/23/2025 9:19:36 AM:473;1763860776473;;
963;524;0.5934048;0.5740176;0.5868603;0.5126036;516.7;0.2202546;False;11/23/2025 9:19:36 AM:497;1763860776497;;
961;509;0.5922251;0.5569113;0.5661911;0.4176913;517.3;0.2207506;False;11/23/2025 9:19:36 AM:518;1763860776518;;
954;510;0.587689;0.5587612;0.5338606;0.6129673;518.0;0.2112899;False;11/23/2025 9:19:36 AM:543;1763860776543;;
951;510;0.5861062;0.5587723;0.5518748;0.5599422;518.1;0.2233239;False;11/23/2025 9:19:36 AM:565;1763860776565;;
945;510;0.5821392;0.5580221;0.5267675;0.5314665;518.2;0.2237969;False;11/23/2025 9:19:36 AM:587;1763860776587;;
954;503;0.587778;0.5504562;0.64573;0.4612089;517.4;0.2159278;False;11/23/2025 9:19:36 AM:613;1763860776613;;
935;504;0.5758675;0.5518517;0.4876267;0.59464;519.1;0.2239951;False;11/23/2025 9:19:36 AM:637;1763860776637;;
918;505;0.5656424;0.5530605;0.4843612;0.5944858;519.1;0.2311663;False;11/23/2025 9:19:36 AM:663;1763860776663;;
906;506;0.558439;0.5539752;0.4843861;0.5944821;519.1;0.2311979;False;11/23/2025 9:19:36 AM:685;1763860776685;;
915;509;0.5638582;0.5572297;0.6220117;0.6280547;517.4;0.1875523;False;11/23/2025 9:19:36 AM:708;1763860776708;;
922;510;0.5680155;0.55903;0.6218451;0.6176034;517.1;0.2147922;False;11/23/2025 9:19:36 AM:731;1763860776731;;
920;513;0.5666589;0.5614958;0.5364229;0.6275784;517.2;0.2101345;False;11/23/2025 9:19:36 AM:756;1763860776756;;
920;514;0.5668126;0.5629495;0.5767527;0.6220635;517.4;0.2103067;False;11/23/2025 9:19:36 AM:778;1763860776778;;
889;516;0.5478293;0.5654687;0.4357645;0.6379837;517.4;0.2309515;False;11/23/2025 9:19:36 AM:801;1763860776801;;
889;516;0.5477548;0.5656209;0.5407125;0.5866437;515.6;0.2286096;False;11/23/2025 9:19:36 AM:823;1763860776823;;
889;518;0.5474342;0.5674881;0.5322592;0.63341;515.7;0.2024538;False;11/23/2025 9:19:36 AM:847;1763860776847;;
888;519;0.5471945;0.5688849;0.5323079;0.6334003;515.8;0.2024869;False;11/23/2025 9:19:36 AM:868;1763860776868;;
903;520;0.5565509;0.5694665;0.6365311;0.6201041;515.4;0.2058159;False;11/23/2025 9:19:36 AM:890;1763860776890;;
918;520;0.5655109;0.5691812;0.6397747;0.5613532;516.4;0.2133161;False;11/23/2025 9:19:36 AM:916;1763860776916;;
928;520;0.5714838;0.5689829;0.6395668;0.5614946;517.3;0.2129004;False;11/23/2025 9:19:36 AM:938;1763860776938;;
936;520;0.5766236;0.5694709;0.6415831;0.6119581;516.4;0.2005196;False;11/23/2025 9:19:36 AM:959;1763860776959;;
940;520;0.5789557;0.5697356;0.6255335;0.6074354;515.5;0.2007904;False;11/23/2025 9:19:36 AM:980;1763860776980;;
947;520;0.5835724;0.5694402;0.6460868;0.559148;516.4;0.2007918;False;11/23/2025 9:19:37 AM:3;1763860777003;;
940;523;0.5790937;0.5732339;0.528593;0.6557035;516.0;0.2095877;False;11/23/2025 9:19:37 AM:27;1763860777027;;
935;526;0.5758728;0.5760626;0.5287313;0.655693;515.6;0.2096931;False;11/23/2025 9:19:37 AM:47;1763860777047;;
934;526;0.5757292;0.5762657;0.5675071;0.6146793;515.2;0.2068514;False;11/23/2025 9:19:37 AM:71;1763860777071;;
929;526;0.5723933;0.5758063;0.5258244;0.5626106;515.3;0.2231734;False;11/23/2025 9:19:37 AM:95;1763860777095;;
930;526;0.5731553;0.5755693;0.5956424;0.5672805;516.2;0.2053721;False;11/23/2025 9:19:37 AM:121;1763860777121;;
931;525;0.573687;0.5754001;0.5952574;0.5673935;516.9;0.2051724;False;11/23/2025 9:19:37 AM:143;1763860777143;;
937;528;0.5771798;0.5782982;0.6303158;0.650646;516.7;0.2139596;False;11/23/2025 9:19:37 AM:165;1763860777165;;
941;528;0.5799659;0.5783108;0.6292335;0.6014281;513.4;0.2116204;False;11/23/2025 9:19:37 AM:188;1763860777188;;
945;528;0.5821501;0.5783206;0.6292993;0.6013731;510.4;0.2117184;False;11/23/2025 9:19:37 AM:208;1763860777208;;
944;531;0.5815417;0.5816026;0.5652138;0.6594827;509.6;0.2102143;False;11/23/2025 9:19:37 AM:231;1763860777231;;
944;526;0.5815482;0.5755841;0.591059;0.5034439;510.7;0.2095051;False;11/23/2025 9:19:37 AM:257;1763860777257;;
946;532;0.5830872;0.5825761;0.6197436;0.6810772;509.1;0.2125181;False;11/23/2025 9:19:37 AM:283;1763860777283;;
947;543;0.5837196;0.5947853;0.6115527;0.7272512;507.5;0.2125995;False;11/23/2025 9:19:37 AM:307;1763860777307;;
947;545;0.5837038;0.5971057;0.5829709;0.6631299;507.6;0.2105576;False;11/23/2025 9:19:37 AM:335;1763860777335;;
950;545;0.5850017;0.5971797;0.6218709;0.6008405;509.2;0.2062479;False;11/23/2025 9:19:37 AM:358;1763860777358;;
950;545;0.5850536;0.5971434;0.5924731;0.5952693;510.6;0.206978;False;11/23/2025 9:19:37 AM:378;1763860777378;;
949;545;0.5846206;0.5972369;0.5714214;0.6056197;507.1;0.2121592;False;11/23/2025 9:19:37 AM:400;1763860777400;;
931;545;0.573569;0.5972347;0.4893652;0.5970918;506.3;0.2161706;False;11/23/2025 9:19:37 AM:422;1763860777422;;
918;545;0.5655748;0.5972326;0.4896599;0.5970718;505.6;0.2164195;False;11/23/2025 9:19:37 AM:443;1763860777443;;
917;536;0.5652363;0.5873516;0.5514961;0.4809434;507.6;0.203272;False;11/23/2025 9:19:37 AM:465;1763860777465;;
926;536;0.5707573;0.5871334;0.6361493;0.5743687;507.9;0.2129711;False;11/23/2025 9:19:37 AM:487;1763860777487;;
933;536;0.5750655;0.5869544;0.6363996;0.5743365;508.2;0.2131063;False;11/23/2025 9:19:37 AM:507;1763860777507;;
932;538;0.5745051;0.5888027;0.5581529;0.6407924;508.5;0.1948831;False;11/23/2025 9:19:37 AM:532;1763860777532;;
940;530;0.579117;0.5804064;0.6378307;0.4852171;511.0;0.2072545;False;11/23/2025 9:19:37 AM:556;1763860777556;;
940;520;0.5791336;0.5690899;0.5866989;0.4465558;513.1;0.2074936;False;11/23/2025 9:19:37 AM:577;1763860777577;;
940;521;0.5791016;0.5710601;0.5767882;0.6233503;512.4;0.2017329;False;11/23/2025 9:19:37 AM:599;1763860777599;;
941;521;0.5798069;0.570079;0.6066364;0.5359228;511.4;0.2050725;False;11/23/2025 9:19:37 AM:621;1763860777621;;
942;520;0.5803419;0.5693175;0.6063328;0.535982;510.5;0.204848;False;11/23/2025 9:19:37 AM:644;1763860777644;;
946;520;0.5829191;0.5693145;0.6327293;0.5676087;509.2;0.2119423;False;11/23/2025 9:19:37 AM:665;1763860777665;;
949;521;0.5846841;0.5700959;0.6270925;0.5998536;510.3;0.2053146;False;11/23/2025 9:19:37 AM:690;1763860777690;;
956;521;0.5891236;0.5703274;0.653349;0.5878984;510.7;0.2177088;False;11/23/2025 9:19:37 AM:713;1763860777713;;
963;521;0.5933307;0.5705928;0.6595586;0.5911549;511.0;0.2182661;False;11/23/2025 9:19:37 AM:734;1763860777734;;
963;522;0.5933922;0.5711413;0.6109309;0.6003557;510.5;0.2061148;False;11/23/2025 9:19:37 AM:758;1763860777758;;
964;522;0.5938204;0.5716065;0.624966;0.6015487;510.1;0.2064525;False;11/23/2025 9:19:37 AM:778;1763860777778;;
964;522;0.5938342;0.5716127;0.6141183;0.5797246;511.9;0.202613;False;11/23/2025 9:19:37 AM:801;1763860777801;;
994;521;0.6126404;0.5705809;0.7361757;0.537006;510.1;0.2243638;False;11/23/2025 9:19:37 AM:823;1763860777823;;
1020;520;0.6281899;0.5696295;0.7362482;0.5369368;508.5;0.2245286;False;11/23/2025 9:19:37 AM:847;1763860777847;;
1019;520;0.627737;0.5693661;0.6154618;0.5509464;511.4;0.1940292;False;11/23/2025 9:19:37 AM:871;1763860777871;;
1017;515;0.6268032;0.5639689;0.6058522;0.48018;511.4;0.2077328;False;11/23/2025 9:19:37 AM:894;1763860777894;;
1016;511;0.6260871;0.5599158;0.6057869;0.4802055;511.3;0.207663;False;11/23/2025 9:19:37 AM:914;1763860777914;;
1006;514;0.6195417;0.5631446;0.5539955;0.622779;512.3;0.1862231;False;11/23/2025 9:19:37 AM:938;1763860777938;;
981;523;0.6045866;0.5732728;0.5034943;0.6856197;511.5;0.2090135;False;11/23/2025 9:19:37 AM:959;1763860777959;;
922;538;0.5680953;0.5888776;0.4178991;0.7281926;512.2;0.2082015;False;11/23/2025 9:19:37 AM:982;1763860777982;;
883;548;0.5438268;0.6002668;0.4180484;0.7281833;512.9;0.2083223;False;11/23/2025 9:19:38 AM:3;1763860778003;;
892;548;0.549549;0.6003209;0.6237981;0.6131859;513.2;0.2151779;False;11/23/2025 9:19:38 AM:26;1763860778026;;
899;549;0.5541137;0.6008735;0.621786;0.6315437;512.6;0.2121039;False;11/23/2025 9:19:38 AM:51;1763860778051;;
905;549;0.5575195;0.6012991;0.6217722;0.631457;512.1;0.2124358;False;11/23/2025 9:19:38 AM:73;1763860778073;;
906;549;0.5579225;0.6008195;0.5917748;0.583459;512.7;0.2018562;False;11/23/2025 9:19:38 AM:103;1763860778103;;
915;549;0.5634419;0.6007456;0.639286;0.5942929;514.5;0.2315615;False;11/23/2025 9:19:38 AM:127;1763860778127;;
930;539;0.57296;0.5898672;0.6684964;0.4769661;514.1;0.2160921;False;11/23/2025 9:19:38 AM:150;1763860778150;;
922;539;0.568346;0.589856;0.5249938;0.5864142;512.9;0.2041303;False;11/23/2025 9:19:38 AM:176;1763860778176;;
917;539;0.5649021;0.5898467;0.5251318;0.5864078;511.8;0.2042398;False;11/23/2025 9:19:38 AM:199;1763860778199;;
976;500;0.6013422;0.5480918;0.7597265;0.32956;511.3;0.225324;False;11/23/2025 9:19:38 AM:221;1763860778221;;
1016;476;0.625903;0.5214716;0.7581175;0.3413583;511.0;0.2261074;False;11/23/2025 9:19:38 AM:244;1763860778244;;
1018;478;0.6272902;0.5232896;0.6576992;0.5756252;509.3;0.1993433;False;11/23/2025 9:19:38 AM:268;1763860778268;;
950;479;0.5855405;0.5249069;0.4283546;0.577534;508.7;0.2182655;False;11/23/2025 9:19:38 AM:292;1763860778292;;
905;480;0.5575501;0.5261983;0.4287626;0.5774804;508.0;0.2186344;False;11/23/2025 9:19:38 AM:314;1763860778314;;
927;481;0.5713558;0.5265762;0.6750321;0.5600924;508.1;0.2162434;False;11/23/2025 9:19:38 AM:339;1763860778339;;
927;483;0.5712311;0.529396;0.5677637;0.6005239;507.3;0.2177836;False;11/23/2025 9:19:38 AM:363;1763860778363;;
964;466;0.5939648;0.5107849;0.7240986;0.3726473;508.6;0.219855;False;11/23/2025 9:19:38 AM:386;1763860778386;;
990;454;0.6098431;0.4974094;0.7240222;0.3727234;509.7;0.2196913;False;11/23/2025 9:19:38 AM:408;1763860778408;;
951;462;0.5857541;0.5062742;0.468177;0.618227;510.0;0.212024;False;11/23/2025 9:19:38 AM:433;1763860778433;;
952;471;0.5866154;0.5162821;0.620464;0.6365266;511.2;0.2137485;False;11/23/2025 9:19:38 AM:456;1763860778456;;
952;471;0.5866079;0.5163817;0.5862963;0.53376;511.2;0.2139762;False;11/23/2025 9:19:38 AM:480;1763860778480;;
952;472;0.5866064;0.5164686;0.5865368;0.5337312;511.2;0.2141805;False;11/23/2025 9:19:38 AM:505;1763860778505;;
952;474;0.5867544;0.5189258;0.6053124;0.5856134;512.8;0.2106516;False;11/23/2025 9:19:38 AM:530;1763860778530;;
974;461;0.6003031;0.5052408;0.7013268;0.3887959;509.9;0.2223142;False;11/23/2025 9:19:38 AM:554;1763860778554;;
976;461;0.6012452;0.5050365;0.6336753;0.4963887;511.4;0.2200166;False;11/23/2025 9:19:38 AM:580;1763860778580;;
977;461;0.6019825;0.504871;0.6332119;0.4964604;512.8;0.2197329;False;11/23/2025 9:19:38 AM:606;1763860778606;;
997;461;0.6143734;0.504793;0.70987;0.4995198;511.4;0.2015139;False;11/23/2025 9:19:38 AM:631;1763860778631;;
994;469;0.6124132;0.5139008;0.5824223;0.6248198;511.1;0.2213277;False;11/23/2025 9:19:38 AM:655;1763860778655;;
987;473;0.6079268;0.5184357;0.5582085;0.6014155;510.8;0.2217186;False;11/23/2025 9:19:38 AM:679;1763860778679;;
987;482;0.6079507;0.5274644;0.6179625;0.6433922;512.0;0.2033195;False;11/23/2025 9:19:38 AM:703;1763860778703;;
987;493;0.6079667;0.5396782;0.6097003;0.6735965;509.7;0.2105692;False;11/23/2025 9:19:38 AM:727;1763860778727;;
985;499;0.6068;0.5460727;0.5813912;0.6499482;509.7;0.2094682;False;11/23/2025 9:19:38 AM:751;1763860778751;;
983;499;0.6058928;0.5462231;0.5837218;0.5836807;509.8;0.2096856;False;11/23/2025 9:19:38 AM:778;1763860778778;;
994;499;0.6123211;0.5462589;0.6734048;0.580716;509.7;0.1985989;False;11/23/2025 9:19:38 AM:808;1763860778808;;
994;499;0.6123304;0.5464451;0.6156222;0.5556397;508.9;0.2069481;False;11/23/2025 9:19:38 AM:834;1763860778834;;
1011;499;0.6226274;0.5466319;0.7018785;0.5644358;511.8;0.2053074;False;11/23/2025 9:19:38 AM:862;1763860778862;;
1011;496;0.6225415;0.5427245;0.617694;0.4875416;512.7;0.2111591;False;11/23/2025 9:19:38 AM:889;1763860778889;;
978;509;0.6024252;0.5569201;0.501047;0.6867064;511.3;0.2113478;False;11/23/2025 9:19:38 AM:917;1763860778917;;
963;527;0.5934034;0.5767156;0.5203367;0.7377142;510.0;0.2107029;False;11/23/2025 9:19:38 AM:943;1763860778943;;
967;528;0.5959834;0.5778039;0.6383096;0.6285987;511.6;0.2159069;False;11/23/2025 9:19:38 AM:969;1763860778969;;
969;528;0.5970881;0.5779593;0.6273939;0.5963454;514.1;0.2058058;False;11/23/2025 9:19:38 AM:995;1763860778995;;
969;529;0.5971166;0.5790986;0.6027876;0.6315042;512.7;0.125045;True;11/23/2025 9:19:39 AM:22;1763860779022;;
969;532;0.5970955;0.5822696;0.5960406;0.6494943;511.0;0.1633567;True;11/23/2025 9:19:39 AM:62;1763860779062;;
969;534;0.5971002;0.5843308;0.6032911;0.6554164;512.5;0.1466514;True;11/23/2025 9:19:39 AM:86;1763860779086;;
969;538;0.5971065;0.5890508;0.5979654;0.6891041;513.9;0.1483092;True;11/23/2025 9:19:39 AM:108;1763860779108;;
970;533;0.5975909;0.5839251;0.6196458;0.5205648;513.3;0.1723947;False;11/23/2025 9:19:39 AM:130;1763860779130;;
971;533;0.5982429;0.5840991;0.623681;0.6059442;516.4;0.1614605;True;11/23/2025 9:19:39 AM:156;1763860779156;;
972;534;0.5987833;0.5842459;0.623679;0.6059291;519.3;0.1615047;True;11/23/2025 9:19:39 AM:179;1763860779179;;
972;536;0.5988953;0.5872503;0.6146946;0.6634452;519.3;0.2007213;False;11/23/2025 9:19:39 AM:205;1763860779205;;
988;536;0.6088992;0.5869653;0.6952763;0.5781978;521.2;0.2033671;False;11/23/2025 9:19:39 AM:229;1763860779229;;
985;536;0.6068985;0.586659;0.5737966;0.5756441;523.0;0.2093857;False;11/23/2025 9:19:39 AM:251;1763860779251;;
984;534;0.6062498;0.5844447;0.5892042;0.5431535;524.5;0.209672;False;11/23/2025 9:19:39 AM:278;1763860779278;;
983;534;0.6056977;0.5847444;0.5881082;0.614275;525.2;0.2130193;False;11/23/2025 9:19:39 AM:301;1763860779301;;
981;533;0.6042243;0.5832598;0.5734055;0.5474457;524.8;0.2321804;False;11/23/2025 9:19:39 AM:325;1763860779325;;
975;532;0.6008204;0.5830739;0.5511813;0.572051;525.3;0.2325935;False;11/23/2025 9:19:39 AM:348;1763860779348;;
971;532;0.5980293;0.5829121;0.551487;0.5720376;525.7;0.2328897;False;11/23/2025 9:19:39 AM:371;1763860779371;;
972;534;0.5988948;0.5851253;0.6205988;0.6407197;521.8;0.2019823;False;11/23/2025 9:19:39 AM:396;1763860779396;;
975;543;0.6005998;0.5950129;0.6338493;0.7101673;520.8;0.1901096;False;11/23/2025 9:19:39 AM:421;1763860779421;;
978;543;0.6023145;0.5948114;0.6351696;0.585701;522.5;0.2237043;False;11/23/2025 9:19:39 AM:448;1763860779448;;
982;543;0.6046908;0.5949956;0.6472572;0.6180521;524.0;0.2240083;False;11/23/2025 9:19:39 AM:472;1763860779472;;
974;544;0.5999706;0.5960697;0.5475079;0.6398278;525.7;0.2066316;False;11/23/2025 9:19:39 AM:498;1763860779498;;
972;545;0.5988961;0.5966632;0.5724382;0.6340511;525.2;0.2094324;False;11/23/2025 9:19:39 AM:521;1763860779521;;
967;545;0.5958756;0.5966697;0.548424;0.6157671;524.7;0.2097153;False;11/23/2025 9:19:39 AM:544;1763860779544;;
973;539;0.5997128;0.5901029;0.6497509;0.5086563;522.2;0.2148306;False;11/23/2025 9:19:39 AM:568;1763860779568;;
975;539;0.6004546;0.590305;0.624173;0.6137781;519.7;0.2188581;False;11/23/2025 9:19:39 AM:591;1763860779591;;
977;539;0.6021752;0.5903007;0.6386371;0.5898831;517.1;0.2121028;False;11/23/2025 9:19:39 AM:614;1763860779614;;
978;539;0.6026896;0.5903144;0.6248681;0.5922153;514.7;0.2123186;False;11/23/2025 9:19:39 AM:637;1763860779637;;
980;539;0.6034797;0.5898194;0.6298222;0.5703037;514.1;0.2077774;False;11/23/2025 9:19:39 AM:665;1763860779665;;
970;539;0.5977136;0.5903375;0.5406379;0.6188999;517.0;0.2049097;False;11/23/2025 9:19:39 AM:691;1763860779691;;
965;547;0.5945749;0.5987853;0.5507568;0.7034009;516.7;0.2133941;False;11/23/2025 9:19:39 AM:716;1763860779716;;
961;553;0.5920392;0.6055647;0.5507737;0.7033985;516.3;0.213416;False;11/23/2025 9:19:39 AM:740;1763860779740;;
965;551;0.5945462;0.6028996;0.6352533;0.5539008;517.4;0.2073706;False;11/23/2025 9:19:39 AM:764;1763860779764;;
965;551;0.5946119;0.6037596;0.602025;0.6434035;519.2;0.2119234;False;11/23/2025 9:19:39 AM:789;1763860779789;;
965;521;0.5945926;0.5703834;0.5918256;0.3895503;518.5;0.2217727;False;11/23/2025 9:19:39 AM:815;1763860779815;;
973;520;0.5994007;0.5700061;0.6570691;0.5549649;518.1;0.2291678;False;11/23/2025 9:19:39 AM:839;1763860779839;;
979;520;0.6032245;0.5696886;0.6573358;0.5547848;517.9;0.2299047;False;11/23/2025 9:19:39 AM:864;1763860779864;;
988;520;0.608384;0.5696892;0.6714472;0.5697652;514.6;0.2331509;False;11/23/2025 9:19:39 AM:888;1763860779888;;
994;520;0.6122329;0.5696892;0.671565;0.5696768;511.6;0.2334131;False;11/23/2025 9:19:39 AM:909;1763860779909;;
1026;474;0.6320214;0.5190746;0.7464354;0.295502;512.7;0.2268841;False;11/23/2025 9:19:39 AM:935;1763860779935;;
1040;474;0.640799;0.518935;0.7153282;0.512813;513.2;0.2187328;False;11/23/2025 9:19:39 AM:965;1763860779965;;
1040;475;0.6410016;0.5198741;0.661561;0.5638669;510.2;0.2194145;False;11/23/2025 9:19:39 AM:987;1763860779987;;
1041;475;0.641345;0.5200177;0.6658803;0.5453904;507.5;0.2204695;False;11/23/2025 9:19:40 AM:10;1763860780010;;
1051;474;0.6476657;0.5192714;0.7234636;0.4948196;506.1;0.2336507;False;11/23/2025 9:19:40 AM:31;1763860780031;;
1071;449;0.6598652;0.4913982;0.7583886;0.3171401;507.6;0.2472703;False;11/23/2025 9:19:40 AM:56;1763860780056;;
1074;448;0.6617103;0.4903635;0.7062021;0.4607655;506.4;0.2262629;False;11/23/2025 9:19:40 AM:80;1763860780080;;
1076;447;0.6631262;0.4895653;0.7061845;0.4607814;505.2;0.2262213;False;11/23/2025 9:19:40 AM:103;1763860780103;;
1082;447;0.6662809;0.4899241;0.7263775;0.5150273;505.8;0.2410711;False;11/23/2025 9:19:40 AM:125;1763860780125;;
1094;447;0.6740515;0.489915;0.7614703;0.4883994;504.8;0.2390452;False;11/23/2025 9:19:40 AM:147;1763860780147;;
1106;447;0.6810636;0.4899061;0.7614484;0.4884039;503.8;0.2389904;False;11/23/2025 9:19:40 AM:170;1763860780170;;
1112;447;0.6852466;0.4892204;0.750968;0.4626636;502.5;0.2270429;False;11/23/2025 9:19:40 AM:197;1763860780197;;
1117;448;0.6879316;0.490633;0.745584;0.5329093;503.1;0.2331641;False;11/23/2025 9:19:40 AM:221;1763860780221;;
1116;450;0.6877784;0.4932593;0.6844069;0.5524495;502.9;0.2419303;False;11/23/2025 9:19:40 AM:247;1763860780247;;
1127;448;0.6941258;0.4909225;0.7737435;0.4405612;503.5;0.2307853;False;11/23/2025 9:19:40 AM:270;1763860780270;;
1135;446;0.6990902;0.4890415;0.7738717;0.4403953;504.1;0.2310335;False;11/23/2025 9:19:40 AM:291;1763860780291;;
1090;451;0.6714441;0.493655;0.552874;0.5695478;506.9;0.249235;False;11/23/2025 9:19:40 AM:316;1763860780316;;
1061;454;0.6536218;0.4970172;0.5531755;0.5695414;509.5;0.2495547;False;11/23/2025 9:19:40 AM:337;1763860780337;;
1067;453;0.6570706;0.4962125;0.7251683;0.468473;509.5;0.2448463;False;11/23/2025 9:19:40 AM:360;1763860780360;;
1073;463;0.6609083;0.5074787;0.7301245;0.6234869;507.6;0.23828;False;11/23/2025 9:19:40 AM:386;1763860780386;;
1073;478;0.6612004;0.5233049;0.7024728;0.6729538;505.9;0.2380833;False;11/23/2025 9:19:40 AM:408;1763860780408;;
1096;475;0.6750226;0.5199053;0.7823346;0.4652936;507.0;0.2545869;False;11/23/2025 9:19:40 AM:436;1763860780436;;
1097;474;0.6756536;0.5193224;0.7202396;0.4956813;509.0;0.2333097;False;11/23/2025 9:19:40 AM:460;1763860780460;;
1143;469;0.7044047;0.5138887;0.8485125;0.4369305;508.2;0.2433615;False;11/23/2025 9:19:40 AM:487;1763860780487;;
1175;466;0.72371;0.5098923;0.8484145;0.4369775;507.5;0.2430953;False;11/23/2025 9:19:40 AM:510;1763860780510;;
1184;471;0.7291997;0.5159187;0.8007498;0.5961525;504.3;0.2411822;False;11/23/2025 9:19:40 AM:536;1763860780536;;
1190;481;0.7330787;0.5271391;0.7993067;0.6455678;502.0;0.2514443;False;11/23/2025 9:19:40 AM:559;1763860780559;;
1235;471;0.7607545;0.516386;0.9075813;0.400827;502.3;0.2494586;False;11/23/2025 9:19:40 AM:581;1763860780581;;
1277;462;0.7868431;0.5056221;0.9299978;0.383687;502.5;0.2497318;False;11/23/2025 9:19:40 AM:601;1763860780601;;
1299;462;0.8000013;0.5058291;0.8967666;0.5193034;498.7;0.2367684;False;11/23/2025 9:19:40 AM:626;1763860780626;;
1291;468;0.7952627;0.5123672;0.7405562;0.6030424;499.1;0.2446591;False;11/23/2025 9:19:40 AM:648;1763860780648;;
1296;465;0.7980824;0.5097671;0.8456092;0.4527961;499.6;0.2483858;False;11/23/2025 9:19:40 AM:673;1763860780673;;
1301;463;0.8016758;0.5068739;0.8575476;0.4427069;500.1;0.2481486;False;11/23/2025 9:19:40 AM:694;1763860780694;;
1304;463;0.8034616;0.5069873;0.8459613;0.516075;496.9;0.2362334;False;11/23/2025 9:19:40 AM:716;1763860780716;;
1304;477;0.8031325;0.5220895;0.7926725;0.655275;496.4;0.2475929;False;11/23/2025 9:19:40 AM:740;1763860780740;;
1303;488;0.8028417;0.5345149;0.7926639;0.6552856;495.9;0.2475685;False;11/23/2025 9:19:40 AM:764;1763860780764;;
1315;468;0.8099731;0.5123895;0.8821223;0.3564961;494.4;0.2637714;False;11/23/2025 9:19:40 AM:790;1763860780790;;
1331;449;0.8199215;0.4920818;0.9037077;0.3435252;493.1;0.2648016;False;11/23/2025 9:19:40 AM:816;1763860780816;;
1332;449;0.8203453;0.4920704;0.8445441;0.4871831;496.4;0.2611245;False;11/23/2025 9:19:40 AM:841;1763860780841;;
1332;451;0.82035;0.4940661;0.8337078;0.5430979;493.7;0.2430435;False;11/23/2025 9:19:40 AM:865;1763860780865;;
1335;449;0.8225743;0.4912889;0.8698281;0.4324635;495.3;0.2609507;False;11/23/2025 9:19:40 AM:888;1763860780888;;
1325;457;0.8161579;0.5008634;0.7595075;0.6036779;493.5;0.2429202;False;11/23/2025 9:19:40 AM:914;1763860780914;;
1317;464;0.8114381;0.5080138;0.7595521;0.6036147;491.9;0.2430183;False;11/23/2025 9:19:40 AM:938;1763860780938;;
1321;453;0.8139013;0.4959313;0.8558323;0.3892963;494.3;0.2408554;False;11/23/2025 9:19:40 AM:968;1763860780968;;
1322;453;0.8142225;0.4959728;0.8350648;0.5041404;492.8;0.243873;False;11/23/2025 9:19:40 AM:993;1763860780993;;
1323;455;0.8149425;0.4985095;0.8420097;0.5513011;496.6;0.225067;False;11/23/2025 9:19:41 AM:23;1763860781023;;
1308;455;0.8059672;0.4985247;0.7368451;0.5032877;497.4;0.2175927;False;11/23/2025 9:19:41 AM:48;1763860781048;;
1298;455;0.79945;0.4985373;0.7372244;0.5030099;498.2;0.2183167;False;11/23/2025 9:19:41 AM:71;1763860781071;;
1282;455;0.7896053;0.4985477;0.712747;0.5011371;496.5;0.2265487;False;11/23/2025 9:19:41 AM:97;1763860781097;;
1282;455;0.7895151;0.4984305;0.7829365;0.4892148;495.5;0.2418603;False;11/23/2025 9:19:41 AM:122;1763860781122;;
1293;447;0.7966626;0.4901104;0.865926;0.3931877;494.7;0.2640198;False;11/23/2025 9:19:41 AM:147;1763860781147;;
1307;438;0.8053235;0.4792525;0.8826506;0.3655177;493.9;0.2645162;False;11/23/2025 9:19:41 AM:172;1763860781172;;
1307;436;0.8051472;0.47777;0.7970919;0.4315183;492.0;0.2450165;False;11/23/2025 9:19:41 AM:197;1763860781197;;
1308;434;0.8057055;0.4752349;0.8278648;0.41453;489.7;0.2395014;False;11/23/2025 9:19:41 AM:223;1763860781223;;
1309;427;0.8065537;0.4680248;0.8344595;0.3677452;487.6;0.239705;False;11/23/2025 9:19:41 AM:248;1763860781248;;
1308;451;0.8060018;0.4936697;0.7914143;0.6433533;491.0;0.2663026;False;11/23/2025 9:19:41 AM:277;1763860781277;;
1309;456;0.8061397;0.4993883;0.8194423;0.5739769;489.2;0.2572103;False;11/23/2025 9:19:41 AM:301;1763860781301;;
1307;465;0.8050232;0.5095302;0.7807675;0.6126047;485.4;0.2515242;False;11/23/2025 9:19:41 AM:327;1763860781327;;
1314;465;0.8095807;0.5096281;0.8668362;0.5194445;483.7;0.2632105;False;11/23/2025 9:19:41 AM:351;1763860781351;;
1315;456;0.810174;0.4990342;0.8338035;0.3890888;485.8;0.2473546;False;11/23/2025 9:19:41 AM:379;1763860781379;;
1321;445;0.8137271;0.4873331;0.8697976;0.3601141;487.7;0.2478465;False;11/23/2025 9:19:41 AM:400;1763860781400;;
1321;446;0.813934;0.4890145;0.8325769;0.5281128;487.0;0.2508973;False;11/23/2025 9:19:41 AM:426;1763860781426;;
1321;447;0.8140087;0.4894027;0.8293724;0.508271;485.5;0.2434484;False;11/23/2025 9:19:41 AM:453;1763860781453;;
1324;438;0.8157794;0.4796209;0.8576507;0.3699429;479.1;0.2507242;False;11/23/2025 9:19:41 AM:477;1763860781477;;
1328;429;0.8182263;0.4704274;0.8681911;0.3588859;473.3;0.2510865;False;11/23/2025 9:19:41 AM:500;1763860781500;;
1333;429;0.8213618;0.4696158;0.8768383;0.4301802;476.9;0.2680414;False;11/23/2025 9:19:41 AM:525;1763860781525;;
1326;442;0.817055;0.4840165;0.7720107;0.6054088;477.0;0.2577248;False;11/23/2025 9:19:41 AM:550;1763860781550;;
1302;453;0.802281;0.4965926;0.7152673;0.6094881;473.7;0.2612809;False;11/23/2025 9:19:41 AM:576;1763860781576;;
1289;462;0.7938225;0.5057718;0.7230055;0.6117571;470.8;0.2618719;False;11/23/2025 9:19:41 AM:600;1763860781600;;
1264;462;0.7783958;0.5056612;0.6864114;0.4952934;472.9;0.2344508;False;11/23/2025 9:19:41 AM:626;1763860781626;;
1261;447;0.7770602;0.4901057;0.7513062;0.3601611;475.0;0.2339301;False;11/23/2025 9:19:41 AM:651;1763860781651;;
1261;439;0.7766818;0.4808951;0.762695;0.3753831;476.8;0.2342488;False;11/23/2025 9:19:41 AM:677;1763860781677;;
1199;460;0.7383438;0.5034941;0.5949594;0.6541151;483.3;0.12745;True;11/23/2025 9:19:41 AM:704;1763860781704;;
1158;478;0.7130935;0.5234765;0.5946612;0.6729507;488.1;0.1289579;True;11/23/2025 9:19:41 AM:728;1763860781728;;
1133;478;0.6980546;0.5232731;0.6106752;0.5056002;488.9;0.1594522;True;11/23/2025 9:19:41 AM:753;1763860781753;;
1133;478;0.6982607;0.5237467;0.7214563;0.5452637;491.6;0.2221184;False;11/23/2025 9:19:41 AM:779;1763860781779;;
1134;479;0.698337;0.524473;0.7025869;0.5543774;494.1;0.222884;False;11/23/2025 9:19:41 AM:803;1763860781803;;
1134;468;0.6984013;0.5123643;0.7018859;0.3977054;496.1;0.2484544;False;11/23/2025 9:19:41 AM:829;1763860781829;;
1134;465;0.6985364;0.5089872;0.7176539;0.4422096;500.0;0.2625154;False;11/23/2025 9:19:41 AM:854;1763860781854;;
1193;444;0.7350305;0.48666;0.8811179;0.3293749;497.0;0.237069;False;11/23/2025 9:19:41 AM:881;1763860781881;;
1236;428;0.7614578;0.4690956;0.880969;0.3294239;494.2;0.2365858;False;11/23/2025 9:19:41 AM:910;1763860781910;;
1239;430;0.7632188;0.4706109;0.7959725;0.5051484;494.3;0.2499318;False;11/23/2025 9:19:41 AM:937;1763860781937;;
1239;432;0.7632197;0.4737127;0.7638242;0.5296695;493.1;0.2392971;False;11/23/2025 9:19:41 AM:961;1763860781961;;
1259;425;0.7757217;0.4656094;0.8616667;0.3694909;490.5;0.2652339;False;11/23/2025 9:19:41 AM:989;1763860781989;;
1268;423;0.7808712;0.4628674;0.8406629;0.399567;491.7;0.258425;False;11/23/2025 9:19:42 AM:14;1763860782014;;
1274;420;0.7850901;0.4605413;0.8407257;0.3995378;492.8;0.2586105;False;11/23/2025 9:19:42 AM:39;1763860782039;;
1288;418;0.793346;0.4577974;0.8689387;0.3910586;491.5;0.2510909;False;11/23/2025 9:19:42 AM:67;1763860782067;;
1235;479;0.7609668;0.5249386;0.6316884;0.7704177;492.4;0.2478048;False;11/23/2025 9:19:42 AM:93;1763860782093;;
1235;488;0.7605605;0.5342283;0.7514637;0.615216;488.4;0.2541472;False;11/23/2025 9:19:42 AM:120;1763860782120;;
1237;488;0.7619748;0.5340057;0.8012897;0.5168855;488.0;0.2732312;False;11/23/2025 9:19:42 AM:146;1763860782146;;
1248;477;0.7685078;0.5220942;0.8448973;0.3855456;487.7;0.2740251;False;11/23/2025 9:19:42 AM:170;1763860782170;;
1272;455;0.7834894;0.4983975;0.8892215;0.3200164;489.3;0.2647986;False;11/23/2025 9:19:42 AM:196;1763860782196;;
1272;458;0.7835829;0.501481;0.7976025;0.5478528;489.0;0.2749092;False;11/23/2025 9:19:42 AM:222;1763860782222;;
1258;480;0.7746777;0.5259082;0.7096966;0.6735756;489.6;0.2539142;False;11/23/2025 9:19:42 AM:248;1763860782248;;
1260;464;0.7760801;0.5078698;0.813572;0.3586982;492.6;0.2656085;False;11/23/2025 9:19:42 AM:275;1763860782275;;
1264;451;0.7786091;0.4938618;0.8305066;0.3482491;495.3;0.2660919;False;11/23/2025 9:19:42 AM:297;1763860782297;;
1284;448;0.7909586;0.4912241;0.8877141;0.4204328;495.3;0.2632259;False;11/23/2025 9:19:42 AM:323;1763860782323;;
1282;450;0.789463;0.4930437;0.7652925;0.5274706;495.0;0.2764662;False;11/23/2025 9:19:42 AM:348;1763860782348;;
1283;470;0.7902012;0.5152979;0.820711;0.6649759;496.0;0.260925;False;11/23/2025 9:19:42 AM:373;1763860782373;;
1283;496;0.7902762;0.5437283;0.7989601;0.7160456;497.0;0.2612676;False;11/23/2025 9:19:42 AM:396;1763860782396;;
1283;506;0.7903397;0.5542856;0.7947178;0.6535566;498.3;0.2513558;False;11/23/2025 9:19:42 AM:423;1763860782423;;
1284;491;0.7909121;0.5379363;0.8181949;0.3955842;499.5;0.27204;False;11/23/2025 9:19:42 AM:448;1763860782448;;
1294;474;0.7973227;0.5188328;0.8708081;0.3612018;500.5;0.2733822;False;11/23/2025 9:19:42 AM:472;1763860782472;;
1289;496;0.7942773;0.5431486;0.7580382;0.6931601;501.2;0.2613167;False;11/23/2025 9:19:42 AM:500;1763860782500;;
1287;505;0.7927603;0.5526772;0.7663343;0.6496377;499.1;0.2484638;False;11/23/2025 9:19:42 AM:527;1763860782527;;
1294;500;0.7970932;0.5480176;0.8526852;0.4729002;494.4;0.2639479;False;11/23/2025 9:19:42 AM:553;1763860782553;;
1318;505;0.8121365;0.5529205;0.9128609;0.6236375;490.8;0.263549;False;11/23/2025 9:19:42 AM:579;1763860782579;;
1346;507;0.8289614;0.5552727;0.9362704;0.6072613;487.7;0.2642875;False;11/23/2025 9:19:42 AM:604;1763860782604;;
1342;508;0.826587;0.5562325;0.7908084;0.5910259;484.3;0.2596591;False;11/23/2025 9:19:42 AM:629;1763860782629;;
1345;511;0.8286577;0.5591633;0.8679314;0.6207624;482.8;0.2542928;False;11/23/2025 9:19:42 AM:655;1763860782655;;
1336;540;0.8232614;0.5917359;0.7673377;0.7841898;482.8;0.2702436;False;11/23/2025 9:19:42 AM:680;1763860782680;;
1333;564;0.8209646;0.6177762;0.7838274;0.7878682;482.8;0.2707381;False;11/23/2025 9:19:42 AM:706;1763860782706;;
1332;578;0.820715;0.6325415;0.8071715;0.7680103;482.9;0.2711227;False;11/23/2025 9:19:42 AM:731;1763860782731;;
1335;582;0.8225445;0.6378512;0.8568895;0.723509;481.5;0.2680672;False;11/23/2025 9:19:42 AM:756;1763860782756;;
1338;582;0.8242583;0.637834;0.85821;0.6367377;478.5;0.267597;False;11/23/2025 9:19:42 AM:783;1763860782783;;
1337;583;0.8238707;0.6378657;0.8099417;0.6497705;476.5;0.2770378;False;11/23/2025 9:19:42 AM:808;1763860782808;;
1338;584;0.8239623;0.6398855;0.8331575;0.6967358;475.9;0.2694118;False;11/23/2025 9:19:42 AM:835;1763860782835;;
1340;585;0.8254843;0.6408838;0.8610482;0.688133;475.4;0.2701976;False;11/23/2025 9:19:42 AM:857;1763860782857;;
1301;586;0.8015923;0.641744;0.6829489;0.6869433;474.9;0.2326088;False;11/23/2025 9:19:42 AM:882;1763860782882;;
1272;587;0.7836747;0.6424926;0.6829405;0.6869545;474.4;0.2325878;False;11/23/2025 9:19:42 AM:907;1763860782907;;
1193;591;0.7351928;0.6473916;0.5798278;0.7358447;481.2;0.1697474;True;11/23/2025 9:19:42 AM:933;1763860782933;;
1130;599;0.6958789;0.6559159;0.5642141;0.7680708;486.4;0.1605899;True;11/23/2025 9:19:42 AM:961;1763860782961;;
1112;594;0.6848701;0.6502882;0.6166083;0.5828983;490.6;0.1823083;False;11/23/2025 9:19:42 AM:985;1763860782985;;
1093;593;0.6730725;0.649379;0.6015812;0.6265821;488.7;0.213842;False;11/23/2025 9:19:43 AM:11;1763860783011;;
1078;592;0.6642091;0.6486261;0.6015841;0.626612;487.0;0.2137441;False;11/23/2025 9:19:43 AM:36;1763860783036;;
1078;572;0.6643245;0.6261959;0.6846084;0.4736279;485.0;0.2330194;False;11/23/2025 9:19:43 AM:61;1763860783061;;
1070;573;0.6594235;0.6276658;0.6141783;0.6754407;485.0;0.2457749;False;11/23/2025 9:19:43 AM:87;1763860783087;;
1071;568;0.6600453;0.6224405;0.6914359;0.5512711;482.1;0.2562333;False;11/23/2025 9:19:43 AM:113;1763860783113;;
1071;570;0.6596168;0.6246464;0.6502596;0.677797;479.4;0.2452044;False;11/23/2025 9:19:43 AM:142;1763860783142;;
1071;571;0.6596123;0.6254809;0.659396;0.665258;477.0;0.2454392;False;11/23/2025 9:19:43 AM:166;1763860783166;;
1064;572;0.6553364;0.6259189;0.61003;0.6577709;476.9;0.2515694;False;11/23/2025 9:19:43 AM:194;1763860783194;;
1078;572;0.663973;0.6259863;0.7412722;0.6350185;475.3;0.2415612;False;11/23/2025 9:19:43 AM:219;1763860783219;;
1078;571;0.6640065;0.6250547;0.6763527;0.5989468;474.8;0.2487211;False;11/23/2025 9:19:43 AM:246;1763860783246;;
1079;572;0.6648629;0.6258846;0.6942952;0.6630666;474.8;0.2434412;False;11/23/2025 9:19:43 AM:273;1763860783273;;
1079;571;0.6649145;0.6255269;0.6799517;0.6106879;474.8;0.2433149;False;11/23/2025 9:19:43 AM:299;1763860783299;;
1077;560;0.6635995;0.6136093;0.6397887;0.5033053;474.9;0.2498872;False;11/23/2025 9:19:43 AM:325;1763860783325;;
1076;560;0.6628147;0.6133748;0.6435573;0.5981342;478.1;0.2444416;False;11/23/2025 9:19:43 AM:350;1763860783350;;
1076;560;0.6628265;0.6134667;0.6660672;0.6249852;481.1;0.2447979;False;11/23/2025 9:19:43 AM:375;1763860783375;;
1086;563;0.6688192;0.6164173;0.7339596;0.6774431;479.0;0.2407611;False;11/23/2025 9:19:43 AM:400;1763860783400;;
1086;563;0.6692874;0.6164363;0.6916779;0.6266724;479.7;0.2447107;False;11/23/2025 9:19:43 AM:426;1763860783426;;
1087;558;0.669758;0.6108942;0.6929132;0.536123;480.9;0.244922;False;11/23/2025 9:19:43 AM:453;1763860783453;;
1087;558;0.669875;0.6109381;0.6860284;0.6186261;478.9;0.2385205;False;11/23/2025 9:19:43 AM:480;1763860783480;;
1101;570;0.6785083;0.624121;0.7564574;0.7441798;478.1;0.2438565;False;11/23/2025 9:19:43 AM:508;1763860783508;;
1117;586;0.6881725;0.6415244;0.7757847;0.7893885;477.4;0.2439971;False;11/23/2025 9:19:43 AM:531;1763860783531;;
1116;586;0.6875756;0.6414278;0.6739064;0.6348672;476.4;0.229726;False;11/23/2025 9:19:43 AM:558;1763860783558;;
1116;586;0.6875132;0.6416776;0.6846431;0.6635944;476.9;0.2458162;False;11/23/2025 9:19:43 AM:585;1763860783585;;
1116;585;0.6872415;0.6409232;0.6776244;0.6154442;475.0;0.248371;False;11/23/2025 9:19:43 AM:611;1763860783611;;
1116;596;0.6872188;0.65282;0.6855316;0.7690836;474.8;0.245988;False;11/23/2025 9:19:43 AM:638;1763860783638;;
1116;605;0.6872002;0.6619456;0.6855351;0.769082;474.6;0.2459929;False;11/23/2025 9:19:43 AM:663;1763860783663;;
1109;586;0.6830977;0.6417813;0.6345047;0.5030788;472.0;0.2383243;False;11/23/2025 9:19:43 AM:691;1763860783691;;
1109;586;0.6832728;0.641796;0.6947453;0.6525884;472.2;0.2490302;False;11/23/2025 9:19:43 AM:716;1763860783716;;
1110;590;0.6840959;0.645772;0.710683;0.7261007;472.3;0.2498572;False;11/23/2025 9:19:43 AM:737;1763860783737;;
1111;596;0.6841291;0.6524389;0.6914161;0.7487559;473.5;0.2330159;False;11/23/2025 9:19:43 AM:763;1763860783763;;
1111;596;0.6841341;0.6525263;0.6892955;0.6590697;472.7;0.2619789;False;11/23/2025 9:19:43 AM:791;1763860783791;;
1110;597;0.6840454;0.6536092;0.6782249;0.7007571;473.6;0.2518958;False;11/23/2025 9:19:43 AM:816;1763860783816;;
1100;592;0.6777331;0.648613;0.6166148;0.5832431;473.7;0.2518692;False;11/23/2025 9:19:43 AM:843;1763860783843;;
1093;589;0.6731392;0.6448637;0.6167809;0.5830407;473.8;0.2521244;False;11/23/2025 9:19:43 AM:867;1763860783867;;
1093;582;0.6733133;0.6370589;0.6821753;0.5486957;478.5;0.2560459;False;11/23/2025 9:19:43 AM:895;1763860783895;;
1087;570;0.6695985;0.6246819;0.6190597;0.5057827;482.5;0.2642042;False;11/23/2025 9:19:43 AM:920;1763860783920;;
1087;572;0.6698039;0.6264374;0.6792352;0.6696237;481.6;0.2486576;False;11/23/2025 9:19:43 AM:946;1763860783946;;
1087;572;0.6697919;0.6264095;0.6646977;0.620622;485.7;0.2506342;False;11/23/2025 9:19:43 AM:974;1763860783974;;
1087;572;0.6697822;0.6263894;0.6646178;0.6207249;489.4;0.250511;False;11/23/2025 9:19:43 AM:998;1763860783998;;
1087;572;0.6696208;0.6265554;0.6572745;0.6394395;487.0;0.2452466;False;11/23/2025 9:19:44 AM:27;1763860784027;;
1095;577;0.6742623;0.631872;0.7256876;0.7094028;487.2;0.2550603;False;11/23/2025 9:19:44 AM:53;1763860784053;;
1088;565;0.6704537;0.6186162;0.6216505;0.5033659;489.1;0.2551322;False;11/23/2025 9:19:44 AM:81;1763860784081;;
1089;563;0.6707983;0.6161676;0.6836819;0.5632434;488.7;0.2650796;False;11/23/2025 9:19:44 AM:108;1763860784108;;
1092;567;0.6728866;0.6204439;0.7081406;0.6872542;486.7;0.256622;False;11/23/2025 9:19:44 AM:134;1763860784134;;
1095;569;0.6745043;0.623386;0.7099713;0.6867587;485.0;0.2570142;False;11/23/2025 9:19:44 AM:157;1763860784157;;
1095;582;0.6743567;0.6376242;0.6660565;0.7674664;482.2;0.2520754;False;11/23/2025 9:19:44 AM:183;1763860784183;;
1098;593;0.6766338;0.6493831;0.7154875;0.7666821;479.6;0.2521916;False;11/23/2025 9:19:44 AM:210;1763860784210;;
1098;584;0.6762033;0.6392253;0.6622311;0.5427324;479.2;0.2426041;False;11/23/2025 9:19:44 AM:238;1763860784238;;
1098;589;0.6765716;0.6451119;0.6938949;0.730927;479.9;0.2576506;False;11/23/2025 9:19:44 AM:265;1763860784265;;
1098;589;0.6762502;0.6452723;0.6636454;0.6684811;478.7;0.2406471;False;11/23/2025 9:19:44 AM:291;1763860784291;;
1095;580;0.6745188;0.6350854;0.6422534;0.5357937;481.7;0.2455281;False;11/23/2025 9:19:44 AM:317;1763860784317;;
1095;572;0.6745934;0.6267696;0.6813715;0.5336651;481.8;0.2502004;False;11/23/2025 9:19:44 AM:343;1763860784343;;
1095;570;0.6746023;0.6238252;0.6772553;0.5637236;482.0;0.2504934;False;11/23/2025 9:19:44 AM:368;1763860784368;;
1093;559;0.6732143;0.612646;0.6433862;0.499224;482.4;0.2568284;False;11/23/2025 9:19:44 AM:394;1763860784394;;
1091;554;0.6721867;0.6070167;0.6447073;0.5211127;481.1;0.2587419;False;11/23/2025 9:19:44 AM:420;1763860784420;;
1091;558;0.6719055;0.6109768;0.6550992;0.6727093;482.6;0.2457888;False;11/23/2025 9:19:44 AM:446;1763860784446;;
1090;557;0.671516;0.6098341;0.6516922;0.5679725;482.8;0.246571;False;11/23/2025 9:19:44 AM:471;1763860784471;;
1090;558;0.6716498;0.610653;0.6783573;0.6375771;483.0;0.2468231;False;11/23/2025 9:19:44 AM:495;1763860784495;;
1088;562;0.6702567;0.6154819;0.6369327;0.6858119;482.9;0.2593426;False;11/23/2025 9:19:44 AM:521;1763860784521;;
1088;562;0.6702297;0.6153277;0.6646042;0.6011267;482.0;0.2651529;False;11/23/2025 9:19:44 AM:547;1763860784547;;
1091;563;0.6722078;0.6164668;0.7053533;0.6529291;481.2;0.2655354;False;11/23/2025 9:19:44 AM:572;1763860784572;;
1101;555;0.6784003;0.6079112;0.7388991;0.5099574;483.8;0.2553937;False;11/23/2025 9:19:44 AM:598;1763860784598;;
1101;551;0.6779632;0.6030397;0.6605112;0.5257501;483.3;0.2490395;False;11/23/2025 9:19:44 AM:625;1763860784625;;
1110;548;0.6839262;0.6003781;0.7428975;0.5397437;485.0;0.2407257;False;11/23/2025 9:19:44 AM:652;1763860784652;;
1103;546;0.6796412;0.5977733;0.6287464;0.5349668;483.0;0.2501027;False;11/23/2025 9:19:44 AM:678;1763860784678;;
1101;540;0.6783597;0.5919012;0.6474134;0.4979064;481.2;0.2503895;False;11/23/2025 9:19:44 AM:704;1763860784704;;
1097;540;0.6757014;0.5916625;0.631726;0.557823;483.9;0.2545731;False;11/23/2025 9:19:44 AM:731;1763860784731;;
1102;540;0.6790867;0.5915439;0.7197386;0.5848929;482.7;0.2623149;False;11/23/2025 9:19:44 AM:760;1763860784760;;
1097;554;0.6755599;0.6062027;0.6258907;0.7228644;480.8;0.2585984;False;11/23/2025 9:19:44 AM:786;1763860784786;;
1097;553;0.6757756;0.6055935;0.6846672;0.5695121;482.2;0.2545857;False;11/23/2025 9:19:44 AM:813;1763860784813;;
1097;547;0.6756817;0.5986311;0.6644665;0.4974137;484.4;0.2631126;False;11/23/2025 9:19:44 AM:837;1763860784837;;
1100;544;0.6777101;0.5955087;0.7121511;0.5212378;486.3;0.2635241;False;11/23/2025 9:19:44 AM:861;1763860784861;;
1100;543;0.677368;0.5941085;0.661165;0.5378028;488.8;0.2697753;False;11/23/2025 9:19:44 AM:888;1763860784888;;
1099;548;0.6769692;0.6000245;0.6582275;0.6704464;488.9;0.2548529;False;11/23/2025 9:19:44 AM:914;1763860784914;;
1104;548;0.6798052;0.5999072;0.7199397;0.572918;487.3;0.2428002;False;11/23/2025 9:19:44 AM:940;1763860784940;;
1103;548;0.6796475;0.5998358;0.6685191;0.5948833;486.2;0.2455973;False;11/23/2025 9:19:44 AM:966;1763860784966;;
1103;548;0.6795262;0.5997797;0.6685759;0.5948124;485.3;0.2456826;False;11/23/2025 9:19:44 AM:989;1763860784989;;
1103;549;0.6795534;0.6014475;0.6824308;0.6384996;485.1;0.2496509;False;11/23/2025 9:19:45 AM:16;1763860785016;;
1100;548;0.6778576;0.5997007;0.6414724;0.5459532;483.2;0.2370227;False;11/23/2025 9:19:45 AM:39;1763860785039;;
1099;548;0.6769776;0.5996677;0.648609;0.5960449;481.6;0.237381;False;11/23/2025 9:19:45 AM:63;1763860785063;;
1099;547;0.6771312;0.5990003;0.6840993;0.5630871;479.4;0.2631932;False;11/23/2025 9:19:45 AM:88;1763860785088;;
1095;539;0.6743901;0.5906823;0.6279922;0.4823033;479.3;0.2386228;False;11/23/2025 9:19:45 AM:113;1763860785113;;
1095;571;0.6744806;0.6249031;0.6792631;0.8097749;478.9;0.250621;False;11/23/2025 9:19:45 AM:138;1763860785138;;
1095;593;0.6747119;0.6495045;0.6847099;0.8085936;478.6;0.2508126;False;11/23/2025 9:19:45 AM:161;1763860785161;;
1095;597;0.6746676;0.6533447;0.665961;0.7125204;478.1;0.2449004;False;11/23/2025 9:19:45 AM:186;1763860785186;;
1096;597;0.6752336;0.6538823;0.6925481;0.6737484;477.2;0.2625364;False;11/23/2025 9:19:45 AM:212;1763860785212;;
1093;583;0.6731308;0.6388541;0.6338833;0.5029357;476.9;0.2545814;False;11/23/2025 9:19:45 AM:236;1763860785236;;
1093;572;0.6733058;0.626386;0.6819614;0.4974194;476.6;0.2553051;False;11/23/2025 9:19:45 AM:261;1763860785261;;
1093;554;0.6730383;0.6068729;0.6572598;0.451648;474.9;0.2548041;False;11/23/2025 9:19:45 AM:287;1763860785287;;
1088;571;0.6703266;0.6250229;0.6260673;0.7544157;473.8;0.2465522;False;11/23/2025 9:19:45 AM:314;1763860785314;;
1088;572;0.670316;0.6258405;0.6621931;0.6509821;473.0;0.2548831;False;11/23/2025 9:19:45 AM:339;1763860785339;;
1086;571;0.669122;0.6255292;0.6368441;0.601142;474.8;0.2570599;False;11/23/2025 9:19:45 AM:367;1763860785367;;
1085;571;0.6682162;0.6252924;0.6367785;0.6012419;476.4;0.2569628;False;11/23/2025 9:19:45 AM:391;1763860785391;;
1085;565;0.66817;0.6185505;0.6581256;0.5248762;476.9;0.2449895;False;11/23/2025 9:19:45 AM:417;1763860785417;;
1084;565;0.667921;0.6184888;0.6469792;0.6121637;477.9;0.2576134;False;11/23/2025 9:19:45 AM:442;1763860785442;;
1084;566;0.667897;0.6198131;0.6532727;0.6531779;478.9;0.2576707;False;11/23/2025 9:19:45 AM:467;1763860785467;;
1086;572;0.668975;0.6261863;0.6896858;0.7055779;478.6;0.2495766;False;11/23/2025 9:19:45 AM:493;1763860785493;;
1082;569;0.6666589;0.6229963;0.6241815;0.5621956;479.6;0.2466343;False;11/23/2025 9:19:45 AM:522;1763860785522;;
1078;567;0.6643286;0.6207967;0.6198912;0.5664413;479.4;0.2459901;False;11/23/2025 9:19:45 AM:550;1763860785550;;
1079;555;0.6646858;0.6082882;0.6742238;0.4843594;478.3;0.2691935;False;11/23/2025 9:19:45 AM:576;1763860785576;;
1079;583;0.6650056;0.6389325;0.6741633;0.7995995;480.8;0.2406898;False;11/23/2025 9:19:45 AM:607;1763860785607;;
1079;599;0.6650024;0.6559505;0.6560583;0.7851082;483.0;0.2405404;False;11/23/2025 9:19:45 AM:633;1763860785633;;
1076;589;0.66313;0.6452166;0.6224772;0.5271344;481.2;0.2416716;False;11/23/2025 9:19:45 AM:657;1763860785657;;
1077;587;0.6635333;0.6425354;0.6746505;0.5800582;479.9;0.2654321;False;11/23/2025 9:19:45 AM:685;1763860785685;;
1077;571;0.663525;0.6247334;0.6628444;0.4789311;479.5;0.2620012;False;11/23/2025 9:19:45 AM:714;1763860785714;;
1076;570;0.6629713;0.6246566;0.6400611;0.6201038;479.0;0.2578085;False;11/23/2025 9:19:45 AM:741;1763860785741;;
1084;588;0.6677716;0.644408;0.7189776;0.7813702;477.8;0.2537837;False;11/23/2025 9:19:45 AM:767;1763860785767;;
1090;601;0.6712523;0.6581867;0.7190404;0.7813406;476.6;0.2538964;False;11/23/2025 9:19:45 AM:790;1763860785790;;
1090;584;0.6715731;0.6395916;0.6855922;0.4935431;479.6;0.2503549;False;11/23/2025 9:19:45 AM:817;1763860785817;;
1088;582;0.670515;0.6376382;0.6436095;0.580887;479.5;0.2490658;False;11/23/2025 9:19:45 AM:841;1763860785841;;
1096;588;0.6750541;0.6440496;0.7301823;0.7249967;479.3;0.2498555;False;11/23/2025 9:19:45 AM:865;1763860785865;;
1098;603;0.6765647;0.660651;0.7083298;0.7882357;477.9;0.251415;False;11/23/2025 9:19:45 AM:893;1763860785893;;
1091;600;0.6720688;0.6575474;0.6210037;0.5953875;476.3;0.2522779;False;11/23/2025 9:19:45 AM:919;1763860785919;;
1079;612;0.6647833;0.6701322;0.5970646;0.7844945;476.8;0.2040436;False;11/23/2025 9:19:45 AM:945;1763860785945;;
1073;610;0.660868;0.6682937;0.6097277;0.620146;481.5;0.1238676;True;11/23/2025 9:19:45 AM:972;1763860785972;;
1066;610;0.6568899;0.6677132;0.6019147;0.6361597;485.7;0.1236885;True;11/23/2025 9:19:45 AM:996;1763860785996;;
1020;610;0.6284342;0.6677133;0.5011172;0.6677173;491.1;0.1035194;True;11/23/2025 9:19:46 AM:24;1763860786024;;
1019;608;0.6279113;0.6659411;0.6073555;0.6144027;494.4;0.1639654;True;11/23/2025 9:19:46 AM:49;1763860786049;;
1019;602;0.6275661;0.6593818;0.6090889;0.561978;493.6;0.1870112;False;11/23/2025 9:19:46 AM:73;1763860786073;;
1020;599;0.6284721;0.6556308;0.6503506;0.5793101;496.0;0.2120453;False;11/23/2025 9:19:46 AM:98;1763860786098;;
1022;592;0.6294886;0.6477499;0.6557851;0.5345166;498.1;0.2123591;False;11/23/2025 9:19:46 AM:121;1763860786121;;
1023;592;0.6301323;0.6478345;0.6517541;0.6514659;496.7;0.2086186;False;11/23/2025 9:19:46 AM:144;1763860786144;;
1026;591;0.6321716;0.6476675;0.6696487;0.61742;494.8;0.2293916;False;11/23/2025 9:19:46 AM:170;1763860786170;;
1025;586;0.631491;0.6420553;0.6128324;0.5501043;495.1;0.2306862;False;11/23/2025 9:19:46 AM:197;1763860786197;;
1025;579;0.6312029;0.6340945;0.6181807;0.5226033;495.4;0.2308282;False;11/23/2025 9:19:46 AM:223;1763860786223;;
1024;576;0.6307958;0.6310962;0.6141033;0.5517532;494.6;0.2292206;False;11/23/2025 9:19:46 AM:248;1763860786248;;
1024;576;0.6306767;0.6303065;0.6209646;0.5760321;495.0;0.2524463;False;11/23/2025 9:19:46 AM:275;1763860786275;;
1024;575;0.6306906;0.6301746;0.6328825;0.6247764;495.3;0.2527499;False;11/23/2025 9:19:46 AM:297;1763860786297;;
1042;593;0.6420676;0.6497259;0.7248065;0.7807072;494.7;0.2454772;False;11/23/2025 9:19:46 AM:323;1763860786323;;
1041;593;0.6411464;0.6495681;0.6164081;0.6156818;497.7;0.2480915;False;11/23/2025 9:19:46 AM:349;1763860786349;;
1054;608;0.6494156;0.6655389;0.7217346;0.7884881;495.3;0.2402182;False;11/23/2025 9:19:46 AM:375;1763860786375;;
1073;621;0.6610484;0.6798201;0.7513219;0.8040778;493.2;0.2405049;False;11/23/2025 9:19:46 AM:397;1763860786397;;
1075;634;0.6622849;0.6943465;0.6917143;0.8141895;490.4;0.2371256;False;11/23/2025 9:19:46 AM:423;1763860786423;;
1080;641;0.6651314;0.7023505;0.7103958;0.7934238;488.5;0.2575286;False;11/23/2025 9:19:46 AM:448;1763860786448;;
1081;645;0.6661785;0.7062466;0.6971555;0.7739487;487.7;0.2618811;False;11/23/2025 9:19:46 AM:473;1763860786473;;
1080;618;0.6650906;0.6766335;0.6423984;0.5004796;486.0;0.2351811;False;11/23/2025 9:19:46 AM:499;1763860786499;;
1078;599;0.6642464;0.655603;0.6424108;0.5004771;484.5;0.2351993;False;11/23/2025 9:19:46 AM:523;1763860786523;;
1079;595;0.6648375;0.6519631;0.6868834;0.5855367;483.0;0.2596988;False;11/23/2025 9:19:46 AM:548;1763860786548;;
1079;582;0.6649107;0.6378334;0.6750796;0.5078801;482.0;0.254201;False;11/23/2025 9:19:46 AM:573;1763860786573;;
1084;592;0.6680073;0.6482848;0.716422;0.7539208;481.8;0.2497112;False;11/23/2025 9:19:46 AM:598;1763860786598;;
1090;601;0.6716408;0.6577864;0.7270896;0.7654215;481.7;0.2499173;False;11/23/2025 9:19:46 AM:622;1763860786622;;
1090;580;0.6715781;0.6354261;0.668548;0.4784752;481.6;0.2519535;False;11/23/2025 9:19:46 AM:646;1763860786646;;
1090;585;0.6714554;0.6404964;0.6657495;0.7192528;479.4;0.2622335;False;11/23/2025 9:19:46 AM:671;1763860786671;;
1090;589;0.6713526;0.644666;0.66583;0.7191469;477.5;0.2623722;False;11/23/2025 9:19:46 AM:695;1763860786695;;
1096;600;0.6753165;0.6572979;0.7299702;0.7845846;478.3;0.2463034;False;11/23/2025 9:19:46 AM:720;1763860786720;;
1098;602;0.6766841;0.6587623;0.7125651;0.7107817;475.3;0.2494087;False;11/23/2025 9:19:46 AM:745;1763860786745;;
1099;607;0.6769719;0.6645706;0.6977113;0.7563387;475.3;0.2534232;False;11/23/2025 9:19:46 AM:771;1763860786771;;
1099;611;0.6772024;0.6690077;0.697749;0.7562784;475.4;0.253476;False;11/23/2025 9:19:46 AM:796;1763860786796;;
1100;605;0.6776455;0.6619312;0.7033039;0.5823657;475.8;0.242954;False;11/23/2025 9:19:46 AM:820;1763860786820;;
1089;587;0.6710345;0.6429845;0.6112863;0.5047723;480.8;0.2557768;False;11/23/2025 9:19:46 AM:844;1763860786844;;
1087;582;0.6693757;0.6371409;0.6418502;0.5648308;480.0;0.2738759;False;11/23/2025 9:19:46 AM:873;1763860786873;;
1085;574;0.6683522;0.6289563;0.6454502;0.5376217;484.4;0.2794448;False;11/23/2025 9:19:46 AM:899;1763860786899;;
1083;568;0.6671658;0.6216513;0.6400234;0.529241;488.4;0.2799992;False;11/23/2025 9:19:46 AM:925;1763860786925;;
1079;565;0.6644279;0.6185663;0.6211499;0.5543025;488.6;0.2655556;False;11/23/2025 9:19:46 AM:949;1763860786949;;
1079;562;0.6645709;0.6149605;0.6729043;0.5438798;488.5;0.259809;False;11/23/2025 9:19:46 AM:974;1763860786974;;
1079;553;0.6644105;0.6058278;0.6529629;0.4967591;487.9;0.287703;False;11/23/2025 9:19:47 AM:1;1763860787001;;
1093;553;0.673341;0.6057982;0.7470922;0.6038978;487.8;0.2730284;False;11/23/2025 9:19:47 AM:27;1763860787027;;
1104;553;0.6800453;0.6057738;0.7471038;0.6038813;487.7;0.2730483;False;11/23/2025 9:19:47 AM:51;1763860787051;;
1104;542;0.6800478;0.5936443;0.6811576;0.4628393;486.5;0.2789552;False;11/23/2025 9:19:47 AM:73;1763860787073;;
1094;538;0.6737207;0.5891742;0.6100263;0.5046539;487.3;0.2670438;False;11/23/2025 9:19:47 AM:99;1763860787099;;
1086;535;0.6688813;0.5856284;0.6100291;0.5046542;488.0;0.267012;False;11/23/2025 9:19:47 AM:122;1763860787122;;
1079;532;0.6648161;0.5824775;0.6107989;0.5047848;488.3;0.2831113;False;11/23/2025 9:19:47 AM:147;1763860787147;;
1085;531;0.6681659;0.5810386;0.7125364;0.5192834;487.3;0.2655841;False;11/23/2025 9:19:47 AM:172;1763860787172;;
1089;529;0.670922;0.5793225;0.7142683;0.5108286;486.4;0.2658581;False;11/23/2025 9:19:47 AM:194;1763860787194;;
1089;529;0.6709085;0.5791661;0.6679687;0.5366457;486.4;0.2604709;False;11/23/2025 9:19:47 AM:221;1763860787221;;
1087;524;0.6696728;0.5742353;0.6409286;0.477694;486.2;0.2758412;False;11/23/2025 9:19:47 AM:247;1763860787247;;
1087;541;0.6697094;0.5928247;0.6733184;0.71653;483.5;0.2515088;False;11/23/2025 9:19:47 AM:273;1763860787273;;
1087;539;0.6696866;0.5898331;0.6643611;0.5093472;482.4;0.2558577;False;11/23/2025 9:19:47 AM:298;1763860787298;;
1087;535;0.6696848;0.585451;0.6675112;0.4889521;481.5;0.2562487;False;11/23/2025 9:19:47 AM:320;1763860787320;;
1086;533;0.6689125;0.5833877;0.6441146;0.5076853;480.2;0.267543;False;11/23/2025 9:19:47 AM:345;1763860787345;;
1093;549;0.6736329;0.6014223;0.7269249;0.7241675;481.8;0.2674247;False;11/23/2025 9:19:47 AM:370;1763860787370;;
1088;546;0.6700335;0.5984463;0.6188508;0.5154798;484.1;0.265501;False;11/23/2025 9:19:47 AM:394;1763860787394;;
1085;544;0.6686854;0.5954567;0.6361993;0.512369;486.1;0.2661362;False;11/23/2025 9:19:47 AM:419;1763860787419;;
1105;544;0.6810116;0.5959724;0.7667103;0.6078507;484.5;0.2817383;False;11/23/2025 9:19:47 AM:443;1763860787443;;
1108;547;0.6828001;0.5986256;0.7155011;0.6406465;482.1;0.2598688;False;11/23/2025 9:19:47 AM:467;1763860787467;;
1108;548;0.6827825;0.6000021;0.6784288;0.6291924;483.1;0.2584498;False;11/23/2025 9:19:47 AM:495;1763860787495;;
1108;549;0.6827686;0.6010486;0.678416;0.6292205;484.0;0.2584365;False;11/23/2025 9:19:47 AM:517;1763860787517;;
1109;550;0.6832295;0.6021308;0.6994799;0.6304175;485.2;0.2639989;False;11/23/2025 9:19:47 AM:544;1763860787544;;
1110;542;0.6836275;0.5940668;0.7000614;0.4928116;485.4;0.2710143;False;11/23/2025 9:19:47 AM:571;1763860787571;;
1113;542;0.6854845;0.5938972;0.7232955;0.5686423;485.6;0.2718131;False;11/23/2025 9:19:47 AM:594;1763860787594;;
1112;542;0.685307;0.5939045;0.6764515;0.5944055;484.8;0.2630729;False;11/23/2025 9:19:47 AM:619;1763860787619;;
1123;544;0.6915602;0.5958054;0.7586432;0.6384747;487.9;0.2576501;False;11/23/2025 9:19:47 AM:643;1763860787643;;
1131;557;0.6969277;0.6095367;0.7609273;0.7343805;490.3;0.2403542;False;11/23/2025 9:19:47 AM:667;1763860787667;;
1140;569;0.7022769;0.6228526;0.7694975;0.7522653;492.4;0.2404902;False;11/23/2025 9:19:47 AM:688;1763860787688;;
1139;576;0.7015142;0.6304699;0.6831112;0.7269808;494.8;0.2413644;False;11/23/2025 9:19:47 AM:714;1763860787714;;
1122;576;0.690897;0.6304648;0.6098989;0.6296104;499.5;0.2447158;False;11/23/2025 9:19:47 AM:737;1763860787737;;
1118;549;0.6885468;0.6016641;0.65108;0.4252186;502.7;0.2467642;False;11/23/2025 9:19:47 AM:762;1763860787762;;
1115;531;0.6867307;0.5810515;0.6510699;0.4253373;505.5;0.246645;False;11/23/2025 9:19:47 AM:784;1763860787784;;
1109;529;0.6830519;0.5789589;0.6328185;0.53018;506.2;0.2459466;False;11/23/2025 9:19:47 AM:810;1763860787810;;
1106;533;0.6811668;0.5832044;0.6428953;0.6542276;505.0;0.2485661;False;11/23/2025 9:19:47 AM:834;1763860787834;;
1098;533;0.6762686;0.5833707;0.6149049;0.6004799;506.2;0.2585407;False;11/23/2025 9:19:47 AM:858;1763860787858;;
1091;534;0.6721267;0.5844187;0.6114763;0.6255296;507.3;0.2588795;False;11/23/2025 9:19:47 AM:881;1763860787881;;
1091;534;0.6721138;0.5844299;0.6713159;0.5952404;506.3;0.264391;False;11/23/2025 9:19:47 AM:905;1763860787905;;
1093;516;0.673551;0.5649843;0.7000271;0.4205573;508.1;0.2443687;False;11/23/2025 9:19:47 AM:930;1763860787930;;
1095;502;0.6747479;0.5498325;0.7000626;0.4205068;509.7;0.2444043;False;11/23/2025 9:19:47 AM:955;1763860787955;;
1089;505;0.671051;0.5533971;0.6174882;0.6217149;510.6;0.2428404;False;11/23/2025 9:19:47 AM:978;1763860787978;;
1084;508;0.6675245;0.5561558;0.6140668;0.6186274;512.8;0.2548225;False;11/23/2025 9:19:48 AM:2;1763860788002;;
1079;510;0.6644741;0.558421;0.6128356;0.6180198;514.8;0.2549003;False;11/23/2025 9:19:48 AM:25;1763860788025;;
1077;509;0.6634984;0.5579147;0.6301639;0.5389433;513.8;0.2668922;False;11/23/2025 9:19:48 AM:49;1763860788049;;
1077;496;0.6634331;0.5429986;0.658605;0.4160085;513.6;0.2526721;False;11/23/2025 9:19:48 AM:74;1763860788074;;
1077;495;0.6633741;0.5425244;0.659503;0.5225576;514.5;0.2458636;False;11/23/2025 9:19:48 AM:104;1763860788104;;
1078;495;0.6639425;0.54259;0.6790455;0.5527602;515.6;0.2498673;False;11/23/2025 9:19:48 AM:128;1763860788128;;
1079;497;0.6647024;0.5446528;0.6851403;0.5994431;516.7;0.2507682;False;11/23/2025 9:19:48 AM:150;1763860788150;;
1078;496;0.6639926;0.5427748;0.6385974;0.4980044;515.5;0.2491015;False;11/23/2025 9:19:48 AM:175;1763860788175;;
1076;491;0.6627108;0.5377054;0.6290883;0.4611856;513.7;0.2472409;False;11/23/2025 9:19:48 AM:200;1763860788200;;
1064;491;0.6554269;0.5377014;0.5818685;0.5326268;515.2;0.2379853;False;11/23/2025 9:19:48 AM:225;1763860788225;;
1059;489;0.6523024;0.5356968;0.6000973;0.4841402;516.6;0.2382157;False;11/23/2025 9:19:48 AM:250;1763860788250;;
1048;489;0.6453589;0.5357649;0.573189;0.5411806;517.3;0.2486191;False;11/23/2025 9:19:48 AM:278;1763860788278;;
1024;474;0.6309468;0.5186757;0.5252985;0.3728121;517.8;0.252638;False;11/23/2025 9:19:48 AM:301;1763860788301;;
982;473;0.6051368;0.5181789;0.4701831;0.4871289;517.4;0.2546277;False;11/23/2025 9:19:48 AM:326;1763860788326;;
942;472;0.5801113;0.5171763;0.4516518;0.4747658;517.1;0.2548158;False;11/23/2025 9:19:48 AM:351;1763860788351;;
942;467;0.5801771;0.5115705;0.5851992;0.4238574;518.1;0.2389697;False;11/23/2025 9:19:48 AM:377;1763860788377;;
928;461;0.571785;0.5052272;0.4956227;0.4059885;514.9;0.2425158;False;11/23/2025 9:19:48 AM:401;1763860788401;;
905;458;0.5575506;0.5012636;0.4534254;0.4131392;512.0;0.2429291;False;11/23/2025 9:19:48 AM:422;1763860788422;;
894;428;0.550674;0.4693357;0.4776943;0.256817;513.3;0.2454953;False;11/23/2025 9:19:48 AM:445;1763860788445;;
887;431;0.5465166;0.472596;0.4899678;0.525736;515.9;0.2534104;False;11/23/2025 9:19:48 AM:468;1763860788468;;
879;436;0.5418664;0.4779159;0.4802657;0.5519611;518.3;0.2531381;False;11/23/2025 9:19:48 AM:493;1763860788493;;
877;436;0.5405886;0.4779201;0.5061509;0.478397;520.1;0.2445883;False;11/23/2025 9:19:48 AM:522;1763860788522;;
877;436;0.5405615;0.477745;0.5274782;0.458148;520.8;0.2494691;False;11/23/2025 9:19:48 AM:545;1763860788545;;
860;436;0.529798;0.4775981;0.4355758;0.4580637;523.0;0.249387;False;11/23/2025 9:19:48 AM:568;1763860788568;;
832;434;0.5124248;0.4755807;0.398796;0.4191051;526.7;0.2530256;False;11/23/2025 9:19:48 AM:591;1763860788591;;
811;433;0.4999696;0.4739985;0.398823;0.4190764;530.0;0.2530521;False;11/23/2025 9:19:48 AM:613;1763860788613;;
808;438;0.4978181;0.4802946;0.4518436;0.5619641;530.0;0.2337207;False;11/23/2025 9:19:48 AM:635;1763860788635;;
732;435;0.4511541;0.4760037;0.2823948;0.3982676;529.5;0.2337077;False;11/23/2025 9:19:48 AM:661;1763860788661;;
676;433;0.416543;0.47475;0.2681977;0.4243556;529.0;0.2338634;False;11/23/2025 9:19:48 AM:683;1763860788683;;
583;433;0.3594311;0.4746853;0.1890233;0.4681606;530.3;0.2384123;False;11/23/2025 9:19:48 AM:707;1763860788707;;
584;442;0.3596799;0.4840517;0.3955008;0.583747;530.6;0.2363489;False;11/23/2025 9:19:48 AM:731;1763860788731;;
542;443;0.3339318;0.4853082;0.2213778;0.5215196;530.1;0.2458077;False;11/23/2025 9:19:48 AM:754;1763860788754;;
498;442;0.306781;0.4838206;0.1923409;0.4363052;529.6;0.2459511;False;11/23/2025 9:19:48 AM:777;1763860788777;;
499;446;0.3073067;0.4889076;0.3185835;0.5651629;531.4;0.2459616;False;11/23/2025 9:19:48 AM:799;1763860788799;;
487;449;0.2999952;0.4921465;0.2447614;0.5565314;533.0;0.2461352;False;11/23/2025 9:19:48 AM:821;1763860788821;;
487;450;0.3000171;0.4928573;0.300452;0.5237834;534.7;0.2453617;False;11/23/2025 9:19:48 AM:847;1763860788847;;
487;454;0.3002158;0.4971108;0.3058449;0.5725479;535.1;0.2435929;False;11/23/2025 9:19:48 AM:871;1763860788871;;
489;454;0.3013388;0.4974474;0.3469997;0.5246829;536.7;0.2518883;False;11/23/2025 9:19:48 AM:894;1763860788894;;
490;454;0.3018085;0.4972202;0.3404396;0.4847523;538.2;0.2520594;False;11/23/2025 9:19:48 AM:917;1763860788917;;
490;455;0.3019609;0.4981693;0.327626;0.5387031;535.2;0.2521731;False;11/23/2025 9:19:48 AM:940;1763860788940;;
487;460;0.3003621;0.5042037;0.2785973;0.5956401;535.0;0.2453037;False;11/23/2025 9:19:48 AM:966;1763860788966;;
488;465;0.3006518;0.5089576;0.3313124;0.5959287;534.8;0.2450794;False;11/23/2025 9:19:48 AM:989;1763860788989;;
488;465;0.3008597;0.5088429;0.3145842;0.5038052;535.5;0.2500062;False;11/23/2025 9:19:49 AM:15;1763860789015;;
459;464;0.2827365;0.5079933;0.1884001;0.4840451;535.0;0.2472098;False;11/23/2025 9:19:49 AM:40;1763860789040;;
455;465;0.2807161;0.508864;0.2510532;0.5510193;532.6;0.2354917;False;11/23/2025 9:19:49 AM:63;1763860789063;;
506;472;0.3117266;0.5166696;0.4594816;0.6244379;529.9;0.2437155;False;11/23/2025 9:19:49 AM:87;1763860789087;;
543;478;0.3347896;0.5231402;0.4594585;0.6244469;527.4;0.2436932;False;11/23/2025 9:19:49 AM:109;1763860789109;;
543;478;0.3347832;0.5232234;0.3335626;0.5276686;525.3;0.2209723;False;11/23/2025 9:19:49 AM:137;1763860789137;;
543;478;0.3347703;0.5234222;0.3324098;0.5545619;524.8;0.2416689;False;11/23/2025 9:19:49 AM:161;1763860789161;;
543;481;0.3347515;0.5270436;0.3317277;0.6043023;525.2;0.2426223;False;11/23/2025 9:19:49 AM:188;1763860789188;;
527;487;0.3248436;0.5337189;0.2447087;0.6383486;525.5;0.2428141;False;11/23/2025 9:19:49 AM:213;1763860789213;;
534;487;0.3291437;0.5333185;0.3827366;0.5215856;522.3;0.2334836;False;11/23/2025 9:19:49 AM:236;1763860789236;;
533;488;0.3283903;0.5340032;0.3066317;0.5793548;519.5;0.2340069;False;11/23/2025 9:19:49 AM:261;1763860789261;;
532;493;0.3276599;0.5402318;0.3045512;0.6425081;516.8;0.2232904;False;11/23/2025 9:19:49 AM:287;1763860789287;;
527;496;0.3246868;0.5429919;0.2781182;0.6199986;516.2;0.2506835;False;11/23/2025 9:19:49 AM:311;1763860789311;;
506;497;0.3121514;0.5441436;0.2217719;0.6036934;516.7;0.2161056;False;11/23/2025 9:19:49 AM:337;1763860789337;;
504;497;0.3107909;0.5444261;0.27592;0.5668744;517.3;0.2288745;False;11/23/2025 9:19:49 AM:361;1763860789361;;
504;498;0.3107749;0.5457225;0.3022681;0.6084715;517.8;0.2290768;False;11/23/2025 9:19:49 AM:385;1763860789385;;
505;501;0.3113304;0.5488777;0.3260528;0.630207;516.8;0.228205;False;11/23/2025 9:19:49 AM:413;1763860789413;;
501;503;0.3087829;0.5510087;0.2639265;0.6271259;518.6;0.2396846;False;11/23/2025 9:19:49 AM:438;1763860789438;;
499;501;0.3074744;0.5486002;0.272756;0.5125641;518.4;0.2342726;False;11/23/2025 9:19:49 AM:464;1763860789464;;
491;510;0.3023775;0.5585389;0.2417024;0.6788231;521.2;0.1604652;True;11/23/2025 9:19:49 AM:492;1763860789492;;
486;519;0.299769;0.5678363;0.2481996;0.6976508;523.7;0.1603645;True;11/23/2025 9:19:49 AM:515;1763860789515;;
528;524;0.3255325;0.5743;0.4388215;0.6835748;527.8;0.1398222;True;11/23/2025 9:19:49 AM:541;1763860789541;;
644;534;0.3966744;0.5853149;0.579495;0.7223862;531.7;0.1076356;True;11/23/2025 9:19:49 AM:567;1763860789567;;
689;536;0.4245042;0.5869067;0.5325357;0.6629069;531.6;0.1317002;True;11/23/2025 9:19:49 AM:591;1763860789591;;
715;539;0.4407092;0.5903249;0.5186141;0.6853843;530.5;0.1566698;True;11/23/2025 9:19:49 AM:617;1763860789617;;
742;542;0.4572397;0.5935564;0.5414045;0.6911839;529.6;0.1568191;True;11/23/2025 9:19:49 AM:640;1763860789640;;
741;556;0.4565147;0.6088008;0.4196553;0.7608078;529.7;0.1529354;True;11/23/2025 9:19:49 AM:670;1763860789670;;
740;569;0.4562781;0.6229305;0.4133555;0.7809655;529.7;0.1526126;True;11/23/2025 9:19:49 AM:695;1763860789695;;
748;568;0.4608875;0.6217514;0.4949808;0.6051434;528.5;0.1921062;False;11/23/2025 9:19:49 AM:724;1763860789724;;
803;564;0.4946359;0.6181409;0.6100364;0.5756568;524.8;0.20078;False;11/23/2025 9:19:49 AM:754;1763860789754;;
844;558;0.5200904;0.6110518;0.6223358;0.538487;520.5;0.2029036;False;11/23/2025 9:19:49 AM:780;1763860789780;;
865;558;0.5330629;0.6114576;0.6055651;0.6526295;516.1;0.2149442;False;11/23/2025 9:19:49 AM:805;1763860789805;;
886;558;0.545872;0.6106305;0.6180709;0.5906122;513.5;0.2119894;False;11/23/2025 9:19:49 AM:831;1763860789831;;
906;548;0.5579741;0.6004307;0.6272017;0.5066204;509.4;0.2344154;False;11/23/2025 9:19:49 AM:858;1763860789858;;
920;541;0.5665797;0.59282;0.6272041;0.5066205;505.7;0.2343937;False;11/23/2025 9:19:49 AM:885;1763860789885;;
928;540;0.5717998;0.5913709;0.6173608;0.5546331;506.1;0.2245272;False;11/23/2025 9:19:49 AM:913;1763860789913;;
940;535;0.5792372;0.5858576;0.6273192;0.5212759;505.9;0.2166122;False;11/23/2025 9:19:49 AM:953;1763860789953;;
943;535;0.581167;0.5860034;0.611743;0.5961227;510.1;0.2223175;False;11/23/2025 9:19:49 AM:979;1763860789979;;
906;540;0.5582048;0.5914208;0.4354855;0.6710816;511.8;0.2205948;False;11/23/2025 9:19:50 AM:4;1763860790004;;
861;540;0.530772;0.5911242;0.4005167;0.5724116;515.0;0.2174328;False;11/23/2025 9:19:50 AM:28;1763860790028;;
859;538;0.5293841;0.5891178;0.4999939;0.5377436;513.8;0.2336846;False;11/23/2025 9:19:50 AM:52;1763860790052;;
846;536;0.5212635;0.586509;0.4491031;0.5269322;512.7;0.233935;False;11/23/2025 9:19:50 AM:77;1763860790077;;
825;532;0.5080451;0.5829586;0.4183165;0.5133953;515.5;0.2392388;False;11/23/2025 9:19:50 AM:103;1763860790103;;
813;531;0.5008992;0.5812954;0.4322591;0.5280582;518.0;0.2396119;False;11/23/2025 9:19:50 AM:128;1763860790128;;
812;530;0.5005968;0.5798948;0.4826768;0.5261713;519.6;0.264474;False;11/23/2025 9:19:50 AM:151;1763860790151;;
813;526;0.501213;0.5760739;0.5184928;0.4975761;520.9;0.2564487;False;11/23/2025 9:19:50 AM:178;1763860790178;;
820;516;0.5053045;0.5646783;0.5561527;0.4348681;520.2;0.2406398;False;11/23/2025 9:19:50 AM:203;1763860790203;;
825;497;0.5084035;0.5440714;0.5560809;0.3694643;523.1;0.2474891;False;11/23/2025 9:19:50 AM:225;1763860790225;;
828;470;0.5102056;0.5147648;0.5499558;0.303894;525.7;0.2478147;False;11/23/2025 9:19:50 AM:246;1763860790246;;
870;469;0.5359632;0.513325;0.6572465;0.4581414;525.2;0.243465;False;11/23/2025 9:19:50 AM:273;1763860790273;;
924;470;0.5692237;0.5142626;0.710808;0.5374033;525.0;0.2519955;False;11/23/2025 9:19:50 AM:297;1763860790297;;
925;471;0.5698938;0.5156565;0.5880728;0.5486797;524.9;0.2474097;False;11/23/2025 9:19:50 AM:321;1763860790321;;
923;478;0.5684633;0.5233523;0.5329643;0.6135902;524.9;0.2477421;False;11/23/2025 9:19:50 AM:345;1763860790345;;
956;480;0.5887594;0.5258732;0.7000765;0.5786781;523.4;0.2541228;False;11/23/2025 9:19:50 AM:367;1763860790367;;
956;480;0.5887172;0.5258449;0.5838593;0.5174192;521.2;0.2558785;False;11/23/2025 9:19:50 AM:391;1763860790391;;
966;481;0.5951002;0.5266716;0.6567015;0.5573167;521.2;0.2490577;False;11/23/2025 9:19:50 AM:415;1763860790415;;
980;481;0.60374;0.5272701;0.6786216;0.5553278;521.2;0.2493581;False;11/23/2025 9:19:50 AM:438;1763860790438;;
987;480;0.6080204;0.5261456;0.660984;0.4889272;519.6;0.2471722;False;11/23/2025 9:19:50 AM:462;1763860790462;;
994;479;0.6124341;0.5248293;0.6672187;0.483015;517.8;0.2537853;False;11/23/2025 9:19:50 AM:485;1763860790485;;
997;465;0.614195;0.5091012;0.6505638;0.3714067;516.1;0.2540047;False;11/23/2025 9:19:50 AM:511;1763860790511;;
997;465;0.6142018;0.5091735;0.6192413;0.5152601;516.8;0.2579094;False;11/23/2025 9:19:50 AM:533;1763860790533;;
998;465;0.6147167;0.5089401;0.6379616;0.4863196;517.3;0.2586212;False;11/23/2025 9:19:50 AM:555;1763860790555;;
1000;460;0.616229;0.5033178;0.6538725;0.4124941;518.1;0.2508237;False;11/23/2025 9:19:50 AM:578;1763860790578;;
1027;443;0.6325223;0.4847215;0.7393779;0.329976;519.5;0.2656892;False;11/23/2025 9:19:50 AM:601;1763860790601;;
1029;422;0.6339354;0.4623915;0.6701567;0.2927708;518.2;0.2513053;False;11/23/2025 9:19:50 AM:626;1763860790626;;
1031;407;0.6350775;0.4456732;0.670222;0.2927629;517.0;0.2513488;False;11/23/2025 9:19:50 AM:648;1763860790648;;
1031;411;0.6354454;0.4499246;0.6593993;0.5137489;516.4;0.2439267;False;11/23/2025 9:19:50 AM:672;1763860790672;;
1032;414;0.635516;0.4533809;0.6525695;0.5139095;517.8;0.2491029;False;11/23/2025 9:19:50 AM:697;1763860790697;;
1028;412;0.633357;0.4512663;0.5990891;0.3941584;520.3;0.2426189;False;11/23/2025 9:19:50 AM:718;1763860790718;;
1025;399;0.6317424;0.4367183;0.6000665;0.2897458;522.6;0.2428816;False;11/23/2025 9:19:50 AM:739;1763860790739;;
1026;413;0.6318557;0.4525537;0.6449977;0.582287;519.8;0.244576;False;11/23/2025 9:19:50 AM:763;1763860790763;;
1043;414;0.6424184;0.4533148;0.7318734;0.4817583;521.5;0.240879;False;11/23/2025 9:19:50 AM:786;1763860790786;;
1063;418;0.6548152;0.4574439;0.7532181;0.5305598;523.0;0.2413324;False;11/23/2025 9:19:50 AM:807;1763860790807;;
1063;425;0.6548076;0.4654091;0.654155;0.5690545;522.8;0.2501177;False;11/23/2025 9:19:50 AM:830;1763860790830;;
1048;432;0.6453984;0.4729217;0.568273;0.5741757;521.4;0.2630106;False;11/23/2025 9:19:50 AM:853;1763860790853;;
1036;437;0.6383518;0.4787588;0.5682889;0.5741684;520.0;0.2630216;False;11/23/2025 9:19:50 AM:874;1763860790874;;
1060;436;0.6530796;0.4771899;0.7567109;0.4380449;519.8;0.2620557;False;11/23/2025 9:19:50 AM:896;1763860790896;;
1063;437;0.6548936;0.4788633;0.6932834;0.5336223;519.2;0.2599505;False;11/23/2025 9:19:50 AM:917;1763860790917;;
1068;437;0.6582417;0.4789951;0.7115183;0.5025464;518.7;0.2601908;False;11/23/2025 9:19:50 AM:939;1763860790939;;
1076;435;0.662815;0.476287;0.7238073;0.4238315;515.9;0.2576776;False;11/23/2025 9:19:50 AM:962;1763860790962;;
1083;430;0.6669049;0.4712658;0.7285597;0.3917648;513.3;0.2578267;False;11/23/2025 9:19:50 AM:983;1763860790983;;
1083;430;0.6673824;0.4712654;0.6933151;0.4711281;513.2;0.2578782;False;11/23/2025 9:19:51 AM:6;1763860791006;;
1083;430;0.6672746;0.4712706;0.662698;0.4761688;513.1;0.2527826;False;11/23/2025 9:19:51 AM:28;1763860791028;;
1083;430;0.6672782;0.471411;0.6784304;0.4876054;512.9;0.2531841;False;11/23/2025 9:19:51 AM:50;1763860791050;;
1085;428;0.6681676;0.4683038;0.6999901;0.4071672;513.5;0.2547993;False;11/23/2025 9:19:51 AM:73;1763860791073;;
1084;431;0.6680213;0.4717516;0.6619302;0.5401488;513.4;0.2528977;False;11/23/2025 9:19:51 AM:94;1763860791094;;
1083;436;0.667482;0.4773921;0.6524106;0.563242;514.0;0.2442329;False;11/23/2025 9:19:51 AM:119;1763860791119;;
1082;443;0.6665856;0.4851023;0.6438444;0.5914147;514.5;0.2440519;False;11/23/2025 9:19:51 AM:141;1763860791141;;
1077;447;0.6635072;0.4900288;0.6187407;0.5774475;513.2;0.2382231;False;11/23/2025 9:19:51 AM:165;1763860791165;;
1069;497;0.6582814;0.5438068;0.5980601;0.7989607;508.6;0.2376996;False;11/23/2025 9:19:51 AM:188;1763860791188;;
1063;530;0.6549901;0.5808257;0.6046439;0.7928662;504.4;0.2378639;False;11/23/2025 9:19:51 AM:209;1763860791209;;
1058;535;0.6516061;0.5861993;0.60034;0.6666395;504.3;0.2246338;False;11/23/2025 9:19:51 AM:234;1763860791234;;
1055;536;0.649937;0.5865334;0.6117206;0.6085005;502.1;0.2078384;False;11/23/2025 9:19:51 AM:258;1763860791258;;
1053;535;0.6487576;0.5857565;0.6138242;0.5562852;498.5;0.2236625;False;11/23/2025 9:19:51 AM:282;1763860791282;;
1051;535;0.6476573;0.5857487;0.6109563;0.5829703;495.1;0.2243104;False;11/23/2025 9:19:51 AM:303;1763860791303;;
1051;547;0.6476142;0.59877;0.6355916;0.7231256;493.2;0.2337777;False;11/23/2025 9:19:51 AM:327;1763860791327;;
1051;555;0.6475805;0.6082457;0.6355583;0.7231733;491.4;0.2337374;False;11/23/2025 9:19:51 AM:349;1763860791349;;
1048;552;0.6455303;0.60478;0.5994986;0.5428001;487.9;0.2118996;False;11/23/2025 9:19:51 AM:372;1763860791372;;
1047;552;0.644907;0.6048136;0.6145623;0.6139184;493.1;0.2199453;False;11/23/2025 9:19:51 AM:397;1763860791397;;
1045;552;0.6439736;0.6047857;0.6065235;0.6004869;497.7;0.220063;False;11/23/2025 9:19:51 AM:418;1763860791418;;
1045;550;0.643867;0.6017979;0.6312793;0.541481;498.9;0.209483;False;11/23/2025 9:19:51 AM:442;1763860791442;;
1044;549;0.6433417;0.6016802;0.6130297;0.5886343;500.6;0.2043901;False;11/23/2025 9:19:51 AM:467;1763860791467;;
1044;549;0.6432893;0.6017123;0.6261973;0.6068401;501.7;0.2214007;False;11/23/2025 9:19:51 AM:490;1763860791490;;
1044;549;0.6431775;0.6017078;0.6334574;0.5981767;502.7;0.2216311;False;11/23/2025 9:19:51 AM:513;1763860791513;;
1044;544;0.6430548;0.5962;0.6214381;0.5140032;503.2;0.2109039;False;11/23/2025 9:19:51 AM:537;1763860791537;;
1043;546;0.6423851;0.5974249;0.6099199;0.6327526;502.2;0.2095177;False;11/23/2025 9:19:51 AM:562;1763860791562;;
1043;545;0.6422468;0.5967473;0.6183119;0.5642384;501.5;0.2082619;False;11/23/2025 9:19:51 AM:583;1763860791583;;
1042;544;0.6421534;0.5961557;0.6190888;0.5637873;500.9;0.2083749;False;11/23/2025 9:19:51 AM:606;1763860791606;;
1042;544;0.6417136;0.5961396;0.6114784;0.5911665;502.5;0.1935524;False;11/23/2025 9:19:51 AM:630;1763860791630;;
1041;545;0.6412023;0.5968965;0.6086926;0.6245082;504.4;0.1969025;False;11/23/2025 9:19:51 AM:654;1763860791654;;
1041;544;0.6410545;0.5957282;0.6256864;0.5558577;506.2;0.1971699;False;11/23/2025 9:19:51 AM:679;1763860791679;;
1040;544;0.6409616;0.5952252;0.6171097;0.5652045;508.2;0.1974547;False;11/23/2025 9:19:51 AM:703;1763860791703;;
1040;544;0.6408735;0.5953104;0.6366711;0.6022406;509.3;0.2137488;False;11/23/2025 9:19:51 AM:725;1763860791725;;
1057;548;0.6509505;0.6002523;0.726369;0.6766486;508.9;0.1947364;False;11/23/2025 9:19:51 AM:748;1763860791748;;
1074;548;0.6618161;0.6002864;0.7465017;0.6063763;508.4;0.1949322;False;11/23/2025 9:19:51 AM:768;1763860791768;;
1089;546;0.6710196;0.597677;0.7435596;0.5389833;505.0;0.2041992;False;11/23/2025 9:19:51 AM:792;1763860791792;;
1099;543;0.6768511;0.5946286;0.7345331;0.5295636;501.9;0.2039863;False;11/23/2025 9:19:51 AM:816;1763860791816;;
1101;548;0.6782425;0.6004656;0.7059591;0.6789272;504.1;0.2008375;False;11/23/2025 9:19:51 AM:841;1763860791841;;
1101;551;0.6783286;0.6039315;0.6847158;0.6687443;502.3;0.2026997;False;11/23/2025 9:19:51 AM:864;1763860791864;;
1104;554;0.6798663;0.60628;0.7118203;0.6616393;504.1;0.2071421;False;11/23/2025 9:19:51 AM:887;1763860791887;;
1105;557;0.6809841;0.6096838;0.7099683;0.679176;505.8;0.2070419;False;11/23/2025 9:19:51 AM:911;1763860791911;;
1106;557;0.6810606;0.6096929;0.6901553;0.6201353;504.1;0.2114094;False;11/23/2025 9:19:51 AM:936;1763860791936;;
1105;557;0.6806442;0.6097164;0.6648538;0.6160933;503.5;0.2213025;False;11/23/2025 9:19:51 AM:959;1763860791959;;
1103;559;0.6792187;0.6117704;0.6488932;0.6672548;503.9;0.2031734;False;11/23/2025 9:19:51 AM:984;1763860791984;;
1101;560;0.6781594;0.6133084;0.6488926;0.6672558;504.3;0.203173;False;11/23/2025 9:19:52 AM:6;1763860792006;;
1093;553;0.6732102;0.6059073;0.6139575;0.5204315;502.8;0.2122708;False;11/23/2025 9:19:52 AM:31;1763860792031;;
1098;553;0.6765364;0.6052152;0.7197387;0.5811687;504.0;0.1909894;False;11/23/2025 9:19:52 AM:57;1763860792057;;
1098;553;0.6765336;0.6052272;0.6731985;0.6133901;500.8;0.1976774;False;11/23/2025 9:19:52 AM:81;1763860792081;;
1098;553;0.6765319;0.6052362;0.6733425;0.6131741;497.9;0.1978668;False;11/23/2025 9:19:52 AM:105;1763860792105;;
1098;554;0.6764742;0.606482;0.6682281;0.650907;501.5;0.1951952;False;11/23/2025 9:19:52 AM:128;1763860792128;;
1101;551;0.6784519;0.6034168;0.7144846;0.5455911;501.5;0.1797672;False;11/23/2025 9:19:52 AM:152;1763860792152;;
1094;577;0.6742377;0.6322764;0.6192352;0.8192689;502.5;0.1831328;False;11/23/2025 9:19:52 AM:175;1763860792175;;
1093;590;0.6734508;0.6457192;0.6474679;0.776122;503.4;0.1832441;False;11/23/2025 9:19:52 AM:198;1763860792198;;
1088;607;0.6702411;0.6645098;0.6192412;0.8192641;504.2;0.1831387;False;11/23/2025 9:19:52 AM:220;1763860792220;;
1095;607;0.6744311;0.6650557;0.7243957;0.6964956;504.7;0.1924526;False;11/23/2025 9:19:52 AM:245;1763860792245;;
1097;607;0.6755187;0.6643407;0.7012274;0.639209;506.7;0.2053869;False;11/23/2025 9:19:52 AM:269;1763860792269;;
1098;601;0.6762467;0.6580727;0.6988335;0.5719132;507.8;0.1883815;False;11/23/2025 9:19:52 AM:293;1763860792293;;
1099;595;0.6771726;0.6513236;0.7041547;0.5578792;508.7;0.1884272;False;11/23/2025 9:19:52 AM:315;1763860792315;;
1089;597;0.6708448;0.6537835;0.6079316;0.7063538;510.1;0.1743691;False;11/23/2025 9:19:52 AM:340;1763860792340;;
1078;597;0.6638821;0.6537949;0.5957795;0.6579719;515.2;0.08911068;True;11/23/2025 9:19:52 AM:364;1763860792364;;
1068;597;0.6578321;0.6539936;0.5914442;0.6708071;520.7;0.09030737;True;11/23/2025 9:19:52 AM:388;1763860792388;;
1062;597;0.6544187;0.6537858;0.598225;0.6373804;525.7;0.09037933;True;11/23/2025 9:19:52 AM:408;1763860792408;;
1059;595;0.652312;0.6515847;0.6083286;0.5978981;526.2;0.08865064;True;11/23/2025 9:19:52 AM:430;1763860792430;;
1051;596;0.6475086;0.6520954;0.585558;0.6754602;530.9;0.1305572;True;11/23/2025 9:19:52 AM:455;1763860792455;;
1050;587;0.6467026;0.6422404;0.6151959;0.53445;531.6;0.1136224;True;11/23/2025 9:19:52 AM:481;1763860792481;;
1049;576;0.6462892;0.6303241;0.6197369;0.5083528;532.3;0.113638;True;11/23/2025 9:19:52 AM:505;1763860792505;;
1049;572;0.6462284;0.6264377;0.6274394;0.5536487;535.9;0.1480435;True;11/23/2025 9:19:52 AM:531;1763860792531;;
1050;572;0.6466922;0.6263098;0.6577811;0.6029398;537.3;0.15835;True;11/23/2025 9:19:52 AM:557;1763860792557;;
1050;572;0.6466665;0.6259725;0.6321863;0.5949561;539.9;0.1585961;True;11/23/2025 9:19:52 AM:583;1763860792583;;
1048;572;0.6457393;0.6264324;0.6123767;0.6431613;544.6;0.1776363;False;11/23/2025 9:19:52 AM:607;1763860792607;;
1046;573;0.6446875;0.6272236;0.6077258;0.653741;548.8;0.1776742;False;11/23/2025 9:19:52 AM:629;1763860792629;;
1046;573;0.6446047;0.6279864;0.6381429;0.6561085;552.6;0.1777514;False;11/23/2025 9:19:52 AM:651;1763860792651;;
1046;572;0.6441717;0.6265671;0.6179095;0.5826516;548.8;0.1657491;True;11/23/2025 9:19:52 AM:678;1763860792678;;
1045;572;0.6436481;0.6264101;0.6141794;0.6057586;551.1;0.1643189;True;11/23/2025 9:19:52 AM:702;1763860792702;;
1045;581;0.6434827;0.6361724;0.6205838;0.7367424;548.7;0.1884179;False;11/23/2025 9:19:52 AM:728;1763860792728;;
1048;581;0.6454562;0.636138;0.6751274;0.6265876;548.9;0.1742378;False;11/23/2025 9:19:52 AM:751;1763860792751;;
1052;581;0.6483756;0.6361334;0.6891787;0.6320359;549.1;0.1743418;False;11/23/2025 9:19:52 AM:773;1763860792773;;
1065;581;0.6560234;0.6361384;0.7229162;0.6371427;548.1;0.1693136;True;11/23/2025 9:19:52 AM:796;1763860792796;;
1079;580;0.6649594;0.6350283;0.7394062;0.5949591;548.3;0.1633878;True;11/23/2025 9:19:52 AM:821;1763860792821;;
1091;579;0.6718509;0.6341063;0.7394004;0.5949678;548.5;0.163382;True;11/23/2025 9:19:52 AM:844;1763860792844;;
1075;575;0.6625427;0.6291806;0.5840134;0.5456592;548.3;0.1506729;True;11/23/2025 9:19:52 AM:869;1763860792869;;
1073;574;0.6608948;0.628424;0.6238369;0.5866523;548.0;0.1579837;True;11/23/2025 9:19:52 AM:891;1763860792891;;
1067;575;0.6573264;0.6300755;0.6032941;0.6689132;546.8;0.1610414;True;11/23/2025 9:19:52 AM:914;1763860792914;;
1065;575;0.6559991;0.6296106;0.6204458;0.5973514;545.7;0.161118;True;11/23/2025 9:19:52 AM:937;1763860792937;;
1045;567;0.6439908;0.6212959;0.5492665;0.5119882;546.0;0.1485973;True;11/23/2025 9:19:52 AM:960;1763860792960;;
1043;565;0.6422724;0.6187962;0.6018817;0.5523666;546.1;0.1542396;True;11/23/2025 9:19:52 AM:985;1763860792985;;
1029;563;0.6340005;0.6169463;0.5499781;0.5533405;542.6;0.1781651;False;11/23/2025 9:19:53 AM:7;1763860793007;;
1016;563;0.6260227;0.6162468;0.542014;0.5685242;539.4;0.1783585;False;11/23/2025 9:19:53 AM:29;1763860793029;;
1006;562;0.6195396;0.6156426;0.5418842;0.5685803;536.6;0.1782601;False;11/23/2025 9:19:53 AM:51;1763860793051;;
998;557;0.6150182;0.610162;0.5508889;0.5128088;538.8;0.1786352;False;11/23/2025 9:19:53 AM:76;1763860793076;;
999;557;0.6155981;0.6100059;0.6289406;0.5697423;537.9;0.1553694;True;11/23/2025 9:19:53 AM:98;1763860793098;;
986;556;0.6072417;0.6088368;0.5260298;0.5496215;536.6;0.174172;False;11/23/2025 9:19:53 AM:124;1763860793124;;
983;556;0.6059024;0.6085925;0.5631461;0.5897744;535.4;0.1740475;False;11/23/2025 9:19:53 AM:145;1763860793145;;
1006;556;0.6198115;0.6091986;0.7081659;0.6252213;533.3;0.1846091;False;11/23/2025 9:19:53 AM:169;1763860793169;;
1032;558;0.6354883;0.6105945;0.728338;0.6409877;532.3;0.2020367;False;11/23/2025 9:19:53 AM:192;1763860793192;;
1033;557;0.6364098;0.6095934;0.6552482;0.560223;534.4;0.1786419;False;11/23/2025 9:19:53 AM:215;1763860793215;;
1036;555;0.6380177;0.6082283;0.6671346;0.5504366;536.4;0.1787303;False;11/23/2025 9:19:53 AM:237;1763860793237;;
1060;554;0.6531193;0.6065894;0.744921;0.5460626;533.7;0.1987237;False;11/23/2025 9:19:53 AM:263;1763860793263;;
1080;547;0.6651219;0.5994678;0.753704;0.4856065;535.8;0.1682287;True;11/23/2025 9:19:53 AM:285;1763860793285;;
1102;544;0.6786375;0.595889;0.7766177;0.5045136;537.7;0.1684925;True;11/23/2025 9:19:53 AM:305;1763860793305;;
1102;542;0.678753;0.5940186;0.685001;0.5222316;535.6;0.1847316;False;11/23/2025 9:19:53 AM:328;1763860793328;;
1118;542;0.6888492;0.5931277;0.7721562;0.5321057;537.4;0.1950459;False;11/23/2025 9:19:53 AM:350;1763860793350;;
1134;541;0.698619;0.5922352;0.782255;0.5296764;539.1;0.1955098;False;11/23/2025 9:19:53 AM:371;1763860793371;;
1134;540;0.6986168;0.5918782;0.6978095;0.5743533;539.3;0.1717339;False;11/23/2025 9:19:53 AM:395;1763860793395;;
1121;540;0.6907999;0.5915707;0.617939;0.5706303;540.4;0.1844783;False;11/23/2025 9:19:53 AM:421;1763860793421;;
1123;535;0.6919336;0.5862526;0.7170404;0.4877146;538.6;0.1755596;False;11/23/2025 9:19:53 AM:446;1763860793446;;
1125;532;0.6927785;0.5823209;0.7170602;0.4877108;537.0;0.1755786;False;11/23/2025 9:19:53 AM:469;1763860793469;;
1125;534;0.6928356;0.5846374;0.6998481;0.6228275;536.2;0.1769713;False;11/23/2025 9:19:53 AM:491;1763860793491;;
1126;542;0.693655;0.5932656;0.7189745;0.6813681;535.4;0.1770439;False;11/23/2025 9:19:53 AM:515;1763860793515;;
1126;539;0.6939204;0.5904003;0.7101481;0.5135837;534.3;0.1837618;False;11/23/2025 9:19:53 AM:538;1763860793538;;
1142;533;0.7035451;0.5841439;0.7871857;0.4783929;529.8;0.1824808;False;11/23/2025 9:19:53 AM:561;1763860793561;;
1141;533;0.7031626;0.5841848;0.6900136;0.5855536;531.3;0.1868615;False;11/23/2025 9:19:53 AM:587;1763860793587;;
1142;533;0.703211;0.5840304;0.7119561;0.5665564;532.5;0.1869798;False;11/23/2025 9:19:53 AM:608;1763860793608;;
1144;538;0.704585;0.5888841;0.7385205;0.6544884;532.7;0.1858184;False;11/23/2025 9:19:53 AM:632;1763860793632;;
1147;534;0.7065142;0.5844083;0.7465345;0.5002599;531.7;0.2001887;False;11/23/2025 9:19:53 AM:656;1763860793656;;
1147;529;0.7066686;0.5791128;0.7229307;0.488882;529.9;0.1793664;False;11/23/2025 9:19:53 AM:684;1763860793684;;
1147;526;0.7067023;0.575899;0.7129244;0.4903259;528.2;0.1793461;False;11/23/2025 9:19:53 AM:704;1763860793704;;
1150;526;0.7082492;0.5756993;0.747196;0.5626388;525.5;0.2028302;False;11/23/2025 9:19:53 AM:728;1763860793728;;
1163;525;0.7161766;0.5752174;0.7989029;0.5296598;527.4;0.1733048;False;11/23/2025 9:19:53 AM:749;1763860793749;;
1173;525;0.7224432;0.5748067;0.7989686;0.5296019;529.0;0.1733705;False;11/23/2025 9:19:53 AM:770;1763860793770;;
1174;527;0.7229165;0.5770795;0.750549;0.6159859;528.8;0.1913217;False;11/23/2025 9:19:53 AM:795;1763860793795;;
1173;526;0.7224463;0.5755182;0.7109808;0.5176859;528.3;0.1826834;False;11/23/2025 9:19:53 AM:821;1763860793821;;
1174;528;0.7235197;0.5781487;0.75814;0.6224492;531.8;0.1973223;False;11/23/2025 9:19:53 AM:846;1763860793846;;
1181;523;0.7277359;0.5726437;0.7919418;0.4757941;530.6;0.1803075;False;11/23/2025 9:19:53 AM:868;1763860793868;;
1188;522;0.7318854;0.5716676;0.7992625;0.5187799;529.5;0.1805977;False;11/23/2025 9:19:53 AM:888;1763860793888;;
1194;521;0.7353863;0.5708119;0.7992736;0.5187637;528.5;0.1806099;False;11/23/2025 9:19:53 AM:908;1763860793908;;
1182;519;0.7281979;0.568698;0.666468;0.4993852;527.0;0.1767882;False;11/23/2025 9:19:53 AM:931;1763860793931;;
1190;521;0.7329292;0.5704873;0.8014354;0.6068543;525.8;0.1781431;False;11/23/2025 9:19:53 AM:953;1763860793953;;
1196;521;0.7367153;0.570933;0.7986624;0.5855776;524.8;0.1782748;False;11/23/2025 9:19:53 AM:977;1763860793977;;
1194;519;0.7353101;0.568758;0.7120244;0.50417;526.6;0.1691349;True;11/23/2025 9:19:53 AM:999;1763860793999;;
1193;519;0.7346957;0.5687457;0.7206231;0.5444236;526.7;0.1939993;False;11/23/2025 9:19:54 AM:25;1763860794025;;
1185;517;0.7300314;0.5664239;0.677272;0.4967808;525.0;0.1674289;True;11/23/2025 9:19:54 AM:47;1763860794047;;
1184;515;0.7295563;0.5640728;0.7135748;0.4896265;523.5;0.1676022;True;11/23/2025 9:19:54 AM:67;1763860794067;;
1182;516;0.7279759;0.5652108;0.695644;0.5931406;525.9;0.1808772;False;11/23/2025 9:19:54 AM:88;1763860794088;;
1184;516;0.7293208;0.5648672;0.7623115;0.5276606;526.8;0.1849665;False;11/23/2025 9:19:54 AM:111;1763860794111;;
1185;514;0.7298954;0.5629104;0.7543174;0.4965775;527.5;0.1848465;False;11/23/2025 9:19:54 AM:134;1763860794134;;
1187;517;0.7311499;0.5661417;0.7663541;0.6193647;526.5;0.1770441;False;11/23/2025 9:19:54 AM:156;1763860794156;;
1179;517;0.7263699;0.5657771;0.6735263;0.5302076;526.8;0.1874226;False;11/23/2025 9:19:54 AM:180;1763860794180;;
1175;517;0.7239066;0.5656715;0.6853869;0.5558279;527.0;0.1873092;False;11/23/2025 9:19:54 AM:205;1763860794205;;
1175;516;0.7241036;0.5646136;0.7368519;0.5168318;527.3;0.1667331;True;11/23/2025 9:19:54 AM:231;1763860794231;;
1158;519;0.7136033;0.5688519;0.6384324;0.625263;526.7;0.1843879;False;11/23/2025 9:19:54 AM:259;1763860794259;;
1153;519;0.7101213;0.5688395;0.6617552;0.5522385;526.4;0.1661156;True;11/23/2025 9:19:54 AM:284;1763860794284;;
1152;522;0.7095443;0.5719395;0.6882194;0.6252172;526.9;0.1797045;False;11/23/2025 9:19:54 AM:310;1763860794310;;
1152;532;0.7095362;0.5826444;0.7062174;0.6941901;527.2;0.1797837;False;11/23/2025 9:19:54 AM:333;1763860794333;;
1156;526;0.7124093;0.5761268;0.7559987;0.4829266;529.3;0.1720389;False;11/23/2025 9:19:54 AM:356;1763860794356;;
1161;521;0.7149235;0.570445;0.7560045;0.4829254;531.2;0.1720473;False;11/23/2025 9:19:54 AM:381;1763860794381;;
1160;520;0.7147706;0.5692759;0.7053146;0.5232441;531.3;0.1809113;False;11/23/2025 9:19:54 AM:406;1763860794406;;
1157;519;0.712801;0.5689135;0.6748999;0.5364943;531.2;0.2063259;False;11/23/2025 9:19:54 AM:428;1763860794428;;
1154;518;0.7111229;0.567671;0.6743979;0.5161979;530.4;0.192582;False;11/23/2025 9:19:54 AM:451;1763860794451;;
1154;516;0.7107812;0.5655998;0.6916326;0.5002807;529.6;0.1927256;False;11/23/2025 9:19:54 AM:473;1763860794473;;
1153;516;0.7103897;0.5654948;0.6900396;0.5357932;530.6;0.1796953;False;11/23/2025 9:19:54 AM:496;1763860794496;;
1153;516;0.7103714;0.5653865;0.707814;0.548097;531.6;0.1920648;False;11/23/2025 9:19:54 AM:519;1763860794519;;
1150;515;0.7082597;0.5635193;0.6653049;0.5004273;532.4;0.2120909;False;11/23/2025 9:19:54 AM:543;1763860794543;;
1147;514;0.7066708;0.5634026;0.6657608;0.5540572;533.2;0.2124991;False;11/23/2025 9:19:54 AM:563;1763860794563;;
1151;512;0.7090377;0.5605385;0.7451036;0.4855203;534.7;0.1893039;False;11/23/2025 9:19:54 AM:587;1763860794587;;
1136;524;0.6999462;0.5736115;0.6155948;0.6896177;534.5;0.1983676;False;11/23/2025 9:19:54 AM:609;1763860794609;;
1124;533;0.6925932;0.5841326;0.6155887;0.6895641;534.3;0.198462;False;11/23/2025 9:19:54 AM:632;1763860794632;;
1126;531;0.6938273;0.5817083;0.7175394;0.5195173;532.3;0.2030502;False;11/23/2025 9:19:54 AM:658;1763860794658;;
1146;534;0.7060507;0.5844554;0.7940232;0.6354999;533.2;0.2053692;False;11/23/2025 9:19:54 AM:681;1763860794681;;
1148;531;0.7073179;0.5809672;0.7351843;0.5060755;530.2;0.2250526;False;11/23/2025 9:19:54 AM:703;1763860794703;;
1154;526;0.7109551;0.5765135;0.7614774;0.4898864;527.4;0.2251551;False;11/23/2025 9:19:54 AM:726;1763860794726;;
1158;525;0.7130878;0.574976;0.7539272;0.5159035;524.9;0.2255435;False;11/23/2025 9:19:54 AM:747;1763860794747;;
1159;528;0.7136901;0.5777216;0.7363819;0.6259751;524.2;0.1977112;False;11/23/2025 9:19:54 AM:771;1763860794771;;
1160;527;0.7143151;0.5776755;0.7390582;0.5634843;519.5;0.2089574;False;11/23/2025 9:19:54 AM:793;1763860794793;;
1155;524;0.7116687;0.5740526;0.6718099;0.4971889;516.9;0.2099424;False;11/23/2025 9:19:54 AM:816;1763860794816;;
1152;521;0.7094698;0.5709918;0.6718176;0.4971871;514.5;0.2099644;False;11/23/2025 9:19:54 AM:841;1763860794841;;
1156;527;0.7121913;0.5775319;0.7542319;0.6524148;512.4;0.230506;False;11/23/2025 9:19:54 AM:867;1763860794867;;
1154;524;0.7107642;0.57377;0.6798409;0.4944011;506.7;0.2117277;False;11/23/2025 9:19:54 AM:890;1763860794890;;
1151;521;0.7091625;0.5705785;0.6751469;0.4945083;501.0;0.2087932;False;11/23/2025 9:19:54 AM:914;1763860794914;;
1149;519;0.7079345;0.5681204;0.6751541;0.4945065;495.8;0.2088129;False;11/23/2025 9:19:54 AM:935;1763860794935;;
1155;519;0.7112408;0.5679678;0.7577394;0.5568936;492.4;0.2136253;False;11/23/2025 9:19:54 AM:958;1763860794958;;
1153;518;0.7102373;0.5672007;0.6821387;0.5188623;488.5;0.2040112;False;11/23/2025 9:19:54 AM:981;1763860794981;;
1153;517;0.7102227;0.5663863;0.7043829;0.5161901;485.0;0.2042963;False;11/23/2025 9:19:55 AM:4;1763860795004;;
1153;515;0.7101727;0.5638428;0.7015241;0.4884197;484.6;0.2031416;False;11/23/2025 9:19:55 AM:27;1763860795027;;
1161;514;0.7151595;0.5629478;0.7719714;0.5074866;479.9;0.193251;False;11/23/2025 9:19:55 AM:51;1763860795051;;
1161;515;0.715398;0.5642054;0.7281001;0.5905325;474.8;0.2062167;False;11/23/2025 9:19:55 AM:75;1763860795075;;
1162;516;0.7155996;0.5652619;0.7280374;0.5906896;470.3;0.2059221;False;11/23/2025 9:19:55 AM:98;1763860795098;;
1167;515;0.7186936;0.5644675;0.766064;0.5188635;463.8;0.2095165;False;11/23/2025 9:19:55 AM:122;1763860795122;;
1167;527;0.7186241;0.5767099;0.713972;0.6791081;460.4;0.2054977;False;11/23/2025 9:19:55 AM:150;1763860795150;;
1166;534;0.7185756;0.5846757;0.7139845;0.6790631;457.4;0.2055664;False;11/23/2025 9:19:55 AM:173;1763860795173;;
1172;534;0.7219825;0.5845785;0.7704334;0.567408;450.8;0.2081344;False;11/23/2025 9:19:55 AM:198;1763860795198;;
1173;539;0.7224418;0.590281;0.7437404;0.6680126;445.4;0.2087305;False;11/23/2025 9:19:55 AM:223;1763860795223;;
1173;550;0.7224645;0.6025672;0.7319009;0.7210363;442.6;0.2165332;False;11/23/2025 9:19:55 AM:248;1763860795248;;
1173;553;0.7224559;0.6055378;0.7217299;0.6673133;440.0;0.2172349;False;11/23/2025 9:19:55 AM:272;1763860795272;;
1169;557;0.7203827;0.6098832;0.685685;0.6862442;434.6;0.2308237;False;11/23/2025 9:19:55 AM:297;1763860795297;;
1159;557;0.7138284;0.6094423;0.6493768;0.5911859;430.2;0.2143518;False;11/23/2025 9:19:55 AM:321;1763860795321;;
1141;558;0.7025968;0.6112866;0.619456;0.6625158;424.2;0.2274276;False;11/23/2025 9:19:55 AM:347;1763860795347;;
1123;561;0.6915628;0.6138403;0.6031973;0.678662;418.8;0.2281349;False;11/23/2025 9:19:55 AM:370;1763860795370;;
1080;578;0.6650431;0.6333841;0.5431643;0.7843292;413.6;0.2111332;False;11/23/2025 9:19:55 AM:397;1763860795397;;
1070;584;0.6593516;0.6400005;0.5978229;0.7406861;409.3;0.2213659;False;11/23/2025 9:19:55 AM:421;1763860795421;;
1071;584;0.6598275;0.6389822;0.6785281;0.6114043;402.8;0.2020641;False;11/23/2025 9:19:55 AM:443;1763860795443;;
1072;583;0.6601583;0.6381634;0.6763052;0.6130548;397.0;0.2021748;False;11/23/2025 9:19:55 AM:465;1763860795465;;
1072;592;0.6601413;0.6478148;0.6574799;0.7639608;393.3;0.1995001;False;11/23/2025 9:19:55 AM:489;1763860795489;;
1071;590;0.6595567;0.6466033;0.6392275;0.6148126;388.7;0.1990505;False;11/23/2025 9:19:55 AM:512;1763860795512;;
1072;592;0.6601577;0.6481499;0.6810941;0.7011845;383.5;0.2288273;False;11/23/2025 9:19:55 AM:535;1763860795535;;
1072;592;0.6604059;0.6481533;0.6750278;0.6660257;378.9;0.229295;False;11/23/2025 9:19:55 AM:557;1763860795557;;
1077;590;0.663535;0.6461614;0.7114733;0.6039876;372.9;0.2286562;False;11/23/2025 9:19:55 AM:581;1763860795581;;
1081;589;0.6659718;0.6445839;0.7114794;0.6039205;367.4;0.2292384;False;11/23/2025 9:19:55 AM:604;1763860795604;;
1083;578;0.6672164;0.6331791;0.702078;0.5172831;366.1;0.2486849;False;11/23/2025 9:19:55 AM:627;1763860795627;;
1095;575;0.6742736;0.6298513;0.7512307;0.5633407;363.9;0.2076577;False;11/23/2025 9:19:55 AM:650;1763860795650;;
1102;571;0.6788598;0.6250545;0.7441466;0.5421146;362.0;0.207997;False;11/23/2025 9:19:55 AM:672;1763860795672;;
1103;559;0.6797013;0.6121344;0.7132946;0.4809847;357.3;0.1962415;False;11/23/2025 9:19:55 AM:695;1763860795695;;
1119;550;0.6892217;0.6026988;0.7795885;0.4854699;353.3;0.2212001;False;11/23/2025 9:19:55 AM:718;1763860795718;;
1132;544;0.6976082;0.5954704;0.7872446;0.4846415;349.7;0.2213435;False;11/23/2025 9:19:55 AM:738;1763860795738;;
1118;540;0.6884956;0.5908359;0.618481;0.5027528;347.5;0.1762965;False;11/23/2025 9:19:55 AM:762;1763860795762;;
1039;520;0.6402412;0.5698214;0.5933796;0.5041776;338.6;0.2922783;False;11/23/2025 9:19:57 AM:349;1763860797349;;
1036;521;0.6381642;0.5702298;0.5753212;0.5791094;330.5;0.2848171;False;11/23/2025 9:19:57 AM:370;1763860797370;;
1091;520;0.6723559;0.5698529;0.8154705;0.5528038;323.1;0.2707191;False;11/23/2025 9:19:57 AM:389;1763860797389;;
1091;520;0.6718779;0.5699889;0.6344435;0.5739309;317.1;0.2725209;False;11/23/2025 9:19:57 AM:410;1763860797410;;
1090;520;0.6712248;0.5696823;0.6491947;0.5495732;311.7;0.272925;False;11/23/2025 9:19:57 AM:431;1763860797431;;
1087;522;0.669526;0.5711699;0.6057156;0.6017023;306.0;0.2182733;False;11/23/2025 9:19:57 AM:453;1763860797453;;
1084;530;0.6675177;0.5805371;0.5986622;0.6843201;300.4;0.3167733;False;11/23/2025 9:19:57 AM:471;1763860797471;;
1080;538;0.6655912;0.5890235;0.5986595;0.6843386;295.3;0.3171046;False;11/23/2025 9:19:57 AM:493;1763860797493;;
1098;534;0.6763032;0.5848568;0.7443634;0.5003092;293.9;0.2635992;False;11/23/2025 9:19:57 AM:516;1763860797516;;
1112;529;0.6850932;0.5790406;0.7445422;0.4821284;294.4;0.2519109;False;11/23/2025 9:19:57 AM:540;1763860797540;;
1122;525;0.6913277;0.5752261;0.7450669;0.4872448;294.9;0.2508896;False;11/23/2025 9:19:57 AM:561;1763860797561;;
1110;524;0.6837826;0.5733308;0.593384;0.5040734;292.1;0.2400642;False;11/23/2025 9:19:57 AM:583;1763860797583;;
1100;522;0.6774493;0.5716426;0.5934976;0.5038995;288.1;0.2608969;False;11/23/2025 9:19:57 AM:605;1763860797605;;
